Gene_set,Term,P-value,Adjusted P-value,Old P-value,Old adjusted P-value,Odds Ratio,Combined Score,Genes
GO_Biological_Process_2023,Regulation Of Apoptotic Process (GO:0042981),2.4998112054725124e-15,5.03985167022904e-12,0,0,3.1675106792565915,106.49982161332517,MTCH1;GSK3B;RTKN;ZFAND6;FHL2;IFIT3;IFIT2;ING5;RUVBL1;TNFSF10;DNM1L;SOX4;IER3;PHLDA3;UNC13B;TSC22D1;UTP11;IGFBP3;ACTL6A;SIGMAR1;ACTN4;FBXO11;PRLR;NME1;RHOB;SFRP4;RNF144B;TOX3;TAX1BP1;PPIF;BIRC6;NUPR1;IL6ST;ZNF830;ATF6;PTMA;CARD14;PPIA;NAIP;CD44;MEAF6;GLO1;HPN;TAF9;IFI6;PSEN2;VTCN1;RTN4;HSP90B1;HSPD1;PRDX3;SOCS2;ERBB2;PAK2;TFAP2A;JUN;OPN3;STAT1;API5;WFS1;SIAH2;BNIP3;SIAH1;DHCR24;DHRS2;GOLPH3;APEX1;PPT1;BCL2;NF1;CALR;BCL2L2
GO_Biological_Process_2023,Protein Transport (GO:0015031),2.782910916747123e-15,5.03985167022904e-12,0,0,4.626003964466633,155.0418131664851,C17ORF75;RAMP2;COPA;RAB5C;TMED10;TMEM167A;CLTC;GCC2;MIA3;ABCA12;HSP90B1;TIMM50;SNX4;GRPEL1;CHMP1B;MYO6;KIF13A;STX6;TIMM17A;TMED2;SNX9;ABCD1;ARL5A;SPTBN1;RAB8A;SNX6;ASPSCR1;AP3B1;SCAMP1;PDIA4;VMP1;RAB10;ARL4D;CENPF;GOLPH3;CTTN;PPT1;CHMP2A;TXNIP;RAB3GAP2;CHMP3;ARHGEF2;COPG1;RAMP1;RAB7A
GO_Biological_Process_2023,Endoplasmic Reticulum Organization (GO:0007029),1.4364376908245025e-14,1.7342591053887826e-11,0,0,15.02003410059676,478.748943611478,RTN3;CCDC47;ATL2;TOR1AIP2;MIA3;RTN4;GAK;RAB10;REEP1;SMPD4;VAPA;TMEM33;DOP1B;LPCAT3;REEP3;REEP6;TMCC1;DNM1L;GET3
GO_Biological_Process_2023,Proteasome-Mediated Ubiquitin-Dependent Protein Catabolic Process (GO:0043161),3.966608640032624e-13,3.5917641235495413e-10,0,0,4.195851982097187,119.81546831685107,ANAPC13;GSK3B;GSK3A;WDR26;PSMD11;PSMD14;NEDD4L;FBXO45;AUP1;HSP90B1;ERLEC1;ZNRF1;ZNRF2;PSMD7;PSMB5;HECTD1;PSMD2;PSMD3;PSMD1;UBXN4;DCAF11;RFFL;ANKZF1;KLHDC3;WFS1;SIAH2;AMFR;SIAH1;RAD23A;ARMC8;ERLIN2;PSMA6;RNF126;CDC34;RNF103;GID8;DNAJC10;PLAA;TRIP12;RBCK1;CALR;UBE2K
GO_Biological_Process_2023,Proteasomal Protein Catabolic Process (GO:0010498),7.501276878950976e-13,4.947692854524547e-10,0,0,5.030155838899009,140.4345715437301,GSK3B;GSK3A;WDR26;PSMD11;PSMD14;CCDC47;NEDD4L;FBXO45;ERLEC1;ZNRF1;ZNRF2;PSMD7;PSMB5;HECTD1;PSMD2;PSMD3;PSMD1;DCAF11;RFFL;KLHDC3;SIAH2;SIAH1;RAD23A;ARMC8;PSMA6;RNF126;CDC34;PSME4;GID8;PLAA;TRIP12;RBCK1;ATF6;UBE2K
GO_Biological_Process_2023,Ubiquitin-Dependent Protein Catabolic Process (GO:0006511),8.808455566456307e-13,4.947692854524547e-10,0,0,3.849166727846707,106.84476236225666,GSK3B;GSK3A;WDR26;PSMD11;PPP1R11;PSMD14;NEDD4L;NEDD8;FBXO45;ZNRF1;ZNRF2;PSMD7;PSMB5;HECTD1;PSMD2;CHMP1B;PSMD3;PSMD1;PSMF1;DCAF11;RFFL;UBQLN4;RNF20;KLHDC3;UBE2H;SIAH2;AMFR;SIAH1;RAD23A;ARMC8;FBXO11;PSMA6;RNF144B;RNF126;CDC34;UBE2R2;RNF149;GID8;CHMP2A;PLAA;CHMP3;TRIP12;RBCK1;UBE2K;CHMP5
GO_Biological_Process_2023,Negative Regulation Of Programmed Cell Death (GO:0043069),9.562078956839269e-13,4.947692854524547e-10,0,0,3.7702069962091356,104.34349871196572,GSK3B;BECN1;ZFAND6;GLO1;HPN;TAF9;IFI6;PSEN2;FHL2;VTCN1;PEPD;TM7SF3;IFIT3;HSP90B1;HSPD1;PRDX3;SOCS2;ERBB2;PAK2;IER3;TFAP2A;OPN3;TSC22D1;GPX4;API5;WFS1;SIAH2;BNIP3;DHCR24;DHRS2;PRLR;RNF144B;GOLPH3;PPT1;TAX1BP1;PPIF;BCL2;BIRC6;NUPR1;ZNF830;IL6ST;PTMA;CARD14;NAIP;CD44;BCL2L2
GO_Biological_Process_2023,Regulation Of Cell Population Proliferation (GO:0042127),2.5679804604953476e-12,1.1626531534892686e-09,0,0,2.7710141965926782,73.95255348755381,IFITM1;BTG1;CDC73;IFIT3;RERG;ING5;STK11;SOX4;TSC22D1;IGFBP3;ACTL6A;ADRA2A;NME1;SULT2B1;SFRP4;RNF126;AZGP1;CEACAM6;BIRC6;SGK3;NUPR2;STAMBP;ARHGEF2;CD47;NUPR1;IRF6;IL6ST;EAPP;GAS8;SHANK2;TSPYL5;TOB1;PRDX3;SLC9A3R1;RAB25;EPCAM;TMEM127;NACC1;ZNF703;LMNA;ERBB2;S100A13;SMYD2;SSR1;SH3BP4;STAT6;HES1;TRPM4;STAT5A;TFAP2A;JUN;JUND;STAT1;CNBP;MEAK7;EIF2AK2;DHRS2;SLURP1;SQLE;DLG3;GID8;DNAJA2;BCL2;INSM1;CALR;COPS8;FGFR4;COPS9;BNIPL
GO_Biological_Process_2023,Regulation Of Transcription By RNA Polymerase II (GO:0006357),3.3352909037318796e-12,1.3422692948129854e-09,0,0,2.0252057064199938,53.51902004876918,ATF2;ZNF692;ZNF296;ZMYND8;FOXI1;HNRNPU;ARID4B;NR3C1;BACH1;DCAF6;CHCHD2;SALL2;ZNF83;MYB;RUVBL1;TRIM27;SOX4;ZNF322;ZNF165;SP110;FOXP1;PRKAR1A;NUPR2;ATF6;HOMEZ;URI1;DHX9;SUPT4H1;GATA2;PCBP1;TPR;NACC1;SMYD2;MBIP;RREB1;HEXIM1;TFAP2A;STAT5A;JUN;JUND;WFS1;ESRRB;CBX1;EAF2;IRF2BP2;HOPX;NFATC4;NR2F6;FOSL2;NFKBIA;DLG1;TFCP2;TMEM98;SP6;CALR;SP140L;ZNF652;NFE2L1;MESP2;MESP1;CSRNP2;CHD8;MAGEF1;FHL2;HMGB3;LITAF;CDC73;PPP1R13L;LRRFIP1;TEAD2;TGIF1;BRD3;ACTR3;ACTR2;HSBP1;DNMT3A;ACTL6A;BAZ1A;PARP9;ETV3;ZFX;ADRA2A;ETV6;TOX4;TOX3;PLSCR1;IMPACT;ELF3;AEBP2;NFX1;THRAP3;TET3;IRF6;ARHGEF2;PTMA;IRF9;SP100;NFIX;CEBPD;TAF9;FOXK2;WIZ;BARX1;PURB;EPCAM;CREG1;PCGF1;HES1;STAT6;E2F5;MEF2D;SF3B1;MTA3;RNF20;IRX2;STAT1;IRX3;CNBP;PCGF3;ELP2;NR1H3;GRHL1;GRHL2;KLF2;KLF8;APEX1;ZNF219;KLF9;ZNF217;HDGF;PKN1;INSM1;TRIM33;FRK
GO_Biological_Process_2023,Regulation Of DNA-templated Transcription (GO:0006355),7.970937658309053e-12,2.887073619839539e-09,0,0,2.0300182290039923,51.87756037878826,ATF2;ZNF692;ZNF296;FOXI1;ARID4B;NR3C1;BACH1;SALL2;CDH1;ZNF83;MYB;RUVBL1;SOX4;ZNF322;ZNF165;SP110;THOC1;ILF2;FOXP1;PRKAR1A;NUPR2;ATF6;HOMEZ;INO80B;URI1;CRABP2;MEAF6;DHX9;SUPT4H1;CREBL2;ZNF703;NACC1;MBIP;RREB1;ZNF146;SNX6;HEXIM1;TFAP2A;STAT5A;JUN;JUND;ESRRB;IRF2BP2;HOPX;NFATC4;FOSL2;GON4L;TFCP2;TMEM98;SP6;CALR;ZNF138;SP140L;ZNF652;NFE2L1;MESP2;MESP1;CSRNP2;BTG1;CHD8;HMGB3;ING5;SUMO1;YWHAQ;PPP1R13L;LRRFIP1;TEAD2;ARHGEF11;BRD3;PRMT5;DNMT3A;ACTL6A;RHOH;GLRX2;BAZ1A;PARP9;ETV3;ZFX;UCHL5;ADRA2A;MLF2;ETV6;TOX4;TOX3;ELF3;AEBP2;THRAP3;TERF2IP;IRF6;IRF9;SP100;MYCBP;NFIX;CEBPD;TAF9;FOXK2;WIZ;PBXIP1;BARX1;ACVR1B;PURB;CREG1;ATXN1L;NSD2;PCGF1;HES1;STAT6;E2F5;MTA3;RNF20;IRX2;STAT1;IRX3;CNBP;PCGF3;ELP2;NR1H3;GRHL1;GRHL2;KLF2;KLF8;CENPF;ZNF219;KLF9;PDCD4;ZNF217;PKN1;TRIM33
GO_Biological_Process_2023,Negative Regulation Of Cellular Process (GO:0048523),1.1826685318894124e-11,3.894204929548592e-09,0,0,3.100122092064016,78.00112619431,IFITM1;BTG1;MIA3;SPINT2;CDC73;IFIT3;RERG;ING5;STK11;CHMP1B;SOX4;IGFBP3;APLP2;ACTL6A;NME1;RHOB;SULT2B1;VAMP8;SFRP4;AZGP1;TXNIP;CHMP3;NUPR2;NUPR1;IRF6;GAS8;CHMP5;EI24;TACSTD2;ACVR1B;TOB1;RTN4;SLC9A3R1;TMEM127;LMNA;SMYD2;PLXNA1;SH3BP4;PLXNA4;TFAP2A;WFS1;EIF2AK2;NR1H3;DHRS2;HOPX;SLURP1;TMEM98;DLG3;LPCAT3;PPT1;CHMP2A;INSM1;COPS8;BNIPL
GO_Biological_Process_2023,Protein Localization (GO:0008104),4.542163561719195e-11,1.3709763683789104e-08,0,0,3.622544052278993,86.2710045874911,C17ORF75;COPA;RAB5C;TMED10;WDR45B;CLTC;TIMM50;ODR4;GRPEL1;SUMO1;MYO6;KIF13A;STX6;TIMM17A;TMED2;SNX9;SPTSSA;ABCD1;ARL5A;SNX6;ERBIN;ASPSCR1;SHROOM3;AP3B1;WIPI1;WIPI2;PEX13;TM9SF2;REEP1;ANO1;TM9SF1;ARL4D;RRAGA;OCLN;CTTN;HEATR5A;APEX1;RAB3GAP2;ATG4B;LAMTOR2;ARHGEF2
GO_Biological_Process_2023,Organelle Organization (GO:0006996),1.6442965449254978e-10,4.5812631428616564e-08,0,0,3.2811255618409585,73.91896278679813,TMED10;PEX11A;ATL2;CDCA8;TOR1AIP2;MIA3;AUP1;SIPA1L3;PRDX3;SLC9A3R1;CHCHD2;RHOT1;SMPD4;MSTO1;CHMP1B;LONP2;TMED2;DNM1L;ABCD1;RAB8A;RAB2B;MREG;PEX19;ATP8B2;MTX2;HPS3;PRPF40A;NIPSNAP2;GAK;VMP1;GOLPH3;VAPA;DOP1B;GORASP2;CHMP2A;CHMP3;REEP6;TMCC1;OBSL1;PPIA;ZNF135;NECTIN2;RAB7A;CHMP5
GO_Biological_Process_2023,Negative Regulation Of Apoptotic Process (GO:0043066),2.147416090437199e-10,5.555672199688239e-08,0,0,3.062556305069104,68.17735942882273,GSK3B;GLO1;ZFAND6;HPN;TAF9;FHL2;IFI6;PSEN2;PIK3R3;VTCN1;IFIT3;HSP90B1;HSPD1;PRDX3;SOCS2;ERBB2;PAK2;IER3;SNX6;TFAP2A;OPN3;TSC22D1;API5;WFS1;SIAH2;BNIP3;DHCR24;DHRS2;PRLR;NFATC4;RNF144B;TOX3;GOLPH3;PIK3CA;CEACAM6;PPT1;BCL2;TAX1BP1;PPIF;BIRC6;NUPR1;IL6ST;ZNF830;PTMA;CARD14;BCL2L2;NAIP;CD44
GO_Biological_Process_2023,Response To Endoplasmic Reticulum Stress (GO:0034976),6.123394008446147e-10,1.4785955399061297e-07,0,0,6.2020332608567905,131.56828640148296,EIF2B5;GSK3B;MBTPS1;JUN;WFS1;UBA5;CCDC47;ITPR1;PDIA6;PDIA4;HSP90B1;TMCO1;ERLEC1;GORASP2;TMEM33;DNAJC10;BCL2;UFC1;ERP27;P4HB;ATF6
GO_Biological_Process_2023,Protein Localization To Organelle (GO:0033365),3.3099551782970345e-09,7.492911034869912e-07,0,0,5.279993993010048,103.09891138317607,TIA1;DHX9;DDX1;CCDC47;RAP1GDS1;IFT122;GCC2;ISG15;AUP1;IPO4;TSPAN10;GAK;VAPA;LMNA;CALR;GET3;GBP2;OBSL1;ATP6V1D;GBP1;RAB8A;SGCG
GO_Biological_Process_2023,Vesicle-Mediated Transport (GO:0016192),3.573291935266913e-09,7.613213758551035e-07,0,0,3.075909732683757,59.82576315684878,BECN1;RAB5C;TMED10;GOSR1;DPY30;MIA3;AP1G2;SCRN1;RAB25;AP1G1;CHMP1B;MYO6;KIF13A;STX6;TMED2;SNX9;CHML;ARL5A;CYTH1;VPS16;RAB2B;RALBP1;RAB4B;M6PR;CCZ1;AP3B1;COMMD1;AP2B1;SYT7;RHOB;VAMP8;RAB10;ARL4D;HEATR5A;VPS41;CHMP2A;CHMP3;TMCC1;RHOV;RAB7A;CHMP5
GO_Biological_Process_2023,Negative Regulation Of Cell Population Proliferation (GO:0008285),4.27054861494371e-09,8.593292824070065e-07,0,0,3.15993033298237,60.8966717864255,IFITM1;BTG1;HPN;GATA2;TOB1;IFIT3;CDC73;RERG;ING5;SLC9A3R1;STK11;TMEM127;LMNA;SMYD2;SH3BP4;APOD;HES1;SOX4;TFAP2A;IGFBP5;APLP2;IGFBP3;TINF2;EIF2AK2;DHRS2;SLURP1;NME1;SULT2B1;SFRP4;AZGP1;DLG3;NF1;NUPR2;NUPR1;IRF6;INSM1;COPS8;GAS8;BNIPL
GO_Biological_Process_2023,Plasma Membrane Organization (GO:0007009),5.109182278602077e-09,9.739714848998275e-07,0,0,7.657099369428137,146.19107525900182,COLEC12;MYOF;DMKN;SYT7;SLC9A3R1;UGCG;PLSCR1;SERP1;CHMP1B;CHMP2A;CHMP3;SNX9;ABCD1;SPTBN1;ARL8B;CHMP5
GO_Biological_Process_2023,Endomembrane System Organization (GO:0010256),7.04187873372219e-09,1.2752842386770886e-06,0,0,4.2682085141403565,80.12021019185704,TMED10;ATL2;TOR1AIP2;MIA3;LAPTM4B;SLC9A3R1;SERP1;SMPD4;LMNA;TMED2;DNM1L;SPTBN1;RAB8A;RAB2B;ARFGEF2;ATP8B2;GAK;VMP1;GOLPH3;VAPA;GORASP2;DOP1B;REEP3;TMCC1;REEP6;OBSL1
GO_Biological_Process_2023,Protein Modification Process (GO:0036211),8.394552700178871e-09,1.44786047047847e-06,0,0,2.440134923643716,45.375975101338994,PIGS;PTPRT;GSK3B;GSK3A;DUSP16;PPP1CB;DUSP11;ING5;DUSP12;STK11;SERP1;DSP;DUSP5;IGFBP3;STRADB;ALG3;PPP2R5A;WIPI1;WIPI2;PPP4R3B;FBXO11;RABGGTA;SUMF1;CDC34;DAD1;FAM20B;ATG4B;BIRC6;SGK3;TRIB2;BECN1;CSTA;MEAF6;WDR45B;TAF9;WNK4;CDCA8;NEDD8;MTMR4;ACVR1B;PPM1G;TIMM50;UGCG;PDPR;ERBB2;ST3GAL1;PAK2;UBE2F;YES1;MAP3K1;EIF2AK2;TMEM59;TAOK3;MGAT4A;COQ8A;PKN1;COPS8;MAP3K13
GO_Biological_Process_2023,RNA Processing (GO:0006396),1.0053727164168168e-08,1.6552090813007774e-06,0,0,4.340131009763935,79.9249118424809,TUT7;FASTKD2;HNRNPU;ADAR;TENT4B;DUSP11;RBM4;EXOSC6;EXOSC5;PABPN1;RSRC1;SF3B1;BCAS2;IVNS1ABP;SF3A3;METTL3;THOC1;LSM5;FBXO11;SMU1;HNRNPUL1;SNRPG;PPIG;HNRNPC;ZNF830
GO_Biological_Process_2023,Intracellular Protein Transport (GO:0006886),1.0554021073114536e-08,1.6620288837748196e-06,0,0,3.282939189189189,60.296952588501576,RTN2;C17ORF75;COPA;RAB5C;TMED10;CLTC;MAIP1;IPO4;TIMM50;IPO9;GRPEL1;MYO6;KIF13A;TPR;STX6;TIMM17A;TMED2;SNX9;ARL5A;CACNG4;SNX6;KPNA1;STRADB;APLP2;ASPSCR1;AP3B1;NUTF2;OXA1L;ARL4D;CTTN;APEX1;RAB3GAP2;CALR;ARHGEF2;RAB7A
GO_Biological_Process_2023,Defense Response To Virus (GO:0051607),1.4113945669431037e-08,2.130029633944967e-06,0,0,4.257359716766089,76.95647050802775,IFITM1;IFI6;IFIT1;IFI44L;IFIT3;IFIT2;IFIH1;TRIM8;RNF135;EXOSC5;DHX58;GBP2;RAB2B;STAT1;BNIP3;EIF2AK2;ISG15;ISG20;NT5C3A;AGBL5;PLSCR1;OAS1;OAS2;BCL2;CHMP3
GO_Biological_Process_2023,Cytosolic Transport (GO:0016482),1.739070606337981e-08,2.422695682756008e-06,0,0,5.264032330489448,94.05420229373269,BECN1;TMEM87B;DCTN1;CLTC;GOSR1;GCC2;SYT7;BAIAP3;GAK;RNF126;CCDC91;HEATR5A;KIF16B;AP1G1;DOP1B;STX6;TRIM27;TBC1D17;SNX6;RAB7A
GO_Biological_Process_2023,Vesicle Fusion (GO:0006906),1.7390968457111044e-08,2.422695682756008e-06,0,0,6.914911376245888,123.55089850950425,YIPF4;GOSR1;SYT7;NKD2;VAMP8;CHMP1B;VPS41;STX6;CHMP2A;CHMP3;SEC22B;RAB8A;ARL8B;CHMP5;RAB7A;VPS16
GO_Biological_Process_2023,Regulation Of Translation (GO:0006417),2.0739991836806592e-08,2.782231497515314e-06,0,0,4.021763274804315,71.14982660231522,DHX9;DDX1;MSI2;BZW1;TOB1;GIGYF2;RBM4;RIDA;ERBB2;METTL5;SOX4;EIF5B;TIA1;IGFBP5;METTL3;CIRBP;EIF2AK2;ELP2;LRPPRC;IMPACT;CSDE1;CAPRIN1;EIF3H;CALR;EIF4E2;EIF3B
GO_Biological_Process_2023,Protein-Containing Complex Assembly (GO:0065003),2.1996287064197963e-08,2.8453768480901796e-06,0,0,3.243445447803516,57.18970211001997,BECN1;PSMD11;TMED10;DHX9;CLTC;SRP54;CAPG;HSPD1;SLC9A3R1;TMED2;SNX9;HES1;DNM1L;GBP1;TEAD2;MAGI1;TRAPPC3;GPX4;NIFK;PRLR;HOPX;CD2AP;GAK;VAMP8;NT5C3A;COX7A2L;OCLN;CENPF;TRAPPC6A;CHMP2A;CHMP3;PSMG2;MAPT;PFDN6
GO_Biological_Process_2023,Endosomal Transport (GO:0016197),2.5298200411857234e-08,3.159657996267135e-06,0,0,4.274109307019057,74.76499627662326,TMEM87B;DCTN1;CLTC;GOSR1;DPY30;GCC2;BAIAP3;RAB10;LAPTM4B;SNX4;RNF126;HEATR5A;CHMP1B;CHMP2A;STX6;CHMP3;SNX9;TRIM27;TMCC1;TBC1D17;RAB11FIP4;SNX6;VPS16;RAB7A
GO_Biological_Process_2023,Macroautophagy (GO:0016236),3.206710060410901e-08,3.8715679462694275e-06,0,0,5.679232424677188,97.99762729240105,BECN1;GABARAPL1;CALCOCO2;UBA5;EI24;WIPI2;VAMP8;CHMP1B;NBR1;VPS41;CHMP2A;PLAA;ATG4B;CHMP3;CALR;ARL8B;VPS16;CHMP5
GO_Biological_Process_2023,Mitochondrion Organization (GO:0007005),5.746973151744361e-08,6.714689276005831e-06,0,0,4.4103678853439225,73.5296861805534,PNPT1;MTX2;BNIP3;TOMM20;HK2;IFIT2;TIMM50;NIPSNAP2;HSPD1;PRDX3;OXA1L;CHCHD2;COX7A2L;RHOT1;MSTO1;APEX1;TIMM17A;MFN1;TOMM7;NDUFS1;DNM1L;TOMM5
GO_Biological_Process_2023,Defense Response To Symbiont (GO:0140546),6.347050328030357e-08,7.18406759003936e-06,0,0,4.584322420764314,75.9745568801878,RAB2B;IFITM1;STAT1;BNIP3;IFI6;EIF2AK2;ISG15;IFIT1;IFI44L;IFIT3;IFIT2;ISG20;IFIH1;NT5C3A;AGBL5;PLSCR1;EXOSC5;OAS1;OAS2;BCL2;GBP2
GO_Biological_Process_2023,Negative Regulation Of DNA-templated Transcription (GO:0045892),1.1373561830460387e-07,1.2483345742402278e-05,0,0,2.061893028342896,32.96841015934525,ATF2;MESP1;ZNF692;ZC3H4;CHD8;ZMYND8;MAGEF1;FHL2;HNRNPU;ARID4B;NR3C1;BACH1;CDC73;SUMO1;YWHAQ;MYB;TRIM27;LRRFIP1;SOX4;TGIF1;HSBP1;DNMT3A;PARP9;FOXP1;ETV6;IMPACT;ELF3;NFX1;NUPR2;URI1;SP100;NFIX;SUPT4H1;FOXK2;PBXIP1;GATA2;ZNF703;NACC1;TPR;SMYD2;PCGF1;HES1;MTA3;RREB1;SNX6;HEXIM1;TFAP2A;IRX2;JUN;JUND;STAT1;WFS1;CNBP;IRX3;CBX1;IRF2BP2;NR1H3;KLF2;NR2F6;NFATC4;KLF8;CENPF;DLG1;ZNF219;PDCD4;ZNF217;HDGF;CALR;INSM1;FRK;TRIM33
GO_Biological_Process_2023,Modification-Dependent Protein Catabolic Process (GO:0019941),1.3715826924519173e-07,1.4611389741355425e-05,0,0,3.8628531604478638,61.04130907909645,RNF20;UBE2H;PSMD11;PSMD14;PPP1R11;SIAH2;SIAH1;NEDD4L;FBXO45;ISG15;NEDD8;FBXO11;RNF144B;RNF126;CDC34;UBE2R2;RNF149;PSMD3;TRIP12;PSMF1;RFFL;UBE2K;UBQLN4;PCYOX1
GO_Biological_Process_2023,Regulation Of Nucleic Acid-Templated Transcription (GO:1903506),1.5584054915840641e-07,1.5845577944524268e-05,0,0,2.682824552291919,42.0517522823373,ATF2;BTG1;MYCBP;CRABP2;MEAF6;TAF9;SUPT4H1;FOXK2;CREBL2;NR3C1;ACVR1B;BACH1;ING5;MYB;NSD2;RUVBL1;ATXN1L;ZNF703;MBIP;PCGF1;RREB1;ZNF146;TEAD2;SOX4;RNF20;PRMT5;CNBP;ACTL6A;ESRRB;RHOH;BAZ1A;ACTN4;GLRX2;MLF2;GON4L;ZNF219;ZNF217;TERF2IP;ZNF138;CALR
GO_Biological_Process_2023,Lysosomal Transport (GO:0007041),1.574933202658403e-07,1.5845577944524268e-05,0,0,5.3596344249809595,83.95268543331638,BECN1;M6PR;GCC2;RHOB;GAK;CCDC91;AP1G1;CHMP1B;KIF13A;VPS41;CHMP2A;CHMP3;TMEM106B;ARL8B;VPS16;CHMP5;RAB7A
GO_Biological_Process_2023,"mRNA Splicing, Via Spliceosome (GO:0000398)",1.807625152679213e-07,1.7695184602713808e-05,0,0,3.673136109540858,57.029411469846615,DHX9;SF3B6;DDX1;HNRNPU;CASC3;RBM4;ZMAT2;RSRC1;SNIP1;SF3B1;BCAS2;SF3A3;PRMT5;HNRNPA3;METTL3;PRPF40A;LSM5;SMU1;SDE2;SNRPG;STRAP;SNRPE;HNRNPC;GEMIN7;SNRNP200
GO_Biological_Process_2023,Negative Regulation Of Transcription By RNA Polymerase II (GO:0000122),1.913640392860118e-07,1.8240014481419334e-05,0,0,2.224330931549151,34.40837149535096,ATF2;ZNF692;ZMYND8;CHD8;MAGEF1;FHL2;HNRNPU;ARID4B;NR3C1;BACH1;CDC73;MYB;TRIM27;LRRFIP1;SOX4;TGIF1;HSBP1;DNMT3A;PARP9;ETV6;IMPACT;NFX1;NUPR2;URI1;SP100;NFIX;SUPT4H1;GATA2;TPR;SMYD2;PCGF1;HES1;RREB1;MTA3;HEXIM1;TFAP2A;IRX2;JUN;JUND;STAT1;WFS1;CNBP;IRX3;CBX1;IRF2BP2;NR1H3;KLF2;NR2F6;KLF8;DLG1;ZNF219;ZNF217;HDGF;INSM1;CALR;FRK;TRIM33
GO_Biological_Process_2023,Negative Regulation Of Amide Metabolic Process (GO:0034249),1.9774938250527979e-07,1.8365340088054446e-05,0,0,5.638868861651846,87.04307603869918,RTN2;RTN3;TIA1;IGFBP5;EIF2AK2;ORMDL1;TOB1;GIGYF2;RTN4;RBM4;RIDA;APEX1;CAPRIN1;ORMDL3;CALR;EIF4E2
GO_Biological_Process_2023,Apoptotic Mitochondrial Changes (GO:0008637),2.2938815855536293e-07,2.0771097757188112e-05,0,0,11.125946969696969,170.09181119314476,GGCT;BNIP3;IFI6;BCL2;NDUFS1;DNM1L;HK2;HSPD1;IFIT2;TIMM50
GO_Biological_Process_2023,Negative Regulation Of Viral Process (GO:0048525),2.351790813407927e-07,2.0776064210154906e-05,0,0,7.24340356871678,110.55547880097929,HEXIM1;IFITM1;STAT1;EIF2AK2;ISG15;IFIT1;IFIH1;ISG20;PLSCR1;OAS1;OAS2;TRIM27;PPIA
GO_Biological_Process_2023,Negative Regulation Of Intracellular Signal Transduction (GO:1902532),2.474419101055059e-07,2.133891900957482e-05,0,0,3.496342024539877,53.186669510077586,URI1;GSK3A;ITPR1;PEBP1;ADIPOR1;DUSP16;SLC9A3R1;DEPTOR;TMEM127;TSPAN6;SH3BP4;RFFL;PHLDA3;DUSP5;STAT1;SORD;RHOH;CD2AP;CDC34;MYADM;PPIF;BCL2;NF1;STAMBP;BCL2L2;SHANK2
GO_Biological_Process_2023,Mitochondrial Transport (GO:0006839),2.7093788360029464e-07,2.2821791032564355e-05,0,0,8.019195751138088,121.26127620861425,SLC25A16;OXA1L;MTX2;BNIP3;FLVCR1;TIMM17A;PPIF;BCL2;TOMM7;MAIP1;TOMM20;TOMM5
GO_Biological_Process_2023,Glucose Homeostasis (GO:0042593),3.3110935142128055e-07,2.725631979199723e-05,0,0,5.8194742932716155,86.83131183493894,SLC30A8;WFS1;APLP2;ASPSCR1;FOXK2;ADIPOR1;HK2;ADRA2A;BACE2;STK11;OAS1;FFAR2;SELENOT;FGFR4;SOX4
GO_Biological_Process_2023,Mitochondrial Translation (GO:0032543),4.194846937838544e-07,3.348526976263852e-05,0,0,5.290038897344833,77.68019442203531,GADD45GIP1;PTCD3;MRPS15;FASTKD2;MRPL19;MRPL14;MRPL45;MRPL24;MRPL35;MRPL33;MRPL44;MRPL52;MRPL3;MRPL53;IARS2;DAP3
GO_Biological_Process_2023,Protein N-linked Glycosylation (GO:0006487),4.252684729655913e-07,3.348526976263852e-05,0,0,6.816740363571396,100.00529739116187,DPAGT1;OST4;ST6GAL1;B4GALT1;TUSC3;SRD5A3;ALG3;MAGT1;DAD1;PSMD2;MGAT4A;ST3GAL1;UGGT1
GO_Biological_Process_2023,Protein Polyubiquitination (GO:0000209),5.280439694430662e-07,4.069309058133587e-05,0,0,3.445918066607722,49.80759705285588,RNF31;ANAPC13;NEDD4L;FBXO45;DDA1;TRIM8;RNF135;ZNRF1;ZNRF2;HECTD1;TRIM27;RFFL;TRIM45;RNF20;UBE2H;AMFR;RNF144B;RNF126;CDC34;UBE2R2;TRAF5;BCL2;TRIP12;RBCK1;UBE2K
GO_Biological_Process_2023,Small GTPase Mediated Signal Transduction (GO:0007264),5.501316618353457e-07,4.151201831599213e-05,0,0,4.8452382881496,69.8349437126044,RALBP1;ARHGAP8;SIAH2;HACD3;RERG;ADRA2A;ARHGAP32;NRAS;RIT1;CCDC88C;NF1;GRB2;SHOC2;RAC1;RGL2;NUCB2;RALGPS2
GO_Biological_Process_2023,Endoplasmic Reticulum Tubular Network Organization (GO:0071786),7.061314377868602e-07,5.219608301355118e-05,0,0,20.73015873015873,293.6108660988524,RAB10;REEP1;RTN3;TMEM33;REEP3;ATL2;RTN4
GO_Biological_Process_2023,Mitochondrial Gene Expression (GO:0140053),8.462003416025343e-07,6.129875274568758e-05,0,0,4.98177055679445,69.65765510849677,GADD45GIP1;PTCD3;MRPS15;FASTKD2;MRPL19;MRPL14;MRPL45;MRPL24;MRPL35;MRPL33;MRPL44;MRPL52;MRPL3;MRPL53;IARS2;DAP3
GO_Biological_Process_2023,Regulation Of Intrinsic Apoptotic Signaling Pathway (GO:2001242),9.180300415997005e-07,6.440116782280908e-05,0,0,7.941601950699752,110.39649240505126,BECN1;SLC9A3R1;URI1;SIAH1;BCL2;PPIF;NUPR1;P4HB;DNM1L;S100A9;BCL2L2
GO_Biological_Process_2023,Organic Substance Transport (GO:0071702),9.245888257277947e-07,6.440116782280908e-05,0,0,3.549547529219323,49.31711773265858,RYR1;RAMP2;ITPR1;PSEN2;MIA3;SLC50A1;ABCA12;SCAMP1;ABCC11;HSP90B1;SNX4;CENPF;CHMP1B;PPT1;FLVCR1;CHMP2A;TXNIP;CHMP3;KCNN4;SLC29A1;RAMP1;ABCD1;RAB7A
GO_Biological_Process_2023,Positive Regulation Of DNA-templated Transcription (GO:0045893),1.3394317077482223e-06,9.153625746158607e-05,0,0,1.8551469481290668,25.087644039579754,ATF2;MESP1;CSRNP2;CHD8;FOXI1;HNRNPU;NR3C1;LITAF;CDC73;DCAF6;CHCHD2;SALL2;CDH1;RUVBL1;MYB;TEAD2;SOX4;ACTR3;ARHGEF11;ACTR2;SUPT16H;ACTL6A;THOC1;PARP9;ZFX;ILF2;UCHL5;TOX3;PLSCR1;ELF3;THRAP3;TET3;ARHGEF2;IRF6;ATF6;PTMA;IRF9;INO80B;SP100;NFIX;MEAF6;DHX9;HEATR1;TAF9;SUPT4H1;FOXK2;CREBL2;GATA2;EPCAM;PCBP1;ERBB2;STAT6;HES1;MEF2D;MTA3;RREB1;SF3B1;STAT5A;TFAP2A;RNF20;JUN;JUND;STAT1;CNBP;IRX3;ESRRB;EAF2;NR1H3;GRHL1;GRHL2;KLF2;FOSL2;NFKBIA;TFCP2;TMEM98;APEX1;SP6;NFE2L1
GO_Biological_Process_2023,Regulation Of Gene Expression (GO:0010468),1.3703160849661492e-06,9.191268258791468e-05,0,0,1.9045641422592203,25.71250940064279,ATF2;GSK3B;GSK3A;BTG1;NR3C1;LITAF;BACH1;YBX3;TSKU;ING5;RO60;CDH1;RUVBL1;MYB;TEAD2;SOX4;PRMT5;ACTL6A;SORD;RHOH;BAZ1A;GLRX2;PARP9;FOXP1;MLF2;SLC7A5;SFRP4;PLSCR1;PRKAR1A;ZNF638;MYADM;TERF2IP;MAPT;RAMP2;MYCBP;CRABP2;MEAF6;HPN;TAF9;SUPT4H1;FOXK2;PIK3R3;CREBL2;VTCN1;GATA2;ACVR1B;TOB1;ATXN1L;ZNF703;NSD2;MBIP;PCGF1;RREB1;ZNF146;TFAP2A;RNF20;BTNL9;CNBP;ESRRB;PUM2;PDCL3;OCLN;GON4L;TMEM98;PIP;ZNF219;ZNF217;UBAP2;CALR;ZNF138;INSM1;FGFR4
GO_Biological_Process_2023,Membrane Organization (GO:0061024),1.7706698667248252e-06,0.00011660665922322394,0,0,3.803800552216989,50.378115076982304,MTCH1;TOR1AIP2;TIMM50;REEP1;SLC9A3R1;SERP1;VAPA;TMEM33;REEP3;CHMP1B;LPCAT3;LMNA;MYADM;CHMP2A;PPT1;CHMP3;TMCC1;DNM1L;SPTBN1;CHMP5
GO_Biological_Process_2023,Nitrogen Compound Transport (GO:0071705),1.951896824205989e-06,0.0001262458981656088,0,0,3.7769057090635414,49.6538800048882,RALBP1;SLC38A1;RAMP2;MIA3;SCAMP1;HSP90B1;SNX4;SLC7A5;CENPF;SLC7A8;CHMP1B;CHMP2A;PPT1;FLVCR1;TXNIP;CHMP3;SLC29A1;ABCD1;RAMP1;RAB7A
GO_Biological_Process_2023,Cellular Component Assembly (GO:0022607),2.001624530089864e-06,0.00012719094821027173,0,0,3.0918141592920354,40.56939854046504,NCKAP1;RTN3;BECN1;SYCP2;DHX9;CAPG;RTN4;SLC9A3R1;BAIAP2L1;SNX9;QSOX1;HES1;DNM1L;SPTBN1;TEAD2;MAGI1;NIFK;TINF2;GRHL2;CD2AP;VMP1;OCLN;MYO1B;TTLL3;GORASP2;GAS8
GO_Biological_Process_2023,mRNA Processing (GO:0006397),2.5788658983829044e-06,0.00016104572903349792,0,0,3.3194091369054965,42.714690634079,HEXIM1;SF3A3;HNRNPA3;SF3B6;METTL3;HNRNPU;PRPF40A;CASC3;LSM5;FBXO11;SMU1;RBM4;ZMAT2;RSRC1;SNRPG;SNIP1;SNRPE;HNRNPC;GEMIN7;SNRNP200;SF3B1;CMTR2;BCAS2
GO_Biological_Process_2023,RNA Metabolic Process (GO:0016070),2.6794056147117287e-06,0.00016448825655060816,0,0,4.508659777297124,57.84572429278523,PNPT1;DHX9;FASTKD2;RNASET2;THOC1;HNRNPU;ADAR;ISG20;DUSP11;RBM4;EXOSC6;EXOSC5;HNRNPUL1;PABPN1;TENT2;ZNF830
GO_Biological_Process_2023,Apoptotic Process (GO:0006915),2.7360848247054242e-06,0.00016516832058471745,0,0,3.206326712532285,41.06978292806853,NCKAP1;FASTKD2;BNIP3;SIAH1;IFI6;THOC1;EMP1;DHCR24;GLRX2;RTN4;HK2;IFIT2;RHOB;HSPD1;NFKBIA;BCL2L13;PLSCR1;STK11;PIK3CA;BCL2;NDUFS1;PPIA;IER3;BNIPL
GO_Biological_Process_2023,Positive Regulation Of Transcription By RNA Polymerase II (GO:0045944),3.064371790717869e-06,0.00018195335452426427,0,0,1.9564613748074242,24.83858401426339,ATF2;MESP1;CSRNP2;CHD8;ZMYND8;FOXI1;HNRNPU;NR3C1;LITAF;CDC73;DCAF6;CHCHD2;SALL2;MYB;SOX4;ACTR3;ACTR2;ZFX;TOX3;PLSCR1;ELF3;THRAP3;TET3;ARHGEF2;IRF6;EAPP;ATF6;PTMA;IRF9;NFIX;DHX9;TAF9;SUPT4H1;FOXK2;GATA2;EPCAM;PCBP1;STAT6;HES1;MEF2D;RREB1;SF3B1;STAT5A;TFAP2A;RNF20;JUN;JUND;STAT1;CNBP;IRX3;ESRRB;EAF2;NR1H3;GRHL1;GRHL2;KLF2;FOSL2;NFKBIA;TFCP2;APEX1;SP6;NFE2L1
GO_Biological_Process_2023,Regulation Of Organelle Organization (GO:0033043),3.2914929953590715e-06,0.00019228689724500898,0,0,4.721896667412212,59.61002293773802,INO80B;SLC30A9;RAP1GDS1;F11R;UCHL5;PARL;CAMSAP2;GOLPH3;RHOT1;TMEM33;RUVBL1;MAPT;DNM1L;S100A9;PAK2
GO_Biological_Process_2023,Regulation Of Stem Cell Differentiation (GO:2000736),3.878972880415307e-06,0.00022301015512482926,0,0,7.626839826839827,95.02996785931879,NSUN2;ESRRB;METTL3;TACSTD2;HNRNPU;EIF2AK2;SLC4A11;HES1;MTA3;RBM24
GO_Biological_Process_2023,Negative Regulation Of Protein Modification Process (GO:0031400),4.456557715749993e-06,0.00025221331322572616,0,0,5.346393318147305,65.8736279685654,GSK3B;G6PD;IGFBP3;SORD;CDYL;IMPACT;OCLN;DNAJC10;MYADM;TERF2IP;MAPT;INSM1;PPIA
GO_Biological_Process_2023,Actin Filament Organization (GO:0007015),4.749727760437789e-06,0.0002612023723033713,0,0,3.857487804878049,47.28286072597842,MARCKSL1;TPM3;COBL;SHROOM3;CAPG;CD2AP;CNN3;ENAH;DLG1;MARCKS;MYO1B;BAIAP2L1;EFS;RUFY3;MYO6;TAGLN2;RAC1;ARHGEF2
GO_Biological_Process_2023,Regulation Of Viral Genome Replication (GO:0045069),4.764114559839227e-06,0.0002612023723033713,0,0,5.829659263346668,71.4389698296309,IFIH1;ISG20;IFITM1;PLSCR1;OAS1;OAS2;EIF2AK2;RAD23A;ISG15;IFIT1;HACD3;PPIA
GO_Biological_Process_2023,Response To Interferon-Beta (GO:0035456),4.8317390790518704e-06,0.0002612023723033713,0,0,10.665960665658094,130.55460203781882,IFITM1;PLSCR1;PNPT1;CDC34;OAS1;STAT1;XAF1;UBE2K
GO_Biological_Process_2023,Mitochondrion Transport Along Microtubule (GO:0047497),5.318048217912718e-06,0.00028326427419529215,0,0,19.975264350453173,242.58768423896692,RHOT1;HSBP1;MAP1S;MAPT;LRPPRC;SYBU
GO_Biological_Process_2023,Wound Healing (GO:0042060),5.955547089541942e-06,0.00031262306606262194,0,0,5.186504833463661,62.399812062745106,DSP;MYOF;MIA3;TSKU;SYT7;LRG1;CHMP1B;ERBB2;CHMP2A;NF1;CHMP3;ARL8B;CHMP5
GO_Biological_Process_2023,Plasma Membrane Repair (GO:0001778),6.1174539304412515e-06,0.00031589935987263215,0,0,13.32464096749811,159.95384797071588,CHMP1B;MYOF;CHMP2A;CHMP3;SYT7;ARL8B;CHMP5
GO_Biological_Process_2023,Cellular Response To Cytokine Stimulus (GO:0071345),6.192394961611508e-06,0.00031589935987263215,0,0,2.7569419827484345,33.061768320923456,PTPRT;GSK3B;GSK3A;DHX9;ZFAND6;HNRNPU;IFIT1;YBX3;RO60;SMPD4;TPR;STAT6;GBP2;GBP1;STAT5A;CCL22;IL4R;PNPT1;STAT1;ERBIN;PRLR;NFKBIA;CDC34;OAS1;ARHGEF2;CD47;IL6ST;UBE2K
GO_Biological_Process_2023,Positive Regulation Of ATP-dependent Activity (GO:0032781),6.761121295382637e-06,0.00034012196294272104,0,0,8.279464355634445,98.56140810030868,VMP1;PLSCR1;DHX9;DNAJB11;DNAJC10;HNRNPU;TOR1AIP2;SETMAR;ATP1B3
GO_Biological_Process_2023,"RNA Splicing, Via Transesterification Reactions With Bulged Adenosine As Nucleophile (GO:0000377)",7.638333714125353e-06,0.00037898691387071266,0,0,3.4145961977925805,40.23190290286712,SF3A3;HNRNPA3;SF3B6;METTL3;HNRNPU;PRPF40A;CASC3;LSM5;SMU1;RBM4;ZMAT2;RSRC1;SNRPG;SNIP1;SNRPE;GEMIN7;HNRNPC;SNRNP200;SF3B1;BCAS2
GO_Biological_Process_2023,Regulation Of Autophagy (GO:0010506),7.76271007546935e-06,0.00037995318774797275,0,0,2.9963460237187935,35.255543805462835,GSK3B;BECN1;GSK3A;BNIP3;ITPR1;FOXK2;MTMR4;GPR137B;TRIM8;TMEM59;RRAGA;STK11;ORMDL3;EEF1A2;BCL2;SH3BP4;TRIM27;MAPT;NUPR1;DNM1L;ATF6;ATP6V1D;RAB8A;SNX6
GO_Biological_Process_2023,Negative Regulation Of Kinase Activity (GO:0033673),7.887085053236993e-06,0.00038089362750432524,0,0,6.11974033358605,71.90868655643138,PRDX3;DEPTOR;CAMK2N1;NF1;HNRNPU;PPP2R5A;TRIM27;MAPT;PPIA;TRIB2;PAK2
GO_Biological_Process_2023,Protein Localization To Lysosome (GO:0061462),8.506718894179526e-06,0.00040541231361471375,0,0,8.003255109765329,93.43523626966525,BECN1;LMBRD1;M6PR;MFSD1;SH3BP4;GCC2;RTN4;CACNG4;RAB7A
GO_Biological_Process_2023,Golgi Vesicle Transport (GO:0048193),9.691707982216629e-06,0.0004558878741764757,0,0,3.23593951687258,37.35646203690251,TRAPPC3;COPA;TMED10;YIPF4;ATL2;GOSR1;GCC2;MIA3;SCAMP1;NRBP1;NKD2;YIF1B;TRAPPC6A;GOLPH3;MYO1B;VAPA;TMED2;KDELR2;COPG1;SEC22B;RAB8A
GO_Biological_Process_2023,Nervous System Development (GO:0007399),1.0189881932920465e-05,0.00047317631232099904,0,0,2.3741575328477094,27.28884041664737,NCKAP1;MESP1;IGSF8;DCTN1;ZMYND8;CAPG;MTR;MSI2;ACVR1B;CDH1;ERBB2;SLITRK6;HES1;NDUFV2;SOX4;SPTBN1;FARP1;MARCKSL1;UTP11;MAP1S;APLP2;ACTL6A;SIAH1;GRHL2;SLC25A16;MARCKS;RNF103;ALDH5A1;APEX1;PPT1;NF1;NDUFS2;PAFAH1B3;NAIP;SHANK2
GO_Biological_Process_2023,Cellular Respiration (GO:0045333),1.0340669629687379e-05,0.00047410006833832516,0,0,4.893751269958399,56.17745522278902,NDUFA9;NDUFB4;NDUFA10;NDUFB3;SDHC;COX6C;MTLN;CHCHD5;OXA1L;NDUFS2;CYCS;NDUFS1;NDUFV2
GO_Biological_Process_2023,Regulation Of Proteasomal Protein Catabolic Process (GO:0061136),1.0591027121724631e-05,0.00047950875293608264,0,0,6.672537878787879,76.43728044568441,USP14;PSMD14;PSME1;PSME2;RAD23A;COMMD1;NUPR1;PSMF1;UBQLN4;UCHL5
GO_Biological_Process_2023,Positive Regulation Of Lamellipodium Organization (GO:1902745),1.112930069537065e-05,0.00049765835948929,0,0,9.273959087022298,105.77812098449014,ACTR3;NCKAP1;ACTR2;OCLN;ARPC2;PIK3CA;RAC1;RREB1
GO_Biological_Process_2023,Positive Regulation Of Lamellipodium Assembly (GO:0010592),1.2100513841221735e-05,0.0005217626325345848,0,0,11.658399470899472,131.9994607721038,ACTR3;ACTR2;NCKAP1;OCLN;ARPC2;PIK3CA;RAC1
GO_Biological_Process_2023,Protein N-linked Glycosylation Via Asparagine (GO:0018279),1.2100513841221735e-05,0.0005217626325345848,0,0,11.658399470899472,131.9994607721038,OST4;ST6GAL1;TUSC3;DAD1;PSMD2;MAGT1;UGGT1
GO_Biological_Process_2023,Zinc Ion Transport (GO:0006829),1.2100513841221735e-05,0.0005217626325345848,0,0,11.658399470899472,131.9994607721038,SLC30A6;SLC30A9;SLC30A8;SLC39A9;SLC30A5;SLC39A6;SLC39A3
GO_Biological_Process_2023,Regulation Of Intracellular Signal Transduction (GO:1902531),1.2847166471775417e-05,0.0005474404348325948,0,0,2.6962485770612283,30.366195675239542,ARHGAP8;ZFAND6;PREX1;STK11;PIP4P1;TMEM127;PLEKHG4B;SMYD2;RFFL;PAK2;GBP1;VAV3;ARHGEF11;PRMT5;RALBP1;ATP6AP2;NFKBIA;ARHGAP32;DLG1;TAOK3;SPATA13;TRAF5;GRB2;ARHGEF2;MAPT;CD24;CALM2
GO_Biological_Process_2023,Mitochondrial Respiratory Chain Complex Assembly (GO:0033108),1.3448452024636794e-05,0.0005662885979413309,0,0,4.759405456568998,53.38456879278617,NDUFA9;COA3;COA1;DMAC1;NDUFB4;UQCC1;NDUFA10;NDUFB3;OXA1L;NDUFS2;NDUFS1;COA5;COX20
GO_Biological_Process_2023,Vacuole Fusion (GO:0097576),1.3602183329899445e-05,0.0005662885979413309,0,0,26.615849056603775,298.2380474820037,CHMP1B;CHMP2A;CHMP3;CHMP5;VPS16
GO_Biological_Process_2023,Negative Regulation Of Phosphorylation (GO:0042326),1.588754164329102e-05,0.0006539167708181825,0,0,5.088228918274442,56.22480386928918,PRDX3;IMPACT;OCLN;IGFBP3;DNAJC10;SORD;MYADM;HNRNPU;TERF2IP;MAPT;INSM1;PPIA
GO_Biological_Process_2023,Endoplasmic Reticulum To Golgi Vesicle-Mediated Transport (GO:0006888),1.6861945935047895e-05,0.0006862243615364436,0,0,4.052540615278258,44.53924984711182,TRAPPC3;COPA;TMED10;YIPF4;ATL2;GOSR1;MIA3;NRBP1;YIF1B;TRAPPC6A;VAPA;TMED2;KDELR2;COPG1;SEC22B
GO_Biological_Process_2023,ERAD Pathway (GO:0036503),1.734825205293656e-05,0.0006981707659526247,0,0,4.632224753227031,50.778534844018125,WFS1;CCDC47;AUP1;ERLIN2;HSP90B1;ERLEC1;RNF103;DNAJC10;CALR;UBXN4;ATF6;UGGT1;ANKZF1
GO_Biological_Process_2023,Regulation Of Lamellipodium Assembly (GO:0010591),1.8361752685933508e-05,0.0007308381124005623,0,0,8.531558245083207,93.0386963377959,ACTR3;NCKAP1;ACTR2;OCLN;ARPC2;PIK3CA;TWF1;RAC1
GO_Biological_Process_2023,"Retrograde Transport, Endosome To Golgi (GO:0042147)",1.96460048377266e-05,0.0007734546687200624,0,0,4.571144547016744,49.54040324764237,TMEM87B;DCTN1;CLTC;GOSR1;GCC2;BAIAP3;RNF126;HEATR5A;STX6;TRIM27;TBC1D17;RAB7A;SNX6
GO_Biological_Process_2023,Glucose 6-Phosphate Metabolic Process (GO:0051156),1.99520252857053e-05,0.0007770562966110171,0,0,14.526229057951113,157.205464158457,RPIA;G6PD;G6PC3;RPE;PGLS;HK2
GO_Biological_Process_2023,Regulation Of Translational Initiation (GO:0006446),2.067058601894309e-05,0.0007964772612831049,0,0,5.43884255749305,58.667700554701504,EIF2B5;RBM4;EIF5B;IMPACT;CSDE1;DDX1;TPR;EIF3H;BZW1;UHMK1;EIF3B
GO_Biological_Process_2023,Negative Regulation Of Cell Migration (GO:0030336),2.2725272063192447e-05,0.0008664308990829795,0,0,3.394033407763655,36.289117015615766,PTPRT;RNF20;IFITM1;IGFBP5;ZMYND8;IGFBP3;TACSTD2;STC1;ARID4B;MIA3;ADIPOR1;SLURP1;RHOB;CDH1;ARHGDIB;NF1;CALR;RAC1
GO_Biological_Process_2023,Cellular Response To Tumor Necrosis Factor (GO:0071356),2.3083973878960876e-05,0.0008709390978082946,0,0,3.933012748825766,41.99030700109972,CCL22;DHX9;STAT1;ZFAND6;ERBIN;ACTN4;YBX3;NFKBIA;RRAGA;SMPD4;TRAF5;ARHGEF2;GBP2;CARD14;GBP1
GO_Biological_Process_2023,Gene Expression (GO:0010467),2.3413739710393356e-05,0.0008742738683612859,0,0,2.6540390491963888,28.297862083151553,MRPS15;FASTKD2;HNRNPU;MRPL14;ADAR;CASC3;SMG7;MRPL35;HSPD1;DUSP11;EXOSC6;MRPL3;RBM4;EXOSC5;PABPN1;TPR;MBTPS1;GALNT2;THOC1;MRPL24;MRPL52;GOLPH3;HNRNPUL1;DNAJB11;EEF1A2;ZNF830
GO_Biological_Process_2023,Autophagosome Maturation (GO:0097352),2.4170424084308412e-05,0.0008811476554641664,0,0,6.858959662593273,72.91335322528391,VAMP8;VMP1;BECN1;CHMP1B;CHMP2A;CHMP3;WIPI2;VPS16;CHMP5
GO_Biological_Process_2023,Lysosomal Membrane Organization (GO:0097212),2.4188371781638918e-05,0.0008811476554641664,0,0,22.17924528301887,235.7573605632029,LAPTM4B;CHMP1B;CHMP2A;CHMP3;CHMP5
GO_Biological_Process_2023,Negative Regulation Of Protein Phosphorylation (GO:0001933),2.432765476157279e-05,0.0008811476554641664,0,0,3.527125878956411,37.47182133398932,IGFBP3;SORD;OCLN;IMPACT;DEPTOR;CAMK2N1;DNAJC10;MYADM;NF1;TERF2IP;CALM3;TRIM27;INSM1;PPIA;TRIB2;CALM2;PAK2
GO_Biological_Process_2023,Protein Localization To Plasma Membrane (GO:0072659),2.5370508115127995e-05,0.0009098215880494415,0,0,3.690232509316118,39.049756842705754,RAMP2;ATP1B3;F11R;NKD2;GAK;RAB10;SLC9A3R1;EFR3A;DLG1;CDH1;GORASP2;BSG;TMED2;RAMP1;SPTBN1;RAB8A
GO_Biological_Process_2023,Mitochondrial ATP Synthesis Coupled Electron Transport (GO:0042775),2.7773672771370386e-05,0.000983005735812797,0,0,5.244300335752193,55.02016796216379,NDUFA9;NDUFB4;NDUFA10;NDUFB3;NDUFS2;CYCS;SDHC;NDUFS1;NDUFV2;COX6C;COA6
GO_Biological_Process_2023,Regulation Of Cell Cycle (GO:0051726),2.7954055988050276e-05,0.000983005735812797,0,0,2.62388140596891,27.51126076369766,ANAPC13;INO80B;MEAF6;PRCC;HNRNPU;ING5;STK11;ZNF703;RUVBL1;MBIP;RNF20;JUN;CNTD1;JUND;PNPT1;METTL3;ACTL6A;DHCR24;RAD23A;UCHL5;UHMK1;RHOB;NUPR2;CALR;NUPR1;INSM1
GO_Biological_Process_2023,Vacuolar Transport (GO:0007034),2.9243322312785654e-05,0.0010184549367010544,0,0,6.6682437547312645,69.61552662650247,BECN1;AP1G2;AP1G1;CHMP1B;VPS41;M6PR;CHMP2A;CHMP3;TMEM106B
GO_Biological_Process_2023,Central Nervous System Development (GO:0007417),2.9757065663398252e-05,0.0010264770650745569,0,0,2.67283356993482,27.857458078024244,NCKAP1;RTN3;CHD8;CAPG;MSI2;RTN4;UGP2;APOD;FLNB;SOX4;SPTBN1;EIF2B5;MARCKSL1;MAP1S;APLP2;ATP6AP2;GRHL2;MARCKS;RNF103;ALDH5A1;APEX1;PPT1;UFC1;NF1;PAFAH1B3
GO_Biological_Process_2023,Sphingolipid Metabolic Process (GO:0006665),3.171960626416932e-05,0.001083852961215295,0,0,4.34209377372817,44.97790650513072,CERS6;ELOVL5;ORMDL1;HACD3;SUMF1;GALC;TM9SF2;ALDH3B2;UGCG;ORMDL3;PPT1;SPTSSA;PLPP2
GO_Biological_Process_2023,Regulation Of GTPase Activity (GO:0043087),3.434056264386851e-05,0.0011624440924868386,0,0,2.946496066298961,30.287573211621613,VAV3;GSK3B;RALBP1;CCL22;RGS16;RAP1GDS1;ARL2;GPR137B;PREX1;ERBB2;NF1;TMED2;RAB3GAP2;PLXNA1;SH3BP4;SNX9;PKP4;MMUT;PLXNA4;ZC3H15;RALGPS2
GO_Biological_Process_2023,Phosphate-Containing Compound Metabolic Process (GO:0006796),3.609665173937068e-05,0.0012105747462963017,0,0,3.140901771336554,32.12925930105404,DUSP5;G6PD;GPX4;PLPPR3;MBOAT2;HNMT;AGPAT1;THNSL2;DUSP16;HK2;DUSP12;G6PC3;PIP4P1;PIK3CA;IMPA2;PLAA;COQ8A;PLPP2;PAK2
GO_Biological_Process_2023,Protein K48-linked Ubiquitination (GO:0070936),3.689076972721558e-05,0.0012258565867153655,0,0,5.063174818958982,51.68260597704422,ZNRF1;RNF126;ZNRF2;UBE2H;CDC34;UBE2R2;NEDD4L;FBXO45;RFFL;UBE2K;TRIM45
GO_Biological_Process_2023,Positive Regulation Of Translation (GO:0045727),3.7797990963693696e-05,0.0012333722817162035,0,0,3.981100045269353,40.54055537237791,EIF2B5;COA3;DHX9;FASTKD2;CNBP;METTL3;CIRBP;HNRNPU;YBX3;UHMK1;CSDE1;ERBB2;METTL5;SOX4
GO_Biological_Process_2023,Regulation Of Proteasomal Ubiquitin-Dependent Protein Catabolic Process (GO:0032434),3.7797990963693696e-05,0.0012333722817162035,0,0,3.981100045269353,40.54055537237791,GSK3B;GSK3A;TAF9;RAD23A;COMMD1;UCHL5;DDA1;NKD2;RNF144B;HECTD1;SUMO1;EIF3H;TRIB2;UBQLN4
GO_Biological_Process_2023,Bicellular Tight Junction Assembly (GO:0070830),4.212874565972407e-05,0.001362413542674291,0,0,6.3169249770907205,63.64163103470906,RAMP2;DLG1;OCLN;MARVELD2;SLC39A9;ARL2;PAK2;GRHL2;OCEL1
GO_Biological_Process_2023,Protein Localization To Cell Periphery (GO:1990778),4.401286453090071e-05,0.0014107486312471005,0,0,3.50814681737655,35.190321026800554,RAMP2;ATP1B3;F11R;NKD2;GAK;RAB10;SLC9A3R1;EFR3A;DLG1;CDH1;BSG;MYADM;TMED2;RAMP1;SPTBN1;RAB8A
GO_Biological_Process_2023,Aerobic Respiration (GO:0009060),4.817126183374869e-05,0.0015304939505424364,0,0,5.445578231292517,54.133120597015036,NDUFA9;OXA1L;NDUFB4;NDUFA10;NDUFB3;NDUFS2;SDHC;NDUFS1;NDUFV2;NIPSNAP2
GO_Biological_Process_2023,Negative Regulation Of Macromolecule Biosynthetic Process (GO:0010558),4.982193286497647e-05,0.001560154900027159,0,0,4.134857359800412,40.96426032232678,GSK3B;TIA1;GSK3A;IGFBP5;CLTC;EIF2AK2;TOB1;GIGYF2;RBM4;RIDA;CAPRIN1;CALR;EIF4E2
GO_Biological_Process_2023,Regulation Of Mitochondrion Organization (GO:0010821),5.018850348909695e-05,0.001560154900027159,0,0,6.154777848948932,60.93060550432228,GSK3B;GSK3A;SLC30A9;GOLPH3;RHOT1;RAP1GDS1;MAPT;DNM1L;PARL
GO_Biological_Process_2023,Regulation Of Cell Migration (GO:0030334),5.039705226481988e-05,0.001560154900027159,0,0,2.2407478797224365,22.173495133982378,PTPRT;IFITM1;SEMA3C;ZMYND8;SEMA3B;PIK3R3;STC1;MIA3;ARID4B;CDH1;ZNF703;LMNA;PLXNA1;RAC1;RFFL;TMSB10;PLXNA4;RNF20;IGFBP5;APLP2;SEMA4C;MEAK7;ACTN4;ADRA2A;SLURP1;RHOB;CEACAM6;RUFY3;TRIP6;SPATA13;NF1;MYADM;SGK3
GO_Biological_Process_2023,Amino Acid Catabolic Process (GO:0009063),5.5040317062909085e-05,0.0016894578678123449,0,0,7.108623298033283,69.71742920449563,MCCC2;ALDH6A1;ALDH5A1;GOT2;HNMT;KMO;SLC25A44;THNSL2
GO_Biological_Process_2023,Golgi Organization (GO:0007030),5.5520358253563524e-05,0.0016898717444908157,0,0,3.613194943993423,35.404832940550655,RAB2B;PRMT5;TMED10;ATP8B2;YIPF4;ATL2;GCC2;GAK;VMP1;GOLPH3;GORASP2;TMED2;SEC22B;OBSL1;RAB8A
GO_Biological_Process_2023,Regulation Of Mitotic Spindle Assembly (GO:1901673),5.689629419499343e-05,0.001713102022801937,0,0,11.412494605092792,111.54892173263865,CHMP1B;TPR;CHMP2A;HNRNPU;CHMP3;CHMP5
GO_Biological_Process_2023,Ras Protein Signal Transduction (GO:0007265),5.7229526438165206e-05,0.001713102022801937,0,0,3.4236590563165907,33.44381011358119,ARHGEF11;NCKAP1;RTKN;HACD3;ADRA2A;RHOB;NRAS;RIT1;ARHGDIB;NF1;EPS8L1;GRB2;SHOC2;RAC1;RGL2;RALGPS2
GO_Biological_Process_2023,Protein Localization To Membrane (GO:0072657),6.071214213908236e-05,0.0018024539248176746,0,0,3.010204956693251,29.227184202157574,RAMP2;ATP1B3;F11R;NKD2;GAK;RAB10;TM9SF2;SLC9A3R1;ANO1;TM9SF1;EFR3A;DLG1;CDH1;BSG;TMED2;ARL5A;RAMP1;SPTBN1;RAB8A
GO_Biological_Process_2023,Outer Mitochondrial Membrane Organization (GO:0007008),6.34003322295109e-05,0.001837088026682308,0,0,16.633490566037736,160.78000937465694,MTCH1;MTX2;TOMM7;TOMM20;TOMM5
GO_Biological_Process_2023,Protein Insertion Into Mitochondrial Outer Membrane (GO:0045040),6.34003322295109e-05,0.001837088026682308,0,0,16.633490566037736,160.78000937465694,MTCH1;MTX2;TOMM7;TOMM20;TOMM5
GO_Biological_Process_2023,Protein Localization To Vacuole (GO:0072665),6.34003322295109e-05,0.001837088026682308,0,0,16.633490566037736,160.78000937465694,LMBRD1;MFSD1;SH3BP4;GBP1;RTN4
GO_Biological_Process_2023,Positive Regulation Of Type I Interferon Production (GO:0032481),6.47433768202426e-05,0.0018611151654199898,0,0,5.231729055258467,50.4604408351137,IFIH1;RNF135;RAB2B;OAS1;OAS2;DHX9;STAT1;DHX58;ISG15;HSPD1
GO_Biological_Process_2023,Protein Targeting (GO:0006605),6.666341478348776e-05,0.001897279026595154,0,0,3.549042699956257,34.127077363598865,PEX19;ZFAND6;SRP54;ZDHHC24;TOMM20;ZDHHC4;YIF1B;SPCS1;ZDHHC9;APEX1;VPS41;TIMM17A;TOMM7;LONP2;TOMM5
GO_Biological_Process_2023,Regulation Of Mitotic Spindle Organization (GO:0060236),6.704906554505238e-05,0.001897279026595154,0,0,6.8791176614123275,66.10891153934388,DCTN1;CHMP1B;CLTC;TPR;CHMP2A;HNRNPU;CHMP3;CHMP5
GO_Biological_Process_2023,Protein Maturation (GO:0051604),6.91251849504474e-05,0.0019408637200815542,0,0,3.741595744680851,35.84295850232384,MBTPS1;GALNT2;MAGEF1;RAP1GDS1;PSEN2;CTSS;PARL;HSPD1;BACE2;NCSTN;CPD;DNAJB11;SDE2;LONP2
GO_Biological_Process_2023,Regulation Of Cell Cycle Process (GO:0010564),7.293494881699711e-05,0.0020320798816551044,0,0,3.5178106864118472,33.51046276855108,CUL9;PRMT5;BECN1;AHCTF1;CETN2;ACTL6A;PRPF40A;PUM2;KIF13A;CALM3;BIRC6;INSM1;OBSL1;CALM2;RAB11FIP4
GO_Biological_Process_2023,Dephosphorylation (GO:0016311),7.381781555523217e-05,0.002040978075885885,0,0,3.3431316590563167,31.80625523452257,PTPRT;DUSP5;PLPPR3;PPP2R5A;PPP4R3B;MTMR4;THNSL2;DUSP16;TIMM50;PPM1G;PPP1CB;DUSP11;DUSP12;STK11;PDPR;PLPP2
GO_Biological_Process_2023,Positive Regulation Of Apoptotic Signaling Pathway (GO:2001235),7.470063161826961e-05,0.002047591427441033,0,0,5.130973193473194,48.75462021947652,ING5;BECN1;SLC9A3R1;SIAH1;TNFSF10;NUPR1;DNM1L;S100A9;PAK2;CTSS
GO_Biological_Process_2023,Regulation Of Programmed Cell Death (GO:0043067),7.51876476669402e-05,0.002047591427441033,0,0,2.957448601280755,28.082522989983993,BECN1;RTKN;MEAF6;STAT1;WFS1;BNIP3;ACTL6A;ACTN4;PEPD;TM7SF3;FBXO11;RTN4;NME1;TOX3;APEX1;RUVBL1;CALR;NAIP;BCL2L2
GO_Biological_Process_2023,Protein Glycosylation (GO:0006486),8.021534447215703e-05,0.0021576366633783146,0,0,3.317121517822378,31.283095458807267,DPAGT1;OST4;B4GALT1;TUSC3;GALNT2;GALNT1;ALG3;MAGT1;TMEM59;DPM3;SERP1;DAD1;PSMD2;MGAT4A;TET3;ST3GAL1
GO_Biological_Process_2023,Mitochondrial Membrane Organization (GO:0007006),8.041991981117406e-05,0.0021576366633783146,0,0,8.10858063031976,76.44971441059009,LETM1;MTX2;BNIP3;BCL2;PPIF;MAIP1;TIMM50
GO_Biological_Process_2023,Metaphase Plate Congression (GO:0051310),8.257117721928645e-05,0.0021830131670675587,0,0,5.714664215421218,53.728415081764474,EML4;BECN1;CENPF;MAP1S;CHMP1B;CHMP2A;CHMP3;CDCA8;CHMP5
GO_Biological_Process_2023,Regulation Of Substrate Adhesion-Dependent Cell Spreading (GO:1900024),8.257117721928645e-05,0.0021830131670675587,0,0,5.714664215421218,53.728415081764474,MYADM;TACSTD2;RAC1;ACTN4;CALR;P4HB;DOCK1;GBP1;RREB1
GO_Biological_Process_2023,Positive Regulation Of Cellular Catabolic Process (GO:0031331),8.709385905611836e-05,0.002269452931663746,0,0,3.291511532607423,30.77077515499463,GSK3B;BECN1;GSK3A;PNPT1;BNIP3;MTLN;ADRA2A;TRIM8;TMEM59;STK11;TTC5;ORMDL3;SH3BP4;SNX9;ATF6;ABCD1
GO_Biological_Process_2023,protein-RNA Complex Assembly (GO:0022618),8.709385905611836e-05,0.002269452931663746,0,0,3.291511532607423,30.77077515499463,HEXIM1;PRMT5;DHX9;DDX1;ADAR;CDC73;SNRPG;STRAP;EIF3H;SNRPE;KHDC4;GEMIN7;HNRNPC;SNRNP200;SF3B1;EIF3B
GO_Biological_Process_2023,Sphingolipid Biosynthetic Process (GO:0030148),9.189973142284484e-05,0.0023775773372396,0,0,4.517011722167143,41.98477679696576,TM9SF2;ALDH3B2;SMPD4;CERS6;VAPA;ELOVL5;ORMDL3;ORMDL1;SPTSSA;HACD3;PLPP2
GO_Biological_Process_2023,NADH Dehydrogenase Complex Assembly (GO:0010257),9.665740387201558e-05,0.0024312022001697253,0,0,5.581606605284932,51.59825664831775,NDUFA9;OXA1L;COA1;DMAC1;NDUFB4;NDUFA10;NDUFB3;NDUFS2;NDUFS1
GO_Biological_Process_2023,mRNA Stabilization (GO:0048255),9.665740387201558e-05,0.0024312022001697253,0,0,5.581606605284932,51.59825664831775,RBM47;THRAP3;DHX9;CSDE1;CIRBP;HNRNPU;HNRNPC;YBX3;RBM24
GO_Biological_Process_2023,Mitochondrial Respiratory Chain Complex I Assembly (GO:0032981),9.665740387201558e-05,0.0024312022001697253,0,0,5.581606605284932,51.59825664831775,NDUFA9;OXA1L;COA1;DMAC1;NDUFB4;NDUFA10;NDUFB3;NDUFS2;NDUFS1
GO_Biological_Process_2023,Tight Junction Assembly (GO:0120192),9.665740387201558e-05,0.0024312022001697253,0,0,5.581606605284932,51.59825664831775,RAMP2;DLG1;OCLN;MARVELD2;SLC39A9;ARL2;PAK2;GRHL2;OCEL1
GO_Biological_Process_2023,Negative Regulation Of Viral Genome Replication (GO:0045071),0.0001127030923805607,0.002815245521395799,0,0,5.45459706833666,49.58639847143587,IFIH1;ISG20;IFITM1;PLSCR1;OAS1;OAS2;EIF2AK2;ISG15;IFIT1
GO_Biological_Process_2023,Antiviral Innate Immune Response (GO:0140374),0.00011679107532679385,0.002897378594751009,0,0,6.2716027409450925,56.7901398731132,IFIH1;RNF135;OAS1;DHX58;EIF2AK2;IFIT1;IFIT3;IFIT2
GO_Biological_Process_2023,Protein Stabilization (GO:0050821),0.00012142212351192556,0.0029917750432666285,0,0,2.841227430977249,25.617181193951712,CCT3;URI1;PEX19;WFS1;TAF9;WIZ;ATP1B3;CREBL2;RTN4;HSPD1;PDCL3;SUMO1;RUVBL1;MFSD1;PFDN2;CALR;TSPAN1;SOX4;PFDN6
GO_Biological_Process_2023,Negative Regulation Of Translation (GO:0017148),0.0001259153484316323,0.0030608415571769946,0,0,3.733754623166042,33.52874580886348,TIA1;IGFBP5;METTL3;EIF2AK2;TOB1;GIGYF2;RBM4;RIDA;CAPRIN1;TPR;CALR;EIF4E2;RBM24
GO_Biological_Process_2023,Regulation Of Cellular Response To Stress (GO:0080135),0.0001259153484316323,0.0030608415571769946,0,0,3.733754623166042,33.52874580886348,INO80B;GSK3B;AMFR;ACTL6A;TAF9;UCHL5;CHCHD2;TMEM98;RUVBL1;SMYD2;NUPR1;MAPT;SOX4
GO_Biological_Process_2023,Aerobic Electron Transport Chain (GO:0019646),0.00012855644329776475,0.0031042095841633597,0,0,4.763933982683983,42.68076342392317,NDUFA9;NDUFB4;NDUFA10;NDUFB3;NDUFS2;CYCS;SDHC;NDUFS1;NDUFV2;COX6C
GO_Biological_Process_2023,Apical Junction Assembly (GO:0043297),0.00013091830574733484,0.0031403053206413693,0,0,5.3332323996971995,47.68409515628361,RAMP2;DLG1;OCLN;MARVELD2;SLC39A9;ARL2;PAK2;GRHL2;OCEL1
GO_Biological_Process_2023,Fatty Acid Metabolic Process (GO:0006631),0.00013234429133724817,0.0031536251527862686,0,0,3.4961224895605487,31.22073660097719,ACBD5;GPX4;CYP4B1;ACSL3;ADIPOR1;ACACB;ACADSB;ACSF3;ACSF2;GNPAT;PCCB;NUDT19;ECHDC3;ABCD1
GO_Biological_Process_2023,U2-type Prespliceosome Assembly (GO:1903241),0.0001349500989333152,0.003173956222964076,0,0,9.39772525324329,83.73942219173436,SF3A3;SF3B6;SNRPG;SNIP1;SNRPE;SF3B1
GO_Biological_Process_2023,Nuclear Membrane Reassembly (GO:0031468),0.0001349500989333152,0.003173956222964076,0,0,9.39772525324329,83.73942219173436,BROX;CHMP1B;REEP3;CHMP2A;CHMP3;CHMP5
GO_Biological_Process_2023,Regulation Of Response To Cytokine Stimulus (GO:0060759),0.00013920811801794447,0.0032529793771677086,0,0,13.306037735849056,118.151500872467,IFIH1;DHX9;TAF9;PARP9;CD24
GO_Biological_Process_2023,Selective Autophagy (GO:0061912),0.00015152850896393594,0.0035181811504318974,0,0,5.2171444557811935,45.88341219394677,BECN1;CALCOCO2;UBA5;UFC1;ATG4B;AUP1;CALR;LGALS8;RAB7A
GO_Biological_Process_2023,Positive Regulation Of Apoptotic Process (GO:0043065),0.00015328396579406892,0.0035362708541790936,0,0,2.4952900761703565,21.916677638499504,UNC13B;TFAP2A;MTCH1;JUN;BTG1;UTP11;IGFBP3;BNIP3;SIAH1;CTSS;IFIT2;RHOB;HSPD1;SFRP4;ING5;TNFSF10;BCL2;NF1;NUPR1;DNM1L;ATF6;SOX4;PHLDA3
GO_Biological_Process_2023,Organonitrogen Compound Biosynthetic Process (GO:1901566),0.0001577635267684985,0.0036165790756677316,0,0,3.4317782549287528,30.04320523906466,SLC27A1;CERS6;PCYT1A;ELOVL5;ORMDL1;HACD3;ASS1;ALDH3B2;GOLPH3;LPCAT3;ORMDL3;SPTSSA;PLPP2;BCAT2
GO_Biological_Process_2023,DNA Damage Response (GO:0006974),0.00016019499697515465,0.003649221880779938,0,0,2.217623524310688,19.380075329917943,ATF2;TAF9;FBXO45;BACH1;STK11;SUMO1;SUSD6;UBQLN4;IER3;VAV3;PARP2;INTS3;METTL3;CBX1;PPP4R3B;FOXP1;TAOK3;TTC5;APEX1;PSME4;PWWP3A;BCL2;RAD17;GRB2;TRIP12;NUPR2;MAPT;RBM24;BCL2L2
GO_Biological_Process_2023,Positive Regulation Of Cell Population Proliferation (GO:0008284),0.0001640714804661278,0.0036877446961611545,0,0,2.0672483380816713,18.016500016017932,DHX9;HNRNPU;PRDX3;RAB25;EPCAM;NACC1;ZNF703;ERBB2;S100A13;SSR1;HES1;SOX4;TRPM4;TSC22D1;STAT1;CNBP;ACTL6A;ADRA2A;FOXP1;NME1;CEACAM6;GID8;DNAJA2;BCL2;STAMBP;INSM1;CALR;CD47;IL6ST;FGFR4;EAPP;SHANK2;TSPYL5;COPS9
GO_Biological_Process_2023,Establishment Of Protein Localization To Mitochondrion (GO:0072655),0.00016445169993843818,0.0036877446961611545,0,0,5.922844175491679,51.60511139632487,GRPEL1;TIMM17A;TOMM7;TOMM20;HK2;TOMM5;HSPD1;TIMM50
GO_Biological_Process_2023,Regulation Of Cell Division (GO:0051302),0.0001649405413523211,0.0036877446961611545,0,0,4.193772338351565,36.52744464965596,BECN1;CETN2;KIF13A;ESRRB;MBIP;TXNIP;PRPF40A;BIRC6;CALM3;CALM2;RAB11FIP4
GO_Biological_Process_2023,mRNA Polyadenylation (GO:0006378),0.00017441798851594475,0.0038757175116855944,0,0,8.875377643504532,76.8080143195043,HEXIM1;PNPT1;SYMPK;TENT2;TENT4B;CDC73
GO_Biological_Process_2023,Negative Regulation Of Cell Differentiation (GO:0045596),0.00017935998590198885,0.003961230908152461,0,0,2.7486094790442617,23.70982331780018,HPN;ACTL6A;ESRRB;SORD;HNRNPU;NR1H3;ADIPOR1;TSKU;HOPX;CDC73;NFKBIA;MYB;NBR1;PDCD4;HES1;CALR;TRIB2;SOX4;TRPM4
GO_Biological_Process_2023,Organelle Assembly (GO:0070925),0.00018197010602175856,0.003994519539459452,0,0,2.3600318385408237,20.32381098628198,BECN1;WDR45B;IFT74;AP1G1;CHMP1B;ATP6V1D;RAB8A;ACTR3;TTC36;ACTR2;GABARAPL1;SEPTIN2;HPS3;IFT122;AP3B1;WIPI1;WIPI2;VMP1;TTLL3;GORASP2;CAPRIN1;CHMP2A;CHMP3;RAB7A;CHMP5
GO_Biological_Process_2023,"Mitochondrial Electron Transport, NADH To Ubiquinone (GO:0006120)",0.000187188119926092,0.004072167860437642,0,0,6.90652557319224,59.28144714111196,NDUFA9;NDUFB4;NDUFA10;NDUFB3;NDUFS2;NDUFS1;NDUFV2
GO_Biological_Process_2023,Multivesicular Body-Lysosome Fusion (GO:0061763),0.00018888023206889117,0.004072167860437642,0,0,21.276621417797887,182.43420814278423,CHMP1B;CHMP2A;CHMP3;CHMP5
GO_Biological_Process_2023,Vesicle Fusion With Vacuole (GO:0051469),0.00018888023206889117,0.004072167860437642,0,0,21.276621417797887,182.43420814278423,CHMP1B;CHMP2A;CHMP3;CHMP5
GO_Biological_Process_2023,Positive Regulation Of Multicellular Organismal Process (GO:0051240),0.00019126996497050957,0.004099288835048436,0,0,2.1923850559158176,18.77081652080835,MESP1;FH;SLC27A1;ARID4B;ADIPOR1;ACVR1B;AGPAT1;TSKU;RTN4;ZNF703;S100A13;STAT6;RREB1;TAPT1;DECR1;TRPM4;IL4R;APLP2;ACTL6A;ESRRB;EIF2AK2;INHBB;PRLR;ADRA2A;LRG1;SCD;APEX1;GNAS;MAP3K13
GO_Biological_Process_2023,Late Endosome To Lysosome Transport (GO:1902774),0.00019643020054265192,0.004185118743326384,0,0,12.09605488850772,103.24228885067244,CHMP1B;VPS41;CHMP2A;CHMP3;CHMP5
GO_Biological_Process_2023,Membrane Lipid Biosynthetic Process (GO:0046467),0.00020091573748832738,0.004230911634783266,0,0,4.999479560938683,42.55869446884432,ALDH3B2;CERS6;SCCPDH;ELOVL5;ORMDL3;ORMDL1;SPTSSA;HACD3;PLPP2
GO_Biological_Process_2023,Regulation Of Multicellular Organismal Development (GO:2000026),0.00020091573748832738,0.004230911634783266,0,0,4.999479560938683,42.55869446884432,ING5;INO80B;MEAF6;OAS2;RUVBL1;MBIP;TRIP12;CD24;UCHL5
GO_Biological_Process_2023,Monocarboxylic Acid Metabolic Process (GO:0032787),0.00020852641481688218,0.004365795806166169,0,0,3.7689190395429795,31.943265407154858,GAMT;GNPAT;LDHB;ACBD5;MGAT4A;PCCB;CYP4B1;ECHDC3;ACSL3;ACADSB;ACSF3;ACSF2
GO_Biological_Process_2023,Positive Regulation Of Protein Transport (GO:0051222),0.00021203700844244717,0.004413781865393929,0,0,4.445833333333334,37.60619150974891,UNC13B;GOLPH3;CNST;TMED10;RUFY3;TPR;ACSL3;DNM1L;PPIA;CD2AP
GO_Biological_Process_2023,Positive Regulation Of Cellular Process (GO:0048522),0.0002201735884340826,0.004556964213189984,0,0,1.9284426687018728,16.239597535202805,GSK3B;HPN;MTLN;PRDX3;RAB25;EPCAM;PPP1R13L;NACC1;ZNF703;ERBB2;S100A13;SSR1;HES1;SOX4;TRPM4;TSC22D1;CNBP;ACTL6A;RAD23A;ADRA2A;CEACAM6;GID8;DNAJA2;BCL2;ECHDC3;STAMBP;INSM1;P4HB;CALR;CD47;MAPT;NUPR1;IL6ST;FGFR4;EAPP;S100A9;SHANK2;TSPYL5;COPS9
GO_Biological_Process_2023,RNA Polyadenylation (GO:0043631),0.00022246764827031374,0.004578283079744751,0,0,8.40801399268564,70.71752601050983,HEXIM1;PNPT1;SYMPK;TENT2;TENT4B;CDC73
GO_Biological_Process_2023,Intracellular Protein Transmembrane Transport (GO:0065002),0.00022705384589945965,0.0046462657053550445,0,0,5.610797037980731,47.07640146724582,RTN2;GRPEL1;SRP54;TIMM17A;TOMM20;PEX13;HSPD1;TIMM50
GO_Biological_Process_2023,Negative Regulation Of Gene Expression (GO:0010629),0.00023964639677957614,0.0048764002760428365,0,0,2.2707979456845386,18.930157525313415,GSK3B;PPP1R11;GATA2;TOB1;GIGYF2;RBM4;RIDA;NPTN;TRIM27;TIA1;PNPT1;IGFBP5;METTL3;SORD;EIF2AK2;PARP9;LSM5;FOXP1;SLC7A5;OCLN;PRKAR1A;CAPRIN1;MYADM;CALR;MAPT;EIF4E2
GO_Biological_Process_2023,Macromolecule Catabolic Process (GO:0009057),0.0002543862505304187,0.005147413404587578,0,0,3.9666311497244022,32.830444577769484,ISG20;BECN1;EXOSC6;EXOSC5;PNPT1;KIF16B;RNASET2;APEX1;SIAH1;PPT1;SETMAR
GO_Biological_Process_2023,Protein Targeting To Mitochondrion (GO:0006626),0.0002629949256930924,0.005292042338113226,0,0,4.799227857683573,39.561838876292455,MTCH1;GRPEL1;MTX2;TIMM17A;TOMM7;TOMM20;TOMM5;HSPD1;TIMM50
GO_Biological_Process_2023,Positive Regulation Of Programmed Cell Death (GO:0043068),0.0002672484546673142,0.005314168107061766,0,0,2.5100506111535523,20.65101918871812,UNC13B;MTCH1;JUN;UTP11;IGFBP3;BNIP3;SIAH1;IFIT2;RHOB;HSPD1;SFRP4;ING5;TNFSF10;BCL2;NF1;DNM1L;GBP2;ATF6;GBP1;SOX4;PHLDA3
GO_Biological_Process_2023,Ubiquitin-Dependent ERAD Pathway (GO:0030433),0.0002684469404360268,0.005314168107061766,0,0,4.302174975562072,35.37617081035137,ERLEC1;RNF103;WFS1;DNAJC10;AUP1;ERLIN2;CALR;UBXN4;ANKZF1;HSP90B1
GO_Biological_Process_2023,Intracellular Zinc Ion Homeostasis (GO:0006882),0.00026996326109866506,0.005314168107061766,0,0,11.087735849056603,91.11041664455458,SLC30A9;SLC30A8;SLC39A9;SLC30A5;SLC39A6
GO_Biological_Process_2023,Nicotinamide Nucleotide Metabolic Process (GO:0046496),0.00026996326109866506,0.005314168107061766,0,0,11.087735849056603,91.11041664455458,G6PD;NAXE;IDH1;QPRT;KMO
GO_Biological_Process_2023,Establishment Of Protein Localization To Plasma Membrane (GO:0061951),0.0002726406969222926,0.005337862725689426,0,0,6.429848567779603,52.772054666649716,RAB10;GOLPH3;GORASP2;KIF13A;GCC2;SPTBN1;RAB7A
GO_Biological_Process_2023,Cellular Response To Oxidative Stress (GO:0034599),0.00028635983353273424,0.005576318908900878,0,0,3.4034347224083255,27.766110050948143,G6PD;JUN;PNPT1;SRXN1;GSR;SLC4A11;DHRS2;PEX13;PRDX3;CHCHD2;ERMP1;MAPT;PPIA
GO_Biological_Process_2023,Positive Regulation Of Organelle Assembly (GO:1902117),0.00029953470735411827,0.005799999172866609,0,0,4.704991762034109,38.172916799556916,GSK3B;SNX4;SDC4;CAPRIN1;RAB3GAP2;SDC1;WIPI1;CAPG;TAPT1
GO_Biological_Process_2023,Regulation Of mRNA Stability (GO:0043488),0.00030104910118689194,0.005799999172866609,0,0,4.233766233766234,34.32838078658024,RIDA;FASTKD2;THRAP3;APEX1;METTL3;CIRBP;HNRNPU;RBM24;GIGYF2;PUM2
GO_Biological_Process_2023,Basement Membrane Organization (GO:0071711),0.0003057331654284393,0.0058363517627234235,0,0,17.73001508295626,143.48542785226147,RAMP2;HPN;CTSS;MLF2
GO_Biological_Process_2023,Negative Regulation Of Cell Motility (GO:2000146),0.000306158706492946,0.0058363517627234235,0,0,3.1963993453355157,25.86336785159317,PTPRT;RNF20;IFITM1;IGFBP5;ZMYND8;TACSTD2;STC1;ARID4B;MIA3;SPINT2;SLURP1;RHOB;CDH1;NF1
GO_Biological_Process_2023,Fatty Acid Catabolic Process (GO:0009062),0.00034017184952462323,0.006417200203011382,0,0,4.6143801316019335,36.85071487846552,HADHB;ILVBL;ECI2;PCCB;NUDT19;ACADS;MTLN;PEX13;DECR1
GO_Biological_Process_2023,Oxidative Phosphorylation (GO:0006119),0.00034017184952462323,0.006417200203011382,0,0,4.6143801316019335,36.85071487846552,NDUFA9;NDUFB4;NDUFA10;NDUFB3;NDUFS2;SDHC;NDUFS1;NDUFV2;NIPSNAP2
GO_Biological_Process_2023,Cellular Response To Chemical Stress (GO:0062197),0.0003457146955202945,0.006487972161525942,0,0,3.811762157478609,30.37935064952787,PRDX3;CHCHD2;G6PD;ERMP1;PNPT1;SRXN1;PIK3CA;GSR;SLC4A11;PPIA;DHRS2
GO_Biological_Process_2023,DNA Metabolic Process (GO:0006259),0.000352082434722698,0.00657341535343099,0,0,2.3424147832234152,18.626051314817257,INO80B;SP100;PARP2;INTS3;CNBP;ACTL6A;SETMAR;HMGB3;LIG3;GLRX2;BACH1;UCHL5;TSN;ISG20;CDC34;SUMO1;APEX1;PSME4;RUVBL1;PWWP3A;RAD17;TERF2IP;DNASE2
GO_Biological_Process_2023,Regulation Of Exosomal Secretion (GO:1903541),0.0003626393929897309,0.0067357942636349,0,0,10.23454281567489,81.0790882732136,SDC4;CHMP2A;CHMP3;SDC1;RAB7A
GO_Biological_Process_2023,Protein-Containing Complex Disassembly (GO:0032984),0.0003852520633337549,0.007077944915881918,0,0,4.527187807978518,35.59099729301379,VAMP8;GSK3B;BECN1;CHMP1B;CHMP2A;CHMP3;WIPI2;CHMP5;VPS16
GO_Biological_Process_2023,Spliceosomal Complex Assembly (GO:0000245),0.0003852520633337549,0.007077944915881918,0,0,4.527187807978518,35.59099729301379,SF3A3;DDX1;SF3B6;SNRPG;SNIP1;SNRPE;KHDC4;SNRNP200;SF3B1
GO_Biological_Process_2023,Membrane Assembly (GO:0071709),0.0003869224443248536,0.007077944915881918,0,0,6.014678272742789,47.25904911481727,UGCG;CHMP1B;CHMP2A;CHMP3;DMKN;SPTBN1;CHMP5
GO_Biological_Process_2023,Regulation Of Neuron Apoptotic Process (GO:0043523),0.0004009751692173005,0.007298151069874686,0,0,3.4814607112225375,27.230631585493594,TFAP2A;TOX3;WFS1;SIGMAR1;BCL2;NF1;PPT1;NUPR1;IL6ST;NAIP;SNX6;NFATC4
GO_Biological_Process_2023,Dicarboxylic Acid Metabolic Process (GO:0043648),0.00041093260029610674,0.007441989391362493,0,0,5.0758590879619625,39.57688621202282,FH;ALDH5A1;MTHFD2;GPT2;IDH1;GOT2;D2HGDH;ASS1
GO_Biological_Process_2023,Positive Regulation Of Intracellular Signal Transduction (GO:1902533),0.0004177087044994393,0.007527069292024722,0,0,1.9344344344344344,15.051304778189111,RNF31;DDR1;BECN1;ECM1;CANT1;DDX1;LITAF;RTN4;TRIM8;SLC9A3R1;TMEM101;TSPAN6;ERBB2;S100A13;TNFSF10;DNM1L;HEXIM1;SIAH1;EIF2AK2;ADRA2A;RRAGA;GOLPH3;PIK3CA;VAPA;TRIP6;C18ORF32;TRAF5;PDCD4;TERF2IP;LAMTOR2;RBCK1;NUPR1;S100A9;PPIA;TSPYL5
GO_Biological_Process_2023,Protein Insertion Into Mitochondrial Membrane (GO:0051204),0.00043113907367794323,0.007650853024310207,0,0,7.260848667948366,56.264896057052,MTCH1;MTX2;TOMM7;MAIP1;TOMM20;TOMM5
GO_Biological_Process_2023,Protein Localization To Golgi Apparatus (GO:0034067),0.00043113907367794323,0.007650853024310207,0,0,7.260848667948366,56.264896057052,GAK;GOLPH3;TMED10;GCC2;ARL5A;OBSL1
GO_Biological_Process_2023,Negative Regulation Of Cell Death (GO:0060548),0.00043513962534729497,0.007650853024310207,0,0,4.443224829674489,34.38986526384126,BECN1;WFS1;CHMP1B;BNIP3;CHMP2A;CHMP3;PEPD;TM7SF3;CHMP5
GO_Biological_Process_2023,Protein Polymerization (GO:0051258),0.00043513962534729497,0.007650853024310207,0,0,4.443224829674489,34.38986526384126,RNF135;PREX1;GPX4;CHMP2A;COBL;CHMP3;RAC1;MAPT;UBE2K
GO_Biological_Process_2023,Regulation Of Cellular Catabolic Process (GO:0031329),0.00043513962534729497,0.007650853024310207,0,0,4.443224829674489,34.38986526384126,BECN1;ITPR1;LONP2;MAPT;NUPR1;MTMR4;ABCD1;RAB8A;GPR137B
GO_Biological_Process_2023,Regulation Of Canonical Wnt Signaling Pathway (GO:0060828),0.0004483452590916794,0.007733055998247049,0,0,2.616176762990456,20.17058406689482,TLE3;GSK3B;GSK3A;SIAH2;CHD8;AMFR;ATP6AP2;NKD2;SFRP4;SLC9A3R1;STK11;ZNF703;CCDC88C;GID8;RUVBL1;TMEM9;SOX4;TRPM4
GO_Biological_Process_2023,Positive Regulation Of NF-kappaB Transcription Factor Activity (GO:0051092),0.00045021562843833345,0.007733055998247049,0,0,2.925314312675196,22.541839978862072,RNF31;USP14;DHX9;EIF2AK2;PRDX3;TRIM8;PSMA6;TRAF5;TERF2IP;RBCK1;ARHGEF2;MAP3K13;CARD14;PPIA;S100A9
GO_Biological_Process_2023,Insulin Processing (GO:0030070),0.00045309946473173,0.007733055998247049,0,0,39.866993217784476,306.9518832345116,SLC30A8;SLC30A5;P4HB
GO_Biological_Process_2023,Interleukin-27-Mediated Signaling Pathway (GO:0070106),0.00045309946473173,0.007733055998247049,0,0,39.866993217784476,306.9518832345116,OAS1;OAS2;STAT1
GO_Biological_Process_2023,Interleukin-4-Mediated Signaling Pathway (GO:0035771),0.00045309946473173,0.007733055998247049,0,0,39.866993217784476,306.9518832345116,STAT5A;IL4R;STAT6
GO_Biological_Process_2023,Valine Metabolic Process (GO:0006573),0.00045309946473173,0.007733055998247049,0,0,39.866993217784476,306.9518832345116,HIBADH;ILVBL;BCAT2
GO_Biological_Process_2023,Axonal Transport (GO:0098930),0.00045689508106705375,0.007733055998247049,0,0,5.826554232804233,44.81235940908444,DCTN1;HSBP1;APEX1;MAPT;SYBU;ARL8A;ARL8B
GO_Biological_Process_2023,Regulation Of Mitochondrial Membrane Potential (GO:0051881),0.00045689508106705375,0.007733055998247049,0,0,5.826554232804233,44.81235940908444,PRDX3;TUSC2;BCL2;SLC4A11;NDUFS1;MAPT;MTLN
GO_Biological_Process_2023,Regulation Of Cell Growth (GO:0001558),0.0004665007042473263,0.007752691891447889,0,0,2.528661042613022,19.395464961660768,ARHGEF11;URI1;BTG1;MEAF6;EI24;HPN;RTN4;RERG;SOCS2;ING5;STK11;ERBB2;PPT1;BCL2;SH3BP4;SGK3;LAMTOR2;EBAG9;S100A9
GO_Biological_Process_2023,Dosage Compensation By Inactivation Of X Chromosome (GO:0009048),0.00046661701610591934,0.007752691891447889,0,0,15.196724843783667,116.55890585352228,METTL3;PCGF3;HNRNPU;CDYL
GO_Biological_Process_2023,"Negative Regulation Of Nuclear-Transcribed mRNA Catabolic Process, Deadenylation-Dependent Decay (GO:1900152)",0.00046661701610591934,0.007752691891447889,0,0,15.196724843783667,116.55890585352228,DHX9;HNRNPU;TENT4B;TOB1
GO_Biological_Process_2023,Pentose-Phosphate Shunt (GO:0006098),0.00046661701610591934,0.007752691891447889,0,0,15.196724843783667,116.55890585352228,RPIA;G6PD;RPE;PGLS
GO_Biological_Process_2023,Protein Localization To Nucleus (GO:0034504),0.0004710346207577896,0.007754942710839609,0,0,3.2138066312325995,24.619619466692445,APLP2;RAP1GDS1;HNRNPU;ARL2;TOR1AIP2;NUTF2;IPO4;IPO9;TPR;LMNA;CALR;GBP2;KPNA1
GO_Biological_Process_2023,Receptor-Mediated Endocytosis (GO:0006898),0.0004710346207577896,0.007754942710839609,0,0,3.2138066312325995,24.619619466692445,RAMP2;CLTC;M6PR;AP2B1;GAK;LMBRD1;CTTN;PPT1;ACKR3;CD9;SNX9;GRB2;RAMP1
GO_Biological_Process_2023,Release Of Cytochrome C From Mitochondria (GO:0001836),0.0004774789518945394,0.007825469519285165,0,0,9.503234501347709,72.67114374977156,GGCT;IFI6;BCL2;DNM1L;TIMM50
GO_Biological_Process_2023,Response To Metal Ion (GO:0010038),0.0004902176131929332,0.007998054932363984,0,0,4.362315050581516,33.2437248600815,PLSCR1;SLC30A8;IMPA2;BCL2;D2HGDH;CALM3;MAPT;NDRG1;CALM2
GO_Biological_Process_2023,Protein Dephosphorylation (GO:0006470),0.0005099707080302091,0.00828302199320815,0,0,3.1842316078382202,24.14016060035704,PTPRT;DUSP5;PPP2R5A;PPP4R3B;MTMR4;DUSP16;TIMM50;PPM1G;PPP1CB;DUSP11;DUSP12;STK11;PDPR
GO_Biological_Process_2023,Alpha-Amino Acid Catabolic Process (GO:1901606),0.0005270075299568895,0.008431806833429957,0,0,6.944962564035203,52.422631205874325,MCCC2;ALDH6A1;HIBADH;GOT2;KMO;THNSL2
GO_Biological_Process_2023,Protein Insertion Into ER Membrane (GO:0045048),0.0005270075299568895,0.008431806833429957,0,0,6.944962564035203,52.422631205874325,CCDC47;EMC2;EMC4;GET3;EMC9;TMCO1
GO_Biological_Process_2023,Regulation Of Spindle Assembly (GO:0090169),0.0005270075299568895,0.008431806833429957,0,0,6.944962564035203,52.422631205874325,CHMP1B;TPR;CHMP2A;HNRNPU;CHMP3;CHMP5
GO_Biological_Process_2023,Supramolecular Fiber Organization (GO:0097435),0.0005284428909963005,0.008431806833429957,0,0,2.2244100955398824,16.784455024344105,DSP;KRT80;MARCKSL1;TPM3;SIAH2;SIAH1;CRIPT;KRT7;KRT23;SHROOM3;CD2AP;CAMSAP2;CNN3;DLG1;MARCKS;MYO1B;RUFY3;MYO6;CCDC88C;NF1;TAGLN2;RAC1;ARHGEF2;MAPT
GO_Biological_Process_2023,Negative Regulation Of Cell-Cell Adhesion (GO:0022408),0.0005365977725285074,0.00847127812645877,0,0,5.64983164983165,42.54471128568052,CDH1;EPCAM;ZNF703;MYADM;MIA3;SPINT2;ASS1
GO_Biological_Process_2023,Negative Regulation Of mRNA Catabolic Process (GO:1902373),0.0005365977725285074,0.00847127812645877,0,0,5.64983164983165,42.54471128568052,DHX9;DHX34;THRAP3;CSDE1;CIRBP;HNRNPU;RBM24
GO_Biological_Process_2023,Fatty Acid Oxidation (GO:0019395),0.0005402720174522296,0.00847127812645877,0,0,4.844863154999312,36.450026640797915,HADHB;ILVBL;ECI2;ADIPOR1;ACADS;MTLN;PEX13;DECR1
GO_Biological_Process_2023,Proton Motive Force-Driven Mitochondrial ATP Synthesis (GO:0042776),0.0005402720174522296,0.00847127812645877,0,0,4.844863154999312,36.450026640797915,NDUFA9;NDUFB4;NDUFA10;NDUFB3;NDUFS2;SDHC;NDUFS1;NDUFV2
GO_Biological_Process_2023,Protein-Containing Complex Organization (GO:0043933),0.000551595331936082,0.008611544363243488,0,0,3.15519431214192,23.67246335006024,MAGI1;BECN1;NIFK;DHX9;CAPG;CD2AP;SLC9A3R1;OCLN;TPR;SNX9;HES1;DNM1L;TEAD2
GO_Biological_Process_2023,Negative Regulation Of Wnt Signaling Pathway (GO:0030178),0.0005608762449092858,0.00871885733502761,0,0,2.991148936170213,22.3917716674928,TLE3;GSK3B;GSK3A;SIAH2;CHD8;AMFR;SHISA2;APCDD1;TSKU;NKD2;SFRP4;SLC9A3R1;STK11;CCDC88C
GO_Biological_Process_2023,Glycerophospholipid Biosynthetic Process (GO:0046474),0.000566688010593132,0.00877155544601848,0,0,3.3360204855842186,24.93909385366932,GNPAT;SLC27A1;PLSCR1;PCYT1A;ABHD4;MBOAT7;ETNK1;LPCAT3;MBOAT2;MTMR4;AGPAT1;CDS2
GO_Biological_Process_2023,Protein Modification By Small Protein Conjugation (GO:0032446),0.0005821338138432378,0.008972292228681733,0,0,2.1306917318624414,15.871118339374865,CUL9;UBA5;MAGEF1;DCUN1D1;NEDD4L;COPS7A;NEDD8;FBXO45;RNF212;IFIH1;RNF135;SUMO1;TRIM27;TRPM4;UBE2F;ISG15;FBXO11;RNF126;CDC34;RNF103;NFX1;SDE2;UFC1;BIRC6;COPS8;TRIM33
GO_Biological_Process_2023,Regulation Of DNA Metabolic Process (GO:0051052),0.0005960546575943812,0.009147923600876478,0,0,3.1266802109626712,23.21615770244914,INO80B;MEAF6;ACTL6A;TAF9;THOC1;BAZ1A;GRHL2;UCHL5;ING5;TMEM98;RUVBL1;TERF2IP;KPNA1
GO_Biological_Process_2023,Positive Regulation Of Hydrolase Activity (GO:0051345),0.0006072972591495647,0.009281142078648622,0,0,2.7233613510552694,20.170554517891176,GSK3B;RALBP1;CCL22;RGS16;RAP1GDS1;CTSS;PREX1;ERBB2;NF1;PKP4;SNX9;CALM3;MMUT;CALM2;ZC3H15;RALGPS2
GO_Biological_Process_2023,Activation Of Cysteine-Type Endopeptidase Activity Involved In Apoptotic Process (GO:0006919),0.0006175723064402764,0.00936073221103014,0,0,4.20901231124746,31.103398889853697,MTCH1;BEX3;BCL2L13;SORD;CYCS;MAPT;HSPE1;S100A9;HSPD1
GO_Biological_Process_2023,Endoplasmic Reticulum Calcium Ion Homeostasis (GO:0032469),0.0006176739366196034,0.00936073221103014,0,0,8.869433962264152,65.5411244088926,WFS1;CCDC47;RAP1GDS1;BCL2;TMCO1
GO_Biological_Process_2023,Substantia Nigra Development (GO:0021762),0.0006269726394885322,0.009462062084281098,0,0,5.483504512916277,40.43869435971751,G6PD;YWHAQ;S100A1;GNB4;CALM3;NDRG2;CALM2
GO_Biological_Process_2023,NADPH Regeneration (GO:0006740),0.0006798161153965371,0.010047005176025477,0,0,13.296757164404223,96.98240102637976,RPIA;G6PD;RPE;PGLS
GO_Biological_Process_2023,Axonal Transport Of Mitochondrion (GO:0019896),0.0006798161153965371,0.010047005176025477,0,0,13.296757164404223,96.98240102637976,HSBP1;APEX1;MAPT;SYBU
GO_Biological_Process_2023,Cellular Response To Exogenous dsRNA (GO:0071360),0.0006798161153965371,0.010047005176025477,0,0,13.296757164404223,96.98240102637976,COLEC12;IFIH1;DHX9;IFIT1
GO_Biological_Process_2023,Epithelial Cell Morphogenesis (GO:0003382),0.0006798161153965371,0.010047005176025477,0,0,13.296757164404223,96.98240102637976,RAB25;STC1;GRHL2;SIPA1L3
GO_Biological_Process_2023,Phosphatidylcholine Acyl-Chain Remodeling (GO:0036151),0.0006798161153965371,0.010047005176025477,0,0,13.296757164404223,96.98240102637976,LPCAT3;MBOAT7;MBOAT2;NR1H3
GO_Biological_Process_2023,Regulation Of Protein Phosphorylation (GO:0001932),0.0006823752825240937,0.010047005176025477,0,0,2.322159367127768,16.9283810553883,RALBP1;IGFBP3;SORD;CDCA8;PIK3R3;TWF1;PDCL3;SLC9A3R1;MOB1A;OCLN;IMPACT;CCDC88C;DNAJC10;ERBB2;MYADM;NPTN;TERF2IP;RAC1;INSM1;CARD14;PPIA
GO_Biological_Process_2023,Regulation Of Signal Transduction (GO:0009966),0.0006852193611683443,0.010048034518832967,0,0,2.5965923185725166,18.9181784044318,MTCH1;SP100;IGFBP5;IGFBP3;RGS16;AMFR;GLRX2;SOCS2;UGCG;RGS5;PLSCR1;STK11;SUMO1;CD24;PPIA;MGLL;CD55
GO_Biological_Process_2023,Protein Secretion (GO:0009306),0.0006907107108323692,0.010087718526753392,0,0,4.136325667597692,30.103307407888607,ARL4D;GOLPH3;SLC30A8;TMEM167A;AP1G1;MIA3;COPG1;RAB8A;PDIA4
GO_Biological_Process_2023,Transmembrane Receptor Protein Tyrosine Kinase Signaling Pathway (GO:0007169),0.0007029263946976644,0.010224897195160404,0,0,2.264884733003999,16.44364834745469,DDR1;PTPRT;GSK3B;GSK3A;YES1;PIK3R3;PRLR;GIGYF2;NFATC4;SOCS2;EFS;PIK3CA;KIF16B;APEX1;ERBB2;GRB2;SHOC2;RAC1;FGFR4;PAK2;MPZL1;FRK
GO_Biological_Process_2023,Positive Regulation Of Protein Metabolic Process (GO:0051247),0.0007698818602915734,0.0111498789534227,0,0,2.5671059935198213,18.404284927598976,GSK3B;GSK3A;WFS1;METTL3;CIRBP;ASPSCR1;NR1H3;KLF2;NFKBIA;ABCB10;PERP;ERBB2;METTL5;FGFR4;SEC22B;SOX4;RAB7A
GO_Biological_Process_2023,Positive Regulation Of Ubiquitin-Dependent Protein Catabolic Process (GO:2000060),0.0007726724509412198,0.0111498789534227,0,0,3.703598484848485,26.53871024773298,GSK3B;RNF144B;GSK3A;HECTD1;SUMO1;MAGEF1;RAD23A;TRIB2;DDA1;NKD2
GO_Biological_Process_2023,Cellular Response To Interferon-Beta (GO:0035458),0.000786570415295274,0.011260703732013764,0,0,8.314858490566039,59.433180908659786,PNPT1;CDC34;OAS1;STAT1;UBE2K
GO_Biological_Process_2023,Zinc Ion Transmembrane Transport (GO:0071577),0.000786570415295274,0.011260703732013764,0,0,8.314858490566039,59.433180908659786,SLC30A8;SLC39A9;SLC30A5;SLC39A6;SLC39A3
GO_Biological_Process_2023,mRNA Catabolic Process (GO:0006402),0.0008437444356069312,0.011984479787326684,0,0,5.178571428571429,36.65217257293389,RIDA;TUT7;PNPT1;DHX34;THRAP3;METTL3;LSM5
GO_Biological_Process_2023,Nucleus Organization (GO:0006997),0.0008437444356069312,0.011984479787326684,0,0,5.178571428571429,36.65217257293389,CHMP1B;REEP3;LMNA;TPR;CHMP2A;CHMP3;CHMP5
GO_Biological_Process_2023,Negative Regulation Of Canonical Wnt Signaling Pathway (GO:0090090),0.0008513087599641561,0.012035512330579732,0,0,3.170420228669301,22.410862575215052,TLE3;SFRP4;SLC9A3R1;GSK3B;MESP1;STK11;GSK3A;SIAH2;CHD8;AMFR;CCDC88C;NKD2
GO_Biological_Process_2023,Negative Regulation Of Protein Metabolic Process (GO:0051248),0.0008539830670786834,0.012035512330579732,0,0,2.8536624979697907,20.162835440321235,TIA1;CSTA;IGFBP5;EIF2AK2;INHBB;TOB1;GIGYF2;RBM4;RIDA;CAPRIN1;PFDN2;CALR;EIF4E2;PFDN6
GO_Biological_Process_2023,Positive Regulation Of Protein Polymerization (GO:0032273),0.0008582086531485569,0.012048185045364625,0,0,3.998221044663134,28.230092605549235,NCKAP1;OCLN;BAIAP2L1;CTTN;DCTN1;ARL2;SNX9;RAC1;MAPT
GO_Biological_Process_2023,Regulation Of Cytokine Production (GO:0001817),0.0008764669703436467,0.012141972173684365,0,0,2.725537363234267,19.186724269177773,BTNL9;PPP1R11;C5AR2;EIF2AK2;ISG15;VTCN1;AGPAT1;LITAF;PLD3;ADRA2A;FOXP1;IFIH1;S100A13;NPTN;CD47
GO_Biological_Process_2023,Negative Regulation Of Oligodendrocyte Differentiation (GO:0048715),0.00088165065755908,0.012141972173684365,0,0,26.577241899020347,186.9367359750222,TMEM98;NF1;HES1
GO_Biological_Process_2023,Regulation Of Histamine Secretion By Mast Cell (GO:1903593),0.00088165065755908,0.012141972173684365,0,0,26.577241899020347,186.9367359750222,VAMP8;SNX4;SNX6
GO_Biological_Process_2023,Regulation Of Mammary Gland Epithelial Cell Proliferation (GO:0033599),0.00088165065755908,0.012141972173684365,0,0,26.577241899020347,186.9367359750222,ZNF703;RREB1;RTN4
GO_Biological_Process_2023,Zinc Ion Import Into Organelle (GO:0062111),0.00088165065755908,0.012141972173684365,0,0,26.577241899020347,186.9367359750222,SLC30A6;SLC30A8;SLC30A5
GO_Biological_Process_2023,Endosome To Lysosome Transport (GO:0008333),0.0008974054683294104,0.01226567021241179,0,0,4.440620272314675,31.155404135144956,KIF13A;VPS41;M6PR;CACNG4;RHOB;ARL8B;RAB7A;VPS16
GO_Biological_Process_2023,post-Golgi Vesicle-Mediated Transport (GO:0006892),0.0008974054683294104,0.01226567021241179,0,0,4.440620272314675,31.155404135144956,RAB10;ARFGEF2;MYO1B;AP1G2;KIF16B;DOP1B;COMMD1;SCAMP1
GO_Biological_Process_2023,Negative Regulation Of Protein Kinase Activity (GO:0006469),0.0009343394683874282,0.012722472009395733,0,0,3.6032964782964783,25.135409772470144,PTPRT;DEPTOR;SH3BP5L;CAMK2N1;NF1;ADAR;TRIM27;PPIA;TRIB2;PAK2
GO_Biological_Process_2023,Cotranslational Protein Targeting To Membrane (GO:0006613),0.0009537802479182947,0.012794785399852087,0,0,11.819004524886878,82.20208962040131,SSR2;SRP54;SSR1;SRP9
GO_Biological_Process_2023,Dolichol Metabolic Process (GO:0019348),0.0009537802479182947,0.012794785399852087,0,0,11.819004524886878,82.20208962040131,DPAGT1;DPM3;SRD5A3;ALG3
GO_Biological_Process_2023,Protein Localization To Phagophore Assembly Site (GO:0034497),0.0009537802479182947,0.012794785399852087,0,0,11.819004524886878,82.20208962040131,WDR45B;ATG4B;WIPI1;WIPI2
GO_Biological_Process_2023,Regulation Of Response To Endoplasmic Reticulum Stress (GO:1905897),0.0009537802479182947,0.012794785399852087,0,0,11.819004524886878,82.20208962040131,WFS1;LPCAT3;NR1H3;NUPR1
GO_Biological_Process_2023,Negative Regulation Of Macroautophagy (GO:0016242),0.0009876502713829683,0.013103550486993082,0,0,7.825527192008879,54.15407162594559,PIK3CA;QSOX1;NUPR1;SEC22B;UBQLN4
GO_Biological_Process_2023,Protein Neddylation (GO:0045116),0.0009876502713829683,0.013103550486993082,0,0,7.825527192008879,54.15407162594559,UBE2F;DCUN1D1;COPS7A;NEDD8;COPS8
GO_Biological_Process_2023,Regulation Of Proteolysis Involved In Protein Catabolic Process (GO:1903050),0.0009876502713829683,0.013103550486993082,0,0,7.825527192008879,54.15407162594559,USP14;PSMD14;PSME1;PSME2;UCHL5
GO_Biological_Process_2023,RNA Catabolic Process (GO:0006401),0.0010111184980594364,0.013317349818077378,0,0,4.3498718700793475,29.999753222778825,ISG20;EXOSC6;EXOSC5;RIDA;PNPT1;RNASET2;METTL3;LSM5
GO_Biological_Process_2023,Proton Motive Force-Driven ATP Synthesis (GO:0015986),0.0010111184980594364,0.013317349818077378,0,0,4.3498718700793475,29.999753222778825,NDUFA9;NDUFB4;NDUFA10;NDUFB3;NDUFS2;SDHC;NDUFS1;NDUFV2
GO_Biological_Process_2023,Regulation Of Amyloid-Beta Formation (GO:1902003),0.0010856628823565657,0.014195924042943973,0,0,5.9154078549848945,40.375998018099956,RTN2;RTN3;GSK3A;TMED10;APEX1;RTN4
GO_Biological_Process_2023,Ubiquitin-Dependent Protein Catabolic Process Via The Multivesicular Body Sorting Pathway (GO:0043162),0.0010856628823565657,0.014195924042943973,0,0,5.9154078549848945,40.375998018099956,RNF126;CHMP1B;CHMP2A;CHMP3;PLAA;CHMP5
GO_Biological_Process_2023,Establishment Of Protein Localization To Extracellular Region (GO:0035592),0.0011156818186099677,0.014432141239304653,0,0,4.905736563631301,33.350617686459195,ARL4D;GOLPH3;TMEM167A;MIA3;COPG1;RAB8A;PDIA4
GO_Biological_Process_2023,Hexose Metabolic Process (GO:0019318),0.0011156818186099677,0.014432141239304653,0,0,4.905736563631301,33.350617686459195,G6PD;OAS1;GAA;SORD;CHST1;APOD;HK2
GO_Biological_Process_2023,Positive Regulation Of mRNA Catabolic Process (GO:0061014),0.0011156818186099677,0.014432141239304653,0,0,4.905736563631301,33.350617686459195,RIDA;PNPT1;TTC5;METTL3;TOB1;RBM24;GIGYF2
GO_Biological_Process_2023,Glucose Metabolic Process (GO:0006006),0.0011360618933003415,0.014643473941401555,0,0,4.262753403933434,28.90226724530421,G6PD;G6PC3;OAS1;GAA;SORD;APOD;HK2;PCK2
GO_Biological_Process_2023,Translation (GO:0006412),0.0011502097930863903,0.014773261952336546,0,0,2.3937477247906807,16.20043200227389,GADD45GIP1;PTCD3;MRPS15;FASTKD2;MRPL19;MRPL14;MRPL45;MRPL24;MRPL35;MRPL33;MRPL44;MRPL52;MRPL53;MRPL3;EEF1A2;IARS2;ZC3H15;DAP3
GO_Biological_Process_2023,Positive Regulation Of Inflammatory Response (GO:0050729),0.001215058505199822,0.015453603950178906,0,0,3.2240541869048314,21.642956630859537,NFKBIA;VAMP8;SNX4;DHX9;CAMK2N1;PDCD4;NUPR1;CD47;IL6ST;S100A9;NAIP
GO_Biological_Process_2023,Endosome Transport Via Multivesicular Body Sorting Pathway (GO:0032509),0.0012245125162068874,0.015453603950178906,0,0,7.390566037735849,49.555315483717706,LAPTM4B;CHMP1B;CHMP2A;CHMP3;CHMP5
GO_Biological_Process_2023,Long-Chain fatty-acyl-CoA Metabolic Process (GO:0035336),0.0012245125162068874,0.015453603950178906,0,0,7.390566037735849,49.555315483717706,ELOVL5;ACSL3;HSD17B12;FAR2;ACSF3
GO_Biological_Process_2023,Regulation Of Lipid Catabolic Process (GO:0050994),0.0012245125162068874,0.015453603950178906,0,0,7.390566037735849,49.555315483717706,APOC1;LONP2;FLNB;ABCD1;ADRA2A
GO_Biological_Process_2023,Regulation Of Supramolecular Fiber Organization (GO:1902903),0.0012245125162068874,0.015453603950178906,0,0,7.390566037735849,49.555315483717706,PIK3CA;MAP1S;ARL2;MAPT;CAMSAP2
GO_Biological_Process_2023,Golgi To Plasma Membrane Transport (GO:0006893),0.001275179744193669,0.015764532915037172,0,0,4.779812779812779,31.855865922349437,RAB10;ARFGEF2;GOLPH3;KIF13A;GCC2;COMMD1;SPTBN1
GO_Biological_Process_2023,Autophagy Of Mitochondrion (GO:0000422),0.001275179744193669,0.015764532915037172,0,0,4.779812779812779,31.855865922349437,BECN1;GABARAPL1;WDR45B;BNIP3;ATG4B;WIPI1;WIPI2
GO_Biological_Process_2023,Regulation Of mRNA Catabolic Process (GO:0061013),0.001275179744193669,0.015764532915037172,0,0,4.779812779812779,31.855865922349437,PNPT1;TTC5;APEX1;CAPRIN1;CASC3;RBM24;PUM2
GO_Biological_Process_2023,Regulation Of Signal Transduction By P53 Class Mediator (GO:1901796),0.001275179744193669,0.015764532915037172,0,0,4.779812779812779,31.855865922349437,HEXIM1;PRMT5;STK11;PIP4P1;SMYD2;RFFL;SOX4
GO_Biological_Process_2023,Positive Regulation Of Interferon-Beta Production (GO:0032728),0.0012781939725994738,0.015764532915037172,0,0,5.703981441519206,38.00167637721924,IFIH1;RNF135;OAS1;DHX9;OAS2;ISG15
GO_Biological_Process_2023,2-Oxoglutarate Metabolic Process (GO:0006103),0.0012970267279627493,0.015764532915037172,0,0,10.636802413273001,70.7100668179992,GPT2;IDH1;GOT2;D2HGDH
GO_Biological_Process_2023,Lipoprotein Biosynthetic Process (GO:0042158),0.0012970267279627493,0.015764532915037172,0,0,10.636802413273001,70.7100668179992,UGCG;WDR45B;WIPI1;WIPI2
GO_Biological_Process_2023,Membrane Raft Organization (GO:0031579),0.0012970267279627493,0.015764532915037172,0,0,10.636802413273001,70.7100668179992,COLEC12;NAXE;MYADM;PPT1
GO_Biological_Process_2023,Negative Regulation Of Nucleocytoplasmic Transport (GO:0046823),0.0012970267279627493,0.015764532915037172,0,0,10.636802413273001,70.7100668179992,S100G;SP100;SUMO1;TPR
GO_Biological_Process_2023,Positive Regulation Of Cytoplasmic Translation (GO:2000767),0.0012970267279627493,0.015764532915037172,0,0,10.636802413273001,70.7100668179992,DHX9;CSDE1;HNRNPU;YBX3
GO_Biological_Process_2023,Positive Regulation Of Exosomal Secretion (GO:1903543),0.0012970267279627493,0.015764532915037172,0,0,10.636802413273001,70.7100668179992,SDC4;CHMP2A;SDC1;RAB7A
GO_Biological_Process_2023,Positive Regulation Of Plasma Membrane Bounded Cell Projection Assembly (GO:0120034),0.0013410469077512052,0.01624505652132062,0,0,3.418123543123543,22.608510601471252,ACTR3;GSK3B;NCKAP1;ACTR2;OCLN;PIK3CA;ARPC2;EPS8L1;RAC1;TAPT1
GO_Biological_Process_2023,Negative Regulation Of Cellular Biosynthetic Process (GO:0031327),0.0014115459021546775,0.01704206419201414,0,0,2.8206752226975573,18.51228834339392,TIA1;OPN3;IGFBP5;EIF2AK2;ERLIN2;TOB1;GIGYF2;RBM4;RIDA;CAPRIN1;APOC1;CALR;EIF4E2
GO_Biological_Process_2023,Telomere Organization (GO:0032200),0.0014227806140149272,0.017083969092675257,0,0,4.098568602350751,26.866699772140734,INO80B;SP100;APEX1;RUVBL1;ACTL6A;TINF2;TERF2IP;UCHL5
GO_Biological_Process_2023,Regulation Of TOR Signaling (GO:0032006),0.0014244502114820342,0.017083969092675257,0,0,3.690141501193734,24.185074318908757,GSK3A;RRAGA;GOLPH3;DEPTOR;PIK3CA;TMEM127;SH3BP4;LAMTOR2;RFFL
GO_Biological_Process_2023,Positive Regulation Of Proteasomal Protein Catabolic Process (GO:1901800),0.0014624839366265414,0.017261065084844745,0,0,3.37476026083621,22.02914907226199,GSK3B;RNF144B;GSK3A;HECTD1;SUMO1;RAD23A;NUPR1;TRIB2;DDA1;NKD2
GO_Biological_Process_2023,Positive Regulation Of Substrate Adhesion-Dependent Cell Spreading (GO:1900026),0.0014957472843381418,0.017261065084844745,0,0,5.507136160016668,35.82463302095499,MYADM;RAC1;CALR;P4HB;RREB1;DOCK1
GO_Biological_Process_2023,Regulation Of Axon Extension (GO:0030516),0.0014957472843381418,0.017261065084844745,0,0,5.507136160016668,35.82463302095499,GSK3B;CTTN;RUFY3;MAPT;MAP3K13;RTN4
GO_Biological_Process_2023,Multivesicular Body Sorting Pathway (GO:0071985),0.0015008543799869898,0.017261065084844745,0,0,7.001390268123138,45.521084359681446,LAPTM4B;CHMP1B;CHMP2A;CHMP3;CHMP5
GO_Biological_Process_2023,Regulation Of Cytoplasmic Translation (GO:2000765),0.0015008543799869898,0.017261065084844745,0,0,7.001390268123138,45.521084359681446,DHX9;CSDE1;HNRNPU;YBX3;RBM24
GO_Biological_Process_2023,Respiratory Chain Complex IV Assembly (GO:0008535),0.0015008543799869898,0.017261065084844745,0,0,7.001390268123138,45.521084359681446,COA3;COA1;COA6;COA5;COX20
GO_Biological_Process_2023,ER Overload Response (GO:0006983),0.0015011693820337093,0.017261065084844745,0,0,19.93236623963828,129.59049610215646,GSK3B;WFS1;TMCO1
GO_Biological_Process_2023,Establishment Of Protein Localization To Peroxisome (GO:0072663),0.0015011693820337093,0.017261065084844745,0,0,19.93236623963828,129.59049610215646,PEX19;ZFAND6;LONP2
GO_Biological_Process_2023,Modification-Dependent Macromolecule Catabolic Process (GO:0043632),0.0015011693820337093,0.017261065084844745,0,0,19.93236623963828,129.59049610215646,TUT7;ISG15;NEDD8
GO_Biological_Process_2023,Positive Regulation Of Attachment Of Mitotic Spindle Microtubules To Kinetochore (GO:1902425),0.0015011693820337093,0.017261065084844745,0,0,19.93236623963828,129.59049610215646,BECN1;CDCA8;HNRNPU
GO_Biological_Process_2023,Positive Regulation Of Isomerase Activity (GO:0010912),0.0015011693820337093,0.017261065084844745,0,0,19.93236623963828,129.59049610215646,PLSCR1;HNRNPU;SETMAR
GO_Biological_Process_2023,Protein Localization To Cytoplasmic Stress Granule (GO:1903608),0.0015011693820337093,0.017261065084844745,0,0,19.93236623963828,129.59049610215646,TIA1;DHX9;DDX1
GO_Biological_Process_2023,Regulation Of Attachment Of Mitotic Spindle Microtubules To Kinetochore (GO:1902423),0.0015011693820337093,0.017261065084844745,0,0,19.93236623963828,129.59049610215646,BECN1;CDCA8;HNRNPU
GO_Biological_Process_2023,Regulation Of Cell Motility (GO:2000145),0.0015487242768075957,0.0177515168689782,0,0,2.937060600576353,19.00373291257896,SPATA13;LMNA;TACSTD2;MEAK7;PLXNA1;SGK3;SPINT2;RAC1;PKN1;TMSB10;PLXNA4;RHOB
GO_Biological_Process_2023,Chromatin Organization (GO:0006325),0.0016045410883920128,0.018333273886927036,0,0,2.257391304347826,14.526126785039013,INO80B;KDM5B;SUPT16H;CHD8;ACTL6A;CBX1;SUPT4H1;HNRNPU;BAZ1A;UCHL5;ING5;CFDP1;RUVBL1;PWWP3A;PCGF1;HDGF;HNRNPC;SF3B1;MTA3
GO_Biological_Process_2023,Negative Regulation Of Cysteine-Type Endopeptidase Activity Involved In Apoptotic Process (GO:0043154),0.0016472846490402314,0.01876246854976012,0,0,4.546393082978449,29.136137527455553,SIAH2;IFI6;DHCR24;RFFL;PAK2;CD44;NAIP
GO_Biological_Process_2023,Cellular Response To Starvation (GO:0009267),0.00166204314876834,0.018871223463444914,0,0,2.910277279624776,18.624923685438212,BECN1;GABARAPL1;RRAGA;IMPACT;WDR45B;TTC5;VPS41;EIF2AK2;NUPR2;INHBB;WIPI1;WIPI2
GO_Biological_Process_2023,Arp2/3 Complex-Mediated Actin Nucleation (GO:0034314),0.001718053706725225,0.018929784978062,0,0,9.669546140134376,61.5617765654092,ACTR3;ARPC2;ARPC5;TRIM27
GO_Biological_Process_2023,Astrocyte Development (GO:0014002),0.001718053706725225,0.018929784978062,0,0,9.669546140134376,61.5617765654092,EIF2B5;NF1;MAPT;S100A9
GO_Biological_Process_2023,Branched-Chain Amino Acid Metabolic Process (GO:0009081),0.001718053706725225,0.018929784978062,0,0,9.669546140134376,61.5617765654092,MCCC2;PCCB;SLC25A44;BCAT2
GO_Biological_Process_2023,Cellular Response To dsRNA (GO:0071359),0.001718053706725225,0.018929784978062,0,0,9.669546140134376,61.5617765654092,COLEC12;IFIH1;DHX9;IFIT1
GO_Biological_Process_2023,Coenzyme A Metabolic Process (GO:0015936),0.001718053706725225,0.018929784978062,0,0,9.669546140134376,61.5617765654092,SLC25A16;PPCS;NUDT19;COASY
GO_Biological_Process_2023,Endosome To Lysosome Transport Via Multivesicular Body Sorting Pathway (GO:0032510),0.001718053706725225,0.018929784978062,0,0,9.669546140134376,61.5617765654092,CHMP1B;CHMP2A;CHMP3;CHMP5
GO_Biological_Process_2023,Midbody Abscission (GO:0061952),0.001718053706725225,0.018929784978062,0,0,9.669546140134376,61.5617765654092,CHMP1B;CHMP2A;CHMP3;CHMP5
GO_Biological_Process_2023,Negative Regulation Of Cation Transmembrane Transport (GO:1904063),0.001718053706725225,0.018929784978062,0,0,9.669546140134376,61.5617765654092,CAB39;PPIF;NEDD4L;COMMD1
GO_Biological_Process_2023,"Protein Alpha-1,2-Demannosylation (GO:0036508)",0.001718053706725225,0.018929784978062,0,0,9.669546140134376,61.5617765654092,EDEM3;RNF103;MAN1A2;UGGT1
GO_Biological_Process_2023,Positive Regulation Of Protein Secretion (GO:0050714),0.0017216118560116676,0.018929784978062,0,0,3.5797846498017107,22.78351900389017,UNC13B;GOLPH3;SLC30A8;TMED10;TM7SF3;DNM1L;PPIA;SOX4;CD2AP
GO_Biological_Process_2023,COPII-coated Vesicle Budding (GO:0090114),0.0017403695189659434,0.018929784978062,0,0,5.323413897280966,33.82315034330848,TRAPPC3;TRAPPC6A;TMED10;VAPA;TMED2;MIA3
GO_Biological_Process_2023,Mitochondrion Disassembly (GO:0061726),0.0017403695189659434,0.018929784978062,0,0,5.323413897280966,33.82315034330848,BECN1;GABARAPL1;WDR45B;BNIP3;WIPI1;WIPI2
GO_Biological_Process_2023,Regulation Of Glucose Import (GO:0046324),0.0017403695189659434,0.018929784978062,0,0,5.323413897280966,33.82315034330848,RTN2;GSK3A;OCLN;APLP2;PEA15;CREBL2
GO_Biological_Process_2023,Regulation Of Phosphoprotein Phosphatase Activity (GO:0043666),0.0017403695189659434,0.018929784978062,0,0,5.323413897280966,33.82315034330848,GSK3B;PPP1R2;PPP1R11;CALM3;CALM2;HSP90B1
GO_Biological_Process_2023,Autophagosome Assembly (GO:0000045),0.0017641116598420743,0.019130576143556864,0,0,3.94654563792234,25.0215256667471,VMP1;BECN1;GABARAPL1;WDR45B;ATG4B;WIPI1;WIPI2;RAB7A
GO_Biological_Process_2023,DNA-templated Transcription Elongation (GO:0006354),0.0018204523765931906,0.01956581159650011,0,0,6.651132075471698,41.9597990547545,SUPT16H;SUPT4H1;EAF2;ELP2;CDC73
GO_Biological_Process_2023,fatty-acyl-CoA Biosynthetic Process (GO:0046949),0.0018204523765931906,0.01956581159650011,0,0,6.651132075471698,41.9597990547545,ELOVL5;PPT1;HSD17B12;ACSL3;ACSF3
GO_Biological_Process_2023,Purine Ribonucleotide Catabolic Process (GO:0009154),0.0018204523765931906,0.01956581159650011,0,0,6.651132075471698,41.9597990547545,PNP;NUDT19;SORD;SUCLG2;SUCLG1
GO_Biological_Process_2023,Positive Regulation Of I-kappaB kinase/NF-kappaB Signaling (GO:0043123),0.0019016157772532836,0.020377669660388738,0,0,2.503160646387833,15.682429974708537,RNF31;ECM1;CANT1;DDX1;LITAF;TRIM8;TMEM101;VAPA;TSPAN6;TRAF5;C18ORF32;TNFSF10;S100A13;TERF2IP;RBCK1
GO_Biological_Process_2023,Negative Regulation Of Transferase Activity (GO:0051348),0.002014160859947777,0.021456737160973082,0,0,5.15154468375402,31.978484683216983,PRDX3;GSK3B;GSK3A;TINF2;HNRNPU;MAPT
GO_Biological_Process_2023,Spliceosomal snRNP Assembly (GO:0000387),0.002014160859947777,0.021456737160973082,0,0,5.15154468375402,31.978484683216983,PRMT5;SNRPG;STRAP;SNRPE;GEMIN7;HNRNPC
GO_Biological_Process_2023,Response To Cytokine (GO:0034097),0.0020435751003190857,0.02170624344092589,0,0,2.832771563242779,17.543508690827665,IFITM1;PLSCR1;SP100;CALCOCO2;STAT1;TAF9;BCL2;EIF2AK2;ISG15;ADAR;IL6ST;XAF1
GO_Biological_Process_2023,Mitotic Metaphase Plate Congression (GO:0007080),0.0020987198582853024,0.02222679335295136,0,0,4.334686846314753,26.729533089450808,EML4;BECN1;CHMP1B;CHMP2A;CHMP3;CDCA8;CHMP5
GO_Biological_Process_2023,Regulation Of I-kappaB kinase/NF-kappaB Signaling (GO:0043122),0.002183678187260831,0.022895473307738612,0,0,2.247499715067244,13.769856702586223,RNF31;ECM1;CANT1;STAT1;ZFAND6;DDX1;RHOH;LITAF;TRIM8;TMEM101;VAPA;TSPAN6;C18ORF32;TRAF5;TNFSF10;S100A13;TERF2IP;RBCK1
GO_Biological_Process_2023,Nuclear Membrane Organization (GO:0071763),0.0021871435020644836,0.022895473307738612,0,0,6.334231805929919,38.79817646959931,DCTN1;CHMP1B;CHMP2A;CHMP3;CHMP5
GO_Biological_Process_2023,Positive Regulation Of Microtubule Polymerization Or Depolymerization (GO:0031112),0.0021871435020644836,0.022895473307738612,0,0,6.334231805929919,38.79817646959931,OCLN;DCTN1;ARL2;RAC1;MAPT
GO_Biological_Process_2023,Protein Export From Nucleus (GO:0006611),0.0021871435020644836,0.022895473307738612,0,0,6.334231805929919,38.79817646959931,STRADB;TPR;NUTF2;CALR;DUSP16
GO_Biological_Process_2023,Establishment Of Protein Localization To Endoplasmic Reticulum (GO:0072599),0.002225263804435816,0.022962693731243662,0,0,8.863499245852188,54.13718805956099,RAB10;SPCS1;SRP54;RAB3GAP2
GO_Biological_Process_2023,Extrinsic Apoptotic Signaling Pathway In Absence Of Ligand (GO:0097192),0.002225263804435816,0.022962693731243662,0,0,8.863499245852188,54.13718805956099,GSK3B;GSK3A;BCL2;BCL2L2
GO_Biological_Process_2023,Negative Regulation Of Amyloid-Beta Formation (GO:1902430),0.002225263804435816,0.022962693731243662,0,0,8.863499245852188,54.13718805956099,RTN2;RTN3;APEX1;RTN4
GO_Biological_Process_2023,Regulation Of Nucleocytoplasmic Transport (GO:0046822),0.002225263804435816,0.022962693731243662,0,0,8.863499245852188,54.13718805956099,GSK3B;RBM4;TPR;UHMK1
GO_Biological_Process_2023,Tail-Anchored Membrane Protein Insertion Into ER Membrane (GO:0071816),0.002225263804435816,0.022962693731243662,0,0,8.863499245852188,54.13718805956099,EMC2;EMC4;GET3;EMC9
GO_Biological_Process_2023,Glycoprotein Biosynthetic Process (GO:0009101),0.0022583376132011856,0.023191179093227134,0,0,3.426073321077106,20.875497478055227,TMEM59;GOLPH3;SERP1;CANT1;DAD1;MGAT4A;FAM20B;ALG3;ST3GAL1
GO_Biological_Process_2023,Import Into Cell (GO:0098657),0.002319269117536376,0.023191179093227134,0,0,4.990417296072508,30.27438238857894,SLC5A6;SLC7A5;SLC27A1;SLC38A1;SLC7A8;SLC29A1
GO_Biological_Process_2023,Membrane Fission (GO:0090148),0.002319269117536376,0.023191179093227134,0,0,4.990417296072508,30.27438238857894,CHMP1B;CHMP2A;CHMP3;TMCC1;DNM1L;CHMP5
GO_Biological_Process_2023,Regulation Of Protein Dephosphorylation (GO:0035304),0.002319269117536376,0.023191179093227134,0,0,4.990417296072508,30.27438238857894,PPP1R2;PPP2R5A;CALM3;CALM2;PPIA;HSP90B1
GO_Biological_Process_2023,Golgi Ribbon Formation (GO:0090161),0.0023370459329176982,0.023191179093227134,0,0,15.945440844009044,96.61131440266873,PRMT5;GOLPH3;GCC2
GO_Biological_Process_2023,Negative Regulation Of Glial Cell Differentiation (GO:0045686),0.0023370459329176982,0.023191179093227134,0,0,15.945440844009044,96.61131440266873,TMEM98;NF1;HES1
GO_Biological_Process_2023,Peroxisomal Transport (GO:0043574),0.0023370459329176982,0.023191179093227134,0,0,15.945440844009044,96.61131440266873,PEX19;ZFAND6;LONP2
GO_Biological_Process_2023,Peroxisome Fission (GO:0016559),0.0023370459329176982,0.023191179093227134,0,0,15.945440844009044,96.61131440266873,PEX19;PEX11A;DNM1L
GO_Biological_Process_2023,Proteasome Assembly (GO:0043248),0.0023370459329176982,0.023191179093227134,0,0,15.945440844009044,96.61131440266873,NT5C3A;PSMD11;PSMG2
GO_Biological_Process_2023,Purine Nucleoside Bisphosphate Catabolic Process (GO:0034034),0.0023370459329176982,0.023191179093227134,0,0,15.945440844009044,96.61131440266873,NUDT19;SUCLG2;SUCLG1
GO_Biological_Process_2023,Regulation Of Sterol Biosynthetic Process (GO:0106118),0.0023370459329176982,0.023191179093227134,0,0,15.945440844009044,96.61131440266873,MBTPS1;LPCAT3;ERLIN2
GO_Biological_Process_2023,Ribonucleoside Bisphosphate Catabolic Process (GO:0034031),0.0023370459329176982,0.023191179093227134,0,0,15.945440844009044,96.61131440266873,NUDT19;SUCLG2;SUCLG1
GO_Biological_Process_2023,succinyl-CoA Metabolic Process (GO:0006104),0.0023370459329176982,0.023191179093227134,0,0,15.945440844009044,96.61131440266873,NUDT19;SUCLG2;SUCLG1
GO_Biological_Process_2023,Vascular Associated Smooth Muscle Cell Differentiation (GO:0035886),0.0023370459329176982,0.023191179093227134,0,0,15.945440844009044,96.61131440266873,MESP1;RAMP2;HES1
GO_Biological_Process_2023,Regulation Of Cold-Induced Thermogenesis (GO:0120161),0.0023560914179341793,0.023203568419184847,0,0,2.647817443066882,16.021284602173118,TLE3;FH;IL4R;APLP2;NR1H3;ADIPOR1;PRLR;STK11;SCD;GNAS;STAT6;SLC25A44;DECR1
GO_Biological_Process_2023,Rho Protein Signal Transduction (GO:0007266),0.0023575133015626792,0.023203568419184847,0,0,4.236050986050986,25.62873498280313,ARHGEF11;RTKN;ARHGDIB;EPS8L1;RHOV;ADRA2A;RHOB
GO_Biological_Process_2023,Peptide Metabolic Process (GO:0006518),0.0023575133015626792,0.023203568419184847,0,0,4.236050986050986,25.62873498280313,BACE2;DNPEP;SPCS1;CPQ;CPD;PSEN2;PARL
GO_Biological_Process_2023,Brain Development (GO:0007420),0.002456560716098389,0.02405696279561806,0,0,2.524654974123059,15.170634042064025,RTN3;MAP1S;CHD8;GRHL2;RTN4;CENPF;UGP2;APEX1;NF1;PPT1;UFC1;APOD;FLNB;PAFAH1B3
GO_Biological_Process_2023,Macromolecule Modification (GO:0043412),0.0024641450019807563,0.02405696279561806,0,0,3.3777228092247658,20.286300503775472,DUSP12;ST6GAL1;SERP1;CDC34;YES1;NEDD8;FBXO11;RABGGTA;ST3GAL1
GO_Biological_Process_2023,Regulation Of Cytokinesis (GO:0032465),0.0024641450019807563,0.02405696279561806,0,0,3.3777228092247658,20.286300503775472,BECN1;CETN2;KIF13A;PRPF40A;BIRC6;PKP4;CALM3;CALM2;RAB11FIP4
GO_Biological_Process_2023,Neuron Projection Morphogenesis (GO:0048812),0.0025040266692904975,0.02438060375314565,0,0,2.6276834403258094,15.739443253628137,NCKAP1;FARP1;MAP1S;APLP2;RAB10;IMPACT;ALCAM;CTTN;TAOK3;SLITRK6;TMEM106B;SLITRK5;RAB8A
GO_Biological_Process_2023,Cytokine-Mediated Signaling Pathway (GO:0019221),0.0025278810884203124,0.024546877485947378,0,0,2.1607153869873574,12.921885779508303,STAT5A;SLC27A1;CCL22;IL4R;STAT1;APLP2;ACTN4;ADIPOR1;PRLR;NFKBIA;UGCG;RRAGA;OAS1;OAS2;TRAF5;STAT6;P4HB;IL6ST;CARD14
GO_Biological_Process_2023,Golgi To Plasma Membrane Protein Transport (GO:0043001),0.002604806715342445,0.02515895979458756,0,0,6.046140651801029,35.976936011584876,RAB10;GOLPH3;KIF13A;GCC2;SPTBN1
GO_Biological_Process_2023,Transcription Elongation By RNA Polymerase II (GO:0006368),0.002604806715342445,0.02515895979458756,0,0,6.046140651801029,35.976936011584876,SUPT16H;SUPT4H1;EAF2;ELP2;CDC73
GO_Biological_Process_2023,Cholesterol Metabolic Process (GO:0008203),0.002638847431982978,0.025419961166601987,0,0,3.673952736188638,21.81377486929776,CYP27A1;SULT2B1;SQLE;G6PD;PIP4P1;DHCR24;TSKU;TM7SF2
GO_Biological_Process_2023,Carboxylic Acid Transmembrane Transport (GO:1905039),0.0026578837034733098,0.025429293072946856,0,0,4.839055204614117,28.69668650424833,SLC5A6;SLC7A5;SLC27A1;SLC38A1;SLC7A8;SLC38A10
GO_Biological_Process_2023,Positive Regulation Of Intrinsic Apoptotic Signaling Pathway (GO:2001244),0.0026578837034733098,0.025429293072946856,0,0,4.839055204614117,28.69668650424833,BECN1;SLC9A3R1;SIAH1;NUPR1;DNM1L;S100A9
GO_Biological_Process_2023,Protein Homooligomerization (GO:0051260),0.0026608785407639035,0.025429293072946856,0,0,2.7356134002567996,16.21972249047251,RYR1;RNF135;LETM1;PNPT1;APLP2;SIGMAR1;ATL2;SLC1A2;CHMP2A;ACACB;TRPM4;ALDH9A1
GO_Biological_Process_2023,Golgi To Vacuole Transport (GO:0006896),0.0028268972322168617,0.026525963147900188,0,0,8.18145956607495,48.01351359873,GAK;CCDC91;AP1G2;AP1G1
GO_Biological_Process_2023,Branched-Chain Amino Acid Catabolic Process (GO:0009083),0.0028268972322168617,0.026525963147900188,0,0,8.18145956607495,48.01351359873,MCCC2;ALDH6A1;HIBADH;SLC25A44
GO_Biological_Process_2023,Cellular Response To Glucocorticoid Stimulus (GO:0071385),0.0028268972322168617,0.026525963147900188,0,0,8.18145956607495,48.01351359873,KLF9;HNRNPU;NR3C1;PCK2
GO_Biological_Process_2023,Long-Chain fatty-acyl-CoA Biosynthetic Process (GO:0035338),0.0028268972322168617,0.026525963147900188,0,0,8.18145956607495,48.01351359873,ELOVL5;ACSL3;HSD17B12;ACSF3
GO_Biological_Process_2023,Maintenance Of Protein Localization In Organelle (GO:0072595),0.0028268972322168617,0.026525963147900188,0,0,8.18145956607495,48.01351359873,ARL2;HNRNPU;KDELR2;HK2
GO_Biological_Process_2023,ncRNA Metabolic Process (GO:0034660),0.0028268972322168617,0.026525963147900188,0,0,8.18145956607495,48.01351359873,TUT7;NIFK;MAPT;TENT4B
GO_Biological_Process_2023,Response To Interferon-Alpha (GO:0035455),0.0028268972322168617,0.026525963147900188,0,0,8.18145956607495,48.01351359873,RO60;IFITM1;TPR;EIF2AK2
GO_Biological_Process_2023,Positive Regulation Of Proteasomal Ubiquitin-Dependent Protein Catabolic Process (GO:0032436),0.002920259952493937,0.027331218470111215,0,0,3.28499580019288,19.171506968015514,GSK3B;RNF144B;GSK3A;HECTD1;SUMO1;RAD23A;TRIB2;DDA1;NKD2
GO_Biological_Process_2023,"Regulation Of Alternative mRNA Splicing, Via Spliceosome (GO:0000381)",0.002948183600069297,0.027521445874873696,0,0,4.051644812514378,23.60717601830731,SMU1;RBM4;RBM47;TIA1;THRAP3;HNRNPU;RBM24
GO_Biological_Process_2023,Positive Regulation Of Insulin Secretion (GO:0032024),0.0030322294750266313,0.02816085938088836,0,0,4.696596765594455,27.233015000742,ANO1;SLC30A8;TM7SF3;SOX4;TRPM4;BAIAP3
GO_Biological_Process_2023,Regulation Of Microtubule Polymerization (GO:0031113),0.0030322294750266313,0.02816085938088836,0,0,4.696596765594455,27.233015000742,OCLN;DCTN1;ARL2;RAC1;MAPT;CAMSAP2
GO_Biological_Process_2023,Protein Ubiquitination (GO:0016567),0.0030988094706998364,0.02870559565952636,0,0,1.8484983502560488,10.678289337420955,CUL9;RNF31;MAGEF1;NEDD4L;FBXO45;NEDD8;DDA1;RNF135;RNF20;UBE2H;AMFR;ISG15;FBXO11;RNF144B;RNF126;RNF103;CDC34;UBE2R2;NFX1;BCL2;SDE2;BIRC6;TRIP12;RBCK1;RNF141;UBE2K;TRIM33
GO_Biological_Process_2023,Establishment Of Protein Localization To Membrane (GO:0090150),0.003187301625738559,0.02937508012321898,0,0,3.551285930408472,20.4148534241194,RAB10;REEP1;ZDHHC9;GORASP2;ZDHHC24;RAB3GAP2;ZDHHC4;YIF1B
GO_Biological_Process_2023,Telomere Maintenance (GO:0000723),0.003187301625738559,0.02937508012321898,0,0,3.551285930408472,20.4148534241194,INO80B;SP100;APEX1;RUVBL1;ACTL6A;TINF2;TERF2IP;UCHL5
GO_Biological_Process_2023,Axon Development (GO:0061564),0.003239728723993196,0.029782480807876537,0,0,2.9947225059584612,17.166545041567517,RAB10;MAP1S;APLP2;SLITRK6;SLITRK5;MTR;MAPT;RTN4;RAB8A;CAMSAP2
GO_Biological_Process_2023,Ceramide Metabolic Process (GO:0006672),0.003282916689301838,0.030027081435988028,0,0,3.9653270291568163,22.677796550384503,TM9SF2;SMPD4;CERS6;ORMDL3;ORMDL1;SPTSSA;PLPP2
GO_Biological_Process_2023,Phosphatidylcholine Metabolic Process (GO:0046470),0.003282916689301838,0.030027081435988028,0,0,3.9653270291568163,22.677796550384503,SLC27A1;PCYT1A;ABHD4;MBOAT7;LPCAT3;MBOAT2;NR1H3
GO_Biological_Process_2023,ESCRT III Complex Disassembly (GO:1904903),0.0034111339447195914,0.03035657775865936,0,0,13.287490580256216,75.48238736229742,CHMP1B;CHMP2A;CHMP5
GO_Biological_Process_2023,ESCRT Complex Disassembly (GO:1904896),0.0034111339447195914,0.03035657775865936,0,0,13.287490580256216,75.48238736229742,CHMP1B;CHMP2A;CHMP5
GO_Biological_Process_2023,Adherens Junction Assembly (GO:0034333),0.0034111339447195914,0.03035657775865936,0,0,13.287490580256216,75.48238736229742,RAMP2;ZNF703;PAK2
GO_Biological_Process_2023,Amino Sugar Metabolic Process (GO:0006040),0.0034111339447195914,0.03035657775865936,0,0,13.287490580256216,75.48238736229742,ST6GAL1;SLC35A3;ST3GAL1
GO_Biological_Process_2023,Insulin Metabolic Process (GO:1901142),0.0034111339447195914,0.03035657775865936,0,0,13.287490580256216,75.48238736229742,SLC30A8;SLC30A5;P4HB
GO_Biological_Process_2023,Negative Regulation Of Lymphocyte Apoptotic Process (GO:0070229),0.0034111339447195914,0.03035657775865936,0,0,13.287490580256216,75.48238736229742,PIP;ORMDL3;FOXP1
GO_Biological_Process_2023,Positive Regulation Of Mitochondrial Membrane Permeability (GO:0035794),0.0034111339447195914,0.03035657775865936,0,0,13.287490580256216,75.48238736229742,GSK3B;GSK3A;PPIF
GO_Biological_Process_2023,Protein Insertion Into ER Membrane By Stop-Transfer Membrane-Anchor Sequence (GO:0045050),0.0034111339447195914,0.03035657775865936,0,0,13.287490580256216,75.48238736229742,EMC2;EMC4;EMC9
GO_Biological_Process_2023,Protein Localization To Nuclear Envelope (GO:0090435),0.0034111339447195914,0.03035657775865936,0,0,13.287490580256216,75.48238736229742,LMNA;TOR1AIP2;NUTF2
GO_Biological_Process_2023,Response To Type I Interferon (GO:0034340),0.0034111339447195914,0.03035657775865936,0,0,13.287490580256216,75.48238736229742,SP100;ISG15;IFIT1
GO_Biological_Process_2023,Type II Interferon-Mediated Signaling Pathway (GO:0060333),0.0034111339447195914,0.03035657775865936,0,0,13.287490580256216,75.48238736229742,SP100;STAT1;IFNGR2
GO_Biological_Process_2023,Establishment Of Protein Localization To Organelle (GO:0072594),0.003440526193027331,0.030429751396089208,0,0,3.197214231642695,18.13501749719877,IPO9;PEX19;APLP2;TPR;NUTF2;HK2;IPO4;TSPAN10;KPNA1
GO_Biological_Process_2023,Negative Regulation Of Binding (GO:0051100),0.003440526193027331,0.030429751396089208,0,0,3.197214231642695,18.13501749719877,NFKBIA;GSK3B;SP100;JUN;PEX19;SUMO1;SYMPK;IFIT1;IFIT2
GO_Biological_Process_2023,Positive Regulation Of Viral Process (GO:0048524),0.0034445604838201477,0.030429751396089208,0,0,4.562278808804488,25.87249590500246,DHX9;RAD23A;HACD3;IFIT1;PPIA;RAB7A
GO_Biological_Process_2023,Negative Regulation Of Extrinsic Apoptotic Signaling Pathway (GO:2001237),0.003492757244775893,0.030523117965829176,0,0,3.492968924381836,19.759948102763907,GSK3B;SIAH2;PEA15;IFI6;BCL2;BIRC6;ARHGEF2;RFFL
GO_Biological_Process_2023,fatty-acyl-CoA Metabolic Process (GO:0035337),0.00353097361338554,0.030523117965829176,0,0,7.596854126265891,42.89321825080102,NUDT19;PPT1;ACSL3;FAR2
GO_Biological_Process_2023,Lysosomal Lumen Acidification (GO:0007042),0.00353097361338554,0.030523117965829176,0,0,7.596854126265891,42.89321825080102,ATP6AP2;PPT1;TMEM9;ATP6V1D
GO_Biological_Process_2023,Maintenance Of Gastrointestinal Epithelium (GO:0030277),0.00353097361338554,0.030523117965829176,0,0,7.596854126265891,42.89321825080102,SERPINA3;TFF3;STRAP;TFF1
GO_Biological_Process_2023,Mitotic Cytokinetic Process (GO:1902410),0.00353097361338554,0.030523117965829176,0,0,7.596854126265891,42.89321825080102,CHMP1B;CHMP2A;CHMP3;CHMP5
GO_Biological_Process_2023,"Negative Regulation Of DNA-templated Transcription, Elongation (GO:0032785)",0.00353097361338554,0.030523117965829176,0,0,7.596854126265891,42.89321825080102,HEXIM1;ZC3H4;SUPT4H1;HNRNPU
GO_Biological_Process_2023,Negative Regulation Of Amyloid Precursor Protein Catabolic Process (GO:1902992),0.00353097361338554,0.030523117965829176,0,0,7.596854126265891,42.89321825080102,RTN2;RTN3;APEX1;RTN4
GO_Biological_Process_2023,Protein Import Into Mitochondrial Matrix (GO:0030150),0.00353097361338554,0.030523117965829176,0,0,7.596854126265891,42.89321825080102,GRPEL1;TIMM17A;TOMM20;TIMM50
GO_Biological_Process_2023,Regulation Of Protein Neddylation (GO:2000434),0.00353097361338554,0.030523117965829176,0,0,7.596854126265891,42.89321825080102,DCUN1D1;COPS7A;COPS8;COPS9
GO_Biological_Process_2023,Alpha-Amino Acid Metabolic Process (GO:1901605),0.003608666868997573,0.031046535390758218,0,0,5.541981132075471,31.17041213482258,ALDH6A1;MTR;MMUT;KMO;ASS1
GO_Biological_Process_2023,Positive Regulation Of Microtubule Polymerization (GO:0031116),0.003608666868997573,0.031046535390758218,0,0,5.541981132075471,31.17041213482258,OCLN;DCTN1;ARL2;RAC1;MAPT
GO_Biological_Process_2023,Response To Peptide Hormone (GO:0043434),0.0036458596006690956,0.031292188326121954,0,0,3.88260582010582,21.79758237071418,EIF2B5;STAT5A;SLC27A1;IGFBP5;STAT1;MEAK7;STAT6
GO_Biological_Process_2023,Nuclear-Transcribed mRNA Catabolic Process (GO:0000956),0.0037265760198206743,0.03190935778673873,0,0,3.1550559783258296,17.643910458564477,EXOSC6;EXOSC5;TUT7;THRAP3;DHX34;CSDE1;TENT2;SMG7;TENT4B
GO_Biological_Process_2023,Regulation Of Cellular Component Organization (GO:0051128),0.0037663156482311702,0.03217357376861627,0,0,2.494856961810961,13.92543841208142,ARHGEF11;URI1;RAB4B;MEAF6;HNRNPU;CAMSAP2;SOCS2;ING5;STK11;SGK3;LAMTOR2;INSM1;EBAG9
GO_Biological_Process_2023,Negative Regulation Of Epithelial Cell Proliferation (GO:0050680),0.0038203982708389524,0.0324823533731894,0,0,3.4365331120979943,19.132556518518143,STAT1;TINF2;HPN;KLF9;SORD;NF1;NUPR1;CDC73
GO_Biological_Process_2023,Regulation Of Cellular Biosynthetic Process (GO:0031326),0.0038203982708389524,0.0324823533731894,0,0,3.4365331120979943,19.132556518518143,TM9SF2;ING5;MEAF6;ELP2;MSI2;RAC1;CD47;FGFR4
GO_Biological_Process_2023,Proteolysis (GO:0006508),0.003853850609587339,0.032670585016323875,0,0,1.9540878011114837,10.862153609125826,MBTPS1;CPQ;HPN;PSEN2;NEDD8;PEPD;CTSS;PARL;CNDP2;ADAMTS15;BACE2;PSMA6;NCSTN;ERMP1;PSMB5;SPCS1;CPD;PIP;RNPEP;SDE2;LONP2;ATG4B
GO_Biological_Process_2023,Negative Regulation Of Signal Transduction (GO:0009968),0.003860577136108951,0.032670585016323875,0,0,2.0719313812481515,11.513595447368463,PTPRT;GSK3A;IGFBP5;IGFBP3;METTL3;SORD;IFT122;SHISA2;APCDD1;GATA2;TSKU;NKD2;SFRP4;SLC9A3R1;TSPAN6;BCL2;APOD;CALR;CD47
GO_Biological_Process_2023,Regulation Of Protein Catabolic Process (GO:0042176),0.004126938765761245,0.0348432918638397,0,0,2.715251453121051,14.907326110919477,GSK3B;USP14;GSK3A;PSMD14;EEF1A2;PSME1;PSME2;TMEM9;SEC22B;UCHL5;RAB7A
GO_Biological_Process_2023,Intracellular Monoatomic Cation Homeostasis (GO:0030003),0.004165399098588023,0.03497300704730849,0,0,2.28762629005975,12.53834972653519,SLC30A9;SLC30A8;SLC30A5;STC1;SLC4A11;ATP1B3;ATP1A1;LETM1;SLC39A9;SLC39A6;FLVCR1;NPTN;CALR;ATP13A3;CNNM4
GO_Biological_Process_2023,Positive Regulation Of Cell-Substrate Adhesion (GO:0010811),0.004171269752743585,0.03497300704730849,0,0,3.3818889129025287,18.531177962485607,GSK3B;MYADM;ARL2;RAC1;CALR;P4HB;DOCK1;RREB1
GO_Biological_Process_2023,Protein Targeting To Membrane (GO:0006612),0.004171269752743585,0.03497300704730849,0,0,3.3818889129025287,18.531177962485607,PEX19;ZDHHC9;SSR2;ZDHHC24;SSR1;GET3;ZDHHC4;YIF1B
GO_Biological_Process_2023,COPII Vesicle Coating (GO:0048208),0.004345241784855642,0.03560738856277632,0,0,7.090196078431372,38.56126418128451,TRAPPC3;TRAPPC6A;TMED10;TMED2
GO_Biological_Process_2023,RNA Destabilization (GO:0050779),0.004345241784855642,0.03560738856277632,0,0,7.090196078431372,38.56126418128451,RIDA;METTL3;RBM24;GIGYF2
GO_Biological_Process_2023,Actin Nucleation (GO:0045010),0.004345241784855642,0.03560738856277632,0,0,7.090196078431372,38.56126418128451,ACTR3;ARPC2;ARPC5;TRIM27
GO_Biological_Process_2023,Epithelial Structure Maintenance (GO:0010669),0.004345241784855642,0.03560738856277632,0,0,7.090196078431372,38.56126418128451,SERPINA3;TFF3;STRAP;TFF1
GO_Biological_Process_2023,Establishment Of Epithelial Cell Polarity (GO:0090162),0.004345241784855642,0.03560738856277632,0,0,7.090196078431372,38.56126418128451,SLC9A3R1;GOLPH3;SIPA1L3;CYTH1
GO_Biological_Process_2023,Late Endosome To Vacuole Transport (GO:0045324),0.004345241784855642,0.03560738856277632,0,0,7.090196078431372,38.56126418128451,CHMP1B;CHMP2A;CHMP3;CHMP5
GO_Biological_Process_2023,Negative Regulation Of Telomere Maintenance Via Telomerase (GO:0032211),0.004345241784855642,0.03560738856277632,0,0,7.090196078431372,38.56126418128451,TINF2;HNRNPU;HNRNPC;TENT4B
GO_Biological_Process_2023,Phosphatidylglycerol Metabolic Process (GO:0046471),0.004345241784855642,0.03560738856277632,0,0,7.090196078431372,38.56126418128451,SLC27A1;MBOAT2;CRLS1;CDS2
GO_Biological_Process_2023,Protein Insertion Into Membrane (GO:0051205),0.004345241784855642,0.03560738856277632,0,0,7.090196078431372,38.56126418128451,REEP1;CCDC47;GET3;MAIP1
GO_Biological_Process_2023,"Vesicle Targeting, Rough ER To cis-Golgi (GO:0048207)",0.004345241784855642,0.03560738856277632,0,0,7.090196078431372,38.56126418128451,TRAPPC3;TRAPPC6A;TMED10;TMED2
GO_Biological_Process_2023,Regulation Of Chromosome Organization (GO:0033044),0.0043923025192549375,0.03583090028094907,0,0,4.31542418551482,23.42369826214043,INO80B;RUVBL1;SETMAR;TERF2IP;MAPT;UCHL5
GO_Biological_Process_2023,Regulation Of Transport (GO:0051049),0.0043923025192549375,0.03583090028094907,0,0,4.31542418551482,23.42369826214043,MBTPS1;YRDC;SLC30A8;RAB25;MYO6;REEP6
GO_Biological_Process_2023,Positive Regulation Of Mitochondrion Organization (GO:0010822),0.00446233105116961,0.03632036644345242,0,0,3.7270899470899472,20.171323840414413,GSK3B;GSK3A;RALBP1;BNIP3;TNFSF10;PPIF;DNM1L
GO_Biological_Process_2023,Regulation Of Cell Differentiation (GO:0045595),0.004588219507796196,0.03726128039739422,0,0,2.2616485145324483,12.177310951729497,TFAP2A;GSK3B;PLEKHB2;CEBPD;NSUN2;ACTL6A;EIF2AK2;MBOAT2;HOPX;PPP1R13L;MCRIP1;NF1;INSM1;CD24;MTA3
GO_Biological_Process_2023,Positive Regulation Of GTPase Activity (GO:0043547),0.004660865989688943,0.037665826615021665,0,0,2.1310406230222156,11.440606689471016,GSK3B;RALBP1;CCL22;RGS16;RAP1GDS1;SIPA1L2;SIPA1L3;PREX1;TBC1D1;ERBB2;NF1;SNX9;PKP4;MMUT;TBC1D17;ZC3H15;RALGPS2
GO_Biological_Process_2023,Branched-Chain Amino Acid Transport (GO:0015803),0.004742025658876278,0.037665826615021665,0,0,11.388954677575628,60.94560930307639,SLC7A5;SLC7A8;SLC25A44
GO_Biological_Process_2023,Coenzyme A Biosynthetic Process (GO:0015937),0.004742025658876278,0.037665826615021665,0,0,11.388954677575628,60.94560930307639,SLC25A16;PPCS;COASY
GO_Biological_Process_2023,Endoplasmic Reticulum Membrane Organization (GO:0090158),0.004742025658876278,0.037665826615021665,0,0,11.388954677575628,60.94560930307639,LPCAT3;ATL2;RTN4
GO_Biological_Process_2023,Negative Regulation Of Programmed Necrotic Cell Death (GO:0062099),0.004742025658876278,0.037665826615021665,0,0,11.388954677575628,60.94560930307639,ARHGEF2;NUPR1;YBX3
GO_Biological_Process_2023,Nuclear RNA Surveillance (GO:0071027),0.004742025658876278,0.037665826615021665,0,0,11.388954677575628,60.94560930307639,EXOSC6;EXOSC5;ZC3H4
GO_Biological_Process_2023,Positive Regulation Of Attachment Of Spindle Microtubules To Kinetochore (GO:0051987),0.004742025658876278,0.037665826615021665,0,0,11.388954677575628,60.94560930307639,BECN1;CDCA8;HNRNPU
GO_Biological_Process_2023,Purine Nucleoside Bisphosphate Biosynthetic Process (GO:0034033),0.004742025658876278,0.037665826615021665,0,0,11.388954677575628,60.94560930307639,SLC25A16;PPCS;COASY
GO_Biological_Process_2023,Ribonucleoside Bisphosphate Biosynthetic Process (GO:0034030),0.004742025658876278,0.037665826615021665,0,0,11.388954677575628,60.94560930307639,SLC25A16;PPCS;COASY
GO_Biological_Process_2023,tRNA Threonylcarbamoyladenosine Metabolic Process (GO:0070525),0.004742025658876278,0.037665826615021665,0,0,11.388954677575628,60.94560930307639,YRDC;TPRKB;OSGEP
GO_Biological_Process_2023,Vesicle Budding From Membrane (GO:0006900),0.004863228823724723,0.03847886080330865,0,0,5.115384615384615,27.24480801490078,TRAPPC3;GOLPH3;TMED10;VAPA;CHMP5
GO_Biological_Process_2023,Positive Regulation Of Developmental Process (GO:0051094),0.0048656317636431145,0.03847886080330865,0,0,2.1210219871735556,11.295627123950554,GSK3B;RALBP1;BNIP3;ACTL6A;ESRRB;COBL;ARID4B;ACVR1B;RTN4;PPP1R13L;ZNF703;INSM1;MAP3K13;DNM1L;RREB1;TAPT1;TRPM4
GO_Biological_Process_2023,Autophagosome Organization (GO:1905037),0.0049188789506303355,0.0386995097173583,0,0,3.6539060068471834,19.41932155500952,VMP1;BECN1;GABARAPL1;WDR45B;WIPI1;WIPI2;RAB7A
GO_Biological_Process_2023,Nucleobase-Containing Compound Catabolic Process (GO:0034655),0.004932310741317448,0.0386995097173583,0,0,4.201741135315631,22.319429119950968,ISG20;EXOSC6;EXOSC5;PNPT1;RNASET2;SETMAR
GO_Biological_Process_2023,Regulation Of DNA-templated Transcription Elongation (GO:0032784),0.004932310741317448,0.0386995097173583,0,0,4.201741135315631,22.319429119950968,SUPT16H;ZC3H4;INTS3;SUPT4H1;EAF2;THOC1
GO_Biological_Process_2023,Negative Regulation Of Neuron Apoptotic Process (GO:0043524),0.004946955549181914,0.0386995097173583,0,0,3.2776445944373327,17.400959209639133,TOX3;WFS1;BCL2;PPT1;IL6ST;NAIP;SNX6;NFATC4
GO_Biological_Process_2023,Positive Regulation Of Secretion By Cell (GO:1903532),0.004946955549181914,0.0386995097173583,0,0,3.2776445944373327,17.400959209639133,UNC13B;RAB2B;GOLPH3;TMED10;DNM1L;PPIA;CD2AP;BAIAP3
GO_Biological_Process_2023,Positive Regulation Of Epithelial Cell Proliferation (GO:0050679),0.004982189378916004,0.038891142091452086,0,0,2.6416408827326188,14.005678417564866,STAT5A;PDCL3;ECM1;NRAS;LRG1;HPN;ZNF703;ERBB2;RREB1;RTN4;NME1
GO_Biological_Process_2023,Positive Regulation Of Cell Migration (GO:0030335),0.005104117276174217,0.039757231772694655,0,0,2.0139751552795033,10.62917229720202,SEMA3C;SEMA3B;SEMA4C;PIK3R3;MIA3;ACTN4;ACVR1B;RTN4;ADRA2A;RAB25;CEACAM6;RUFY3;ZNF703;TRIP6;MYADM;PLAA;ARHGEF2;RREB1;DOCK1
GO_Biological_Process_2023,Endothelial Cell Development (GO:0001885),0.005277136879766712,0.03994877607918175,0,0,6.646870286576169,34.8586576664735,GSTM3;MARVELD2;MYADM;STC1
GO_Biological_Process_2023,Intracellular Monoatomic Ion Homeostasis (GO:0006873),0.005277136879766712,0.03994877607918175,0,0,6.646870286576169,34.8586576664735,LETM1;SLC39A6;SLC4A11;CNNM4
GO_Biological_Process_2023,Mitochondrial Cytochrome C Oxidase Assembly (GO:0033617),0.005277136879766712,0.03994877607918175,0,0,6.646870286576169,34.8586576664735,COA3;COA1;COA5;COX20
GO_Biological_Process_2023,Negative Regulation Of Protein Localization To Cell Periphery (GO:1904376),0.005277136879766712,0.03994877607918175,0,0,6.646870286576169,34.8586576664735,TMEM59;CLTC;PPP2R5A;GBP1
GO_Biological_Process_2023,Negative Regulation Of Protein Localization To Plasma Membrane (GO:1903077),0.005277136879766712,0.03994877607918175,0,0,6.646870286576169,34.8586576664735,TMEM59;CLTC;PPP2R5A;GBP1
GO_Biological_Process_2023,Phosphatidylserine Metabolic Process (GO:0006658),0.005277136879766712,0.03994877607918175,0,0,6.646870286576169,34.8586576664735,SLC27A1;PLSCR1;LPCAT3;MBOAT2
GO_Biological_Process_2023,Positive Regulation Of Epithelial Cell Differentiation (GO:0030858),0.005277136879766712,0.03994877607918175,0,0,6.646870286576169,34.8586576664735,SULT2B1;MESP1;SFRP4;BTG1
GO_Biological_Process_2023,Positive Regulation Of Interferon-Alpha Production (GO:0032727),0.005277136879766712,0.03994877607918175,0,0,6.646870286576169,34.8586576664735,IFIH1;DHX9;STAT1;HSPD1
GO_Biological_Process_2023,Regulation Of Protein Localization To Cell Periphery (GO:1904375),0.005277136879766712,0.03994877607918175,0,0,6.646870286576169,34.8586576664735,VAMP8;GBP1;MISP;SPTBN1
GO_Biological_Process_2023,Striated Muscle Cell Differentiation (GO:0051146),0.005277136879766712,0.03994877607918175,0,0,6.646870286576169,34.8586576664735,MESP1;SDC1;MTLN;PLD3
GO_Biological_Process_2023,Positive Regulation Of DNA Metabolic Process (GO:0051054),0.005283120856413048,0.03994877607918175,0,0,2.7758049242424243,14.554206649334244,INO80B;SMOC2;DHX9;RUVBL1;TINF2;ACTL6A;TERF2IP;BAZ1A;FGFR4;UCHL5
GO_Biological_Process_2023,Positive Regulation Of Autophagy (GO:0010508),0.005283120856413048,0.03994877607918175,0,0,2.7758049242424243,14.554206649334244,TRIM8;GSK3B;BECN1;TMEM59;STK11;GSK3A;BNIP3;ORMDL3;SH3BP4;ATF6
GO_Biological_Process_2023,Regulation Of Wnt Signaling Pathway (GO:0030111),0.005283120856413048,0.03994877607918175,0,0,2.7758049242424243,14.554206649334244,SFRP4;STK11;SUMO1;ZNF703;ATP6AP2;SHISA2;APCDD1;TSKU;CDC73;NKD2
GO_Biological_Process_2023,Response To Tumor Necrosis Factor (GO:0034612),0.005283120856413048,0.03994877607918175,0,0,2.7758049242424243,14.554206649334244,NFKBIA;SMPD4;CCL22;DHX9;ZFAND6;ERBIN;ARHGEF2;GBP2;YBX3;GBP1
GO_Biological_Process_2023,Positive Regulation Of Response To Stimulus (GO:0048584),0.005373926871393766,0.0405507565170588,0,0,3.227891624260762,16.86959551120552,IFIH1;INO80B;DHX9;RUVBL1;ACTL6A;TAF9;ECHDC3;UCHL5
GO_Biological_Process_2023,Positive Regulation Of TOR Signaling (GO:0032008),0.005519485968082826,0.04156253259125987,0,0,4.093887985126655,21.28604999218571,GOLPH3;RRAGA;PIP4P1;PIK3CA;LAMTOR2;GPR137B
GO_Biological_Process_2023,Glycolipid Metabolic Process (GO:0006664),0.005594168415685251,0.041777480415694804,0,0,4.925786163522012,25.545277665547424,GALC;UGCG;SCCPDH;ST6GALNAC4;SUMF1
GO_Biological_Process_2023,Positive Regulation Of Nitrogen Compound Metabolic Process (GO:0051173),0.005594168415685251,0.041777480415694804,0,0,4.925786163522012,25.545277665547424,NFKBIA;WFS1;HPN;NR1H3;KLF2
GO_Biological_Process_2023,Protein Transmembrane Import Into Intracellular Organelle (GO:0044743),0.005594168415685251,0.041777480415694804,0,0,4.925786163522012,25.545277665547424,GRPEL1;TIMM17A;TOMM20;HSPD1;TIMM50
GO_Biological_Process_2023,Regulation Of Type I Interferon-Mediated Signaling Pathway (GO:0060338),0.005594168415685251,0.041777480415694804,0,0,4.925786163522012,25.545277665547424,RBM47;OAS1;METTL3;ISG15;UBE2K
GO_Biological_Process_2023,Regulation Of Inflammatory Response (GO:0050727),0.005759560257241629,0.04292413014759091,0,0,2.0818665846824627,10.735965614580705,DHX9;CXCL17;NR1H3;FOXP1;NFKBIA;PSMA6;CAMK2N1;LPCAT3;PDCD4;FFAR2;CD47;S100A9;NAIP;MGLL;PTGES;SNX6;TRIM45
GO_Biological_Process_2023,DNA-templated Transcription (GO:0006351),0.005799349360785514,0.04313191660116043,0,0,2.199201938745665,11.32591098009507,PHF3;IVNS1ABP;PRMT5;GTF3C2;SUPT16H;NFIX;TSC22D1;CEBPD;GTF3C6;CREBL2;RO60;NFX1;RREB1;PTMA;IRF9
GO_Biological_Process_2023,Regulation Of DNA Replication (GO:0006275),0.005828439669440576,0.04325944361211837,0,0,3.1796238173730442,16.359183467464185,ING5;INO80B;MEAF6;DHX9;RUVBL1;RAD17;BAZ1A;UCHL5
GO_Biological_Process_2023,Homophilic Cell Adhesion Via Plasma Membrane Adhesion Molecules (GO:0007156),0.005936241155037683,0.043969459025657444,0,0,3.515823100728761,18.02449697889192,PTPRT;CDH1;CEACAM6;NPTN;NECTIN4;IGSF9;NECTIN2
GO_Biological_Process_2023,Positive Regulation Of Cysteine-Type Endopeptidase Activity Involved In Apoptotic Process (GO:0043280),0.0060213122487446855,0.044508557071333166,0,0,2.7190012368583796,13.900758041674305,MTCH1;BEX3;BCL2L13;TNFSF10;SORD;CYCS;MAPT;HSPE1;S100A9;HSPD1
GO_Biological_Process_2023,Amino Acid Transport (GO:0006865),0.006156133514336639,0.045228226346708526,0,0,3.99142749244713,20.317588809163873,SLC7A5;SLC38A1;SLC7A8;SLC38A10;SH3BP4;SLC25A44
GO_Biological_Process_2023,Response To Glucose (GO:0009749),0.006156133514336639,0.045228226346708526,0,0,3.99142749244713,20.317588809163873,EIF2B5;UNC13B;SLC30A8;SELENOT;SOX4;PCK2
GO_Biological_Process_2023,Secondary Alcohol Metabolic Process (GO:1902652),0.006156133514336639,0.045228226346708526,0,0,3.99142749244713,20.317588809163873,CYP27A1;SULT2B1;SQLE;PIP4P1;IDH1;TSKU
GO_Biological_Process_2023,Cell Morphogenesis Involved In Neuron Differentiation (GO:0048667),0.006311596929498932,0.04524156071046286,0,0,3.132775651864377,15.868657012175158,RAB10;FARP1;MAP1S;APLP2;SLITRK6;TMEM106B;SLITRK5;RAB8A
GO_Biological_Process_2023,Chaperone-Mediated Protein Complex Assembly (GO:0051131),0.006333744080816372,0.04524156071046286,0,0,6.255700470233342,31.66550335180727,PSMG2;HOPX;PFDN6;HSPD1
GO_Biological_Process_2023,Regulation Of Anoikis (GO:2000209),0.006333744080816372,0.04524156071046286,0,0,6.255700470233342,31.66550335180727,PIK3CA;CEACAM6;BCL2;PIK3R3
GO_Biological_Process_2023,Golgi To Lysosome Transport (GO:0090160),0.006345310005774471,0.04524156071046286,0,0,9.965052750565185,50.42355875102068,GAK;CCDC91;AP1G1
GO_Biological_Process_2023,Endosomal Lumen Acidification (GO:0048388),0.006345310005774471,0.04524156071046286,0,0,9.965052750565185,50.42355875102068,ATP6AP2;TMEM9;ATP6V1D
GO_Biological_Process_2023,Mitochondrion Distribution (GO:0048311),0.006345310005774471,0.04524156071046286,0,0,9.965052750565185,50.42355875102068,MSTO1;MAPT;DNM1L
GO_Biological_Process_2023,Negative Regulation Of Intrinsic Apoptotic Signaling Pathway In Response To DNA Damage By P53 Class Mediator (GO:1902166),0.006345310005774471,0.04524156071046286,0,0,9.965052750565185,50.42355875102068,TAF9;BCL2;CD44
GO_Biological_Process_2023,Nucleotide-Sugar Metabolic Process (GO:0009225),0.006345310005774471,0.04524156071046286,0,0,9.965052750565185,50.42355875102068,SLC35A3;UGP2;GMDS
GO_Biological_Process_2023,Post-Transcriptional Gene Silencing (GO:0016441),0.006345310005774471,0.04524156071046286,0,0,9.965052750565185,50.42355875102068,HEXIM1;DHX9;GIGYF2
GO_Biological_Process_2023,Regulation Of RNA Export From Nucleus (GO:0046831),0.006345310005774471,0.04524156071046286,0,0,9.965052750565185,50.42355875102068,DHX9;NSUN2;TPR
GO_Biological_Process_2023,Regulation Of Alcohol Biosynthetic Process (GO:1902930),0.006345310005774471,0.04524156071046286,0,0,9.965052750565185,50.42355875102068,MBTPS1;LPCAT3;ERLIN2
GO_Biological_Process_2023,Regulation Of Cell Communication By Electrical Coupling Involved In Cardiac Conduction (GO:1901844),0.006345310005774471,0.04524156071046286,0,0,9.965052750565185,50.42355875102068,IRX3;CALM3;CALM2
GO_Biological_Process_2023,Regulation Of Lipid Kinase Activity (GO:0043550),0.006345310005774471,0.04524156071046286,0,0,9.965052750565185,50.42355875102068,EEF1A2;PIK3R3;PPP2R5A
GO_Biological_Process_2023,Regulation Of Ventricular Cardiac Muscle Cell Action Potential (GO:0098911),0.006345310005774471,0.04524156071046286,0,0,9.965052750565185,50.42355875102068,DSP;DLG1;TRPM4
GO_Biological_Process_2023,sno(s)RNA 3'-End Processing (GO:0031126),0.006345310005774471,0.04524156071046286,0,0,9.965052750565185,50.42355875102068,EXOSC6;EXOSC5;TENT4B
GO_Biological_Process_2023,Protein Targeting To Vacuole (GO:0006623),0.006399260910624423,0.04553658746224294,0,0,4.749730458221024,23.993609085587206,BECN1;VPS41;M6PR;GCC2;RAB7A
GO_Biological_Process_2023,Negative Regulation Of Autophagy (GO:0010507),0.006500137476598927,0.045983394414533814,0,0,3.450617283950617,17.377073834571267,RRAGA;PIK3CA;BCL2;FOXK2;QSOX1;TRIM27;NUPR1
GO_Biological_Process_2023,Negative Regulation Of Intrinsic Apoptotic Signaling Pathway (GO:2001243),0.006500137476598927,0.045983394414533814,0,0,3.450617283950617,17.377073834571267,URI1;PPIF;BCL2;ARHGEF2;YBX3;PPIA;BCL2L2
GO_Biological_Process_2023,Protein Lipidation (GO:0006497),0.006500137476598927,0.045983394414533814,0,0,3.450617283950617,17.377073834571267,UGCG;DPM3;ZDHHC9;WDR45B;SLC30A5;WIPI1;WIPI2
GO_Biological_Process_2023,Cellular Response To Oxygen-Containing Compound (GO:1901701),0.006685086906100137,0.04719958045593508,0,0,1.777889867123176,8.90345211772485,RYR1;GSK3B;MTR;CDC73;HSP90B1;PRDX3;PABPN1;CDH1;ZNF703;SH3BP4;FFAR2;GBP2;JUN;IGFBP5;NR1H3;PEX13;SYT7;FAM210B;RRAGA;PDCD4;PPIF;PLAA;LAMTOR2;MAPT;CHMP5
GO_Biological_Process_2023,Regulation Of Endothelial Cell Proliferation (GO:0001936),0.0067404202391768125,0.047497669467506644,0,0,2.853925597491078,14.268580613814372,STAT5A;PDCL3;ECM1;NRAS;LRG1;SLC39A9;STAT1;SORD;NF1
GO_Biological_Process_2023,Cellular Response To Nutrient Levels (GO:0031669),0.00682450862525667,0.04781116100711733,0,0,3.0872854041965403,15.397017627688983,RRAGA;WDR45B;TTC5;VPS41;WIPI1;NUPR2;INHBB;WIPI2
GO_Biological_Process_2023,Monoatomic Cation Homeostasis (GO:0055080),0.00682450862525667,0.04781116100711733,0,0,3.0872854041965403,15.397017627688983,LETM1;WFS1;CIB3;SLC39A6;SLC4A11;COMMD1;S100A14;CNNM4
GO_Biological_Process_2023,Regulation Of Transcription Elongation By RNA Polymerase II (GO:0034243),0.00682450862525667,0.04781116100711733,0,0,3.0872854041965403,15.397017627688983,HEXIM1;ZMYND8;INTS3;SUPT4H1;EAF2;HNRNPU;EAPP;CDC73
GO_Biological_Process_2023,Negative Regulation Of Hydrolase Activity (GO:0051346),0.006844550237099074,0.04785899798990897,0,0,3.8939650725812394,19.40869995980259,CSTA;ECM1;URI1;ARL2;SH3BP4;TMED2
GO_Biological_Process_2023,Positive Regulation Of Macroautophagy (GO:0016239),0.007102905738075649,0.049569796884990365,0,0,3.3877825877825876,16.76021187851664,RNF31;SNX4;CALCOCO2;HSPB8;BNIP3;RAB3GAP2;WIPI1
GO_Biological_Process_2023,Positive Regulation Of Epithelial Cell Migration (GO:0010634),0.007220035745742735,0.050001853673193465,0,0,2.8202698490448412,13.906455555346444,SMOC2;RAB25;RAC1;CALR;DOCK1;RREB1;RTN4;FOXP1;RHOB
GO_Biological_Process_2023,Positive Regulation Of Supramolecular Fiber Organization (GO:1902905),0.007220035745742735,0.050001853673193465,0,0,2.8202698490448412,13.906455555346444,NCKAP1;OCLN;BAIAP2L1;CTTN;DCTN1;ARL2;SNX9;RAC1;MAPT
GO_Biological_Process_2023,"Regulation Of mRNA Splicing, Via Spliceosome (GO:0048024)",0.007220035745742735,0.050001853673193465,0,0,2.8202698490448412,13.906455555346444,SMU1;RBM4;PRMT5;RBM47;TIA1;THRAP3;CIRBP;HNRNPU;RBM24
GO_Biological_Process_2023,Regulation Of Protein Metabolic Process (GO:0051246),0.007220035745742735,0.050001853673193465,0,0,2.8202698490448412,13.906455555346444,NFKBIA;WFS1;ELP2;NR1H3;NEDD8;MSI2;TMEM9;PARL;KLF2
GO_Biological_Process_2023,Regulation Of Protein Ubiquitination (GO:0031396),0.007276302644039868,0.050144770796355764,0,0,2.638013801380138,12.987291281466586,IVNS1ABP;GSK3B;GSK3A;SUMO1;WFS1;DCUN1D1;ISG15;COMMD1;SOX4;TSPYL5
GO_Biological_Process_2023,Membrane Protein Proteolysis (GO:0033619),0.007282205808636977,0.050144770796355764,0,0,4.585816525699414,22.572863128061574,MBTPS1;BACE2;NCSTN;PSEN2;PARL
GO_Biological_Process_2023,Semaphorin-Plexin Signaling Pathway (GO:0071526),0.007282205808636977,0.050144770796355764,0,0,4.585816525699414,22.572863128061574,SEMA3C;SEMA3B;SEMA4C;RAC1;PLXNA4
GO_Biological_Process_2023,Response To Type II Interferon (GO:0034341),0.007368290123280317,0.05064126532546738,0,0,3.043094877890642,14.943329211528793,IFITM1;SP100;CCL22;CALCOCO2;STAT1;CD47;GBP2;GBP1
GO_Biological_Process_2023,Organelle Fission (GO:0048285),0.007521768434619747,0.05126899437924935,0,0,5.907993966817497,28.88981875653602,PEX19;PEX11A;TMCC1;DNM1L
GO_Biological_Process_2023,Regulation Of Protein Export From Nucleus (GO:0046825),0.007521768434619747,0.05126899437924935,0,0,5.907993966817497,28.88981875653602,GSK3B;SP100;TPR;UHMK1
GO_Biological_Process_2023,Antigen Receptor-Mediated Signaling Pathway (GO:0050851),0.007524682221536852,0.05126899437924935,0,0,2.4844386476657974,12.147828477173777,BTNL9;EIF2B5;VAV3;RNF31;PIK3CA;IGKC;BCL2;IGLC1;RBCK1;VTCN1;SPG21
GO_Biological_Process_2023,'De Novo' AMP Biosynthetic Process (GO:0044208),0.007538972567458192,0.05126899437924935,0,0,26.557981927710845,129.80663481062857,ATIC;PAICS
GO_Biological_Process_2023,Regulation Of Angiogenesis (GO:0045765),0.00757958122144636,0.05126899437924935,0,0,2.1286505946120866,10.392705111776985,ATF2;ECM1;RAMP2;SP100;BTG1;NAXE;STAT1;GATA2;HK2;RHOB;PDCL3;SMOC2;LRG1;ERBB2;NF1
GO_Biological_Process_2023,Neurogenesis (GO:0022008),0.007587018494554846,0.05126899437924935,0,0,3.8011437203280103,18.55458588387429,MESP1;APEX1;METTL3;ERBB2;NDUFS2;MAPT
GO_Biological_Process_2023,Regulation Of DNA Binding (GO:0051101),0.007587018494554846,0.05126899437924935,0,0,3.8011437203280103,18.55458588387429,NFKBIA;SP100;JUN;SUMO1;HES1;NME1
GO_Biological_Process_2023,Regulation Of Interferon-Beta Production (GO:0032648),0.007587018494554846,0.05126899437924935,0,0,3.8011437203280103,18.55458588387429,IFIH1;RNF135;OAS1;OAS2;DHX9;ISG15
GO_Biological_Process_2023,tRNA Processing (GO:0008033),0.007587018494554846,0.05126899437924935,0,0,3.8011437203280103,18.55458588387429,HEXIM1;NSUN2;DDX1;ADAT1;TRMT1;OSGEP
GO_Biological_Process_2023,Phosphatidylinositol Biosynthetic Process (GO:0006661),0.0077252975749840065,0.052106197051381885,0,0,2.7873967924229355,13.555821209081387,SOCS2;SLC27A1;EFR3A;DPM3;PIK3CA;SLC30A5;MBOAT7;PIK3R3;MTMR4
GO_Biological_Process_2023,Positive Regulation Of DNA-binding Transcription Factor Activity (GO:0051091),0.007947730554317273,0.05350684027460439,0,0,2.0077138755400386,9.707033288476087,RNF31;ATF2;USP14;DHX9;EIF2AK2;PRDX3;TRIM8;PSMA6;TRAF5;TERF2IP;TRIM27;RBCK1;ARHGEF2;MAP3K13;CARD14;PPIA;S100A9
GO_Biological_Process_2023,Endoplasmic Reticulum Mannose Trimming (GO:1904380),0.008233814449537953,0.05470558669347643,0,0,8.857573474001507,42.51197606451193,EDEM3;RNF103;UGGT1
GO_Biological_Process_2023,Mitotic DNA Integrity Checkpoint Signaling (GO:0044774),0.008233814449537953,0.05470558669347643,0,0,8.857573474001507,42.51197606451193,RAD17;SETMAR;ZNF830
GO_Biological_Process_2023,Negative Regulation Of Stem Cell Differentiation (GO:2000737),0.008233814449537953,0.05470558669347643,0,0,8.857573474001507,42.51197606451193,GSK3B;HNRNPU;HES1
GO_Biological_Process_2023,Oligosaccharide-Lipid Intermediate Biosynthetic Process (GO:0006490),0.008233814449537953,0.05470558669347643,0,0,8.857573474001507,42.51197606451193,DPAGT1;SRD5A3;ALG3
GO_Biological_Process_2023,Regulation Of Cell Communication By Electrical Coupling (GO:0010649),0.008233814449537953,0.05470558669347643,0,0,8.857573474001507,42.51197606451193,IRX3;CALM3;CALM2
GO_Biological_Process_2023,Regulation Of Intrinsic Apoptotic Signaling Pathway In Response To DNA Damage By P53 Class Mediator (GO:1902165),0.008233814449537953,0.05470558669347643,0,0,8.857573474001507,42.51197606451193,TAF9;BCL2;CD44
GO_Biological_Process_2023,Response To Thyroid Hormone (GO:0097066),0.008233814449537953,0.05470558669347643,0,0,8.857573474001507,42.51197606451193,HPN;KLF9;CTSS
GO_Biological_Process_2023,Cellular Response To Heat (GO:0034605),0.008246617983058566,0.05470558669347643,0,0,4.432830188679246,21.26850693103326,SUMO1;HSBP1;TPR;HSPA6;MAPT
GO_Biological_Process_2023,Negative Regulation Of DNA-binding Transcription Factor Activity (GO:0043433),0.008384729135428247,0.0554258548387787,0,0,2.334924625898563,11.16407595382337,NFKBIA;SFRP4;SP100;SUMO1;WFS1;TAX1BP1;ERBIN;HES1;NUPR1;RBCK1;COMMD1;MTURN
GO_Biological_Process_2023,Fatty Acid Beta-Oxidation (GO:0006635),0.008385800235132725,0.0554258548387787,0,0,3.712639640272606,17.750930014855292,HADHB;ECI2;ACOX3;ACADS;MTLN;DECR1
GO_Biological_Process_2023,Cellular Response To Type II Interferon (GO:0071346),0.008431244209586982,0.05562471134266676,0,0,3.268727373990532,15.61082390285869,SP100;CCL22;STAT1;IFNGR2;CD47;GBP2;GBP1
GO_Biological_Process_2023,Positive Regulation Of Gene Expression (GO:0010628),0.008454453700227018,0.055676420549495016,0,0,1.683025250694696,8.03318371992687,ATF2;GSK3B;RAMP2;GSK3A;HPN;PIK3R3;DPY30;GATA2;AGPAT1;TENT4B;ERBB2;S100A13;MBIP;METTL5;SOX4;TFAP2A;USP21;METTL3;CIRBP;EIF2AK2;ADRA2A;SFRP4;PDCL3;PLSCR1;OCLN;PIP;FGFR4;RBM24
GO_Biological_Process_2023,Cellular Response To Lipid (GO:0071396),0.008474940582065915,0.05571004498773637,0,0,2.0427490477959114,9.745223660756453,GSK3B;URI1;MGST1;NR1H3;ADCY2;ATP1A1;NR3C1;CDC73;FAM210B;PABPN1;ZNF703;PDCD4;PLAA;FFAR2;GBP2;CHMP5
GO_Biological_Process_2023,Activation Of Protein Kinase Activity (GO:0032147),0.008552941257104292,0.05601944526805017,0,0,2.9583963691376702,14.08634528723739,STK11;CAB39;STRADB;COPS8;PRLR;CARD14;PPIA;ADRA2A
GO_Biological_Process_2023,Regulation Of Protein Localization To Plasma Membrane (GO:1903076),0.008552941257104292,0.05601944526805017,0,0,2.9583963691376702,14.08634528723739,VAMP8;TMEM59;DLG1;CLTC;PPP2R5A;GBP1;SPTBN1;NKD2
GO_Biological_Process_2023,Protein Processing (GO:0016485),0.008724356346660725,0.05703902290181434,0,0,2.561698717948718,12.146644360187212,BACE2;MBTPS1;NCSTN;SPCS1;CPD;PSEN2;SDE2;LONP2;CTSS;PARL
GO_Biological_Process_2023,RNA Splicing (GO:0008380),0.008816163971256341,0.05732680132443827,0,0,2.723892023948799,12.887191943527858,IVNS1ABP;SMU1;SF3A3;RSRC1;SNRPG;PPIG;HNRNPC;SF3B1;BCAS2
GO_Biological_Process_2023,Negative Regulation Of Epidermal Growth Factor Receptor Signaling Pathway (GO:0042059),0.008847510198884868,0.05732680132443827,0,0,5.59688814797174,26.459955829443984,RNF126;GPRC5A;RAB7A;SNX6
GO_Biological_Process_2023,Protein Targeting To ER (GO:0045047),0.008847510198884868,0.05732680132443827,0,0,5.59688814797174,26.459955829443984,SPCS1;SRP54;GET3;SRP9
GO_Biological_Process_2023,Regulation Of Centrosome Cycle (GO:0046605),0.008847510198884868,0.05732680132443827,0,0,5.59688814797174,26.459955829443984,CHMP1B;CHMP2A;CHMP3;CHMP5
GO_Biological_Process_2023,"Regulation Of Nuclear-Transcribed mRNA Catabolic Process, Deadenylation-Dependent Decay (GO:1900151)",0.008847510198884868,0.05732680132443827,0,0,5.59688814797174,26.459955829443984,DHX9;CSDE1;HNRNPU;TOB1
GO_Biological_Process_2023,Receptor Internalization (GO:0031623),0.00924313124808679,0.0597832524653042,0,0,3.6281584729469927,16.99383921125662,LMBRD1;RAMP2;CLTC;CD9;GRB2;RAMP1
GO_Biological_Process_2023,RNA Stabilization (GO:0043489),0.009296015412614371,0.05991133064855738,0,0,4.2897139379184415,20.068008568737746,THRAP3;NSUN2;CIRBP;HNRNPU;RBM24
GO_Biological_Process_2023,Regulation Of Intracellular Protein Transport (GO:0033157),0.009296015412614371,0.05991133064855738,0,0,4.2897139379184415,20.068008568737746,GSK3B;RUFY3;TPR;GCC2;UHMK1
GO_Biological_Process_2023,Cellular Response To Insulin Stimulus (GO:0032869),0.00940347755391349,0.0603889994685721,0,0,2.6932099447983737,12.56833741941099,RAB10;GSK3B;SLC27A1;GSK3A;PIK3R3;INHBB;GRB2;RAB8A;PCK2
GO_Biological_Process_2023,Positive Regulation Of Cold-Induced Thermogenesis (GO:0120162),0.00940347755391349,0.0603889994685721,0,0,2.6932099447983737,12.56833741941099,FH;IL4R;SCD;APLP2;GNAS;STAT6;ADIPOR1;PRLR;DECR1
GO_Biological_Process_2023,Negative Regulation Of Multicellular Organismal Process (GO:0051241),0.009552159581807674,0.061235260186384775,0,0,2.0136699118348123,9.365554627787786,TLE3;GSK3B;GSK3A;PPP1R11;HPN;TACSTD2;STC1;NR1H3;ARID4B;ADIPOR1;GRHL2;STK11;RAB11FIP1;ARHGDIB;NPTN;CALR
GO_Biological_Process_2023,Regulation Of NIK/NF-kappaB Signaling (GO:1901222),0.009874519464125492,0.06307849999834661,0,0,2.8782761581551295,13.291296825182425,NFKBIA;DLG1;TSPAN6;TRIP6;PDCD4;TERF2IP;EIF2AK2;ADIPOR1
GO_Biological_Process_2023,Ribosomal Small Subunit Biogenesis (GO:0042274),0.009874519464125492,0.06307849999834661,0,0,2.8782761581551295,13.291296825182425,EMG1;NOP58;UTP11;PNO1;NGDN;HEATR1;NOL11;METTL17
GO_Biological_Process_2023,Peptidyl-Threonine Modification (GO:0018210),0.009933582875210135,0.0633440795317097,0,0,3.1577437001165816,14.562989926177531,ATF2;GSK3B;GSK3A;STK11;GALNT2;GALNT1;ACVR1B
GO_Biological_Process_2023,Endosome Organization (GO:0007032),0.010161215570549243,0.06416171788173998,0,0,3.547432024169184,16.279794168187244,LAPTM4B;ARFGEF2;ATP6AP2;TMEM9;TMCC1;ATP6V1D
GO_Biological_Process_2023,Cell Morphogenesis Involved In Differentiation (GO:0000904),0.010316845193895552,0.06416171788173998,0,0,5.316892911010558,24.319347289712326,RAB25;METTL3;GRHL2;SIPA1L3
GO_Biological_Process_2023,Negative Regulation Of Ion Transmembrane Transporter Activity (GO:0032413),0.010316845193895552,0.06416171788173998,0,0,5.316892911010558,24.319347289712326,CAB39;NEDD4L;CALM2;ADRA2A
GO_Biological_Process_2023,Negative Regulation Of Stress Fiber Assembly (GO:0051497),0.010316845193895552,0.06416171788173998,0,0,5.316892911010558,24.319347289712326,TACSTD2;RHPN2;F11R;PAK2
GO_Biological_Process_2023,Peroxisome Organization (GO:0007031),0.010316845193895552,0.06416171788173998,0,0,5.316892911010558,24.319347289712326,PEX19;PEX11A;LONP2;DNM1L
GO_Biological_Process_2023,Positive Regulation Of Lipid Metabolic Process (GO:0045834),0.010316845193895552,0.06416171788173998,0,0,5.316892911010558,24.319347289712326,EEF1A2;NR1H3;CREBL2;FLNB
GO_Biological_Process_2023,Positive Regulation Of Peptidyl-Threonine Phosphorylation (GO:0010800),0.010316845193895552,0.06416171788173998,0,0,5.316892911010558,24.319347289712326,CAB39;CALM3;CALM2;UBE2K
GO_Biological_Process_2023,Regulation Of Cell Size (GO:0008361),0.010316845193895552,0.06416171788173998,0,0,5.316892911010558,24.319347289712326,VAV3;SLC9A3R1;DEPTOR;RAC1
GO_Biological_Process_2023,Regulation Of Lysosomal Lumen pH (GO:0035751),0.010316845193895552,0.06416171788173998,0,0,5.316892911010558,24.319347289712326,ATP6AP2;PPT1;TMEM9;ATP6V1D
GO_Biological_Process_2023,Stress Granule Assembly (GO:0034063),0.010316845193895552,0.06416171788173998,0,0,5.316892911010558,24.319347289712326,TIA1;CSDE1;CIRBP;MAPT
GO_Biological_Process_2023,Transcription By RNA Polymerase II (GO:0006366),0.010336823483445012,0.06416171788173998,0,0,2.109267940858276,9.643663014841025,SUPT16H;NFIX;TSC22D1;CEBPD;TAF9;SUPT4H1;EAF2;ELP2;NR1H3;CDC73;TFCP2;NFX1;RREB1;IRF9
GO_Biological_Process_2023,Regulation Of Small GTPase Mediated Signal Transduction (GO:0051056),0.010383581737282604,0.06416171788173998,0,0,2.4896629849900878,11.371608878463368,ARHGEF11;VAV3;PREX1;ARHGAP32;RALBP1;ARHGAP8;SPATA13;PLEKHG4B;ARHGEF2;CD2AP
GO_Biological_Process_2023,Cellular Response To Interleukin-4 (GO:0071353),0.010417831503134637,0.06416171788173998,0,0,7.971590052750565,36.384221272747475,STAT5A;IL4R;STAT6
GO_Biological_Process_2023,Negative Regulation Of Translational Initiation (GO:0045947),0.010417831503134637,0.06416171788173998,0,0,7.971590052750565,36.384221272747475,RBM4;TPR;EIF2AK2
GO_Biological_Process_2023,Positive Regulation Of Insulin Secretion Involved In Cellular Response To Glucose Stimulus (GO:0035774),0.010417831503134637,0.06416171788173998,0,0,7.971590052750565,36.384221272747475,ANO1;BAIAP3;TRPM4
GO_Biological_Process_2023,Positive Regulation Of Response To Cytokine Stimulus (GO:0060760),0.010417831503134637,0.06416171788173998,0,0,7.971590052750565,36.384221272747475,IFIH1;DHX9;TAF9
GO_Biological_Process_2023,Regulation Of Fatty Acid Beta-Oxidation (GO:0031998),0.010417831503134637,0.06416171788173998,0,0,7.971590052750565,36.384221272747475,LONP2;MTLN;ABCD1
GO_Biological_Process_2023,Regulation Of Lamellipodium Organization (GO:1902743),0.010417831503134637,0.06416171788173998,0,0,7.971590052750565,36.384221272747475,TWF1;RAC1;CD44
GO_Biological_Process_2023,Regulation Of Phosphate Metabolic Process (GO:0019220),0.010417831503134637,0.06416171788173998,0,0,7.971590052750565,36.384221272747475,RAD17;SMG7;CD24
GO_Biological_Process_2023,Melanosome Organization (GO:0032438),0.010433807794683836,0.06416171788173998,0,0,4.155542452830189,18.960510153452447,BACE2;AP1G1;KIF13A;HPS3;AP3B1
GO_Biological_Process_2023,Positive Regulation Of Exocytosis (GO:0045921),0.010433807794683836,0.06416171788173998,0,0,4.155542452830189,18.960510153452447,RAB2B;SDC4;CHMP2A;SDC1;RAB7A
GO_Biological_Process_2023,Vascular Transport (GO:0010232),0.010589455554209589,0.06500848816499513,0,0,2.83981845688351,12.91520051157602,SLC5A6;SLC7A5;SLC9A3R1;SLC27A1;SLC38A1;SLC7A8;SLC1A2;SLC29A1
GO_Biological_Process_2023,Negative Regulation Of MAPK Cascade (GO:0043409),0.010666148958373681,0.06536851358245258,0,0,2.633868780727221,11.959555825156455,SLC9A3R1;DUSP5;DLG1;PSCA;NF1;PEBP1;PPIA;DUSP16;GBP1
GO_Biological_Process_2023,Positive Regulation Of Cytokine Production (GO:0001819),0.010718006837620975,0.06557294918537311,0,0,1.8288716929833735,8.295451219119622,RAB2B;TMED10;DHX9;CXCL17;EIF2AK2;ISG15;AGPAT1;ADRA2A;FOXP1;HSPD1;IFIH1;SLC7A5;PNP;DHX58;S100A13;FFAR2;TRIM27;ARHGEF2;IL6ST;SPTBN1
GO_Biological_Process_2023,Negative Regulation Of Cellular Catabolic Process (GO:0031330),0.010753818833824303,0.06557294918537311,0,0,3.1050264550264552,14.073514855113999,GSK3A;RRAGA;APOC1;BCL2;FOXK2;TRIM27;NUPR1
GO_Biological_Process_2023,Skin Development (GO:0043588),0.010753818833824303,0.06557294918537311,0,0,3.1050264550264552,14.073514855113999,RYR1;DSP;UGCG;CSTA;OPN3;TXNIP;DHCR24
GO_Biological_Process_2023,Positive Regulation Of Angiogenesis (GO:0045766),0.010986745248104206,0.06688065762795535,0,0,2.466540404040404,11.126725839484303,PDCL3;SMOC2;ECM1;RAMP2;BTG1;LRG1;S100A1;GATA2;HK2;RHOB
GO_Biological_Process_2023,Negative Regulation Of Response To Stimulus (GO:0048585),0.011142220089219812,0.06748682468754875,0,0,3.470215420990411,15.605606548546005,WFS1;APLP2;IGFBP3;LPCAT3;NR1H3;ADRA2A
GO_Biological_Process_2023,Positive Regulation Of Telomere Maintenance (GO:0032206),0.011142220089219812,0.06748682468754875,0,0,3.470215420990411,15.605606548546005,INO80B;RUVBL1;ACTL6A;TINF2;TERF2IP;UCHL5
GO_Biological_Process_2023,Protein K63-linked Ubiquitination (GO:0070534),0.011142220089219812,0.06748682468754875,0,0,3.470215420990411,15.605606548546005,TRIM8;RNF135;RNF126;HECTD1;TRAF5;TRIM27
GO_Biological_Process_2023,Positive Regulation Of Cell Growth (GO:0030307),0.011343220328792354,0.06760464186540584,0,0,2.605165717671066,11.668889054637432,RUFY3;HPN;ERBB2;BCL2;PLAA;NEDD4L;MAPT;MAP3K13;S100A9
GO_Biological_Process_2023,Negative Regulation Of Cytokine Production (GO:0001818),0.011350420511897672,0.06760464186540584,0,0,2.152596009187076,9.640402273811063,PPP1R11;APLP2;C5AR2;INHBB;DHX58;NPTN;PDCD4;APOD;TRIM27;RAC1;XAF1;TRIB2;GBP1
GO_Biological_Process_2023,Positive Regulation Of Cellular Biosynthetic Process (GO:0031328),0.011350420511897672,0.06760464186540584,0,0,2.152596009187076,9.640402273811063,SLC27A1;OPN3;ELOVL5;METTL3;CIRBP;NR1H3;ASS1;KLF2;SMOC2;ERBB2;METTL5;FGFR4;SOX4
GO_Biological_Process_2023,Phospholipid Metabolic Process (GO:0006644),0.011622109291227511,0.06760464186540584,0,0,3.0540376442015784,13.605267448937568,PIP4P1;GPX4;PLPPR3;PLAA;MBOAT2;AGPAT1;PLPP2
GO_Biological_Process_2023,Cellular Response To Type I Interferon (GO:0071357),0.011663286040067139,0.06760464186540584,0,0,4.029502572898799,17.93656234217844,IFITM1;SP100;STAT1;OAS2;IFIT1
GO_Biological_Process_2023,Organelle Transport Along Microtubule (GO:0072384),0.011663286040067139,0.06760464186540584,0,0,4.029502572898799,17.93656234217844,RHOT1;MAP1S;COPG1;MAPT;LRPPRC
GO_Biological_Process_2023,Positive Regulation Of Axonogenesis (GO:0050772),0.011663286040067139,0.06760464186540584,0,0,4.029502572898799,17.93656234217844,RUFY3;PLXNA1;MAPT;MAP3K13;PLXNA4
GO_Biological_Process_2023,Positive Regulation Of Myoblast Differentiation (GO:0045663),0.011663286040067139,0.06760464186540584,0,0,4.029502572898799,17.93656234217844,BTG1;IGFBP3;ACTL6A;RBM24;SOX4
GO_Biological_Process_2023,Response To Peptide (GO:1901652),0.011663286040067139,0.06760464186540584,0,0,4.029502572898799,17.93656234217844,EIF2B5;STAT5A;STAT1;ERBIN;STAT6
GO_Biological_Process_2023,Tumor Necrosis Factor-Mediated Signaling Pathway (GO:0033209),0.011663286040067139,0.06760464186540584,0,0,4.029502572898799,17.93656234217844,NFKBIA;RRAGA;STAT1;TRAF5;CARD14
GO_Biological_Process_2023,Positive Regulation Of Nucleic Acid-Templated Transcription (GO:1903508),0.01185283716144884,0.06760464186540584,0,0,1.5917308308916205,7.059625507700339,MESP1;INO80B;SP100;MEAF6;CHD8;TAF9;FOXK2;CREBL2;CDH1;MYB;RUVBL1;RREB1;MTA3;TEAD2;SOX4;RNF20;TFAP2A;ARHGEF11;JUN;STAT1;CNBP;ACTL6A;ESRRB;NR1H3;PARP9;ILF2;KLF2;UCHL5;TMEM98;THRAP3;IRF6
GO_Biological_Process_2023,Negative Regulation Of Intracellular Protein Transport (GO:0090317),0.01193520970067181,0.06760464186540584,0,0,5.063563887093299,22.422789819923434,S100G;SP100;SUMO1;APOD
GO_Biological_Process_2023,Negative Regulation Of Protein Localization To Membrane (GO:1905476),0.01193520970067181,0.06760464186540584,0,0,5.063563887093299,22.422789819923434,TMEM59;CLTC;PPP2R5A;GBP1
GO_Biological_Process_2023,Negative Regulation Of Telomere Maintenance Via Telomere Lengthening (GO:1904357),0.01193520970067181,0.06760464186540584,0,0,5.063563887093299,22.422789819923434,TINF2;HNRNPU;HNRNPC;TENT4B
GO_Biological_Process_2023,Organelle Membrane Fusion (GO:0090174),0.01193520970067181,0.06760464186540584,0,0,5.063563887093299,22.422789819923434,VAMP8;GOSR1;STX6;SYT7
GO_Biological_Process_2023,Positive Regulation Of Peptidase Activity (GO:0010952),0.01193520970067181,0.06760464186540584,0,0,5.063563887093299,22.422789819923434,NCSTN;PSME1;PSME2;CTSS
GO_Biological_Process_2023,Positive Regulation Of Release Of Cytochrome C From Mitochondria (GO:0090200),0.01193520970067181,0.06760464186540584,0,0,5.063563887093299,22.422789819923434,BNIP3;TNFSF10;PPIF;DNM1L
GO_Biological_Process_2023,Protein Targeting To Lysosome (GO:0006622),0.01193520970067181,0.06760464186540584,0,0,5.063563887093299,22.422789819923434,BECN1;M6PR;GCC2;RAB7A
GO_Biological_Process_2023,Regulation Of Interferon-Alpha Production (GO:0032647),0.01193520970067181,0.06760464186540584,0,0,5.063563887093299,22.422789819923434,IFIH1;DHX9;STAT1;HSPD1
GO_Biological_Process_2023,Regulation Of Mitochondrial Fission (GO:0090140),0.01193520970067181,0.06760464186540584,0,0,5.063563887093299,22.422789819923434,RALBP1;BNIP3;MAPT;DNM1L
GO_Biological_Process_2023,Vesicle Cargo Loading (GO:0035459),0.01193520970067181,0.06760464186540584,0,0,5.063563887093299,22.422789819923434,TMED10;KIF13A;TMED2;MIA3
GO_Biological_Process_2023,Positive Regulation Of Protein Localization (GO:1903829),0.012133187442032387,0.06760464186540584,0,0,2.7658997583354616,12.20262647280592,GSK3B;ORMDL3;MEAK7;MAPT;PARP9;GAS8;RTN4;GPR137B
GO_Biological_Process_2023,Transport Across Blood-Brain Barrier (GO:0150104),0.012133187442032387,0.06760464186540584,0,0,2.7658997583354616,12.20262647280592,SLC5A6;SLC7A5;SLC9A3R1;SLC27A1;SLC38A1;SLC7A8;SLC1A2;SLC29A1
GO_Biological_Process_2023,Actin Polymerization Or Depolymerization (GO:0008154),0.01218826934072506,0.06760464186540584,0,0,3.3962846307128625,14.96838180782273,ENAH;PREX1;COBL;TWF1;CAPG;RAC1
GO_Biological_Process_2023,Purine Ribonucleotide Biosynthetic Process (GO:0009152),0.01218826934072506,0.06760464186540584,0,0,3.3962846307128625,14.96838180782273,SLC25A16;ATIC;PPCS;ADCY2;PAICS;COASY
GO_Biological_Process_2023,5S Class rRNA Transcription By RNA Polymerase III (GO:0042791),0.01226290715228372,0.06760464186540584,0,0,17.704819277108435,77.92203014130428,GTF3C2;GTF3C6
GO_Biological_Process_2023,COPI Coating Of Golgi Vesicle (GO:0048205),0.01226290715228372,0.06760464186540584,0,0,17.704819277108435,77.92203014130428,TMED10;TMED2
GO_Biological_Process_2023,COPI-coated Vesicle Budding (GO:0035964),0.01226290715228372,0.06760464186540584,0,0,17.704819277108435,77.92203014130428,TMED10;TMED2
GO_Biological_Process_2023,Golgi Transport Vesicle Coating (GO:0048200),0.01226290715228372,0.06760464186540584,0,0,17.704819277108435,77.92203014130428,TMED10;TMED2
GO_Biological_Process_2023,His-Purkinje System Development (GO:0003164),0.01226290715228372,0.06760464186540584,0,0,17.704819277108435,77.92203014130428,IRX3;HOPX
GO_Biological_Process_2023,Adiponectin-Activated Signaling Pathway (GO:0033211),0.01226290715228372,0.06760464186540584,0,0,17.704819277108435,77.92203014130428,SLC27A1;APLP2
GO_Biological_Process_2023,Amylin Receptor Signaling Pathway (GO:0097647),0.01226290715228372,0.06760464186540584,0,0,17.704819277108435,77.92203014130428,RAMP2;RAMP1
GO_Biological_Process_2023,Aspartate Metabolic Process (GO:0006531),0.01226290715228372,0.06760464186540584,0,0,17.704819277108435,77.92203014130428,GOT2;ASS1
GO_Biological_Process_2023,Astrocyte Differentiation (GO:0048708),0.01226290715228372,0.06760464186540584,0,0,17.704819277108435,77.92203014130428,EIF2B5;S100A9
GO_Biological_Process_2023,Axo-Dendritic Transport (GO:0008088),0.01226290715228372,0.06760464186540584,0,0,17.704819277108435,77.92203014130428,DCTN1;MAPT
GO_Biological_Process_2023,"Establishment Of Mitochondrion Localization, Microtubule-Mediated (GO:0034643)",0.01226290715228372,0.06760464186540584,0,0,17.704819277108435,77.92203014130428,RHOT1;MAP1S
GO_Biological_Process_2023,Gamma-Aminobutyric Acid Metabolic Process (GO:0009448),0.01226290715228372,0.06760464186540584,0,0,17.704819277108435,77.92203014130428,SLC38A1;ALDH5A1
GO_Biological_Process_2023,Negative Regulation Of Glycogen Biosynthetic Process (GO:0045719),0.01226290715228372,0.06760464186540584,0,0,17.704819277108435,77.92203014130428,GSK3B;GSK3A
GO_Biological_Process_2023,Negative Regulation Of Protein Polyubiquitination (GO:1902915),0.01226290715228372,0.06760464186540584,0,0,17.704819277108435,77.92203014130428,PLAA;PPIA
GO_Biological_Process_2023,Negative Regulation Of Trophoblast Cell Migration (GO:1901164),0.01226290715228372,0.06760464186540584,0,0,17.704819277108435,77.92203014130428,ARHGDIB;CALR
GO_Biological_Process_2023,"Pentose-Phosphate Shunt, Non-Oxidative Branch (GO:0009052)",0.01226290715228372,0.06760464186540584,0,0,17.704819277108435,77.92203014130428,RPIA;RPE
GO_Biological_Process_2023,Plus-End-Directed Organelle Transport Along Microtubule (GO:0072386),0.01226290715228372,0.06760464186540584,0,0,17.704819277108435,77.92203014130428,KIF13A;MAPT
GO_Biological_Process_2023,Positive Regulation Of Autophagy Of Mitochondrion In Response To Mitochondrial Depolarization (GO:1904925),0.01226290715228372,0.06760464186540584,0,0,17.704819277108435,77.92203014130428,TOMM7;HK2
GO_Biological_Process_2023,Positive Regulation Of Protein Localization To Cilium (GO:1903566),0.01226290715228372,0.06760464186540584,0,0,17.704819277108435,77.92203014130428,GSK3B;GAS8
GO_Biological_Process_2023,Protein Geranylgeranylation (GO:0018344),0.01226290715228372,0.06760464186540584,0,0,17.704819277108435,77.92203014130428,CHML;RABGGTA
GO_Biological_Process_2023,Protein Ufmylation (GO:0071569),0.01226290715228372,0.06760464186540584,0,0,17.704819277108435,77.92203014130428,UBA5;UFC1
GO_Biological_Process_2023,Proton-Transporting V-type ATPase Complex Assembly (GO:0070070),0.01226290715228372,0.06760464186540584,0,0,17.704819277108435,77.92203014130428,PIP4P1;TMEM9
GO_Biological_Process_2023,Purine Ribonucleoside Catabolic Process (GO:0046130),0.01226290715228372,0.06760464186540584,0,0,17.704819277108435,77.92203014130428,PNP;SORD
GO_Biological_Process_2023,Radial Glial Cell Differentiation (GO:0060019),0.01226290715228372,0.06760464186540584,0,0,17.704819277108435,77.92203014130428,METTL3;HES1
GO_Biological_Process_2023,Regulation Of 3'-UTR-mediated mRNA Stabilization (GO:1905868),0.01226290715228372,0.06760464186540584,0,0,17.704819277108435,77.92203014130428,RBM24;TENT4B
GO_Biological_Process_2023,Regulation Of Endoplasmic Reticulum Tubular Network Organization (GO:1903371),0.01226290715228372,0.06760464186540584,0,0,17.704819277108435,77.92203014130428,TMEM33;RAB3GAP2
GO_Biological_Process_2023,Regulation Of Extracellular Exosome Assembly (GO:1903551),0.01226290715228372,0.06760464186540584,0,0,17.704819277108435,77.92203014130428,SDC4;SDC1
GO_Biological_Process_2023,Regulation Of Glycogen (Starch) Synthase Activity (GO:2000465),0.01226290715228372,0.06760464186540584,0,0,17.704819277108435,77.92203014130428,GSK3B;GSK3A
GO_Biological_Process_2023,Regulation Of mRNA Export From Nucleus (GO:0010793),0.01226290715228372,0.06760464186540584,0,0,17.704819277108435,77.92203014130428,NSUN2;TPR
GO_Biological_Process_2023,Regulation Of Ribonuclease Activity (GO:0060700),0.01226290715228372,0.06760464186540584,0,0,17.704819277108435,77.92203014130428,OAS1;OAS2
GO_Biological_Process_2023,Regulation Of Ribonucleoprotein Complex Localization (GO:2000197),0.01226290715228372,0.06760464186540584,0,0,17.704819277108435,77.92203014130428,NSUN2;TPR
GO_Biological_Process_2023,Response To Lithium Ion (GO:0010226),0.01226290715228372,0.06760464186540584,0,0,17.704819277108435,77.92203014130428,CDH1;IMPA2
GO_Biological_Process_2023,Short-Chain Fatty Acid Catabolic Process (GO:0019626),0.01226290715228372,0.06760464186540584,0,0,17.704819277108435,77.92203014130428,PCCB;PCK2
GO_Biological_Process_2023,succinyl-CoA Catabolic Process (GO:1901289),0.01226290715228372,0.06760464186540584,0,0,17.704819277108435,77.92203014130428,SUCLG2;SUCLG1
GO_Biological_Process_2023,Intracellular Calcium Ion Homeostasis (GO:0006874),0.012784855319065943,0.07007962219008732,0,0,2.2896903430629263,9.981891282130919,RYR1;LETM1;WFS1;CCDC47;BCL2;NPTN;STC1;CALR;ATP13A3;MAIP1;TMCO1
GO_Biological_Process_2023,Amyloid-Beta Metabolic Process (GO:0050435),0.012905330756705753,0.07007962219008732,0,0,7.246694526272521,31.523953225905156,BACE2;NCSTN;PSEN2
GO_Biological_Process_2023,Dolichol-Linked Oligosaccharide Biosynthetic Process (GO:0006488),0.012905330756705753,0.07007962219008732,0,0,7.246694526272521,31.523953225905156,DPAGT1;SRD5A3;ALG3
GO_Biological_Process_2023,Histone mRNA Catabolic Process (GO:0071044),0.012905330756705753,0.07007962219008732,0,0,7.246694526272521,31.523953225905156,TUT7;TENT2;TENT4B
GO_Biological_Process_2023,Positive Regulation Of Telomere Maintenance In Response To DNA Damage (GO:1904507),0.012905330756705753,0.07007962219008732,0,0,7.246694526272521,31.523953225905156,INO80B;RUVBL1;UCHL5
GO_Biological_Process_2023,Protein Homotrimerization (GO:0070207),0.012905330756705753,0.07007962219008732,0,0,7.246694526272521,31.523953225905156,PNPT1;SIGMAR1;SLC1A2
GO_Biological_Process_2023,Protein Localization To Mitochondrion (GO:0070585),0.012905330756705753,0.07007962219008732,0,0,7.246694526272521,31.523953225905156,ISG15;MAIP1;HK2
GO_Biological_Process_2023,Protein Maturation By Iron-Sulfur Cluster Transfer (GO:0097428),0.012905330756705753,0.07007962219008732,0,0,7.246694526272521,31.523953225905156,GLRX5;BOLA3;MAGEF1
GO_Biological_Process_2023,Protein Trimerization (GO:0070206),0.012905330756705753,0.07007962219008732,0,0,7.246694526272521,31.523953225905156,PNPT1;SIGMAR1;SLC1A2
GO_Biological_Process_2023,Regulation Of Hemopoiesis (GO:1903706),0.012905330756705753,0.07007962219008732,0,0,7.246694526272521,31.523953225905156,PURB;ING5;MEAF6
GO_Biological_Process_2023,Negative Regulation Of Neuron Death (GO:1901215),0.012964190375324527,0.07010601063787314,0,0,2.730361922495054,11.86496332074403,TOX3;WFS1;BCL2;PPT1;IL6ST;NAIP;SNX6;NFATC4
GO_Biological_Process_2023,Regulation Of Insulin Secretion (GO:0050796),0.012964190375324527,0.07010601063787314,0,0,2.730361922495054,11.86496332074403,MIDN;SLC30A8;INHBB;ABCA12;TM7SF3;SOX4;ADRA2A;SYT7
GO_Biological_Process_2023,Response To Lipopolysaccharide (GO:0032496),0.012984594650892882,0.07010601063787314,0,0,2.1904296672001995,9.5152081865836,PRDX3;PABPN1;ERBIN;PDCD4;PLAA;NR1H3;S100A14;GBP2;S100A9;CDC73;FOXP1;CHMP5
GO_Biological_Process_2023,Regulation Of Autophagosome Assembly (GO:2000785),0.012987612683051595,0.07010601063787314,0,0,3.9108768035516093,16.987907276664547,SNX4;RAB3GAP2;WIPI1;NUPR1;SEC22B
GO_Biological_Process_2023,Negative Regulation Of Supramolecular Fiber Organization (GO:1902904),0.01350878074987806,0.07281072005365824,0,0,2.9569160997732427,12.727795134442585,PIK3CA;MYADM;TWF1;PFDN2;ARHGEF2;PFDN6;CAMSAP2
GO_Biological_Process_2023,Intrinsic Apoptotic Signaling Pathway (GO:0097193),0.013567621122155918,0.07290585765050416,0,0,2.5226821785728517,10.847707747491585,STK11;BNIP3;DNAJC10;ITPR1;BCL2;IFI6;CYCS;CD24;BCL2L2
GO_Biological_Process_2023,Positive Regulation Of Vasculature Development (GO:1904018),0.013567621122155918,0.07290585765050416,0,0,2.5226821785728517,10.847707747491585,PDCL3;SMOC2;ECM1;RAMP2;BTG1;LRG1;GATA2;HK2;RHOB
GO_Biological_Process_2023,L-amino Acid Transport (GO:0015807),0.013707589469904288,0.07290585765050416,0,0,4.833264774441245,20.733766409893935,SLC7A5;SLC38A1;SLC7A8;SFXN1
GO_Biological_Process_2023,Cellular Response To Acid Chemical (GO:0071229),0.013707589469904288,0.07290585765050416,0,0,4.833264774441245,20.733766409893935,RRAGA;SH3BP4;LAMTOR2;KLF2
GO_Biological_Process_2023,Negative Regulation Of Lipid Metabolic Process (GO:0045833),0.013707589469904288,0.07290585765050416,0,0,4.833264774441245,20.733766409893935,APOC1;PPP2R5A;APOD;ADRA2A
GO_Biological_Process_2023,Phospholipid Biosynthetic Process (GO:0008654),0.013707589469904288,0.07290585765050416,0,0,4.833264774441245,20.733766409893935,IDI1;FDPS;VAPA;SRD5A3
GO_Biological_Process_2023,Regulation Of Cardiac Muscle Cell Contraction (GO:0086004),0.013707589469904288,0.07290585765050416,0,0,4.833264774441245,20.733766409893935,DSP;DLG1;STC1;TRPM4
GO_Biological_Process_2023,Regulation Of Fatty Acid Biosynthetic Process (GO:0042304),0.013707589469904288,0.07290585765050416,0,0,4.833264774441245,20.733766409893935,ELOVL5;APOC1;NR1H3;ERLIN2
GO_Biological_Process_2023,Regulation Of Potassium Ion Transmembrane Transporter Activity (GO:1901016),0.013707589469904288,0.07290585765050416,0,0,4.833264774441245,20.733766409893935,DLG1;CAB39;NEDD4L;ATP1B3
GO_Biological_Process_2023,Regulation Of Endothelial Cell Migration (GO:0010594),0.013836074961096312,0.07337373866631162,0,0,2.695723778701239,11.538980856735881,SMOC2;SP100;NF1;STC1;RAC1;CALR;FOXP1;RHOB
GO_Biological_Process_2023,Regulation Of Vesicle-Mediated Transport (GO:0060627),0.013836074961096312,0.07337373866631162,0,0,2.695723778701239,11.538980856735881,MBTPS1;SLC30A8;RAB4B;RAB25;SEPTIN2;APEX1;CHMP3;RAB8A
GO_Biological_Process_2023,Phosphorylation (GO:0016310),0.013954778259068362,0.07389503926073919,0,0,1.6616629496197175,7.0985132909010975,BECN1;GSK3B;GSK3A;TAF9;WNK4;CDCA8;ACVR1B;HK2;STK11;ERBB2;PAK2;MAP3K1;IGFBP3;STRADB;EIF2AK2;TAOK3;PIK3CA;FAM20B;BIRC6;SGK3;COQ8A;PKN1;COPS8;MAP3K13;TRIB2
GO_Biological_Process_2023,Enzyme-Linked Receptor Protein Signaling Pathway (GO:0007167),0.014408811170454668,0.07608213286691175,0,0,2.357066237597211,9.993761375235755,DDR1;PTPRT;YES1;EFS;ERBB2;IL6ST;FGFR4;ACVR1B;MPZL1;FRK
GO_Biological_Process_2023,mRNA 3'-End Processing (GO:0031124),0.014409813127195322,0.07608213286691175,0,0,3.7990296495956875,16.10730004572071,HEXIM1;SYMPK;TENT2;TENT4B;CDC73
GO_Biological_Process_2023,Regulation Of Double-Strand Break Repair Via Homologous Recombination (GO:0010569),0.014530072723631278,0.07640974133313928,0,0,2.910631613756614,12.316438952952728,ACTR2;MEAF6;MAGEF1;RUVBL1;ACTL6A;TERF2IP;UBQLN4
GO_Biological_Process_2023,Regulation Of Hydrolase Activity (GO:0051336),0.014530072723631278,0.07640974133313928,0,0,2.910631613756614,12.316438952952728,VAV3;RALBP1;NF1;PLXNA1;RAB3GAP2;PLXNA4;GPR137B
GO_Biological_Process_2023,Positive Regulation Of Cell Differentiation (GO:0045597),0.014535149579937318,0.07640974133313928,0,0,1.8332305436603984,7.756738410177022,GSK3B;IFITM1;BTG1;IGFBP3;ACTL6A;TACSTD2;CREBL2;RBM4;IMPACT;LRG1;PPP1R13L;ZNF703;ARHGEF2;INSM1;IL6ST;RBM24;SOX4;TRPM4
GO_Biological_Process_2023,Regulation Of MAPK Cascade (GO:0043408),0.015587575073509686,0.08044301777308076,0,0,1.9959039708726818,8.305517574643433,DUSP5;ATP6AP2;EIF2AK2;PEBP1;DUSP16;ADRA2A;TAOK3;NBR1;ERBB2;NF1;GRB2;CD24;PAK2;PPIA
GO_Biological_Process_2023,Clathrin-Dependent Endocytosis (GO:0072583),0.015638512418028133,0.08044301777308076,0,0,4.622991671585022,19.222485646225465,GAK;LMBRD1;CLTC;AP2B1
GO_Biological_Process_2023,Negative Regulation Of Actin Filament Bundle Assembly (GO:0032232),0.015638512418028133,0.08044301777308076,0,0,4.622991671585022,19.222485646225465,TACSTD2;RHPN2;F11R;PAK2
GO_Biological_Process_2023,Positive Regulation Of Calcium Ion Transmembrane Transporter Activity (GO:1901021),0.015638512418028133,0.08044301777308076,0,0,4.622991671585022,19.222485646225465,VMP1;APEX1;CALM3;CALM2
GO_Biological_Process_2023,Regulation Of Insulin Secretion Involved In Cellular Response To Glucose Stimulus (GO:0061178),0.015638512418028133,0.08044301777308076,0,0,4.622991671585022,19.222485646225465,ANO1;ADRA2A;TRPM4;BAIAP3
GO_Biological_Process_2023,Regulation Of Microtubule Polymerization Or Depolymerization (GO:0031110),0.015638512418028133,0.08044301777308076,0,0,4.622991671585022,19.222485646225465,MAP1S;ARL2;MAPT;CAMSAP2
GO_Biological_Process_2023,Golgi To Endosome Transport (GO:0006895),0.01570215725167534,0.08044301777308076,0,0,6.642614920874152,27.59313788808944,DOP1B;KIF16B;WIPI1
GO_Biological_Process_2023,Negative Regulation Of Intrinsic Apoptotic Signaling Pathway By P53 Class Mediator (GO:1902254),0.01570215725167534,0.08044301777308076,0,0,6.642614920874152,27.59313788808944,TAF9;BCL2;CD44
GO_Biological_Process_2023,Negative Regulation Of Type I Interferon-Mediated Signaling Pathway (GO:0060339),0.01570215725167534,0.08044301777308076,0,0,6.642614920874152,27.59313788808944,OAS1;METTL3;ISG15
GO_Biological_Process_2023,Positive Regulation Of Autophagosome Assembly (GO:2000786),0.01570215725167534,0.08044301777308076,0,0,6.642614920874152,27.59313788808944,SNX4;RAB3GAP2;WIPI1
GO_Biological_Process_2023,Positive Regulation Of Potassium Ion Transport (GO:0043268),0.01570215725167534,0.08044301777308076,0,0,6.642614920874152,27.59313788808944,DLG1;KCNN4;ADRA2A
GO_Biological_Process_2023,Protein Localization To Cell-Cell Junction (GO:0150105),0.01570215725167534,0.08044301777308076,0,0,6.642614920874152,27.59313788808944,DSP;F11R;PAK2
GO_Biological_Process_2023,Protein Localization To Endoplasmic Reticulum (GO:0070972),0.01570215725167534,0.08044301777308076,0,0,6.642614920874152,27.59313788808944,VAPA;MIA3;KDELR2
GO_Biological_Process_2023,rRNA Transcription (GO:0009303),0.01570215725167534,0.08044301777308076,0,0,6.642614920874152,27.59313788808944,GTF3C2;NIFK;GTF3C6
GO_Biological_Process_2023,Regulation Of Cholesterol Biosynthetic Process (GO:0045540),0.01570215725167534,0.08044301777308076,0,0,6.642614920874152,27.59313788808944,MBTPS1;LPCAT3;ERLIN2
GO_Biological_Process_2023,Regulation Of Oxidative Phosphorylation (GO:0002082),0.01570215725167534,0.08044301777308076,0,0,6.642614920874152,27.59313788808944,COX7A2L;PPIF;NUPR1
GO_Biological_Process_2023,Regulation Of Telomere Maintenance In Response To DNA Damage (GO:1904505),0.01570215725167534,0.08044301777308076,0,0,6.642614920874152,27.59313788808944,INO80B;RUVBL1;UCHL5
GO_Biological_Process_2023,Sympathetic Nervous System Development (GO:0048485),0.01570215725167534,0.08044301777308076,0,0,6.642614920874152,27.59313788808944,NF1;INSM1;SOX4
GO_Biological_Process_2023,"Positive Regulation Of DNA-templated Transcription, Elongation (GO:0032786)",0.015737192287356233,0.08050863060000604,0,0,3.1922356495468276,13.253295509883973,SUPT16H;ZMYND8;THOC1;SUPT4H1;EAPP;CDC73
GO_Biological_Process_2023,O-glycan Processing (GO:0016266),0.015932767792604333,0.08116523902224036,0,0,3.693396226415094,15.288360953708125,ST6GAL1;GALNT2;GALNT1;ST3GAL1;ST6GALNAC4
GO_Biological_Process_2023,Keratinocyte Differentiation (GO:0030216),0.015932767792604333,0.08116523902224036,0,0,3.693396226415094,15.288360953708125,DSP;UGCG;CSTA;OPN3;TXNIP
GO_Biological_Process_2023,Regulation Of Dendrite Development (GO:0050773),0.015932767792604333,0.08116523902224036,0,0,3.693396226415094,15.288360953708125,GSK3B;ZNF296;NEDD4L;COBL;CAMSAP2
GO_Biological_Process_2023,Regulation Of Tumor Necrosis Factor Production (GO:0032680),0.015979849956241812,0.0812907535695335,0,0,2.315942028985507,9.579724509564327,IFIH1;ARFGEF2;OAS1;DHX9;OAS2;C5AR2;TRIM27;ARHGEF2;CD47;FOXP1
GO_Biological_Process_2023,Chromatin Remodeling (GO:0006338),0.016222352067117776,0.08240863841108076,0,0,1.932220201686229,7.963385156908319,INO80B;KDM5B;PARP2;CHD8;ACTL6A;BAZ1A;UCHL5;CFDP1;RUVBL1;PCGF1;HDGF;TRIP12;HNRNPC;SF3B1;MTA3
GO_Biological_Process_2023,Protein Phosphorylation (GO:0006468),0.016300002752042672,0.0826871288065806,0,0,1.5889322649133621,6.54098267612582,DDR1;ATF2;BECN1;GSK3B;GSK3A;CAB39;TAF9;WNK4;CDCA8;ACVR1B;STK11;ERBB2;PAK2;MAP3K1;IGFBP3;STRADB;EIF2AK2;UHMK1;TAOK3;FAM20B;BIRC6;SGK3;COQ8A;PKN1;COPS8;MAP3K13;FGFR4;TRIB2
GO_Biological_Process_2023,Vesicle Organization (GO:0016050),0.01670774983431716,0.08463702083901645,0,0,2.596878343972547,10.626121323697674,VAMP8;LAPTM4B;ARFGEF2;TRAPPC3;GOSR1;STX6;SYT7;CHMP5
GO_Biological_Process_2023,Cellular Response To Reactive Oxygen Species (GO:0034614),0.016735661300265683,0.08466000730385796,0,0,2.8222703222703225,11.543687972698326,PRDX3;JUN;PPIF;MAPT;PEX13;ANKZF1;RHOB
GO_Biological_Process_2023,Positive Regulation Of Protein Modification Process (GO:0031401),0.016828846594039604,0.08501266717379559,0,0,1.9228758408891489,7.854295581824035,RALBP1;ASPSCR1;CDCA8;PIK3R3;PPP2R5A;MOB1A;ERBB2;NPTN;RAB3GAP2;CALM3;RAC1;CALM2;RAMP1;CARD14;PPIA
GO_Biological_Process_2023,Positive Regulation Of Metabolic Process (GO:0009893),0.017015753591183354,0.08522643926250599,0,0,2.420480352350148,9.860106721781206,FH;IL4R;SCD;APLP2;GNAS;STAT6;ADIPOR1;PRLR;DECR1
GO_Biological_Process_2023,DNA Repair (GO:0006281),0.01709322690926383,0.08522643926250599,0,0,1.7986434639627296,7.318811521868615,SLC30A9;POLDIP2;PARP2;INTS3;CETN2;DDX1;LIG3;RAD23A;COMMD1;PARP9;BACH1;SUMO1;APEX1;PSME4;NSD2;PWWP3A;RAD17;PMS2
GO_Biological_Process_2023,Amino Acid Transmembrane Transport (GO:0003333),0.017559205104738174,0.08522643926250599,0,0,3.5934727180010198,14.525452624158936,SLC7A5;SLC38A1;SLC7A8;SLC38A10;SFXN1
GO_Biological_Process_2023,Energy Derivation By Oxidation Of Organic Compounds (GO:0015980),0.017559205104738174,0.08522643926250599,0,0,3.5934727180010198,14.525452624158936,CHCHD5;CYCS;NDUFS1;COX6C;MTLN
GO_Biological_Process_2023,Lipid Modification (GO:0030258),0.017559205104738174,0.08522643926250599,0,0,3.5934727180010198,14.525452624158936,PLPPR3;MBOAT7;LPCAT3;MBOAT2;PLPP2
GO_Biological_Process_2023,Phosphatidylinositol Phosphate Biosynthetic Process (GO:0046854),0.017559205104738174,0.08522643926250599,0,0,3.5934727180010198,14.525452624158936,SOCS2;BECN1;EFR3A;PIK3CA;PIK3R3
GO_Biological_Process_2023,Regulation Of Axonogenesis (GO:0050770),0.017559205104738174,0.08522643926250599,0,0,3.5934727180010198,14.525452624158936,GSK3B;RUFY3;PLXNA1;PAK2;PLXNA4
GO_Biological_Process_2023,Regulation Of Ubiquitin-Dependent Protein Catabolic Process (GO:2000058),0.017559205104738174,0.08522643926250599,0,0,3.5934727180010198,14.525452624158936,PDCL3;MAGEF1;RAD23A;COMMD1;UBQLN4
GO_Biological_Process_2023,Regulation Of DNA Repair (GO:0006282),0.01767447152591199,0.08522643926250599,0,0,2.2762237762237763,9.186005988209944,INO80B;MEAF6;TMEM98;DHX9;RUVBL1;ACTL6A;TAF9;TRIP12;PPP4R3B;UCHL5
GO_Biological_Process_2023,Cellular Response To Osmotic Stress (GO:0071470),0.01773204465140624,0.08522643926250599,0,0,4.430241327300151,17.86442469264048,CAB39;SLC4A11;ARHGEF2;YBX3
GO_Biological_Process_2023,Positive Regulation Of Dephosphorylation (GO:0035306),0.01773204465140624,0.08522643926250599,0,0,4.430241327300151,17.86442469264048,PPP2R5A;CALM3;CALM2;PPIA
GO_Biological_Process_2023,Primary Neural Tube Formation (GO:0014020),0.01773204465140624,0.08522643926250599,0,0,4.430241327300151,17.86442469264048,SEMA4C;COBL;IFT122;GRHL2
GO_Biological_Process_2023,Regulation Of Cardiac Muscle Cell Action Potential (GO:0098901),0.01773204465140624,0.08522643926250599,0,0,4.430241327300151,17.86442469264048,DSP;DLG1;CALM3;TRPM4
GO_Biological_Process_2023,Regulation Of Protein Localization To Membrane (GO:1905475),0.01773204465140624,0.08522643926250599,0,0,4.430241327300151,17.86442469264048,VAMP8;CRIPT;GBP1;SPTBN1
GO_Biological_Process_2023,Sterol Biosynthetic Process (GO:0016126),0.01773204465140624,0.08522643926250599,0,0,4.430241327300151,17.86442469264048,SQLE;G6PD;DHCR24;TM7SF2
GO_Biological_Process_2023,Transcription By RNA Polymerase III (GO:0006383),0.01773204465140624,0.08522643926250599,0,0,4.430241327300151,17.86442469264048,IVNS1ABP;GTF3C2;RO60;GTF3C6
GO_Biological_Process_2023,Vesicle Coating (GO:0006901),0.01773204465140624,0.08522643926250599,0,0,4.430241327300151,17.86442469264048,TRAPPC3;TRAPPC6A;TMED10;TMED2
GO_Biological_Process_2023,AMP Biosynthetic Process (GO:0006167),0.017953554157176164,0.08522643926250599,0,0,13.27823795180723,53.37808078063787,ATIC;PAICS
GO_Biological_Process_2023,GMP Biosynthetic Process (GO:0006177),0.017953554157176164,0.08522643926250599,0,0,13.27823795180723,53.37808078063787,ATIC;PAICS
GO_Biological_Process_2023,Adenosine To Inosine Editing (GO:0006382),0.017953554157176164,0.08522643926250599,0,0,13.27823795180723,53.37808078063787,METTL3;ADAR
GO_Biological_Process_2023,Autophagosome Membrane Docking (GO:0016240),0.017953554157176164,0.08522643926250599,0,0,13.27823795180723,53.37808078063787,VAMP8;VMP1
GO_Biological_Process_2023,Calcitonin Family Receptor Signaling Pathway (GO:0097646),0.017953554157176164,0.08522643926250599,0,0,13.27823795180723,53.37808078063787,RAMP2;RAMP1
GO_Biological_Process_2023,Cellular Hyperosmotic Response (GO:0071474),0.017953554157176164,0.08522643926250599,0,0,13.27823795180723,53.37808078063787,ARHGEF2;YBX3
GO_Biological_Process_2023,Cellular Hypotonic Response (GO:0071476),0.017953554157176164,0.08522643926250599,0,0,13.27823795180723,53.37808078063787,CAB39;SLC4A11
GO_Biological_Process_2023,Cellular Response To Interleukin-9 (GO:0071355),0.017953554157176164,0.08522643926250599,0,0,13.27823795180723,53.37808078063787,STAT5A;STAT1
GO_Biological_Process_2023,Exocrine System Development (GO:0035272),0.017953554157176164,0.08522643926250599,0,0,13.27823795180723,53.37808078063787,IGSF3;SRP54
GO_Biological_Process_2023,Free Ubiquitin Chain Polymerization (GO:0010994),0.017953554157176164,0.08522643926250599,0,0,13.27823795180723,53.37808078063787,RNF135;UBE2K
GO_Biological_Process_2023,Galactosylceramide Metabolic Process (GO:0006681),0.017953554157176164,0.08522643926250599,0,0,13.27823795180723,53.37808078063787,GALC;B4GALT3
GO_Biological_Process_2023,Glycosylceramide Biosynthetic Process (GO:0046476),0.017953554157176164,0.08522643926250599,0,0,13.27823795180723,53.37808078063787,B4GALT3;UGCG
GO_Biological_Process_2023,Histone H2A-K119 Monoubiquitination (GO:0036353),0.017953554157176164,0.08522643926250599,0,0,13.27823795180723,53.37808078063787,PCGF3;PCGF1
GO_Biological_Process_2023,Histone H4-K12 Acetylation (GO:0043983),0.017953554157176164,0.08522643926250599,0,0,13.27823795180723,53.37808078063787,ING5;MEAF6
GO_Biological_Process_2023,Hypotonic Response (GO:0006971),0.017953554157176164,0.08522643926250599,0,0,13.27823795180723,53.37808078063787,CAB39;SLC4A11
GO_Biological_Process_2023,Interleukin-9-Mediated Signaling Pathway (GO:0038113),0.017953554157176164,0.08522643926250599,0,0,13.27823795180723,53.37808078063787,STAT5A;STAT1
GO_Biological_Process_2023,Leucine Metabolic Process (GO:0006551),0.017953554157176164,0.08522643926250599,0,0,13.27823795180723,53.37808078063787,MCCC2;BCAT2
GO_Biological_Process_2023,Mitochondrion-Endoplasmic Reticulum Membrane Tethering (GO:1990456),0.017953554157176164,0.08522643926250599,0,0,13.27823795180723,53.37808078063787,VMP1;PSEN2
GO_Biological_Process_2023,Negative Regulation Of Glycogen Metabolic Process (GO:0070874),0.017953554157176164,0.08522643926250599,0,0,13.27823795180723,53.37808078063787,GSK3B;GSK3A
GO_Biological_Process_2023,Noradrenergic Neuron Differentiation (GO:0003357),0.017953554157176164,0.08522643926250599,0,0,13.27823795180723,53.37808078063787,INSM1;SOX4
GO_Biological_Process_2023,Polyadenylation-Dependent snoRNA 3'-End Processing (GO:0071051),0.017953554157176164,0.08522643926250599,0,0,13.27823795180723,53.37808078063787,EXOSC6;EXOSC5
GO_Biological_Process_2023,Positive Regulation Of Pinocytosis (GO:0048549),0.017953554157176164,0.08522643926250599,0,0,13.27823795180723,53.37808078063787,APLP2;PPT1
GO_Biological_Process_2023,Pyrimidine Nucleotide-Sugar Transmembrane Transport (GO:0090481),0.017953554157176164,0.08522643926250599,0,0,13.27823795180723,53.37808078063787,SLC35A3;SLC35B1
GO_Biological_Process_2023,Regulation Of Nuclease Activity (GO:0032069),0.017953554157176164,0.08522643926250599,0,0,13.27823795180723,53.37808078063787,OAS1;OAS2
GO_Biological_Process_2023,Regulation Of Striated Muscle Cell Differentiation (GO:0051153),0.017953554157176164,0.08522643926250599,0,0,13.27823795180723,53.37808078063787,MESP1;RBM24
GO_Biological_Process_2023,Regulation Of Transforming Growth Factor Beta1 Production (GO:0032908),0.017953554157176164,0.08522643926250599,0,0,13.27823795180723,53.37808078063787,LAPTM4B;TSKU
GO_Biological_Process_2023,Regulation Of Type B Pancreatic Cell Development (GO:2000074),0.017953554157176164,0.08522643926250599,0,0,13.27823795180723,53.37808078063787,GSK3B;GSK3A
GO_Biological_Process_2023,Vascular Associated Smooth Muscle Cell Development (GO:0097084),0.017953554157176164,0.08522643926250599,0,0,13.27823795180723,53.37808078063787,RAMP2;HES1
GO_Biological_Process_2023,Vesicle Fusion With Golgi Apparatus (GO:0048280),0.017953554157176164,0.08522643926250599,0,0,13.27823795180723,53.37808078063787,YIPF4;SEC22B
GO_Biological_Process_2023,Negative Regulation Of Cytokine-Mediated Signaling Pathway (GO:0001960),0.01846497065107395,0.08742499829828737,0,0,3.0692830583313966,12.252209102771953,OAS1;METTL3;NR1H3;ISG15;RFFL;NAIP
GO_Biological_Process_2023,Positive Regulation Of Proteolysis (GO:0045862),0.01846497065107395,0.08742499829828737,0,0,3.0692830583313966,12.252209102771953,PERP;SNX9;FGFR4;CTSS;ADRA2A;NKD2
GO_Biological_Process_2023,Rac Protein Signal Transduction (GO:0016601),0.018812216954974,0.08780650748829359,0,0,6.131470639383224,24.36185825083441,NCKAP1;RAC1;HACD3
GO_Biological_Process_2023,Dicarboxylic Acid Catabolic Process (GO:0043649),0.018812216954974,0.08780650748829359,0,0,6.131470639383224,24.36185825083441,GOT2;QPRT;ACSF3
GO_Biological_Process_2023,Negative Regulation Of ATP-dependent Activity (GO:0032780),0.018812216954974,0.08780650748829359,0,0,6.131470639383224,24.36185825083441,OXA1L;PPIF;IFIT1
GO_Biological_Process_2023,Negative Regulation Of Anoikis (GO:2000811),0.018812216954974,0.08780650748829359,0,0,6.131470639383224,24.36185825083441,PIK3CA;CEACAM6;PIK3R3
GO_Biological_Process_2023,Negative Regulation Of Phosphatase Activity (GO:0010923),0.018812216954974,0.08780650748829359,0,0,6.131470639383224,24.36185825083441,GSK3B;URI1;PPP1R11
GO_Biological_Process_2023,Nuclear Migration (GO:0007097),0.018812216954974,0.08780650748829359,0,0,6.131470639383224,24.36185825083441,SLC9A3R1;DCTN1;LMNA
GO_Biological_Process_2023,Protein Targeting To Peroxisome (GO:0006625),0.018812216954974,0.08780650748829359,0,0,6.131470639383224,24.36185825083441,PEX19;ZFAND6;LONP2
GO_Biological_Process_2023,Regulation Of DNA Strand Elongation (GO:0060382),0.018812216954974,0.08780650748829359,0,0,6.131470639383224,24.36185825083441,INO80B;RUVBL1;UCHL5
GO_Biological_Process_2023,Regulation Of Fatty Acid Oxidation (GO:0046320),0.018812216954974,0.08780650748829359,0,0,6.131470639383224,24.36185825083441,APLP2;LONP2;ABCD1
GO_Biological_Process_2023,Regulation Of Stem Cell Proliferation (GO:0072091),0.018812216954974,0.08780650748829359,0,0,6.131470639383224,24.36185825083441,EPCAM;EIF2AK2;HNRNPU
GO_Biological_Process_2023,"Regulation Of Synaptic Transmission, GABAergic (GO:0032228)",0.018812216954974,0.08780650748829359,0,0,6.131470639383224,24.36185825083441,SLC38A1;APEX1;BAIAP3
GO_Biological_Process_2023,Positive Regulation Of Cellular Component Biogenesis (GO:0044089),0.018846036434840396,0.08785115053666913,0,0,2.534903825372812,10.067250529744182,GSK3B;SUMO1;SDC4;TPR;CHMP2A;SDC1;MTLN;RAB7A
GO_Biological_Process_2023,Response To Lipid (GO:0033993),0.018961400382071492,0.08827531129031227,0,0,2.3724151370473914,9.407456185923117,PRDX3;SOCS2;SCD;ERBIN;S100A14;FGFR4;S100A9;FOXP1;STRN3
GO_Biological_Process_2023,Intracellular Glucose Homeostasis (GO:0001678),0.01929169531492219,0.089582718500831,0,0,3.498808341608739,13.81357723249275,UNC13B;FOXK2;HK2;SOX4;PCK2
GO_Biological_Process_2023,mRNA Destabilization (GO:0061157),0.01929169531492219,0.089582718500831,0,0,3.498808341608739,13.81357723249275,RIDA;TUT7;METTL3;RBM24;GIGYF2
GO_Biological_Process_2023,Histone Acetylation (GO:0016573),0.01994293156860676,0.09131477519345312,0,0,3.011286553041099,11.78882702377573,MEAF6;TMEM98;RUVBL1;ACTL6A;TAF9;MBIP
GO_Biological_Process_2023,Mitotic Cytokinesis (GO:0000281),0.01994293156860676,0.09131477519345312,0,0,3.011286553041099,11.78882702377573,RTKN;CDCA8;SNX9;STAMBP;SPTBN1;RHOB
GO_Biological_Process_2023,Cellular Response To Hormone Stimulus (GO:0032870),0.019985390087941972,0.09131477519345312,0,0,2.5050102340482336,9.801488232083074,SOCS2;RAMP2;URI1;KLF9;ATP1A1;NR3C1;RAMP1;CTSS
GO_Biological_Process_2023,Integrated Stress Response Signaling (GO:0140467),0.019991789478823,0.09131477519345312,0,0,4.252911010558069,16.63923200261079,JUN;IMPACT;CEBPD;EIF2AK2
GO_Biological_Process_2023,Multivesicular Body Assembly (GO:0036258),0.019991789478823,0.09131477519345312,0,0,4.252911010558069,16.63923200261079,CHMP1B;CHMP2A;CHMP3;CHMP5
GO_Biological_Process_2023,Negative Regulation Of DNA Binding (GO:0043392),0.019991789478823,0.09131477519345312,0,0,4.252911010558069,16.63923200261079,NFKBIA;SP100;JUN;SUMO1
GO_Biological_Process_2023,Phosphatidic Acid Biosynthetic Process (GO:0006654),0.019991789478823,0.09131477519345312,0,0,4.252911010558069,16.63923200261079,GNPAT;SLC27A1;MBOAT2;AGPAT1
GO_Biological_Process_2023,Positive Regulation Of Viral Genome Replication (GO:0045070),0.019991789478823,0.09131477519345312,0,0,4.252911010558069,16.63923200261079,RAD23A;HACD3;IFIT1;PPIA
GO_Biological_Process_2023,Response To Amino Acid (GO:0043200),0.019991789478823,0.09131477519345312,0,0,4.252911010558069,16.63923200261079,RRAGA;MEAK7;SH3BP4;LAMTOR2
GO_Biological_Process_2023,Response To Steroid Hormone (GO:0048545),0.019991789478823,0.09131477519345312,0,0,4.252911010558069,16.63923200261079,URI1;NR1H3;ATP1A1;NR3C1
GO_Biological_Process_2023,Tube Closure (GO:0060606),0.019991789478823,0.09131477519345312,0,0,4.252911010558069,16.63923200261079,SEMA4C;COBL;IFT122;GRHL2
GO_Biological_Process_2023,Vacuolar Acidification (GO:0007035),0.019991789478823,0.09131477519345312,0,0,4.252911010558069,16.63923200261079,ATP6AP2;PPT1;TMEM9;ATP6V1D
GO_Biological_Process_2023,Mitotic Sister Chromatid Segregation (GO:0000070),0.019992439737274523,0.09131477519345312,0,0,2.349089370797524,9.190579814884702,EML4;BECN1;CHMP1B;CHMP2A;CDCA8;CHMP3;MISP;NSL1;CHMP5
GO_Biological_Process_2023,Axonogenesis (GO:0007409),0.02035547727202125,0.09273904236385028,0,0,1.9795986549517302,7.709359394524225,SEMA3C;MAP1S;APLP2;SIAH1;SEMA3B;SEMA4C;IGSF9;ENAH;RAB10;PLEKHG4B;SLITRK6;SLITRK5;RAB8A
GO_Biological_Process_2023,Endocytosis (GO:0006897),0.02035547727202125,0.09273904236385028,0,0,1.9795986549517302,7.709359394524225,RALBP1;CLTC;M6PR;C1ORF43;SYT7;GAK;CTTN;HEATR5A;MYO6;PPT1;SNX9;RHOV;RAB7A
GO_Biological_Process_2023,Axon Guidance (GO:0007411),0.020454529408167523,0.092979478507377,0,0,2.1231664304314863,8.258163972662327,ENAH;ALCAM;SEMA3C;SIAH1;SEMA3B;PLEKHG4B;SEMA4C;PLXNA1;RAC1;IGSF9;PLXNA4
GO_Biological_Process_2023,Non-Membrane-Bounded Organelle Assembly (GO:0140694),0.020459592592595104,0.092979478507377,0,0,2.219128787878788,8.630865208621692,SQLE;TIA1;CENPF;CAPRIN1;CSDE1;CIRBP;HAUS4;AUP1;MAPT;CDS2
GO_Biological_Process_2023,Calcium Ion Transport (GO:0006816),0.021063335562209826,0.09555860258053477,0,0,2.3262165320476544,8.979710840479797,RYR1;RAMP2;CRACR2B;ITPR1;PSEN2;KCNN4;RAMP1;TRPM4;TMCO1
GO_Biological_Process_2023,Cellular Response To Ketone (GO:1901655),0.021132645131697502,0.09555860258053477,0,0,3.4089985486211902,13.148290151611622,GOLPH3;KLF9;ADCY2;NR3C1;PCK2
GO_Biological_Process_2023,Regulation Of Apoptotic Signaling Pathway (GO:2001233),0.021132645131697502,0.09555860258053477,0,0,3.4089985486211902,13.148290151611622,ING5;DEPTOR;BCL2;PPIA;CTSS
GO_Biological_Process_2023,Response To Unfolded Protein (GO:0006986),0.021132645131697502,0.09555860258053477,0,0,3.4089985486211902,13.148290151611622,HSPB8;HSPA6;TM7SF3;HSPE1;HSPD1
GO_Biological_Process_2023,Regulation Of Extrinsic Apoptotic Signaling Pathway (GO:2001236),0.021499232851667365,0.09709503913807879,0,0,2.955438066465257,11.348107926712075,SP100;DEPTOR;SIAH2;TNFSF10;BIRC6;PAK2
GO_Biological_Process_2023,Metal Ion Transport (GO:0030001),0.021847709461290804,0.09854595724632043,0,0,2.02337642381053,7.736701863969477,SLC5A6;RYR1;NDUFA9;RAMP2;TUSC3;ITPR1;PSEN2;SLC4A11;MAGT1;KCNN4;RAMP1;CNNM4
GO_Biological_Process_2023,DNA Modification (GO:0006304),0.022237650070007033,0.09915562899604691,0,0,5.693346969533858,21.668699097528762,EXOSC6;EXOSC5;PARP2
GO_Biological_Process_2023,Base Conversion Or Substitution Editing (GO:0016553),0.022237650070007033,0.09915562899604691,0,0,5.693346969533858,21.668699097528762,RBM47;METTL3;ADAR
GO_Biological_Process_2023,Cellular Response To Unfolded Protein (GO:0034620),0.022237650070007033,0.09915562899604691,0,0,5.693346969533858,21.668699097528762,HSPB8;TM7SF3;HSPD1
GO_Biological_Process_2023,Embryonic Heart Tube Development (GO:0035050),0.022237650070007033,0.09915562899604691,0,0,5.693346969533858,21.668699097528762,MESP1;IFT122;HES1
GO_Biological_Process_2023,Extracellular Matrix Assembly (GO:0085029),0.022237650070007033,0.09915562899604691,0,0,5.693346969533858,21.668699097528762,RAMP2;QSOX1;MLF2
GO_Biological_Process_2023,Growth Hormone Receptor Signaling Pathway (GO:0060396),0.022237650070007033,0.09915562899604691,0,0,5.693346969533858,21.668699097528762,STAT5A;SOCS2;STAT6
GO_Biological_Process_2023,"mRNA Cis Splicing, Via Spliceosome (GO:0045292)",0.022237650070007033,0.09915562899604691,0,0,5.693346969533858,21.668699097528762,SDE2;HNRNPC;SNRNP200
GO_Biological_Process_2023,Regulation Of Hematopoietic Progenitor Cell Differentiation (GO:1901532),0.022237650070007033,0.09915562899604691,0,0,5.693346969533858,21.668699097528762,METTL3;MYB;EIF2AK2
GO_Biological_Process_2023,'De Novo' Post-Translational Protein Folding (GO:0051084),0.02242088905239161,0.09915562899604691,0,0,4.089221487411533,15.529890823770202,GAK;HSPA6;HSPE1;UGGT1
GO_Biological_Process_2023,Lamellipodium Organization (GO:0097581),0.02242088905239161,0.09915562899604691,0,0,4.089221487411533,15.529890823770202,GOLPH3;CTTN;SPATA13;RAC1
GO_Biological_Process_2023,Multivesicular Body Organization (GO:0036257),0.02242088905239161,0.09915562899604691,0,0,4.089221487411533,15.529890823770202,CHMP1B;CHMP2A;CHMP3;CHMP5
GO_Biological_Process_2023,Negative Regulation Of Axon Extension (GO:0030517),0.02242088905239161,0.09915562899604691,0,0,4.089221487411533,15.529890823770202,SEMA3C;SEMA3B;SEMA4C;RTN4
GO_Biological_Process_2023,Regulation Of Calcium-Mediated Signaling (GO:0050848),0.02242088905239161,0.09915562899604691,0,0,4.089221487411533,15.529890823770202,ITPR1;MAPT;GBP1;CALM2
GO_Biological_Process_2023,Regulation Of Centrosome Duplication (GO:0010824),0.02242088905239161,0.09915562899604691,0,0,4.089221487411533,15.529890823770202,CHMP1B;CHMP2A;CHMP3;CHMP5
GO_Biological_Process_2023,Regulation Of Extrinsic Apoptotic Signaling Pathway Via Death Domain Receptors (GO:1902041),0.02242088905239161,0.09915562899604691,0,0,4.089221487411533,15.529890823770202,GSK3B;SP100;PEA15;RFFL
GO_Biological_Process_2023,Response To Estradiol (GO:0032355),0.02242088905239161,0.09915562899604691,0,0,4.089221487411533,15.529890823770202,SOCS2;FAM210B;ZNF703;STRN3
GO_Biological_Process_2023,Epidermal Growth Factor Receptor Signaling Pathway (GO:0007173),0.02308429314593916,0.10159332900922434,0,0,3.323679245283019,12.52562705338502,PIK3CA;KIF16B;ERBB2;ERBIN;GRB2
GO_Biological_Process_2023,Epithelial Cell Migration (GO:0010631),0.02308429314593916,0.10159332900922434,0,0,3.323679245283019,12.52562705338502,LRG1;PIK3CA;STAT1;PKN1;S100A9
GO_Biological_Process_2023,Protein Sumoylation (GO:0016925),0.02308429314593916,0.10159332900922434,0,0,3.323679245283019,12.52562705338502,IFIH1;RNF212;SUMO1;TRIM27;TRPM4
GO_Biological_Process_2023,Response To Hydrogen Peroxide (GO:0042542),0.02308429314593916,0.10159332900922434,0,0,3.323679245283019,12.52562705338502,PRDX3;PPIF;GLRX2;ANKZF1;RHOB
GO_Biological_Process_2023,Positive Regulation Of Protein Modification By Small Protein Conjugation Or Removal (GO:1903322),0.023263167118306373,0.10213235309394629,0,0,2.623146285118116,9.86534883980253,GSK3B;GSK3A;SUMO1;WFS1;DCUN1D1;COMMD1;TSPYL5
GO_Biological_Process_2023,Response To Insulin (GO:0032868),0.023263167118306373,0.10213235309394629,0,0,2.623146285118116,9.86534883980253,RAB10;GSK3A;SLC27A1;MEAK7;INHBB;RAB8A;PCK2
GO_Biological_Process_2023,Regulation Of Protein Kinase Activity (GO:0045859),0.023327757985391325,0.10229193634756342,0,0,2.2817778739050505,8.575175206617645,SLC9A3R1;DEPTOR;CAMK2N1;NF1;SNX9;TRIM27;PPIA;TRIB2;PAK2
GO_Biological_Process_2023,Negative Regulation Of Nucleic Acid-Templated Transcription (GO:1903507),0.024144648428674784,0.10297109376551838,0,0,1.5744505891708234,5.862769882943607,MESP1;CHD8;FOXK2;PBXIP1;NR3C1;SUMO1;YWHAQ;MYB;NACC1;ZNF703;HES1;MTA3;SNX6;HEXIM1;TFAP2A;JUN;DNMT3A;FOXP1;CENPF;ELF3;ZNF219;PDCD4;ZNF217;CALR;TRIM33
GO_Biological_Process_2023,7-Methylguanosine Cap Hypermethylation (GO:0036261),0.024534526206417,0.10297109376551838,0,0,10.622289156626506,39.38398448260002,SNRPG;SNRPE
GO_Biological_Process_2023,IMP Biosynthetic Process (GO:0006188),0.024534526206417,0.10297109376551838,0,0,10.622289156626506,39.38398448260002,ATIC;PAICS
GO_Biological_Process_2023,Notch Receptor Processing (GO:0007220),0.024534526206417,0.10297109376551838,0,0,10.622289156626506,39.38398448260002,NCSTN;PSEN2
GO_Biological_Process_2023,RNA Capping (GO:0036260),0.024534526206417,0.10297109376551838,0,0,10.622289156626506,39.38398448260002,SNRPG;SNRPE
GO_Biological_Process_2023,U4 snRNA 3'-End Processing (GO:0034475),0.024534526206417,0.10297109376551838,0,0,10.622289156626506,39.38398448260002,EXOSC6;EXOSC5
GO_Biological_Process_2023,Aromatic Amino Acid Transport (GO:0015801),0.024534526206417,0.10297109376551838,0,0,10.622289156626506,39.38398448260002,SLC7A5;SLC7A8
GO_Biological_Process_2023,Cellular Modified Amino Acid Biosynthetic Process (GO:0042398),0.024534526206417,0.10297109376551838,0,0,10.622289156626506,39.38398448260002,PLSCR1;SLC27A1
GO_Biological_Process_2023,Cellular Response To Interferon-Alpha (GO:0035457),0.024534526206417,0.10297109376551838,0,0,10.622289156626506,39.38398448260002,RO60;TPR
GO_Biological_Process_2023,Dosage Compensation (GO:0007549),0.024534526206417,0.10297109376551838,0,0,10.622289156626506,39.38398448260002,METTL3;HNRNPU
GO_Biological_Process_2023,Establishment Of Golgi Localization (GO:0051683),0.024534526206417,0.10297109376551838,0,0,10.622289156626506,39.38398448260002,SLC9A3R1;COPG1
GO_Biological_Process_2023,Establishment Of Centrosome Localization (GO:0051660),0.024534526206417,0.10297109376551838,0,0,10.622289156626506,39.38398448260002,DLG1;MISP
GO_Biological_Process_2023,Fatty Acid Alpha-Oxidation (GO:0001561),0.024534526206417,0.10297109376551838,0,0,10.622289156626506,39.38398448260002,ILVBL;PEX13
GO_Biological_Process_2023,Growth Hormone Receptor Signaling Pathway Via JAK-STAT (GO:0060397),0.024534526206417,0.10297109376551838,0,0,10.622289156626506,39.38398448260002,STAT5A;STAT6
GO_Biological_Process_2023,Hyperosmotic Response (GO:0006972),0.024534526206417,0.10297109376551838,0,0,10.622289156626506,39.38398448260002,ARHGEF2;YBX3
GO_Biological_Process_2023,Leukocyte Aggregation (GO:0070486),0.024534526206417,0.10297109376551838,0,0,10.622289156626506,39.38398448260002,S100A9;CD44
GO_Biological_Process_2023,Macromolecule Depalmitoylation (GO:0098734),0.024534526206417,0.10297109376551838,0,0,10.622289156626506,39.38398448260002,PPT1;LYPLAL1
GO_Biological_Process_2023,Mammary Gland Epithelial Cell Differentiation (GO:0060644),0.024534526206417,0.10297109376551838,0,0,10.622289156626506,39.38398448260002,ZNF703;IRF6
GO_Biological_Process_2023,Mitochondrial Outer Membrane Permeabilization (GO:0097345),0.024534526206417,0.10297109376551838,0,0,10.622289156626506,39.38398448260002,RHOT1;BNIP3
GO_Biological_Process_2023,Negative Regulation Of B Cell Apoptotic Process (GO:0002903),0.024534526206417,0.10297109376551838,0,0,10.622289156626506,39.38398448260002,ORMDL3;FOXP1
GO_Biological_Process_2023,Negative Regulation Of Glucose Import (GO:0046325),0.024534526206417,0.10297109376551838,0,0,10.622289156626506,39.38398448260002,GSK3A;PEA15
GO_Biological_Process_2023,Negative Regulation Of Neural Precursor Cell Proliferation (GO:2000178),0.024534526206417,0.10297109376551838,0,0,10.622289156626506,39.38398448260002,NF1;GATA2
GO_Biological_Process_2023,Negative Regulation Of Protein K63-linked Ubiquitination (GO:1900045),0.024534526206417,0.10297109376551838,0,0,10.622289156626506,39.38398448260002,PLAA;TRIP12
GO_Biological_Process_2023,"Nuclear-Transcribed mRNA Catabolic Process, Exonucleolytic, 3'-5' (GO:0034427)",0.024534526206417,0.10297109376551838,0,0,10.622289156626506,39.38398448260002,EXOSC6;EXOSC5
GO_Biological_Process_2023,Positive Regulation Of Plasminogen Activation (GO:0010756),0.024534526206417,0.10297109376551838,0,0,10.622289156626506,39.38398448260002,PLGRKT;HPN
GO_Biological_Process_2023,Positive Regulation Of Ryanodine-Sensitive Calcium-Release Channel Activity (GO:0060316),0.024534526206417,0.10297109376551838,0,0,10.622289156626506,39.38398448260002,CALM3;CALM2
GO_Biological_Process_2023,Protein Depalmitoylation (GO:0002084),0.024534526206417,0.10297109376551838,0,0,10.622289156626506,39.38398448260002,PPT1;LYPLAL1
GO_Biological_Process_2023,Purine Ribonucleoside Monophosphate Catabolic Process (GO:0009169),0.024534526206417,0.10297109376551838,0,0,10.622289156626506,39.38398448260002,PNP;SORD
GO_Biological_Process_2023,Regulation Of Cyclic-Nucleotide Phosphodiesterase Activity (GO:0051342),0.024534526206417,0.10297109376551838,0,0,10.622289156626506,39.38398448260002,CALM3;CALM2
GO_Biological_Process_2023,Regulation Of Establishment Of Protein Localization To Mitochondrion (GO:1903747),0.024534526206417,0.10297109376551838,0,0,10.622289156626506,39.38398448260002,MAPT;PARL
GO_Biological_Process_2023,Regulation Of Extent Of Cell Growth (GO:0061387),0.024534526206417,0.10297109376551838,0,0,10.622289156626506,39.38398448260002,GSK3B;CTTN
GO_Biological_Process_2023,Regulation Of Myeloid Leukocyte Differentiation (GO:0002761),0.024534526206417,0.10297109376551838,0,0,10.622289156626506,39.38398448260002,PRXL2A;FOXP1
GO_Biological_Process_2023,Regulation Of Protein Localization To Cilium (GO:1903564),0.024534526206417,0.10297109376551838,0,0,10.622289156626506,39.38398448260002,GSK3B;GAS8
GO_Biological_Process_2023,siRNA Processing (GO:0030422),0.024534526206417,0.10297109376551838,0,0,10.622289156626506,39.38398448260002,TSNAX;TSN
GO_Biological_Process_2023,Sialylation (GO:0097503),0.024534526206417,0.10297109376551838,0,0,10.622289156626506,39.38398448260002,ST6GAL1;ST3GAL1
GO_Biological_Process_2023,tRNA Transcription By RNA Polymerase III (GO:0042797),0.024534526206417,0.10297109376551838,0,0,10.622289156626506,39.38398448260002,GTF3C2;GTF3C6
GO_Biological_Process_2023,Thyroid Hormone Transport (GO:0070327),0.024534526206417,0.10297109376551838,0,0,10.622289156626506,39.38398448260002,SLC7A5;SLC7A8
GO_Biological_Process_2023,Glycosphingolipid Metabolic Process (GO:0006687),0.02502202839494547,0.10410036531605904,0,0,3.9376571141277026,14.52207434271019,GALC;TM9SF2;UGCG;SUMF1
GO_Biological_Process_2023,miRNA Processing (GO:0035196),0.02502202839494547,0.10410036531605904,0,0,3.9376571141277026,14.52207434271019,TUT7;METTL3;SNIP1;PUM2
GO_Biological_Process_2023,Negative Regulation Of DNA Biosynthetic Process (GO:2000279),0.02502202839494547,0.10410036531605904,0,0,3.9376571141277026,14.52207434271019,TINF2;HNRNPU;HNRNPC;TENT4B
GO_Biological_Process_2023,Positive Regulation Of Mononuclear Cell Migration (GO:0071677),0.02502202839494547,0.10410036531605904,0,0,3.9376571141277026,14.52207434271019,CXCL17;S100A14;CALR;CD47
GO_Biological_Process_2023,Receptor Signaling Pathway Via STAT (GO:0097696),0.02502202839494547,0.10410036531605904,0,0,3.9376571141277026,14.52207434271019,STAT5A;STAT1;STAT6;STAMBP
GO_Biological_Process_2023,Regulation Of Dendrite Morphogenesis (GO:0048814),0.02502202839494547,0.10410036531605904,0,0,3.9376571141277026,14.52207434271019,GSK3B;CAPRIN1;NEDD4L;OBSL1
GO_Biological_Process_2023,Regulation Of Response To Biotic Stimulus (GO:0002831),0.02502202839494547,0.10410036531605904,0,0,3.9376571141277026,14.52207434271019,RNF135;DHX58;CD55;FOXP1
GO_Biological_Process_2023,MAPK Cascade (GO:0000165),0.025033522415871735,0.10410036531605904,0,0,2.392153529721736,8.821160524888585,PPP1CB;DUSP5;NRAS;PABPN1;TAOK3;ZDHHC9;NF1;MAP3K13
GO_Biological_Process_2023,Positive Regulation Of Peptide Hormone Secretion (GO:0090277),0.02514870601338475,0.10433976309333284,0,0,3.242521859180856,11.942042102175996,SLC30A8;FLNB;SELENOT;TM7SF3;SOX4
GO_Biological_Process_2023,Positive Regulation Of Smooth Muscle Cell Proliferation (GO:0048661),0.02514870601338475,0.10433976309333284,0,0,3.242521859180856,11.942042102175996,JUN;IGFBP5;STAT1;MEF2D;FOXP1
GO_Biological_Process_2023,3'-UTR-mediated mRNA Stabilization (GO:0070935),0.02597899284994684,0.10608332818771979,0,0,5.313639788997739,19.397266884813664,RBM47;HNRNPC;YBX3
GO_Biological_Process_2023,T-helper Cell Differentiation (GO:0042093),0.02597899284994684,0.10608332818771979,0,0,5.313639788997739,19.397266884813664,TMEM98;MYB;FOXP1
GO_Biological_Process_2023,Autophagy Of Nucleus (GO:0044804),0.02597899284994684,0.10608332818771979,0,0,5.313639788997739,19.397266884813664,WDR45B;WIPI1;WIPI2
GO_Biological_Process_2023,Epithelial Cell Development (GO:0002064),0.02597899284994684,0.10608332818771979,0,0,5.313639788997739,19.397266884813664,RAB25;GRHL2;SIPA1L3
GO_Biological_Process_2023,Glycogen Metabolic Process (GO:0005977),0.02597899284994684,0.10608332818771979,0,0,5.313639788997739,19.397266884813664,GSK3B;UGP2;GAA
GO_Biological_Process_2023,Maintenance Of Protein Location In Nucleus (GO:0051457),0.02597899284994684,0.10608332818771979,0,0,5.313639788997739,19.397266884813664,SP100;SUN1;HNRNPU
GO_Biological_Process_2023,Melanosome Assembly (GO:1903232),0.02597899284994684,0.10608332818771979,0,0,5.313639788997739,19.397266884813664,AP1G1;HPS3;AP3B1
GO_Biological_Process_2023,Myoblast Fusion (GO:0007520),0.02597899284994684,0.10608332818771979,0,0,5.313639788997739,19.397266884813664,ADAMTS15;CD9;DOCK1
GO_Biological_Process_2023,Negative Regulation Of Monoatomic Ion Transport (GO:0043271),0.02597899284994684,0.10608332818771979,0,0,5.313639788997739,19.397266884813664,WNK4;STC1;ADRA2A
GO_Biological_Process_2023,Pore Complex Assembly (GO:0046931),0.02597899284994684,0.10608332818771979,0,0,5.313639788997739,19.397266884813664,AHCTF1;TPR;RTN4
GO_Biological_Process_2023,Positive Regulation Of Mitochondrial Fission (GO:0090141),0.02597899284994684,0.10608332818771979,0,0,5.313639788997739,19.397266884813664,RALBP1;BNIP3;DNM1L
GO_Biological_Process_2023,Positive Regulation Of Stress-Activated Protein Kinase Signaling Cascade (GO:0070304),0.02597899284994684,0.10608332818771979,0,0,5.313639788997739,19.397266884813664,TAOK3;SEMA4C;EIF2AK2
GO_Biological_Process_2023,Regulation Of Mitochondrial Membrane Permeability (GO:0046902),0.02597899284994684,0.10608332818771979,0,0,5.313639788997739,19.397266884813664,BNIP3;BCL2;PPIF
GO_Biological_Process_2023,Regulation Of Oligodendrocyte Differentiation (GO:0048713),0.02597899284994684,0.10608332818771979,0,0,5.313639788997739,19.397266884813664,TMEM98;NF1;HES1
GO_Biological_Process_2023,Insulin Receptor Signaling Pathway (GO:0008286),0.0273277753613736,0.11133993516186184,0,0,3.1652291105121293,11.394355335809884,GSK3B;GSK3A;PIK3CA;PIK3R3;GRB2
GO_Biological_Process_2023,Regulation Of TORC1 Signaling (GO:1903432),0.0273277753613736,0.11133993516186184,0,0,3.1652291105121293,11.394355335809884,STK11;RRAGA;DEPTOR;PIP4P1;GPR137B
GO_Biological_Process_2023,Defense Response To Bacterium (GO:0042742),0.02746101951632837,0.11175709290802398,0,0,1.8926273074672941,6.803971989459101,COLEC12;RNF31;GSDMB;PPP1R11;ISG15;OAS1;OAS2;RBCK1;S100A14;GBP2;S100A9;GBP1;NAIP
GO_Biological_Process_2023,NIK/NF-kappaB Signaling (GO:0038061),0.027797441493781917,0.11211841101389544,0,0,3.7969187675070026,13.603643446871798,NFKBIA;AMFR;COPS8;CARD14
GO_Biological_Process_2023,Intracellular pH Reduction (GO:0051452),0.027797441493781917,0.11211841101389544,0,0,3.7969187675070026,13.603643446871798,ATP6AP2;TMEM9;ATP6V1D;RAB7A
GO_Biological_Process_2023,Muscle Cell Development (GO:0055001),0.027797441493781917,0.11211841101389544,0,0,3.7969187675070026,13.603643446871798,RAMP2;SDC1;HES1;ACTN4
GO_Biological_Process_2023,Negative Regulation Of Proteasomal Ubiquitin-Dependent Protein Catabolic Process (GO:0032435),0.027797441493781917,0.11211841101389544,0,0,3.7969187675070026,13.603643446871798,USP14;TAF9;EIF3H;UCHL5
GO_Biological_Process_2023,Neural Tube Closure (GO:0001843),0.027797441493781917,0.11211841101389544,0,0,3.7969187675070026,13.603643446871798,SEMA4C;COBL;IFT122;GRHL2
GO_Biological_Process_2023,Positive Regulation Of Protein Dephosphorylation (GO:0035307),0.027797441493781917,0.11211841101389544,0,0,3.7969187675070026,13.603643446871798,PPP2R5A;CALM3;CALM2;PPIA
GO_Biological_Process_2023,Positive Regulation Of Transcription By RNA Polymerase I (GO:0045943),0.027797441493781917,0.11211841101389544,0,0,3.7969187675070026,13.603643446871798,HEATR1;ERBB2;NOL11;SF3B1
GO_Biological_Process_2023,Transition Metal Ion Transport (GO:0000041),0.027797441493781917,0.11211841101389544,0,0,3.7969187675070026,13.603643446871798,SLC30A6;SLC30A9;SLC30A8;SLC30A5
GO_Biological_Process_2023,Cytoskeleton-Dependent Cytokinesis (GO:0061640),0.02792441568005021,0.11250526539837806,0,0,2.516588016588017,9.004990781525747,RTKN;SEPTIN2;CDCA8;SNX9;STAMBP;SPTBN1;RHOB
GO_Biological_Process_2023,Positive Regulation Of Cell Projection Organization (GO:0031346),0.02836774318971951,0.1141644064812934,0,0,2.1977928869566425,7.829642835598836,DDR1;CAPRIN1;NPTN;TWF1;PLXNA1;MAP3K13;OBSL1;S100A9;PLXNA4
GO_Biological_Process_2023,Fatty Acid Biosynthetic Process (GO:0006633),0.02853915876344349,0.11472678472940326,0,0,2.751302218981144,9.78494620678812,GPX4;ELOVL5;SCD;HACD3;ACACB;ACSF3
GO_Biological_Process_2023,Exocytosis (GO:0006887),0.02960907464353072,0.11811939242157689,0,0,2.482962962962963,8.739221149183793,RAB10;TMED10;RAB11FIP1;SCRN1;RAB25;TMEM167A;MIA3
GO_Biological_Process_2023,Positive Regulation Of Protein Ubiquitination (GO:0031398),0.02960907464353072,0.11811939242157689,0,0,2.482962962962963,8.739221149183793,GSK3B;GSK3A;SUMO1;WFS1;DCUN1D1;COMMD1;TSPYL5
GO_Biological_Process_2023,Interferon-Mediated Signaling Pathway (GO:0140888),0.029623215414666074,0.11811939242157689,0,0,3.09153137340939,10.879707688958304,IFITM1;SP100;OAS2;STAT1;IFNGR2
GO_Biological_Process_2023,Post-Translational Protein Modification (GO:0043687),0.029623215414666074,0.11811939242157689,0,0,3.09153137340939,10.879707688958304,UBE2F;PARP2;PKN1;PARP9;SUMF1
GO_Biological_Process_2023,"Retrograde Vesicle-Mediated Transport, Golgi To Endoplasmic Reticulum (GO:0006890)",0.029623215414666074,0.11811939242157689,0,0,3.09153137340939,10.879707688958304,COPA;GOLPH3;TMED10;KDELR2;SEC22B
GO_Biological_Process_2023,DNA Catabolic Process (GO:0006308),0.030035328663796886,0.11811939242157689,0,0,4.981396006028636,17.461690753835445,ISG20;SETMAR;DNASE2
GO_Biological_Process_2023,Cellular Response To Misfolded Protein (GO:0071218),0.030035328663796886,0.11811939242157689,0,0,4.981396006028636,17.461690753835445,RNF126;AUP1;UGGT1
GO_Biological_Process_2023,Heme Biosynthetic Process (GO:0006783),0.030035328663796886,0.11811939242157689,0,0,4.981396006028636,17.461690753835445,PGRMC1;FLVCR1;NFE2L1
GO_Biological_Process_2023,Leukocyte Adhesion To Vascular Endothelial Cell (GO:0061756),0.030035328663796886,0.11811939242157689,0,0,4.981396006028636,17.461690753835445,GOLPH3;LRG1;PODXL2
GO_Biological_Process_2023,Negative Regulation Of Axon Extension Involved In Axon Guidance (GO:0048843),0.030035328663796886,0.11811939242157689,0,0,4.981396006028636,17.461690753835445,SEMA3C;SEMA3B;SEMA4C
GO_Biological_Process_2023,Negative Regulation Of Cytokine Production Involved In Inflammatory Response (GO:1900016),0.030035328663796886,0.11811939242157689,0,0,4.981396006028636,17.461690753835445,APLP2;PDCD4;APOD
GO_Biological_Process_2023,Negative Regulation Of Fatty Acid Metabolic Process (GO:0045922),0.030035328663796886,0.11811939242157689,0,0,4.981396006028636,17.461690753835445,APLP2;APOC1;ERLIN2
GO_Biological_Process_2023,Negative Regulation Of Leukocyte Cell-Cell Adhesion (GO:1903038),0.030035328663796886,0.11811939242157689,0,0,4.981396006028636,17.461690753835445,MIA3;VTCN1;ASS1
GO_Biological_Process_2023,Neuron Apoptotic Process (GO:0051402),0.030035328663796886,0.11811939242157689,0,0,4.981396006028636,17.461690753835445,BNIP3;SIAH1;BCL2
GO_Biological_Process_2023,Phosphatidylcholine Biosynthetic Process (GO:0006656),0.030035328663796886,0.11811939242157689,0,0,4.981396006028636,17.461690753835445,SLC27A1;PCYT1A;LPCAT3
GO_Biological_Process_2023,Positive Regulation Of Axon Extension (GO:0045773),0.030035328663796886,0.11811939242157689,0,0,4.981396006028636,17.461690753835445,RUFY3;MAPT;MAP3K13
GO_Biological_Process_2023,Regulation Of Acute Inflammatory Response (GO:0002673),0.030035328663796886,0.11811939242157689,0,0,4.981396006028636,17.461690753835445,FFAR2;IL6ST;PTGES
GO_Biological_Process_2023,Regulation Of Fibroblast Growth Factor Receptor Signaling Pathway (GO:0040036),0.030035328663796886,0.11811939242157689,0,0,4.981396006028636,17.461690753835445,SMOC2;NPTN;SHISA2
GO_Biological_Process_2023,Regulation Of Nuclear Division (GO:0051783),0.030035328663796886,0.11811939242157689,0,0,4.981396006028636,17.461690753835445,CUL9;PRMT5;OBSL1
GO_Biological_Process_2023,Regulation Of Phosphatase Activity (GO:0010921),0.030035328663796886,0.11811939242157689,0,0,4.981396006028636,17.461690753835445,PPP1R2;URI1;HSP90B1
GO_Biological_Process_2023,Response To Reactive Oxygen Species (GO:0000302),0.03050993356442163,0.11975546825101238,0,0,2.704593169133084,9.438226781854937,PRDX3;JUN;APOD;GLRX2;MAPT;PEX13
GO_Biological_Process_2023,intra-Golgi Vesicle-Mediated Transport (GO:0006891),0.030748919236179326,0.11975546825101238,0,0,3.6658865137566963,12.764251836419001,TRAPPC3;COPA;GOSR1;COPG1
GO_Biological_Process_2023,ncRNA Catabolic Process (GO:0034661),0.030748919236179326,0.11975546825101238,0,0,3.6658865137566963,12.764251836419001,EXOSC6;EXOSC5;ZC3H4;TENT4B
GO_Biological_Process_2023,Negative Regulation Of Endocytosis (GO:0045806),0.030748919236179326,0.11975546825101238,0,0,3.6658865137566963,12.764251836419001,PLSCR1;APOC1;NR1H3;RAC1
GO_Biological_Process_2023,Negative Regulation Of Epithelial Cell Migration (GO:0010633),0.030748919236179326,0.11975546825101238,0,0,3.6658865137566963,12.764251836419001,SP100;TACSTD2;STC1;ADIPOR1
GO_Biological_Process_2023,Phosphatidic Acid Metabolic Process (GO:0046473),0.030748919236179326,0.11975546825101238,0,0,3.6658865137566963,12.764251836419001,GNPAT;SLC27A1;MBOAT2;AGPAT1
GO_Biological_Process_2023,Positive Regulation Of Organelle Organization (GO:0010638),0.030748919236179326,0.11975546825101238,0,0,3.6658865137566963,12.764251836419001,GSK3B;CALCOCO2;RAB3GAP2;PFDN2
GO_Biological_Process_2023,Regulation Of Potassium Ion Transmembrane Transport (GO:1901379),0.030748919236179326,0.11975546825101238,0,0,3.6658865137566963,12.764251836419001,DLG1;CAB39;NEDD4L;KCNN4
GO_Biological_Process_2023,Response To Exogenous dsRNA (GO:0043330),0.030748919236179326,0.11975546825101238,0,0,3.6658865137566963,12.764251836419001,COLEC12;IFIH1;DHX9;IFIT1
GO_Biological_Process_2023,Positive Regulation Of Canonical Wnt Signaling Pathway (GO:0090263),0.03136088366246617,0.12049472994267213,0,0,2.4502227791701476,8.483146374102535,SFRP4;RUVBL1;ATP6AP2;GID8;TMEM9;SOX4;TRPM4
GO_Biological_Process_2023,Positive Regulation Of Endothelial Cell Migration (GO:0010595),0.03136088366246617,0.12049472994267213,0,0,2.4502227791701476,8.483146374102535,STAT5A;SMOC2;RAC1;CALR;GATA2;FOXP1;RHOB
GO_Biological_Process_2023,Regulation Of Cysteine-Type Endopeptidase Activity Involved In Apoptotic Process (GO:0043281),0.03136088366246617,0.12049472994267213,0,0,2.4502227791701476,8.483146374102535,SIAH2;TNFSF10;IFI6;CYCS;DHCR24;CD44;NAIP
GO_Biological_Process_2023,Regulation Of Kinase Activity (GO:0043549),0.03136088366246617,0.12049472994267213,0,0,2.4502227791701476,8.483146374102535,DDR1;PRDX3;SLC9A3R1;ERBB2;HNRNPU;MAPT;FGFR4
GO_Biological_Process_2023,GMP Metabolic Process (GO:0046037),0.03193370365992422,0.12049472994267213,0,0,8.851656626506024,30.485931156216562,GMPR2;PAICS
GO_Biological_Process_2023,IMP Metabolic Process (GO:0046040),0.03193370365992422,0.12049472994267213,0,0,8.851656626506024,30.485931156216562,PNP;SORD
GO_Biological_Process_2023,RISC Complex Assembly (GO:0070922),0.03193370365992422,0.12049472994267213,0,0,8.851656626506024,30.485931156216562,HEXIM1;DHX9
GO_Biological_Process_2023,Actin-Mediated Cell Contraction (GO:0070252),0.03193370365992422,0.12049472994267213,0,0,8.851656626506024,30.485931156216562,PIK3CA;CCDC88C
GO_Biological_Process_2023,Alcohol Catabolic Process (GO:0046164),0.03193370365992422,0.12049472994267213,0,0,8.851656626506024,30.485931156216562,CYP27A1;SRD5A3
GO_Biological_Process_2023,Amyloid-Beta Formation (GO:0034205),0.03193370365992422,0.12049472994267213,0,0,8.851656626506024,30.485931156216562,NCSTN;PSEN2
GO_Biological_Process_2023,Anoikis (GO:0043276),0.03193370365992422,0.12049472994267213,0,0,8.851656626506024,30.485931156216562,STK11;PIK3CA
GO_Biological_Process_2023,Box C/D snoRNP Assembly (GO:0000492),0.03193370365992422,0.12049472994267213,0,0,8.851656626506024,30.485931156216562,RUVBL1;TAF9
GO_Biological_Process_2023,Glucan Metabolic Process (GO:0044042),0.03193370365992422,0.12049472994267213,0,0,8.851656626506024,30.485931156216562,GSK3B;UGP2
GO_Biological_Process_2023,Isoprenoid Biosynthetic Process (GO:0008299),0.03193370365992422,0.12049472994267213,0,0,8.851656626506024,30.485931156216562,IDI1;GGPS1
GO_Biological_Process_2023,Mitochondrial Fragmentation Involved In Apoptotic Process (GO:0043653),0.03193370365992422,0.12049472994267213,0,0,8.851656626506024,30.485931156216562,BNIP3;DNM1L
GO_Biological_Process_2023,Negative Regulation Of Chromosome Organization (GO:2001251),0.03193370365992422,0.12049472994267213,0,0,8.851656626506024,30.485931156216562,SETMAR;TERF2IP
GO_Biological_Process_2023,Negative Regulation Of Delayed Rectifier Potassium Channel Activity (GO:1902260),0.03193370365992422,0.12049472994267213,0,0,8.851656626506024,30.485931156216562,SUMO1;KCNE4
GO_Biological_Process_2023,Negative Regulation Of Membrane Potential (GO:0045837),0.03193370365992422,0.12049472994267213,0,0,8.851656626506024,30.485931156216562,BNIP3;MAPT
GO_Biological_Process_2023,Negative Regulation Of Protein Import Into Nucleus (GO:0042308),0.03193370365992422,0.12049472994267213,0,0,8.851656626506024,30.485931156216562,S100G;SUMO1
GO_Biological_Process_2023,Phosphatidylglycerol Biosynthetic Process (GO:0006655),0.03193370365992422,0.12049472994267213,0,0,8.851656626506024,30.485931156216562,SLC27A1;CRLS1
GO_Biological_Process_2023,Positive Regulation Of Epidermis Development (GO:0045684),0.03193370365992422,0.12049472994267213,0,0,8.851656626506024,30.485931156216562,SULT2B1;SFRP4
GO_Biological_Process_2023,Positive Regulation Of Mast Cell Degranulation (GO:0043306),0.03193370365992422,0.12049472994267213,0,0,8.851656626506024,30.485931156216562,VAMP8;SNX4
GO_Biological_Process_2023,Positive Regulation Of Mitochondrial Membrane Permeability Involved In Apoptotic Process (GO:1902110),0.03193370365992422,0.12049472994267213,0,0,8.851656626506024,30.485931156216562,RHOT1;BNIP3
GO_Biological_Process_2023,Protein poly-ADP-ribosylation (GO:0070212),0.03193370365992422,0.12049472994267213,0,0,8.851656626506024,30.485931156216562,PARP2;PARP9
GO_Biological_Process_2023,Regulation Of Endothelial Cell Differentiation (GO:0045601),0.03193370365992422,0.12049472994267213,0,0,8.851656626506024,30.485931156216562,BTG1;SORD
GO_Biological_Process_2023,Regulation Of Pinocytosis (GO:0048548),0.03193370365992422,0.12049472994267213,0,0,8.851656626506024,30.485931156216562,PPT1;NR1H3
GO_Biological_Process_2023,Regulation Of Tumor Necrosis Factor Superfamily Cytokine Production (GO:1903555),0.03193370365992422,0.12049472994267213,0,0,8.851656626506024,30.485931156216562,CD47;FOXP1
GO_Biological_Process_2023,Sequestering Of Actin Monomers (GO:0042989),0.03193370365992422,0.12049472994267213,0,0,8.851656626506024,30.485931156216562,TWF1;TMSB10
GO_Biological_Process_2023,tRNA Transcription (GO:0009304),0.03193370365992422,0.12049472994267213,0,0,8.851656626506024,30.485931156216562,GTF3C2;GTF3C6
GO_Biological_Process_2023,RNA Modification (GO:0009451),0.032036561274100844,0.12049472994267213,0,0,3.0211835334476844,10.39552240907441,NSUN2;METTL3;ADAR;TRMT1;OSGEP
GO_Biological_Process_2023,Positive Regulation Of Developmental Growth (GO:0048639),0.032036561274100844,0.12049472994267213,0,0,3.0211835334476844,10.39552240907441,RUFY3;PLAA;NEDD4L;MAPT;MAP3K13
GO_Biological_Process_2023,Positive Regulation Of miRNA Metabolic Process (GO:2000630),0.032036561274100844,0.12049472994267213,0,0,3.0211835334476844,10.39552240907441,JUN;PNPT1;MYB;NR3C1;GATA2
GO_Biological_Process_2023,Regulation Of Cell Communication (GO:0010646),0.032036561274100844,0.12049472994267213,0,0,3.0211835334476844,10.39552240907441,SOCS2;MTCH1;UGCG;GLRX2;MGLL
GO_Biological_Process_2023,tRNA Modification (GO:0006400),0.03256757111286065,0.1222964243933049,0,0,2.6594410876132932,9.10709174905161,YRDC;NSUN2;TPRKB;TRMT1;DUS1L;OSGEP
GO_Biological_Process_2023,Negative Regulation Of Growth (GO:0045926),0.032616881823283414,0.1222964243933049,0,0,2.138740943008543,7.3207504354335455,ING5;STK11;PNPT1;BTG1;EI24;PPT1;SH3BP4;RTN4;RERG
GO_Biological_Process_2023,Positive Regulation Of Defense Response (GO:0031349),0.032616881823283414,0.1222964243933049,0,0,2.138740943008543,7.3207504354335455,NFKBIA;RNF31;PLSCR1;DHX9;CAMK2N1;PDCD4;CD47;S100A9;NAIP
GO_Biological_Process_2023,Cellular Response To Glucose Stimulus (GO:0071333),0.03387781891622988,0.1265004743449326,0,0,3.5435897435897434,11.995032812879998,UNC13B;SELENOT;SOX4;PCK2
GO_Biological_Process_2023,Positive Regulation Of Neuron Death (GO:1901216),0.03387781891622988,0.1265004743449326,0,0,3.5435897435897434,11.995032812879998,TFAP2A;NF1;MAPT;NUPR1
GO_Biological_Process_2023,Purine Nucleotide Metabolic Process (GO:0006163),0.03387781891622988,0.1265004743449326,0,0,3.5435897435897434,11.995032812879998,G6PD;IDH1;QPRT;KMO
GO_Biological_Process_2023,Regulation Of DNA Biosynthetic Process (GO:2000278),0.03387781891622988,0.1265004743449326,0,0,3.5435897435897434,11.995032812879998,ING5;SMOC2;MEAF6;FGFR4
GO_Biological_Process_2023,Cytosolic Pattern Recognition Receptor Signaling Pathway (GO:0002753),0.034404428774148926,0.12715596022445655,0,0,4.688239726938251,15.797351840379191,IFIH1;RNF135;DHX58
GO_Biological_Process_2023,Histone H2A Acetylation (GO:0043968),0.034404428774148926,0.12715596022445655,0,0,4.688239726938251,15.797351840379191,MEAF6;ACTL6A;RUVBL1
GO_Biological_Process_2023,Long-Term Synaptic Potentiation (GO:0060291),0.034404428774148926,0.12715596022445655,0,0,4.688239726938251,15.797351840379191,NPTN;SHANK2;NFATC4
GO_Biological_Process_2023,Positive Regulation Of Antigen Receptor-Mediated Signaling Pathway (GO:0050857),0.034404428774148926,0.12715596022445655,0,0,4.688239726938251,15.797351840379191,KCNN4;NECTIN2;FOXP1
GO_Biological_Process_2023,Positive Regulation Of Lipid Catabolic Process (GO:0050996),0.034404428774148926,0.12715596022445655,0,0,4.688239726938251,15.797351840379191,FLNB;MTLN;ABCD1
GO_Biological_Process_2023,Positive Regulation Of Protein Processing (GO:0010954),0.034404428774148926,0.12715596022445655,0,0,4.688239726938251,15.797351840379191,PLGRKT;HPN;NKD2
GO_Biological_Process_2023,Positive Regulation Of Vacuole Organization (GO:0044090),0.034404428774148926,0.12715596022445655,0,0,4.688239726938251,15.797351840379191,SNX4;RAB3GAP2;WIPI1
GO_Biological_Process_2023,Positive Regulation Of Vascular Associated Smooth Muscle Cell Proliferation (GO:1904707),0.034404428774148926,0.12715596022445655,0,0,4.688239726938251,15.797351840379191,JUN;IGFBP5;MEF2D
GO_Biological_Process_2023,Regulation Of Meiotic Cell Cycle (GO:0051445),0.034404428774148926,0.12715596022445655,0,0,4.688239726938251,15.797351840379191,ANAPC13;CNTD1;METTL3
GO_Biological_Process_2023,Sulfur Compound Catabolic Process (GO:0044273),0.034404428774148926,0.12715596022445655,0,0,4.688239726938251,15.797351840379191,NUDT19;SUCLG2;SUCLG1
GO_Biological_Process_2023,Amide Biosynthetic Process (GO:0043604),0.03456916784929397,0.12737489923717474,0,0,2.9539622641509435,9.939471834646374,SMPD4;CERS6;VAPA;SPTSSA;ASS1
GO_Biological_Process_2023,Regulation Of Epithelial Cell Migration (GO:0010632),0.03456916784929397,0.12737489923717474,0,0,2.9539622641509435,9.939471834646374,RAB25;TACSTD2;DOCK1;RREB1;RTN4
GO_Biological_Process_2023,Regulation Of Stress-Activated MAPK Cascade (GO:0032872),0.03456916784929397,0.12737489923717474,0,0,2.9539622641509435,9.939471834646374,TAOK3;SEMA4C;NBR1;EIF2AK2;PPIA
GO_Biological_Process_2023,Protein Autophosphorylation (GO:0046777),0.03491016436276204,0.12850062532715864,0,0,1.939659284326376,6.5075127710661365,DDR1;GSK3B;STK11;TAOK3;ERBB2;EIF2AK2;FGFR4;MAP3K13;ACVR1B;PAK2;UHMK1
GO_Biological_Process_2023,Epidermis Development (GO:0008544),0.03506967550507608,0.1289567154105437,0,0,2.3872608872608874,7.998322963779412,DSP;UGCG;CALML5;CRABP2;EMP1;GRHL1;GRHL2
GO_Biological_Process_2023,Cell-Cell Junction Organization (GO:0045216),0.036947811664934646,0.1354503783910863,0,0,2.5735064808498196,8.488064810400173,DSP;OCLN;MARVELD2;CDH1;MYADM;PKP4
GO_Biological_Process_2023,Regulation Of Actin Filament Polymerization (GO:0030833),0.036947811664934646,0.1354503783910863,0,0,2.5735064808498196,8.488064810400173,NCKAP1;BAIAP2L1;CTTN;MYADM;TWF1;SNX9
GO_Biological_Process_2023,Response To Molecule Of Bacterial Origin (GO:0002237),0.036947811664934646,0.1354503783910863,0,0,2.5735064808498196,8.488064810400173,PRDX3;ERBIN;S100A14;CD24;S100A9;FOXP1
GO_Biological_Process_2023,Adherens Junction Organization (GO:0034332),0.03718507520308936,0.13546113112262903,0,0,3.4291830876271105,11.288348811118311,RAMP2;CDH1;ZNF703;PAK2
GO_Biological_Process_2023,Platelet Aggregation (GO:0070527),0.03718507520308936,0.13546113112262903,0,0,3.4291830876271105,11.288348811118311,CSRP1;GNAS;PPIA;MYL12A
GO_Biological_Process_2023,Receptor Signaling Pathway Via JAK-STAT (GO:0007259),0.03718507520308936,0.13546113112262903,0,0,3.4291830876271105,11.288348811118311,STAT5A;STAT1;STAT6;STAMBP
GO_Biological_Process_2023,Regulation Of Sodium Ion Transport (GO:0002028),0.03718507520308936,0.13546113112262903,0,0,3.4291830876271105,11.288348811118311,DLG1;WNK4;NEDD4L;ATP1A1
GO_Biological_Process_2023,Regulatory ncRNA Processing (GO:0070918),0.03718507520308936,0.13546113112262903,0,0,3.4291830876271105,11.288348811118311,TSNAX;SNIP1;TSN;PUM2
GO_Biological_Process_2023,Negative Regulation Of TOR Signaling (GO:0032007),0.03722220938739582,0.13546113112262903,0,0,2.8896636587366693,9.509448695769482,GSK3A;STK11;DEPTOR;TMEM127;SH3BP4
GO_Biological_Process_2023,Regulation Of Telomere Maintenance Via Telomerase (GO:0032210),0.03722220938739582,0.13546113112262903,0,0,2.8896636587366693,9.509448695769482,CCT3;TINF2;HNRNPU;HNRNPC;TENT4B
GO_Biological_Process_2023,Regulation Of Anatomical Structure Morphogenesis (GO:0022603),0.03728734062099976,0.13546113112262903,0,0,2.0827699700490405,6.850441631610693,GSK3B;SP100;RUFY3;ERBB2;NF1;NEDD4L;MAPT;PAK2;ZNF135
GO_Biological_Process_2023,Regulation Of Response To External Stimulus (GO:0032101),0.03728734062099976,0.13546113112262903,0,0,2.0827699700490405,6.850441631610693,RNF135;PSMA6;USP14;APLP2;DHX58;MGLL;CD55;FOXP1;PTGES
GO_Biological_Process_2023,Positive Regulation Of Stress-Activated MAPK Cascade (GO:0032874),0.03766806955796774,0.13670716226348611,0,0,2.1943634293557093,7.195191519338824,TAOK3;TRAF5;SEMA4C;MBIP;SORD;EIF2AK2;MTURN;NAIP
GO_Biological_Process_2023,Regulation Of Mitotic Cell Cycle (GO:0007346),0.0389405094679264,0.13946274678109835,0,0,2.0647563235793154,6.701621298672023,CUL9;RNF20;ANAPC13;SLC9A3R1;PRMT5;SMOC2;BTG1;HNRNPU;OBSL1
GO_Biological_Process_2023,Cytoskeleton-Dependent Intracellular Transport (GO:0030705),0.039082883587772045,0.13946274678109835,0,0,4.427656367746797,14.354774836700509,DYNC1I2;CCDC88C;KIF13A
GO_Biological_Process_2023,Mitochondrial Calcium Ion Homeostasis (GO:0051560),0.039082883587772045,0.13946274678109835,0,0,4.427656367746797,14.354774836700509,LETM1;RAP1GDS1;MAIP1
GO_Biological_Process_2023,Negative Regulation Of GTPase Activity (GO:0034260),0.039082883587772045,0.13946274678109835,0,0,4.427656367746797,14.354774836700509,ARL2;SH3BP4;TMED2
GO_Biological_Process_2023,Porphyrin-Containing Compound Biosynthetic Process (GO:0006779),0.039082883587772045,0.13946274678109835,0,0,4.427656367746797,14.354774836700509,PGRMC1;FLVCR1;NFE2L1
GO_Biological_Process_2023,Positive Regulation Of Granulocyte Chemotaxis (GO:0071624),0.039082883587772045,0.13946274678109835,0,0,4.427656367746797,14.354774836700509,RAC1;S100A14;DNM1L
GO_Biological_Process_2023,Negative Regulation Of Cysteine-Type Endopeptidase Activity (GO:2000117),0.03999667957176323,0.13946274678109835,0,0,2.828101164191088,9.103541240114804,SIAH2;IFI6;DHCR24;CD44;NAIP
GO_Biological_Process_2023,Regulation Of Proteolysis (GO:0030162),0.03999667957176323,0.13946274678109835,0,0,2.828101164191088,9.103541240114804,CSTA;PERP;NEDD8;FGFR4;PARL
GO_Biological_Process_2023,Golgi Lumen Acidification (GO:0061795),0.040083025786616065,0.13946274678109835,0,0,7.586919104991394,24.405619064904915,ATP6AP2;ATP6V1D
GO_Biological_Process_2023,Adrenal Gland Development (GO:0030325),0.040083025786616065,0.13946274678109835,0,0,7.586919104991394,24.405619064904915,NF1;INSM1
GO_Biological_Process_2023,Camera-Type Eye Morphogenesis (GO:0048593),0.040083025786616065,0.13946274678109835,0,0,7.586919104991394,24.405619064904915,NF1;IFT122
GO_Biological_Process_2023,Histone Methylation (GO:0016571),0.040083025786616065,0.13946274678109835,0,0,7.586919104991394,24.405619064904915,PRMT5;SMYD2
GO_Biological_Process_2023,Homocysteine Metabolic Process (GO:0050667),0.040083025786616065,0.13946274678109835,0,0,7.586919104991394,24.405619064904915,MTR;MMUT
GO_Biological_Process_2023,Hormone Transport (GO:0009914),0.040083025786616065,0.13946274678109835,0,0,7.586919104991394,24.405619064904915,SLC7A5;SLC7A8
GO_Biological_Process_2023,Leucine Transport (GO:0015820),0.040083025786616065,0.13946274678109835,0,0,7.586919104991394,24.405619064904915,SLC7A5;SLC7A8
GO_Biological_Process_2023,Lipid Import Into Cell (GO:0140354),0.040083025786616065,0.13946274678109835,0,0,7.586919104991394,24.405619064904915,SLC27A1;ACSL3
GO_Biological_Process_2023,Long-Chain Fatty Acid Import Into Cell (GO:0044539),0.040083025786616065,0.13946274678109835,0,0,7.586919104991394,24.405619064904915,SLC27A1;ACSL3
GO_Biological_Process_2023,Mitochondrial RNA Processing (GO:0000963),0.040083025786616065,0.13946274678109835,0,0,7.586919104991394,24.405619064904915,PNPT1;FASTKD2
GO_Biological_Process_2023,Mitotic DNA Replication Checkpoint Signaling (GO:0033314),0.040083025786616065,0.13946274678109835,0,0,7.586919104991394,24.405619064904915,RAD17;ZNF830
GO_Biological_Process_2023,Mitotic Nuclear Membrane Organization (GO:0101024),0.040083025786616065,0.13946274678109835,0,0,7.586919104991394,24.405619064904915,BROX;REEP3
GO_Biological_Process_2023,Mitotic Nuclear Membrane Reassembly (GO:0007084),0.040083025786616065,0.13946274678109835,0,0,7.586919104991394,24.405619064904915,BROX;REEP3
GO_Biological_Process_2023,Negative Regulation Of Lipid Localization (GO:1905953),0.040083025786616065,0.13946274678109835,0,0,7.586919104991394,24.405619064904915,NFKBIA;NR1H3
GO_Biological_Process_2023,Negative Regulation Of Necroptotic Process (GO:0060546),0.040083025786616065,0.13946274678109835,0,0,7.586919104991394,24.405619064904915,ARHGEF2;YBX3
GO_Biological_Process_2023,Negative Regulation Of Phosphatidylinositol 3-Kinase Signaling (GO:0014067),0.040083025786616065,0.13946274678109835,0,0,7.586919104991394,24.405619064904915,SLC9A3R1;STAMBP
GO_Biological_Process_2023,Negative Regulation Of Potassium Ion Transmembrane Transporter Activity (GO:1901017),0.040083025786616065,0.13946274678109835,0,0,7.586919104991394,24.405619064904915,CAB39;NEDD4L
GO_Biological_Process_2023,Negative Regulation Of Protein Localization To Cell Surface (GO:2000009),0.040083025786616065,0.13946274678109835,0,0,7.586919104991394,24.405619064904915,NEDD4L;COMMD1
GO_Biological_Process_2023,Negative Regulation Of Sodium Ion Transmembrane Transport (GO:1902306),0.040083025786616065,0.13946274678109835,0,0,7.586919104991394,24.405619064904915,NEDD4L;COMMD1
GO_Biological_Process_2023,Negative Regulation Of Transforming Growth Factor Beta Production (GO:0071635),0.040083025786616065,0.13946274678109835,0,0,7.586919104991394,24.405619064904915,LAPTM4B;TSKU
GO_Biological_Process_2023,Nuclear mRNA Surveillance (GO:0071028),0.040083025786616065,0.13946274678109835,0,0,7.586919104991394,24.405619064904915,EXOSC6;EXOSC5
GO_Biological_Process_2023,Peptidyl-Cysteine Modification (GO:0018198),0.040083025786616065,0.13946274678109835,0,0,7.586919104991394,24.405619064904915,PRDX3;S100A9
GO_Biological_Process_2023,Phosphatidylethanolamine Acyl-Chain Remodeling (GO:0036152),0.040083025786616065,0.13946274678109835,0,0,7.586919104991394,24.405619064904915,LPCAT3;MBOAT2
GO_Biological_Process_2023,Phosphatidylethanolamine Biosynthetic Process (GO:0006646),0.040083025786616065,0.13946274678109835,0,0,7.586919104991394,24.405619064904915,SLC27A1;ETNK1
GO_Biological_Process_2023,Positive Regulation Of RIG-I Signaling Pathway (GO:1900246),0.040083025786616065,0.13946274678109835,0,0,7.586919104991394,24.405619064904915,DHX58;PUM2
GO_Biological_Process_2023,Positive Regulation Of miRNA-mediated Gene Silencing (GO:2000637),0.040083025786616065,0.13946274678109835,0,0,7.586919104991394,24.405619064904915,DHX9;PUM2
GO_Biological_Process_2023,Protein O-linked Glycosylation Via Threonine (GO:0018243),0.040083025786616065,0.13946274678109835,0,0,7.586919104991394,24.405619064904915,GALNT2;GALNT1
GO_Biological_Process_2023,Protein Localization To Microtubule (GO:0035372),0.040083025786616065,0.13946274678109835,0,0,7.586919104991394,24.405619064904915,CRIPT;HNRNPU
GO_Biological_Process_2023,Purine Nucleobase Metabolic Process (GO:0006144),0.040083025786616065,0.13946274678109835,0,0,7.586919104991394,24.405619064904915,SLC25A16;PAICS
GO_Biological_Process_2023,Purine Ribonucleoside Monophosphate Biosynthetic Process (GO:0009168),0.040083025786616065,0.13946274678109835,0,0,7.586919104991394,24.405619064904915,ATIC;PAICS
GO_Biological_Process_2023,Regulation Of Ceramide Biosynthetic Process (GO:2000303),0.040083025786616065,0.13946274678109835,0,0,7.586919104991394,24.405619064904915,ORMDL3;ORMDL1
GO_Biological_Process_2023,Regulation Of High Voltage-Gated Calcium Channel Activity (GO:1901841),0.040083025786616065,0.13946274678109835,0,0,7.586919104991394,24.405619064904915,CALM3;NIPSNAP2
GO_Biological_Process_2023,Regulation Of Mast Cell Activation (GO:0033003),0.040083025786616065,0.13946274678109835,0,0,7.586919104991394,24.405619064904915,PLSCR1;NECTIN2
GO_Biological_Process_2023,Response To Laminar Fluid Shear Stress (GO:0034616),0.040083025786616065,0.13946274678109835,0,0,7.586919104991394,24.405619064904915,ASS1;KLF2
GO_Biological_Process_2023,Tetrapyrrole Metabolic Process (GO:0033013),0.040083025786616065,0.13946274678109835,0,0,7.586919104991394,24.405619064904915,MTR;ABCD1
GO_Biological_Process_2023,Positive Regulation Of Double-Strand Break Repair Via Homologous Recombination (GO:1905168),0.040671212218571284,0.1409675891441772,0,0,3.3219268476621417,10.63758959949386,ACTR2;MEAF6;RUVBL1;ACTL6A
GO_Biological_Process_2023,Positive Regulation Of Myeloid Cell Differentiation (GO:0045639),0.040671212218571284,0.1409675891441772,0,0,3.3219268476621417,10.63758959949386,FAM210B;STAT1;ACVR1B;MTURN
GO_Biological_Process_2023,Protein Destabilization (GO:0031648),0.040671212218571284,0.1409675891441772,0,0,3.3219268476621417,10.63758959949386,SUMO1;CCDC88C;RAD23A;CDC73
GO_Biological_Process_2023,Regulation Of Peptidyl-Threonine Phosphorylation (GO:0010799),0.040671212218571284,0.1409675891441772,0,0,3.3219268476621417,10.63758959949386,CAB39;CALM3;CALM2;UBE2K
GO_Biological_Process_2023,rRNA Metabolic Process (GO:0016072),0.04115839727206075,0.14238368187144607,0,0,2.2986478542034097,7.333439020149591,EXOSC6;EMG1;EXOSC5;NOP58;NIFK;WDR18;MAPT
GO_Biological_Process_2023,Regulation Of Double-Strand Break Repair (GO:2000779),0.04115839727206075,0.14238368187144607,0,0,2.2986478542034097,7.333439020149591,ACTR2;MEAF6;RUVBL1;ACTL6A;TERF2IP;TRIP12;PPP4R3B
GO_Biological_Process_2023,Positive Regulation Of Wnt Signaling Pathway (GO:0030177),0.041391559031132556,0.14305365153698676,0,0,2.149910603768395,6.84677366197339,SFRP4;RUVBL1;ATP6AP2;GID8;TMEM9;SOX4;CDC73;TRPM4
GO_Biological_Process_2023,Epidermal Cell Differentiation (GO:0009913),0.04289339220548537,0.1474002529110702,0,0,2.769103773584906,8.720011604350537,DSP;UGCG;CSTA;OPN3;TXNIP
GO_Biological_Process_2023,Negative Regulation Of Protein Modification By Small Protein Conjugation Or Removal (GO:1903321),0.04289339220548537,0.1474002529110702,0,0,2.769103773584906,8.720011604350537,IVNS1ABP;SUMO1;ISG15;SOX4;COPS9
GO_Biological_Process_2023,Protein Homotetramerization (GO:0051289),0.04289339220548537,0.1474002529110702,0,0,2.769103773584906,8.720011604350537,RYR1;APLP2;ACACB;ALDH9A1;TRPM4
GO_Biological_Process_2023,Regulation Of Lipid Metabolic Process (GO:0019216),0.04289339220548537,0.1474002529110702,0,0,2.769103773584906,8.720011604350537,SERPINA3;MBOAT7;APOC1;ADIPOR1;FGFR4
GO_Biological_Process_2023,Regulation Of Macromolecule Biosynthetic Process (GO:0010556),0.04289339220548537,0.1474002529110702,0,0,2.769103773584906,8.720011604350537,ING5;MEAF6;ELP2;MSI2;S100A9
GO_Biological_Process_2023,Regulation Of Smooth Muscle Cell Proliferation (GO:0048660),0.04289339220548537,0.1474002529110702,0,0,2.769103773584906,8.720011604350537,IGFBP5;STAT1;IGFBP3;APOD;FOXP1
GO_Biological_Process_2023,Cell-Matrix Adhesion (GO:0007160),0.043341625178308675,0.14879939942733084,0,0,2.1283509833585477,6.680131330006903,DDR1;ITGB5;CTTN;TRIP6;RAC1;CD44;BCAT2;THBS3
GO_Biological_Process_2023,Early Endosome To Late Endosome Transport (GO:0045022),0.04406622479838985,0.1496610287388245,0,0,4.194502835838654,13.095496518205579,BECN1;KIF16B;RAB7A
GO_Biological_Process_2023,Membrane Protein Ectodomain Proteolysis (GO:0006509),0.04406622479838985,0.1496610287388245,0,0,4.194502835838654,13.095496518205579,BACE2;NCSTN;PSEN2
GO_Biological_Process_2023,Negative Regulation Of Actin Filament Polymerization (GO:0030837),0.04406622479838985,0.1496610287388245,0,0,4.194502835838654,13.095496518205579,MYADM;TWF1;TMSB10
GO_Biological_Process_2023,Negative Regulation Of Extrinsic Apoptotic Signaling Pathway Via Death Domain Receptors (GO:1902042),0.04406622479838985,0.1496610287388245,0,0,4.194502835838654,13.095496518205579,GSK3B;PEA15;RFFL
GO_Biological_Process_2023,Negative Regulation Of Protein Localization To Nucleus (GO:1900181),0.04406622479838985,0.1496610287388245,0,0,4.194502835838654,13.095496518205579,GSK3B;S100G;SUMO1
GO_Biological_Process_2023,peptidyl-L-cysteine S-palmitoylation (GO:0018230),0.04406622479838985,0.1496610287388245,0,0,4.194502835838654,13.095496518205579,ZDHHC9;ZDHHC24;ZDHHC4
GO_Biological_Process_2023,peptidyl-S-diacylglycerol-L-cysteine Biosynthetic Process From Peptidyl-Cysteine (GO:0018231),0.04406622479838985,0.1496610287388245,0,0,4.194502835838654,13.095496518205579,ZDHHC9;ZDHHC24;ZDHHC4
GO_Biological_Process_2023,Platelet Dense Granule Organization (GO:0060155),0.04406622479838985,0.1496610287388245,0,0,4.194502835838654,13.095496518205579,AP1G1;HPS3;AP3B1
GO_Biological_Process_2023,Protein Peptidyl-Prolyl Isomerization (GO:0000413),0.04406622479838985,0.1496610287388245,0,0,4.194502835838654,13.095496518205579,PPIF;PPIG;PPIA
GO_Biological_Process_2023,Regulation Of Cholesterol Transport (GO:0032374),0.04406622479838985,0.1496610287388245,0,0,4.194502835838654,13.095496518205579,NAXE;APOC1;NR1H3
GO_Biological_Process_2023,Regulation Of Mitochondrial Translation (GO:0070129),0.04406622479838985,0.1496610287388245,0,0,4.194502835838654,13.095496518205579,COA3;FASTKD2;LRPPRC
GO_Biological_Process_2023,Cell-Cell Junction Assembly (GO:0007043),0.044194574140590116,0.1496610287388245,0,0,2.454520102254241,7.656024365019905,RAMP2;CDH1;ZNF703;CD9;PKP4;PAK2
GO_Biological_Process_2023,RNA 3'-End Processing (GO:0031123),0.04433635666393117,0.1496610287388245,0,0,3.221170985876868,10.03700852690337,HEXIM1;TUT7;PNPT1;TENT4B
GO_Biological_Process_2023,Maturation Of SSU-rRNA (GO:0030490),0.04433635666393117,0.1496610287388245,0,0,3.221170985876868,10.03700852690337,HEATR1;NGDN;NOL10;NOL11
GO_Biological_Process_2023,Negative Regulation Of Proteasomal Protein Catabolic Process (GO:1901799),0.04433635666393117,0.1496610287388245,0,0,3.221170985876868,10.03700852690337,TAF9;EIF3H;PSMF1;UCHL5
GO_Biological_Process_2023,Negative Regulation Of Smooth Muscle Cell Proliferation (GO:0048662),0.04433635666393117,0.1496610287388245,0,0,3.221170985876868,10.03700852690337,IGFBP5;IGFBP3;PDCD4;APOD
GO_Biological_Process_2023,Regulation Of Vascular Associated Smooth Muscle Cell Proliferation (GO:1904705),0.04433635666393117,0.1496610287388245,0,0,3.221170985876868,10.03700852690337,JUN;IGFBP5;PDCD4;MEF2D
GO_Biological_Process_2023,Type I Interferon-Mediated Signaling Pathway (GO:0060337),0.04433635666393117,0.1496610287388245,0,0,3.221170985876868,10.03700852690337,IFITM1;SP100;STAT1;OAS2
GO_Biological_Process_2023,Cellular Response To Organic Cyclic Compound (GO:0071407),0.045877161987432975,0.15440744847874308,0,0,1.9147591018094616,5.900881327833402,FAM210B;URI1;GOLPH3;IGFBP5;CDH1;ZNF703;ADCY2;ATP1A1;NR3C1;HSP90B1
GO_Biological_Process_2023,Pattern Recognition Receptor Signaling Pathway (GO:0002221),0.045912982333408695,0.15440744847874308,0,0,2.7125144397381593,8.357276959447887,IFIH1;DHX58;FFAR2;CTSS;NAIP
GO_Biological_Process_2023,Regulation Of Exocytosis (GO:0017157),0.045912982333408695,0.15440744847874308,0,0,2.7125144397381593,8.357276959447887,RAB2B;SEPTIN2;APEX1;CHMP3;RAB8A
GO_Biological_Process_2023,Regulation Of Myoblast Differentiation (GO:0045661),0.045912982333408695,0.15440744847874308,0,0,2.7125144397381593,8.357276959447887,BTG1;IGFBP3;ACTL6A;RBM24;SOX4
GO_Biological_Process_2023,Monocarboxylic Acid Transport (GO:0015718),0.046793607390648785,0.15707733639381824,0,0,2.417261741279868,7.401676432676734,SLC5A6;SLC9A3R1;SLC27A1;CRABP2;GOT2;ABCC11
GO_Biological_Process_2023,Regulation Of Cell Cycle G1/S Phase Transition (GO:1902806),0.046793607390648785,0.15707733639381824,0,0,2.417261741279868,7.401676432676734,APLP2;ACTL6A;PSME1;PSME2;CDC73;TMEM14B
GO_Biological_Process_2023,Regulation Of Transforming Growth Factor Beta Receptor Signaling Pathway (GO:0017015),0.04742110340098749,0.1579171775599854,0,0,2.086499955504138,6.361087230148606,STK11;LRG1;ZNF703;STRAP;ARID4B;MTMR4;TRIM33;SNX6
GO_Biological_Process_2023,Inflammatory Response (GO:0006954),0.04771508955418606,0.1579171775599854,0,0,1.6949226305609284,5.156814964992918,SERPINA3;CCL22;TUSC2;C5AR2;F11R;LTB4R;NFATC4;ELF3;NFX1;RAC1;S100A9;NAIP;CD44;MGLL
GO_Biological_Process_2023,Histone H4 Acetylation (GO:0043967),0.04818025178485323,0.1579171775599854,0,0,3.1263419394907284,9.481588766865658,ING5;MEAF6;RUVBL1;ACTL6A
GO_Biological_Process_2023,Internal Peptidyl-Lysine Acetylation (GO:0018393),0.04818025178485323,0.1579171775599854,0,0,3.1263419394907284,9.481588766865658,MEAF6;TAF9;RUVBL1;ACTL6A
GO_Biological_Process_2023,Negative Regulation Of Epithelial Cell Apoptotic Process (GO:1904036),0.04818025178485323,0.1579171775599854,0,0,3.1263419394907284,9.481588766865658,RAMP2;WFS1;NUPR1;GATA2
GO_Biological_Process_2023,Positive Regulation Of Cation Channel Activity (GO:2001259),0.04818025178485323,0.1579171775599854,0,0,3.1263419394907284,9.481588766865658,APEX1;CALM3;CALM2;CTSS
GO_Biological_Process_2023,Positive Regulation Of Pattern Recognition Receptor Signaling Pathway (GO:0062208),0.04818025178485323,0.1579171775599854,0,0,3.1263419394907284,9.481588766865658,DHX58;NR1H3;RTN4;PUM2
GO_Biological_Process_2023,Regulation Of Protein Import Into Nucleus (GO:0042306),0.04818025178485323,0.1579171775599854,0,0,3.1263419394907284,9.481588766865658,S100G;SUMO1;CDH1;TPR
GO_Biological_Process_2023,Generation Of Neurons (GO:0048699),0.04839088751771276,0.1579171775599854,0,0,1.8300843442001515,5.542307507731898,RTN3;IRX2;IRX3;ERBB2;RAC1;MAPT;INSM1;KIAA0319L;PEX13;RTN4;SDCCAG8
GO_Biological_Process_2023,CRD-mediated mRNA Stabilization (GO:0070934),0.04891829135757474,0.1579171775599854,0,0,6.6383659638554215,20.031958995941412,DHX9;HNRNPU
GO_Biological_Process_2023,N-acetylneuraminate Metabolic Process (GO:0006054),0.04891829135757474,0.1579171775599854,0,0,6.6383659638554215,20.031958995941412,ST6GAL1;ST3GAL1
GO_Biological_Process_2023,SRP-dependent Cotranslational Protein Targeting To Membrane (GO:0006614),0.04891829135757474,0.1579171775599854,0,0,6.6383659638554215,20.031958995941412,SRP54;SRP9
GO_Biological_Process_2023,Alpha-Amino Acid Biosynthetic Process (GO:1901607),0.04891829135757474,0.1579171775599854,0,0,6.6383659638554215,20.031958995941412,ILVBL;BCAT2
GO_Biological_Process_2023,Cellular Response To Nitrogen Levels (GO:0043562),0.04891829135757474,0.1579171775599854,0,0,6.6383659638554215,20.031958995941412,BECN1;GABARAPL1
GO_Biological_Process_2023,Cellular Response To Nitrogen Starvation (GO:0006995),0.04891829135757474,0.1579171775599854,0,0,6.6383659638554215,20.031958995941412,BECN1;GABARAPL1
GO_Biological_Process_2023,Endosomal Vesicle Fusion (GO:0034058),0.04891829135757474,0.1579171775599854,0,0,6.6383659638554215,20.031958995941412,VPS41;VPS16
GO_Biological_Process_2023,Isotype Switching (GO:0045190),0.04891829135757474,0.1579171775599854,0,0,6.6383659638554215,20.031958995941412,EXOSC6;HSPD1
GO_Biological_Process_2023,Lipoprotein Catabolic Process (GO:0042159),0.04891829135757474,0.1579171775599854,0,0,6.6383659638554215,20.031958995941412,PPT1;LYPLAL1
GO_Biological_Process_2023,Magnesium Ion Transport (GO:0015693),0.04891829135757474,0.1579171775599854,0,0,6.6383659638554215,20.031958995941412,TUSC3;MAGT1
GO_Biological_Process_2023,Microtubule Anchoring At Centrosome (GO:0034454),0.04891829135757474,0.1579171775599854,0,0,6.6383659638554215,20.031958995941412,DCTN1;MAP1S
GO_Biological_Process_2023,Negative Regulation Of Autophagosome Assembly (GO:1902902),0.04891829135757474,0.1579171775599854,0,0,6.6383659638554215,20.031958995941412,NUPR1;SEC22B
GO_Biological_Process_2023,Negative Regulation Of Homotypic Cell-Cell Adhesion (GO:0034111),0.04891829135757474,0.1579171775599854,0,0,6.6383659638554215,20.031958995941412,ZNF703;CD9
GO_Biological_Process_2023,Negative Regulation Of Lymphocyte Migration (GO:2000402),0.04891829135757474,0.1579171775599854,0,0,6.6383659638554215,20.031958995941412,APOD;MIA3
GO_Biological_Process_2023,Negative Regulation Of Voltage-Gated Potassium Channel Activity (GO:1903817),0.04891829135757474,0.1579171775599854,0,0,6.6383659638554215,20.031958995941412,SUMO1;KCNE4
GO_Biological_Process_2023,Nuclear Pore Complex Assembly (GO:0051292),0.04891829135757474,0.1579171775599854,0,0,6.6383659638554215,20.031958995941412,TPR;RTN4
GO_Biological_Process_2023,Positive Regulation Of Mitochondrial Outer Membrane Permeabilization Involved In Apoptotic Signaling Pathway (GO:1901030),0.04891829135757474,0.1579171775599854,0,0,6.6383659638554215,20.031958995941412,GSK3B;GSK3A
GO_Biological_Process_2023,Positive Regulation Of Post-Transcriptional Gene Silencing By RNA (GO:1900370),0.04891829135757474,0.1579171775599854,0,0,6.6383659638554215,20.031958995941412,DHX9;PUM2
GO_Biological_Process_2023,Protein Deneddylation (GO:0000338),0.04891829135757474,0.1579171775599854,0,0,6.6383659638554215,20.031958995941412,COPS7A;COPS8
GO_Biological_Process_2023,Protein Oxidation (GO:0018158),0.04891829135757474,0.1579171775599854,0,0,6.6383659638554215,20.031958995941412,PRDX3;SUMF1
GO_Biological_Process_2023,Protein Prenylation (GO:0018342),0.04891829135757474,0.1579171775599854,0,0,6.6383659638554215,20.031958995941412,CHML;RABGGTA
GO_Biological_Process_2023,Regulation Of B Cell Apoptotic Process (GO:0002902),0.04891829135757474,0.1579171775599854,0,0,6.6383659638554215,20.031958995941412,ORMDL3;FOXP1
GO_Biological_Process_2023,Regulation Of Gene Expression By Genomic Imprinting (GO:0006349),0.04891829135757474,0.1579171775599854,0,0,6.6383659638554215,20.031958995941412,DNMT3A;PCGF3
GO_Biological_Process_2023,Regulation Of Lamellipodium Morphogenesis (GO:2000392),0.04891829135757474,0.1579171775599854,0,0,6.6383659638554215,20.031958995941412,RREB1;CD44
GO_Biological_Process_2023,Regulation Of Mitochondrial Depolarization (GO:0051900),0.04891829135757474,0.1579171775599854,0,0,6.6383659638554215,20.031958995941412,BCL2;IFI6
GO_Biological_Process_2023,Regulation Of Mitotic Sister Chromatid Separation (GO:0010965),0.04891829135757474,0.1579171775599854,0,0,6.6383659638554215,20.031958995941412,TPR;CDCA8
GO_Biological_Process_2023,"Regulation Of Nuclear-Transcribed mRNA Catabolic Process, Nonsense-Mediated Decay (GO:2000622)",0.04891829135757474,0.1579171775599854,0,0,6.6383659638554215,20.031958995941412,DHX34;CASC3
GO_Biological_Process_2023,Small Nucleolar Ribonucleoprotein Complex Assembly (GO:0000491),0.04891829135757474,0.1579171775599854,0,0,6.6383659638554215,20.031958995941412,RUVBL1;TAF9
GO_Biological_Process_2023,Thyroid Hormone Generation (GO:0006590),0.04891829135757474,0.1579171775599854,0,0,6.6383659638554215,20.031958995941412,CPQ;DIO1
GO_Biological_Process_2023,Very-Low-Density Lipoprotein Particle Assembly (GO:0034379),0.04891829135757474,0.1579171775599854,0,0,6.6383659638554215,20.031958995941412,LPCAT3;APOC1
GO_Biological_Process_2023,Amyloid Fibril Formation (GO:1990000),0.049349039088580696,0.1579171775599854,0,0,3.9846646571213262,11.989206391767304,SIAH2;SIAH1;MAPT
GO_Biological_Process_2023,Artery Development (GO:0060840),0.049349039088580696,0.1579171775599854,0,0,3.9846646571213262,11.989206391767304,HECTD1;NF1;HES1
GO_Biological_Process_2023,Glial Cell Development (GO:0021782),0.049349039088580696,0.1579171775599854,0,0,3.9846646571213262,11.989206391767304,EIF2B5;NF1;S100A9
GO_Biological_Process_2023,Histone mRNA Metabolic Process (GO:0008334),0.049349039088580696,0.1579171775599854,0,0,3.9846646571213262,11.989206391767304,TUT7;TENT2;TENT4B
GO_Biological_Process_2023,Negative Regulation Of Neuron Differentiation (GO:0045665),0.049349039088580696,0.1579171775599854,0,0,3.9846646571213262,11.989206391767304,GSK3B;HES1;CALR
GO_Biological_Process_2023,Negative Regulation Of Protein Depolymerization (GO:1901880),0.049349039088580696,0.1579171775599854,0,0,3.9846646571213262,11.989206391767304,PIK3CA;ARHGEF2;CAMSAP2
GO_Biological_Process_2023,Negative Regulation Of Protein Tyrosine Kinase Activity (GO:0061099),0.049349039088580696,0.1579171775599854,0,0,3.9846646571213262,11.989206391767304,GPRC5A;SH3BP5L;SNX6
GO_Biological_Process_2023,"Positive Regulation Of mRNA Splicing, Via Spliceosome (GO:0048026)",0.049349039088580696,0.1579171775599854,0,0,3.9846646571213262,11.989206391767304,PRMT5;THRAP3;CIRBP
GO_Biological_Process_2023,Positive Regulation Of Neuron Apoptotic Process (GO:0043525),0.049349039088580696,0.1579171775599854,0,0,3.9846646571213262,11.989206391767304,TFAP2A;NF1;NUPR1
GO_Biological_Process_2023,Regulation Of Axon Extension Involved In Axon Guidance (GO:0048841),0.049349039088580696,0.1579171775599854,0,0,3.9846646571213262,11.989206391767304,SEMA3C;SEMA3B;SEMA4C
GO_Biological_Process_2023,Regulation Of Cholesterol Metabolic Process (GO:0090181),0.049349039088580696,0.1579171775599854,0,0,3.9846646571213262,11.989206391767304,MBTPS1;LPCAT3;ERLIN2
GO_Biological_Process_2023,Vesicle-Mediated Transport Between Endosomal Compartments (GO:0098927),0.049349039088580696,0.1579171775599854,0,0,3.9846646571213262,11.989206391767304,BECN1;KIF16B;RAB7A
GO_Biological_Process_2023,Import Into Nucleus (GO:0051170),0.04948536624256859,0.1579171775599854,0,0,2.3811155701853273,7.157819808605504,IPO9;APLP2;TPR;NUTF2;IPO4;KPNA1
GO_Biological_Process_2023,Protein Tetramerization (GO:0051262),0.04948536624256859,0.1579171775599854,0,0,2.3811155701853273,7.157819808605504,RYR1;OXA1L;APLP2;ACACB;ALDH9A1;TRPM4
GO_Biological_Process_2023,Regulation Of Rho Protein Signal Transduction (GO:0035023),0.04948536624256859,0.1579171775599854,0,0,2.3811155701853273,7.157819808605504,RALBP1;ARHGDIB;EPS8L1;RAC1;ARHGEF2;F11R
GO_Biological_Process_2023,Regulation Of Plasma Membrane Bounded Cell Projection Assembly (GO:0120032),0.04948536624256859,0.1579171775599854,0,0,2.3811155701853273,7.157819808605504,TBC1D1;SH3YL1;TWF1;RAC1;TBC1D17;SDCCAG8
GO_Biological_Process_2023,Sterol Homeostasis (GO:0055092),0.04948536624256859,0.1579171775599854,0,0,2.3811155701853273,7.157819808605504,CNBP;NR1H3;CD24;FGFR4;ABCD1;TSKU
GO_Biological_Process_2023,Epithelial Cell Differentiation (GO:0030855),0.04990685419901642,0.15912202984932877,0,0,1.9628758640374282,5.883910658042122,RAB10;MESP1;ZNF703;KRT23;TAGLN2;IRF6;GRHL2;CNN3;PCK2
GO_Biological_Process_2023,Muscle Contraction (GO:0006936),0.050287264393201976,0.15991261776310584,0,0,2.190227201991908,6.548786839674508,RYR1;ARHGEF11;GAMT;PABPN1;TPM3;MYOF;LTB4R
GO_Biological_Process_2023,Positive Regulation Of Protein Catabolic Process (GO:0045732),0.050287264393201976,0.15991261776310584,0,0,2.190227201991908,6.548786839674508,GSK3B;GSK3A;SNX9;NUPR1;SEC22B;ADRA2A;RAB7A
GO_Biological_Process_2023,Protein O-linked Glycosylation (GO:0006493),0.050287264393201976,0.15991261776310584,0,0,2.190227201991908,6.548786839674508,ST6GAL1;DPM3;GALNT2;GALNT1;TET3;ST6GALNAC4;ST3GAL1
GO_Biological_Process_2023,Protein Modification By Small Protein Removal (GO:0070646),0.05174288470371994,0.16422176822020149,0,0,2.046258582567206,6.059930028061161,USP14;PSMD14;SUMO1;USP21;COPS7A;STAMBP;COPS8;UCHL5
GO_Biological_Process_2023,Endothelial Cell Migration (GO:0043542),0.05220227209473401,0.16422176822020149,0,0,3.036931695755225,8.9669333804116,PIK3CA;STAT1;LGALS8;S100A9
GO_Biological_Process_2023,Establishment Or Maintenance Of Epithelial Cell Apical/Basal Polarity (GO:0045197),0.05220227209473401,0.16422176822020149,0,0,3.036931695755225,8.9669333804116,SLC9A3R1;DLG1;DLG3;ERBIN
GO_Biological_Process_2023,Negative Regulation Of Protein Localization (GO:1903828),0.05220227209473401,0.16422176822020149,0,0,3.036931695755225,8.9669333804116,BTF3;GSK3B;NEDD4L;COMMD1
GO_Biological_Process_2023,Negative Regulation Of Protein Secretion (GO:0050709),0.05220227209473401,0.16422176822020149,0,0,3.036931695755225,8.9669333804116,MIDN;RAB11FIP1;NR1H3;INHBB
GO_Biological_Process_2023,Negative Regulation Of Transport (GO:0051051),0.05220227209473401,0.16422176822020149,0,0,3.036931695755225,8.9669333804116,SFRP4;YRDC;NR1H3;RAB7A
GO_Biological_Process_2023,Negative Regulation Of Ubiquitin-Dependent Protein Catabolic Process (GO:2000059),0.05220227209473401,0.16422176822020149,0,0,3.036931695755225,8.9669333804116,PDCL3;TAF9;EIF3H;UCHL5
GO_Biological_Process_2023,Positive Regulation Of Lipid Biosynthetic Process (GO:0046889),0.05220227209473401,0.16422176822020149,0,0,3.036931695755225,8.9669333804116,SLC27A1;ELOVL5;NR1H3;CREBL2
GO_Biological_Process_2023,Regulation Of Nitric Oxide Biosynthetic Process (GO:0045428),0.05220227209473401,0.16422176822020149,0,0,3.036931695755225,8.9669333804116,RAC1;CD47;ASS1;KLF2
GO_Biological_Process_2023,Regulation Of Protein Targeting To Mitochondrion (GO:1903214),0.05220227209473401,0.16422176822020149,0,0,3.036931695755225,8.9669333804116,RNF31;GSK3A;TOMM7;PARL
GO_Biological_Process_2023,Gland Development (GO:0048732),0.052270308973666746,0.16422176822020149,0,0,2.3460325217700375,6.923908596909631,SLC9A3R1;IGSF3;SRP54;NF1;COBL;HES1
GO_Biological_Process_2023,Regulation Of Stress Fiber Assembly (GO:0051492),0.052270308973666746,0.16422176822020149,0,0,2.3460325217700375,6.923908596909631,TACSTD2;RAC1;CD47;RHPN2;F11R;PAK2
GO_Biological_Process_2023,Mitotic DNA Damage Checkpoint Signaling (GO:0044773),0.0523224518294071,0.16422176822020149,0,0,2.6059933407325193,7.688539579175459,ATF2;TAOK3;SDE2;RAD17;ZNF830
GO_Biological_Process_2023,Regulation Of Reactive Oxygen Species Metabolic Process (GO:2000377),0.0523224518294071,0.16422176822020149,0,0,2.6059933407325193,7.688539579175459,TFAP2A;SORD;GRB2;RAC1;PARL
GO_Biological_Process_2023,Signal Transduction In Response To DNA Damage (GO:0042770),0.0523224518294071,0.16422176822020149,0,0,2.6059933407325193,7.688539579175459,MYO6;RAD17;GRB2;PARP9;NDRG1
GO_Biological_Process_2023,Regulation Of Neuron Projection Development (GO:0010975),0.053574628058878214,0.16800632279589342,0,0,1.7962483197439965,5.25704345778105,DDR1;GAK;GSK3B;GSK3A;RUFY3;NPTN;TWF1;S100A9;PAK2;TSKU;CAMSAP2
GO_Biological_Process_2023,Gliogenesis (GO:0042063),0.054925073720087765,0.17105642047649003,0,0,3.7948110668532675,11.011727040340133,METTL3;CD9;NDUFS2
GO_Biological_Process_2023,Negative Regulation Of Intrinsic Apoptotic Signaling Pathway In Response To DNA Damage (GO:1902230),0.054925073720087765,0.17105642047649003,0,0,3.7948110668532675,11.011727040340133,TAF9;BCL2;CD44
GO_Biological_Process_2023,Regulation Of Cytokine Production Involved In Immune Response (GO:0002718),0.054925073720087765,0.17105642047649003,0,0,3.7948110668532675,11.011727040340133,SLC7A5;FFAR2;TRPM4
GO_Biological_Process_2023,Regulation Of Heterotypic Cell-Cell Adhesion (GO:0034114),0.054925073720087765,0.17105642047649003,0,0,3.7948110668532675,11.011727040340133,CEACAM6;MYADM;CD44
GO_Biological_Process_2023,Regulation Of Microtubule Depolymerization (GO:0031114),0.054925073720087765,0.17105642047649003,0,0,3.7948110668532675,11.011727040340133,MAP1S;ARHGEF2;CAMSAP2
GO_Biological_Process_2023,Regulation Of Ruffle Assembly (GO:1900027),0.054925073720087765,0.17105642047649003,0,0,3.7948110668532675,11.011727040340133,SH3YL1;TACSTD2;EPS8L1
GO_Biological_Process_2023,Response To Hexose (GO:0009746),0.054925073720087765,0.17105642047649003,0,0,3.7948110668532675,11.011727040340133,EIF2B5;SLC30A8;SELENOT
GO_Biological_Process_2023,Secondary Alcohol Biosynthetic Process (GO:1902653),0.054925073720087765,0.17105642047649003,0,0,3.7948110668532675,11.011727040340133,G6PD;DHCR24;TM7SF2
GO_Biological_Process_2023,Post-Transcriptional Regulation Of Gene Expression (GO:0010608),0.05571272450206199,0.1732115778081275,0,0,2.5558055152394776,7.380007809649591,ELP2;MSI2;PARP9;GIGYF2;PUM2
GO_Biological_Process_2023,Response To Organic Cyclic Compound (GO:0014070),0.05571272450206199,0.1732115778081275,0,0,2.5558055152394776,7.380007809649591,SOCS2;IGFBP5;TPR;FGFR4;STRN3
GO_Biological_Process_2023,Regulation Of Cytoskeleton Organization (GO:0051493),0.05631025101540469,0.17445432147303633,0,0,2.007535752005252,5.775436808265404,GSK3B;BAIAP2L1;PFDN2;RAC1;MAPT;F11R;S100A9;PAK2
GO_Biological_Process_2023,L-alpha-amino Acid Transmembrane Transport (GO:1902475),0.05640143855464537,0.17445432147303633,0,0,2.9524886877828056,8.489174438784055,SLC7A5;SLC38A1;SLC7A8;SLC1A2
GO_Biological_Process_2023,Positive Regulation Of Actin Filament Polymerization (GO:0030838),0.05640143855464537,0.17445432147303633,0,0,2.9524886877828056,8.489174438784055,NCKAP1;BAIAP2L1;CTTN;SNX9
GO_Biological_Process_2023,Positive Regulation Of Wound Healing (GO:0090303),0.05640143855464537,0.17445432147303633,0,0,2.9524886877828056,8.489174438784055,SMOC2;OCLN;RREB1;ADRA2A
GO_Biological_Process_2023,Regulation Of Release Of Cytochrome C From Mitochondria (GO:0090199),0.05640143855464537,0.17445432147303633,0,0,2.9524886877828056,8.489174438784055,BNIP3;TNFSF10;PPIF;DNM1L
GO_Biological_Process_2023,Water-Soluble Vitamin Metabolic Process (GO:0006767),0.05640143855464537,0.17445432147303633,0,0,2.9524886877828056,8.489174438784055,FLAD1;MTHFD2;MTR;ABCD1
GO_Biological_Process_2023,Cell Junction Assembly (GO:0034329),0.05791056146854844,0.17518527227515654,0,0,2.1153799903799904,6.026411924952952,VMP1;FARP1;CDH1;SLITRK6;PKP4;GRHL2;SHANK2
GO_Biological_Process_2023,Regulation Of Defense Response (GO:0031347),0.05791056146854844,0.17518527227515654,0,0,2.1153799903799904,6.026411924952952,RNF135;PSMA6;APLP2;DHX58;MGLL;FOXP1;PTGES
GO_Biological_Process_2023,Positive Regulation Of Tumor Necrosis Factor Production (GO:0032760),0.058121101518532406,0.17518527227515654,0,0,2.2788735433750538,6.483911368351267,IFIH1;ARFGEF2;OAS1;OAS2;DHX9;ARHGEF2
GO_Biological_Process_2023,"RNA Splicing, Via Endonucleolytic Cleavage And Ligation (GO:0000394)",0.05837896842521092,0.17518527227515654,0,0,5.900602409638554,16.76242886897202,HEXIM1;DDX1
GO_Biological_Process_2023,Cell Part Morphogenesis (GO:0032990),0.05837896842521092,0.17518527227515654,0,0,5.900602409638554,16.76242886897202,PNPT1;DNM1L
GO_Biological_Process_2023,Cellular Response To Thyroid Hormone Stimulus (GO:0097067),0.05837896842521092,0.17518527227515654,0,0,5.900602409638554,16.76242886897202,KLF9;CTSS
GO_Biological_Process_2023,Digestive System Development (GO:0055123),0.05837896842521092,0.17518527227515654,0,0,5.900602409638554,16.76242886897202,SRP54;COBL
GO_Biological_Process_2023,Epithelial Cell-Cell Adhesion (GO:0090136),0.05837896842521092,0.17518527227515654,0,0,5.900602409638554,16.76242886897202,DSP;ITGB5
GO_Biological_Process_2023,Intestinal Absorption (GO:0050892),0.05837896842521092,0.17518527227515654,0,0,5.900602409638554,16.76242886897202,UGCG;F11R
GO_Biological_Process_2023,Lipid Droplet Formation (GO:0140042),0.05837896842521092,0.17518527227515654,0,0,5.900602409638554,16.76242886897202,SQLE;CDS2
GO_Biological_Process_2023,Lipoprotein Transport (GO:0042953),0.05837896842521092,0.17518527227515654,0,0,5.900602409638554,16.76242886897202,VMP1;MIA3
GO_Biological_Process_2023,Negative Regulation Of Amyloid Fibril Formation (GO:1905907),0.05837896842521092,0.17518527227515654,0,0,5.900602409638554,16.76242886897202,PFDN2;PFDN6
GO_Biological_Process_2023,Negative Regulation Of calcineurin-NFAT Signaling Cascade (GO:0070885),0.05837896842521092,0.17518527227515654,0,0,5.900602409638554,16.76242886897202,GSK3B;FHL2
GO_Biological_Process_2023,Negative Regulation Of Calcineurin-Mediated Signaling (GO:0106057),0.05837896842521092,0.17518527227515654,0,0,5.900602409638554,16.76242886897202,GSK3B;FHL2
GO_Biological_Process_2023,Negative Regulation Of Glucose Transmembrane Transport (GO:0010829),0.05837896842521092,0.17518527227515654,0,0,5.900602409638554,16.76242886897202,GSK3A;PEA15
GO_Biological_Process_2023,Negative Regulation Of Platelet-Derived Growth Factor Receptor Signaling Pathway (GO:0010642),0.05837896842521092,0.17518527227515654,0,0,5.900602409638554,16.76242886897202,SLC9A3R1;APOD
GO_Biological_Process_2023,Negative Regulation Of Potassium Ion Transmembrane Transport (GO:1901380),0.05837896842521092,0.17518527227515654,0,0,5.900602409638554,16.76242886897202,CAB39;NEDD4L
GO_Biological_Process_2023,Negative Regulation Of Release Of Sequestered Calcium Ion Into Cytosol (GO:0051280),0.05837896842521092,0.17518527227515654,0,0,5.900602409638554,16.76242886897202,CALM3;CALM2
GO_Biological_Process_2023,Negative Regulation Of Ryanodine-Sensitive Calcium-Release Channel Activity (GO:0060315),0.05837896842521092,0.17518527227515654,0,0,5.900602409638554,16.76242886897202,CALM3;CALM2
GO_Biological_Process_2023,Neurotransmitter Uptake (GO:0001504),0.05837896842521092,0.17518527227515654,0,0,5.900602409638554,16.76242886897202,SLC38A1;SLC29A1
GO_Biological_Process_2023,Phagosome-Lysosome Fusion (GO:0090385),0.05837896842521092,0.17518527227515654,0,0,5.900602409638554,16.76242886897202,SYT7;RAB7A
GO_Biological_Process_2023,Phosphatidylinositol-3-Phosphate Biosynthetic Process (GO:0036092),0.05837896842521092,0.17518527227515654,0,0,5.900602409638554,16.76242886897202,BECN1;PIK3CA
GO_Biological_Process_2023,Phospholipid Efflux (GO:0033700),0.05837896842521092,0.17518527227515654,0,0,5.900602409638554,16.76242886897202,APOC1;ABCA12
GO_Biological_Process_2023,Positive Regulation Of Endoplasmic Reticulum Unfolded Protein Response (GO:1900103),0.05837896842521092,0.17518527227515654,0,0,5.900602409638554,16.76242886897202,TMEM33;ATF6
GO_Biological_Process_2023,Positive Regulation Of Mitotic Cell Cycle Spindle Assembly Checkpoint (GO:0090267),0.05837896842521092,0.17518527227515654,0,0,5.900602409638554,16.76242886897202,TPR;CDCA8
GO_Biological_Process_2023,Positive Regulation Of Platelet Aggregation (GO:1901731),0.05837896842521092,0.17518527227515654,0,0,5.900602409638554,16.76242886897202,F11R;IL6ST
GO_Biological_Process_2023,Positive Regulation Of Protein Maturation (GO:1903319),0.05837896842521092,0.17518527227515654,0,0,5.900602409638554,16.76242886897202,SOX4;NKD2
GO_Biological_Process_2023,Positive Regulation Of Spindle Checkpoint (GO:0090232),0.05837896842521092,0.17518527227515654,0,0,5.900602409638554,16.76242886897202,TPR;CDCA8
GO_Biological_Process_2023,Positive Regulation Of Triglyceride Biosynthetic Process (GO:0010867),0.05837896842521092,0.17518527227515654,0,0,5.900602409638554,16.76242886897202,SLC27A1;NR1H3
GO_Biological_Process_2023,Programmed Necrotic Cell Death (GO:0097300),0.05837896842521092,0.17518527227515654,0,0,5.900602409638554,16.76242886897202,PPIF;DNM1L
GO_Biological_Process_2023,Regulation Of Leukocyte Cell-Cell Adhesion (GO:1903037),0.05837896842521092,0.17518527227515654,0,0,5.900602409638554,16.76242886897202,MIA3;ASS1
GO_Biological_Process_2023,Regulation Of Monocyte Chemotactic Protein-1 Production (GO:0071637),0.05837896842521092,0.17518527227515654,0,0,5.900602409638554,16.76242886897202,OAS1;APOD
GO_Biological_Process_2023,Regulation Of Type II Interferon-Mediated Signaling Pathway (GO:0060334),0.05837896842521092,0.17518527227515654,0,0,5.900602409638554,16.76242886897202,NR1H3;PARP9
GO_Biological_Process_2023,"tRNA Splicing, Via Endonucleolytic Cleavage And Ligation (GO:0006388)",0.05837896842521092,0.17518527227515654,0,0,5.900602409638554,16.76242886897202,HEXIM1;DDX1
GO_Biological_Process_2023,Telomere Maintenance In Response To DNA Damage (GO:0043247),0.05837896842521092,0.17518527227515654,0,0,5.900602409638554,16.76242886897202,APEX1;TERF2IP
GO_Biological_Process_2023,Tetrahydrofolate Metabolic Process (GO:0046653),0.05837896842521092,0.17518527227515654,0,0,5.900602409638554,16.76242886897202,MTHFD2;MTR
GO_Biological_Process_2023,Peptidyl-Threonine Phosphorylation (GO:0018107),0.05922666665209652,0.17714202032526308,0,0,2.5075115699537203,7.087189047312528,ATF2;GSK3B;GSK3A;STK11;ACVR1B
GO_Biological_Process_2023,Regulation Of Bone Mineralization (GO:0030500),0.05922666665209652,0.17714202032526308,0,0,2.5075115699537203,7.087189047312528,TFAP2A;ECM1;NBR1;ISG15;TRPM4
GO_Biological_Process_2023,Regulation Of Cell Death (GO:0010941),0.05922666665209652,0.17714202032526308,0,0,2.5075115699537203,7.087189047312528,CHMP1B;CHMP2A;CHMP3;DHCR24;CHMP5
GO_Biological_Process_2023,Regulation Of Phagocytosis (GO:0050764),0.05922666665209652,0.17714202032526308,0,0,2.5075115699537203,7.087189047312528,PLSCR1;CD47;CALR;GATA2;SYT7
GO_Biological_Process_2023,Ceramide Biosynthetic Process (GO:0046513),0.06077643426790103,0.17943905957409073,0,0,2.8726101667278137,8.044897478217441,SMPD4;CERS6;SPTSSA;ST6GALNAC4
GO_Biological_Process_2023,Non-Canonical Wnt Signaling Pathway (GO:0035567),0.06077643426790103,0.17943905957409073,0,0,2.8726101667278137,8.044897478217441,VANGL1;SFRP4;CCDC88C;RAC1
GO_Biological_Process_2023,Cellular Response To Hexose Stimulus (GO:0071331),0.06078733464864973,0.17943905957409073,0,0,3.6222168938823045,10.143561372340583,UNC13B;SOX4;PCK2
GO_Biological_Process_2023,Cellular Response To Steroid Hormone Stimulus (GO:0071383),0.06078733464864973,0.17943905957409073,0,0,3.6222168938823045,10.143561372340583,URI1;ATP1A1;NR3C1
GO_Biological_Process_2023,Chaperone Cofactor-Dependent Protein Refolding (GO:0051085),0.06078733464864973,0.17943905957409073,0,0,3.6222168938823045,10.143561372340583,GAK;HSPA6;HSPE1
GO_Biological_Process_2023,Cholesterol Biosynthetic Process (GO:0006695),0.06078733464864973,0.17943905957409073,0,0,3.6222168938823045,10.143561372340583,G6PD;DHCR24;TM7SF2
GO_Biological_Process_2023,Establishment Or Maintenance Of Apical/Basal Cell Polarity (GO:0035088),0.06078733464864973,0.17943905957409073,0,0,3.6222168938823045,10.143561372340583,DLG1;DLG3;ERBIN
GO_Biological_Process_2023,Inner Ear Morphogenesis (GO:0042472),0.06078733464864973,0.17943905957409073,0,0,3.6222168938823045,10.143561372340583,TFAP2A;HPN;MYO6
GO_Biological_Process_2023,Lamellipodium Assembly (GO:0030032),0.06078733464864973,0.17943905957409073,0,0,3.6222168938823045,10.143561372340583,GOLPH3;SPATA13;RAC1
GO_Biological_Process_2023,Myotube Differentiation (GO:0014902),0.06078733464864973,0.17943905957409073,0,0,3.6222168938823045,10.143561372340583,ADAMTS15;DOCK1;PLD3
GO_Biological_Process_2023,Negative Regulation Of Lipid Biosynthetic Process (GO:0051055),0.06078733464864973,0.17943905957409073,0,0,3.6222168938823045,10.143561372340583,SLC27A1;APOC1;ERLIN2
GO_Biological_Process_2023,Negative Regulation Of Response To Endoplasmic Reticulum Stress (GO:1903573),0.06078733464864973,0.17943905957409073,0,0,3.6222168938823045,10.143561372340583,WFS1;LPCAT3;NR1H3
GO_Biological_Process_2023,Regulation Of Neutrophil Chemotaxis (GO:0090022),0.06078733464864973,0.17943905957409073,0,0,3.6222168938823045,10.143561372340583,C5AR2;RAC1;DNM1L
GO_Biological_Process_2023,Regulation Of Platelet Aggregation (GO:0090330),0.06078733464864973,0.17943905957409073,0,0,3.6222168938823045,10.143561372340583,CD9;F11R;IL6ST
GO_Biological_Process_2023,Secretory Granule Organization (GO:0033363),0.06078733464864973,0.17943905957409073,0,0,3.6222168938823045,10.143561372340583,AP1G1;HPS3;AP3B1
GO_Biological_Process_2023,"Wound Healing, Spreading Of Cells (GO:0044319)",0.06078733464864973,0.17943905957409073,0,0,3.6222168938823045,10.143561372340583,DDR1;LRG1;CD44
GO_Biological_Process_2023,Positive Regulation Of Endothelial Cell Proliferation (GO:0001938),0.06118739121522957,0.18017945608257033,0,0,2.2467129058337942,6.276898277166527,STAT5A;PDCL3;ECM1;NRAS;LRG1;GATA2
GO_Biological_Process_2023,Positive Regulation Of Synaptic Transmission (GO:0050806),0.06118739121522957,0.18017945608257033,0,0,2.2467129058337942,6.276898277166527,APEX1;NPTN;SHANK2;CACNG4;BAIAP3;NFATC4
GO_Biological_Process_2023,Regulation Of Innate Immune Response (GO:0045088),0.06118739121522957,0.18017945608257033,0,0,2.2467129058337942,6.276898277166527,RNF135;PLSCR1;DHX9;APLP2;DHX58;PARP9
GO_Biological_Process_2023,Plasma Membrane Bounded Cell Projection Assembly (GO:0120031),0.06131531668316032,0.18040948580536692,0,0,1.5979163498098858,4.460943985097112,ACTR3;TTC36;ACTR2;SEPTIN2;EMP1;IFT122;CD2AP;SLC9A3R1;IFT74;GOLPH3;TTLL3;SPATA13;RAC1;ATP6V1D;RAB8A
GO_Biological_Process_2023,Regulation Of miRNA Transcription (GO:1902893),0.06286405260988341,0.18466634108110114,0,0,2.461006289308176,6.809064898950622,JUN;MYB;NR3C1;GATA2;NFATC4
GO_Biological_Process_2023,Sterol Metabolic Process (GO:0016125),0.06286405260988341,0.18466634108110114,0,0,2.461006289308176,6.809064898950622,CYP27A1;SULT2B1;SQLE;PIP4P1;TSKU
GO_Biological_Process_2023,Regulation Of Macromolecule Metabolic Process (GO:0060255),0.06324910300443648,0.18564688094170903,0,0,1.7978603603603605,4.963306951566097,RO60;CDH1;KIF16B;UBAP2;INSM1;MTMR4;YBX3;TOB1;TSKU;FOXP1
GO_Biological_Process_2023,Positive Regulation Of Protein-Containing Complex Assembly (GO:0031334),0.06336800349587751,0.18584527017171526,0,0,2.0682539682539685,5.7058912330364056,UNC13B;GSK3B;SUMO1;ISG15;CAPG;GBP2;MTLN
GO_Biological_Process_2023,Positive Regulation Of Macromolecule Metabolic Process (GO:0010604),0.0641692957526066,0.18804303334623068,0,0,1.4978561015350313,4.11345802376177,TFAP2A;ATF2;GSK3B;RAMP2;GSK3A;WFS1;HPN;PIK3R3;NR1H3;GATA2;KLF2;NFKBIA;SFRP4;PDCL3;OCLN;PLSCR1;PIP;MBIP;FGFR4
GO_Biological_Process_2023,Protein Import Into Nucleus (GO:0006606),0.0643477456053726,0.188261336496494,0,0,2.2154456193353473,6.0779717700931695,IPO9;APLP2;TPR;NUTF2;IPO4;KPNA1
GO_Biological_Process_2023,Vesicle-Mediated Transport To The Plasma Membrane (GO:0098876),0.0643477456053726,0.188261336496494,0,0,2.2154456193353473,6.0779717700931695,RAB10;SNX4;ARFGEF2;STX6;COMMD1;RAB11FIP4
GO_Biological_Process_2023,Glycolipid Biosynthetic Process (GO:0009247),0.06532562047369254,0.1906602718418327,0,0,2.796935778359927,7.6310783808492095,TM9SF2;DPM3;SCCPDH;SLC30A5
GO_Biological_Process_2023,Regulation Of Cell-Cell Adhesion (GO:0022407),0.06532562047369254,0.1906602718418327,0,0,2.796935778359927,7.6310783808492095,MAGI1;CDH1;SPINT2;CD47
GO_Biological_Process_2023,Regulation Of Cellular Component Size (GO:0032535),0.06532562047369254,0.1906602718418327,0,0,2.796935778359927,7.6310783808492095,VAV3;SLC9A3R1;PEX11A;RAC1
GO_Biological_Process_2023,Camera-Type Eye Development (GO:0043010),0.0669281775014487,0.193422187494522,0,0,3.4646309098653387,9.36883044050623,NF1;IFT122;TSKU
GO_Biological_Process_2023,Negative Regulation Of Catalytic Activity (GO:0043086),0.0669281775014487,0.193422187494522,0,0,3.4646309098653387,9.36883044050623,OXA1L;IFIT1;PARP9
GO_Biological_Process_2023,Positive Regulation Of TORC1 Signaling (GO:1904263),0.0669281775014487,0.193422187494522,0,0,3.4646309098653387,9.36883044050623,RRAGA;PIP4P1;GPR137B
GO_Biological_Process_2023,Positive Regulation Of Erythrocyte Differentiation (GO:0045648),0.0669281775014487,0.193422187494522,0,0,3.4646309098653387,9.36883044050623,FAM210B;STAT1;ACVR1B
GO_Biological_Process_2023,Regulation Of Epidermal Growth Factor-Activated Receptor Activity (GO:0007176),0.0669281775014487,0.193422187494522,0,0,3.4646309098653387,9.36883044050623,GPRC5A;ADRA2A;SNX6
GO_Biological_Process_2023,Positive Regulation Of Catabolic Process (GO:0009896),0.06760214952383099,0.193422187494522,0,0,2.1850349708231596,5.886736580203127,GSK3B;GSK3A;MAGEF1;FLNB;SEC22B;RAB7A
GO_Biological_Process_2023,DNA Deamination (GO:0045006),0.06840801274999522,0.193422187494522,0,0,5.31039156626506,14.243879111227415,EXOSC6;EXOSC5
GO_Biological_Process_2023,Aspartate Family Amino Acid Metabolic Process (GO:0009066),0.06840801274999522,0.193422187494522,0,0,5.31039156626506,14.243879111227415,GOT2;ASS1
GO_Biological_Process_2023,"Base-Excision Repair, Gap-Filling (GO:0006287)",0.06840801274999522,0.193422187494522,0,0,5.31039156626506,14.243879111227415,APEX1;LIG3
GO_Biological_Process_2023,Detection Of Calcium Ion (GO:0005513),0.06840801274999522,0.193422187494522,0,0,5.31039156626506,14.243879111227415,CALM3;CALM2
GO_Biological_Process_2023,Fatty Acid Elongation (GO:0030497),0.06840801274999522,0.193422187494522,0,0,5.31039156626506,14.243879111227415,ELOVL5;HACD3
GO_Biological_Process_2023,Glucose Import (GO:0046323),0.06840801274999522,0.193422187494522,0,0,5.31039156626506,14.243879111227415,SLC27A1;RAB4B
GO_Biological_Process_2023,Granulocyte Differentiation (GO:0030851),0.06840801274999522,0.193422187494522,0,0,5.31039156626506,14.243879111227415,STAT5A;SRP54
GO_Biological_Process_2023,Lipoprotein Localization (GO:0044872),0.06840801274999522,0.193422187494522,0,0,5.31039156626506,14.243879111227415,VMP1;MIA3
GO_Biological_Process_2023,Mesoderm Morphogenesis (GO:0048332),0.06840801274999522,0.193422187494522,0,0,5.31039156626506,14.243879111227415,MESP2;MESP1
GO_Biological_Process_2023,Microtubule Anchoring At Microtubule Organizing Center (GO:0072393),0.06840801274999522,0.193422187494522,0,0,5.31039156626506,14.243879111227415,DCTN1;MAP1S
GO_Biological_Process_2023,Negative Regulation Of JUN Kinase Activity (GO:0043508),0.06840801274999522,0.193422187494522,0,0,5.31039156626506,14.243879111227415,PDCD4;DUSP16
GO_Biological_Process_2023,Negative Regulation Of Cardiac Muscle Hypertrophy (GO:0010614),0.06840801274999522,0.193422187494522,0,0,5.31039156626506,14.243879111227415,GSK3A;LMNA
GO_Biological_Process_2023,Negative Regulation Of Epidermal Growth Factor-Activated Receptor Activity (GO:0007175),0.06840801274999522,0.193422187494522,0,0,5.31039156626506,14.243879111227415,GPRC5A;SNX6
GO_Biological_Process_2023,Negative Regulation Of Locomotion (GO:0040013),0.06840801274999522,0.193422187494522,0,0,5.31039156626506,14.243879111227415,TACSTD2;SPINT2
GO_Biological_Process_2023,Negative Regulation Of Macrophage Derived Foam Cell Differentiation (GO:0010745),0.06840801274999522,0.193422187494522,0,0,5.31039156626506,14.243879111227415,NFKBIA;NR1H3
GO_Biological_Process_2023,Negative Regulation Of Potassium Ion Transport (GO:0043267),0.06840801274999522,0.193422187494522,0,0,5.31039156626506,14.243879111227415,CAB39;NEDD4L
GO_Biological_Process_2023,Negative Regulation Of Substrate Adhesion-Dependent Cell Spreading (GO:1900025),0.06840801274999522,0.193422187494522,0,0,5.31039156626506,14.243879111227415,TACSTD2;GBP1
GO_Biological_Process_2023,Phosphate Ion Homeostasis (GO:0055062),0.06840801274999522,0.193422187494522,0,0,5.31039156626506,14.243879111227415,SFRP4;FGFR4
GO_Biological_Process_2023,Positive Regulation Of mRNA Metabolic Process (GO:1903313),0.06840801274999522,0.193422187494522,0,0,5.31039156626506,14.243879111227415,PNPT1;TTC5
GO_Biological_Process_2023,Positive Regulation Of Protein Export From Nucleus (GO:0046827),0.06840801274999522,0.193422187494522,0,0,5.31039156626506,14.243879111227415,GSK3B;TPR
GO_Biological_Process_2023,Regulation Of SNARE Complex Assembly (GO:0035542),0.06840801274999522,0.193422187494522,0,0,5.31039156626506,14.243879111227415,VPS41;VPS16
GO_Biological_Process_2023,Regulation Of Chemokine (C-X-C Motif) Ligand 2 Production (GO:2000341),0.06840801274999522,0.193422187494522,0,0,5.31039156626506,14.243879111227415,OAS1;FOXP1
GO_Biological_Process_2023,Regulation Of Chromosome Separation (GO:1905818),0.06840801274999522,0.193422187494522,0,0,5.31039156626506,14.243879111227415,PLSCR1;TPR
GO_Biological_Process_2023,Regulation Of Hematopoietic Stem Cell Differentiation (GO:1902036),0.06840801274999522,0.193422187494522,0,0,5.31039156626506,14.243879111227415,METTL3;EIF2AK2
GO_Biological_Process_2023,Regulation Of Platelet-Derived Growth Factor Receptor Signaling Pathway (GO:0010640),0.06840801274999522,0.193422187494522,0,0,5.31039156626506,14.243879111227415,SLC9A3R1;APOD
GO_Biological_Process_2023,Regulation Of Retinoic Acid Receptor Signaling Pathway (GO:0048385),0.06840801274999522,0.193422187494522,0,0,5.31039156626506,14.243879111227415,CALR;KLF2
GO_Biological_Process_2023,Response To Iron Ion (GO:0010039),0.06840801274999522,0.193422187494522,0,0,5.31039156626506,14.243879111227415,TFAP2A;BCL2
GO_Biological_Process_2023,Response To Muramyl Dipeptide (GO:0032495),0.06840801274999522,0.193422187494522,0,0,5.31039156626506,14.243879111227415,ERBIN;CHMP5
GO_Biological_Process_2023,Semaphorin-Plexin Signaling Pathway Involved In Neuron Projection Guidance (GO:1902285),0.06840801274999522,0.193422187494522,0,0,5.31039156626506,14.243879111227415,PLXNA1;PLXNA4
GO_Biological_Process_2023,Signal Peptide Processing (GO:0006465),0.06840801274999522,0.193422187494522,0,0,5.31039156626506,14.243879111227415,SPCS1;PARL
GO_Biological_Process_2023,Sodium Ion Export Across Plasma Membrane (GO:0036376),0.06840801274999522,0.193422187494522,0,0,5.31039156626506,14.243879111227415,ATP1B3;ATP1A1
GO_Biological_Process_2023,Sphingomyelin Metabolic Process (GO:0006684),0.06840801274999522,0.193422187494522,0,0,5.31039156626506,14.243879111227415,SMPD4;VAPA
GO_Biological_Process_2023,Spinal Cord Development (GO:0021510),0.06840801274999522,0.193422187494522,0,0,5.31039156626506,14.243879111227415,NF1;SOX4
GO_Biological_Process_2023,Very Long-Chain Fatty Acid Biosynthetic Process (GO:0042761),0.06840801274999522,0.193422187494522,0,0,5.31039156626506,14.243879111227415,ELOVL5;HACD3
GO_Biological_Process_2023,Protein Complex Oligomerization (GO:0051259),0.06912749981173835,0.19530405953051194,0,0,2.0231769036116862,5.405529424934561,RNF135;LETM1;OXA1L;PNPT1;ATL2;CHMP2A;DNM1L
GO_Biological_Process_2023,Positive Regulation Of Cytokine-Mediated Signaling Pathway (GO:0001961),0.070047052807392,0.19728648932221915,0,0,2.72514212785706,7.245030376837485,RBM47;AGPAT1;PARP9;UBE2K
GO_Biological_Process_2023,Positive Regulation Of Innate Immune Response (GO:0045089),0.070047052807392,0.19728648932221915,0,0,2.72514212785706,7.245030376837485,RBM47;PLSCR1;DHX9;UBE2K
GO_Biological_Process_2023,Positive Regulation Of miRNA Transcription (GO:1902895),0.070047052807392,0.19728648932221915,0,0,2.72514212785706,7.245030376837485,JUN;MYB;GATA2;NR3C1
GO_Biological_Process_2023,Regulation Of JUN Kinase Activity (GO:0043506),0.070047052807392,0.19728648932221915,0,0,2.72514212785706,7.245030376837485,TAOK3;PDCD4;MAP3K13;DUSP16
GO_Biological_Process_2023,Regulation Of Embryonic Development (GO:0045995),0.0705074426475453,0.19842887122720207,0,0,2.372978436657682,6.2932266267174,INO80B;RUVBL1;MBIP;TRIP12;UCHL5
GO_Biological_Process_2023,Histone Modification (GO:0016570),0.07095049531559308,0.19921139072331637,0,0,2.1554462317302194,5.702821214834939,ING5;MEAF6;RUVBL1;ACTL6A;TAF9;MTA3
GO_Biological_Process_2023,Negative Regulation Of Apoptotic Signaling Pathway (GO:2001234),0.07095049531559308,0.19921139072331637,0,0,2.1554462317302194,5.702821214834939,URI1;SIAH2;PPIF;BCL2;BIRC6;BCL2L2
GO_Biological_Process_2023,Positive Regulation Of Tumor Necrosis Factor Superfamily Cytokine Production (GO:1903557),0.07095049531559308,0.19921139072331637,0,0,2.1554462317302194,5.702821214834939,IFIH1;ARFGEF2;OAS1;OAS2;DHX9;ARHGEF2
GO_Biological_Process_2023,Amino Acid Import Across Plasma Membrane (GO:0089718),0.07333939194307965,0.20464967459001115,0,0,3.32017709118312,8.67448527084356,SLC7A5;SLC7A8;SLC1A2
GO_Biological_Process_2023,Cortical Cytoskeleton Organization (GO:0030865),0.07333939194307965,0.20464967459001115,0,0,3.32017709118312,8.67448527084356,NCKAP1;DLG1;RAC1
GO_Biological_Process_2023,Negative Regulation Of Cytoskeleton Organization (GO:0051494),0.07333939194307965,0.20464967459001115,0,0,3.32017709118312,8.67448527084356,PIK3CA;MYADM;TWF1
GO_Biological_Process_2023,Peptidyl-Proline Modification (GO:0018208),0.07333939194307965,0.20464967459001115,0,0,3.32017709118312,8.67448527084356,PPIF;PPIG;PPIA
GO_Biological_Process_2023,Protein Quality Control For Misfolded Or Incompletely Synthesized Proteins (GO:0006515),0.07333939194307965,0.20464967459001115,0,0,3.32017709118312,8.67448527084356,AUP1;UGGT1;ANKZF1
GO_Biological_Process_2023,"Regulation Of DNA Damage Response, Signal Transduction By P53 Class Mediator (GO:0043516)",0.07333939194307965,0.20464967459001115,0,0,3.32017709118312,8.67448527084356,SMYD2;SOX4;CD44
GO_Biological_Process_2023,Regulation Of Peptidase Activity (GO:0052547),0.07333939194307965,0.20464967459001115,0,0,3.32017709118312,8.67448527084356,CSTA;ECM1;CTSS
GO_Biological_Process_2023,Regulation Of Sodium Ion Transmembrane Transport (GO:1902305),0.07333939194307965,0.20464967459001115,0,0,3.32017709118312,8.67448527084356,DLG1;NEDD4L;COMMD1
GO_Biological_Process_2023,Negative Regulation Of NF-kappaB Transcription Factor Activity (GO:0032088),0.07439258398291494,0.20696562592143494,0,0,2.1266465256797584,5.525876247702784,NFKBIA;TAX1BP1;ERBIN;COMMD1;RBCK1;MTURN
GO_Biological_Process_2023,Purine Ribonucleotide Metabolic Process (GO:0009150),0.07439258398291494,0.20696562592143494,0,0,2.1266465256797584,5.525876247702784,SULT2B1;GMPR2;OLA1;MFN1;NDUFS1;ACSF2
GO_Biological_Process_2023,RNA Methylation (GO:0001510),0.07451219663212345,0.20696562592143494,0,0,2.331281032770606,6.053852993616783,NSUN2;METTL3;SNRPG;METTL5;SNRPE
GO_Biological_Process_2023,Cell Junction Organization (GO:0034330),0.07451219663212345,0.20696562592143494,0,0,2.331281032770606,6.053852993616783,VMP1;OCLN;MARVELD2;MAPT;GRHL2
GO_Biological_Process_2023,Cellular Response To Virus (GO:0098586),0.07451219663212345,0.20696562592143494,0,0,2.331281032770606,6.053852993616783,IFIH1;OAS1;IFNGR2;IFI6;LGALS8
GO_Biological_Process_2023,mRNA Export From Nucleus (GO:0006406),0.07451219663212345,0.20696562592143494,0,0,2.331281032770606,6.053852993616783,PABPN1;TPR;THOC1;CASC3;SMG7
GO_Biological_Process_2023,Bone Development (GO:0060348),0.07493849758231612,0.2071963650711061,0,0,2.6569381598793362,6.8843593449166045,TFAP2A;SFRP4;GNAS;STC1
GO_Biological_Process_2023,Extracellular Matrix Disassembly (GO:0022617),0.07493849758231612,0.2071963650711061,0,0,2.6569381598793362,6.8843593449166045,ADAMTS15;HPN;CAPG;CTSS
GO_Biological_Process_2023,Neural Crest Cell Development (GO:0014032),0.07493849758231612,0.2071963650711061,0,0,2.6569381598793362,6.8843593449166045,SEMA3C;SEMA3B;SEMA4C;TAPT1
GO_Biological_Process_2023,Positive Regulation Of Nucleocytoplasmic Transport (GO:0046824),0.07493849758231612,0.2071963650711061,0,0,2.6569381598793362,6.8843593449166045,GSK3B;DHX9;CDH1;TPR
GO_Biological_Process_2023,Regulation Of Cell-Substrate Adhesion (GO:0010810),0.07493849758231612,0.2071963650711061,0,0,2.6569381598793362,6.8843593449166045,MYADM;NF1;ARL2;RAC1
GO_Biological_Process_2023,Regulation Of Cellular Metabolic Process (GO:0031323),0.07493849758231612,0.2071963650711061,0,0,2.6569381598793362,6.8843593449166045,PNPT1;MBOAT7;ARL2;PARL
GO_Biological_Process_2023,Regulation Of Protein Secretion (GO:0050708),0.07518958522760344,0.20773201959906917,0,0,1.9800180119329056,5.1237768630692955,UNC13B;GOLPH3;TMED10;DNM1L;PPIA;SYT7;CD2AP
GO_Biological_Process_2023,Calcium Ion Homeostasis (GO:0055074),0.07833401039724003,0.21500980283129947,0,0,1.959120022277917,4.989434780077716,WFS1;CIB3;NPTN;STC1;S100A14;CALR;ATP13A3
GO_Biological_Process_2023,Regulation Of Secretion By Cell (GO:1903530),0.0786379026938159,0.21500980283129947,0,0,2.291021470396877,5.825841872230895,VAMP8;SEPTIN2;APEX1;MYOF;RAB8A
GO_Biological_Process_2023,acyl-CoA Biosynthetic Process (GO:0071616),0.07895169457913537,0.21500980283129947,0,0,4.827491785323111,12.256610976025282,PPCS;PPT1
GO_Biological_Process_2023,Amyloid Precursor Protein Catabolic Process (GO:0042987),0.07895169457913537,0.21500980283129947,0,0,4.827491785323111,12.256610976025282,NCSTN;PSEN2
GO_Biological_Process_2023,Cellular Modified Amino Acid Catabolic Process (GO:0042219),0.07895169457913537,0.21500980283129947,0,0,4.827491785323111,12.256610976025282,GOT2;PCYOX1
GO_Biological_Process_2023,Clathrin Coat Assembly (GO:0048268),0.07895169457913537,0.21500980283129947,0,0,4.827491785323111,12.256610976025282,GAK;CLTC
GO_Biological_Process_2023,Intracellular Potassium Ion Homeostasis (GO:0030007),0.07895169457913537,0.21500980283129947,0,0,4.827491785323111,12.256610976025282,ATP1B3;ATP1A1
GO_Biological_Process_2023,Membrane Protein Intracellular Domain Proteolysis (GO:0031293),0.07895169457913537,0.21500980283129947,0,0,4.827491785323111,12.256610976025282,MBTPS1;NCSTN
GO_Biological_Process_2023,Negative Regulation Of Bone Mineralization (GO:0030502),0.07895169457913537,0.21500980283129947,0,0,4.827491785323111,12.256610976025282,ECM1;TRPM4
GO_Biological_Process_2023,Negative Regulation Of Secretion (GO:0051048),0.07895169457913537,0.21500980283129947,0,0,4.827491785323111,12.256610976025282,VAMP8;NR1H3
GO_Biological_Process_2023,Positive Regulation Of T Cell Receptor Signaling Pathway (GO:0050862),0.07895169457913537,0.21500980283129947,0,0,4.827491785323111,12.256610976025282,KCNN4;NECTIN2
GO_Biological_Process_2023,Positive Regulation Of Brown Fat Cell Differentiation (GO:0090336),0.07895169457913537,0.21500980283129947,0,0,4.827491785323111,12.256610976025282,HNRNPU;RREB1
GO_Biological_Process_2023,Positive Regulation Of Chromosome Separation (GO:1905820),0.07895169457913537,0.21500980283129947,0,0,4.827491785323111,12.256610976025282,PLSCR1;CDCA8
GO_Biological_Process_2023,Positive Regulation Of Fatty Acid Biosynthetic Process (GO:0045723),0.07895169457913537,0.21500980283129947,0,0,4.827491785323111,12.256610976025282,ELOVL5;NR1H3
GO_Biological_Process_2023,Positive Regulation Of Protein-Containing Complex Disassembly (GO:0043243),0.07895169457913537,0.21500980283129947,0,0,4.827491785323111,12.256610976025282,CALCOCO2;BNIP3
GO_Biological_Process_2023,Positive Regulation Of Type I Interferon-Mediated Signaling Pathway (GO:0060340),0.07895169457913537,0.21500980283129947,0,0,4.827491785323111,12.256610976025282,RBM47;UBE2K
GO_Biological_Process_2023,Regulation Of Trophoblast Cell Migration (GO:1901163),0.07895169457913537,0.21500980283129947,0,0,4.827491785323111,12.256610976025282,ARHGDIB;CALR
GO_Biological_Process_2023,Striated Muscle Tissue Development (GO:0014706),0.07895169457913537,0.21500980283129947,0,0,4.827491785323111,12.256610976025282,NDUFV2;SGCG
GO_Biological_Process_2023,Ubiquinone Biosynthetic Process (GO:0006744),0.07895169457913537,0.21500980283129947,0,0,4.827491785323111,12.256610976025282,NDUFA9;COQ8A
GO_Biological_Process_2023,Negative Regulation Of Cell Growth (GO:0030308),0.07995922068361644,0.21577377603540301,0,0,1.8499506676313886,4.673416628762317,STK11;GSK3A;BTG1;EI24;PPT1;SH3BP4;RTN4;RERG
GO_Biological_Process_2023,B Cell Receptor Signaling Pathway (GO:0050853),0.07999744825690074,0.21577377603540301,0,0,2.5920612147297946,6.546925937591079,VAV3;IGKC;BCL2;IGLC1
GO_Biological_Process_2023,Mitotic G2/M Transition Checkpoint (GO:0044818),0.07999744825690074,0.21577377603540301,0,0,2.5920612147297946,6.546925937591079,TAOK3;INTS3;RAD17;ZNF830
GO_Biological_Process_2023,Positive Regulation Of Cell-Cell Adhesion (GO:0022409),0.07999744825690074,0.21577377603540301,0,0,2.5920612147297946,6.546925937591079,MAGI1;CEACAM6;CD47;CD44
GO_Biological_Process_2023,Regulation Of Cytokine Production Involved In Inflammatory Response (GO:1900015),0.07999744825690074,0.21577377603540301,0,0,2.5920612147297946,6.546925937591079,APLP2;PDCD4;APOD;PLD3
GO_Biological_Process_2023,Regulation Of Interleukin-10 Production (GO:0032653),0.07999744825690074,0.21577377603540301,0,0,2.5920612147297946,6.546925937591079,ISG15;CD47;TRIB2;HSPD1
GO_Biological_Process_2023,DNA Geometric Change (GO:0032392),0.0800122796718793,0.21577377603540301,0,0,3.1872795779954783,8.049714130763231,DHX9;DDX1;HMGB3
GO_Biological_Process_2023,Carbohydrate Derivative Biosynthetic Process (GO:1901137),0.0800122796718793,0.21577377603540301,0,0,3.1872795779954783,8.049714130763231,G6PD;GOLPH3;SCCPDH
GO_Biological_Process_2023,Establishment Of Endothelial Barrier (GO:0061028),0.0800122796718793,0.21577377603540301,0,0,3.1872795779954783,8.049714130763231,MARVELD2;MYADM;F11R
GO_Biological_Process_2023,Lipid Droplet Organization (GO:0034389),0.0800122796718793,0.21577377603540301,0,0,3.1872795779954783,8.049714130763231,SQLE;PPIA;CDS2
GO_Biological_Process_2023,Positive Regulation Of mRNA Processing (GO:0050685),0.0800122796718793,0.21577377603540301,0,0,3.1872795779954783,8.049714130763231,PRMT5;THRAP3;CIRBP
GO_Biological_Process_2023,Pyroptosis (GO:0070269),0.0800122796718793,0.21577377603540301,0,0,3.1872795779954783,8.049714130763231,GSDMB;DHX9;NAIP
GO_Biological_Process_2023,Regulation Of Glucose Metabolic Process (GO:0010906),0.0800122796718793,0.21577377603540301,0,0,3.1872795779954783,8.049714130763231,ZNF692;FOXK2;ADIPOR1
GO_Biological_Process_2023,Positive Regulation Of Protein Kinase Activity (GO:0045860),0.08012582240961266,0.21577377603540301,0,0,1.7732021196063588,4.47584071942778,SLC27A1;STK11;DLG3;CAB39;STRADB;SNX9;CALM3;CALM2;ADRA2A
GO_Biological_Process_2023,Regulation Of Cell Adhesion (GO:0030155),0.08012582240961266,0.21577377603540301,0,0,1.7732021196063588,4.47584071942778,PPP1CB;ERBB2;MYADM;PLXNA1;PKP4;MIA3;P4HB;PLXNA4;CYTH1
GO_Biological_Process_2023,Cellular Response To Organonitrogen Compound (GO:0071417),0.08155386101874679,0.21930106184703377,0,0,1.9386574074074074,4.8592285178377415,RRAGA;GOLPH3;IGFBP5;CDH1;SH3BP4;LAMTOR2;HSP90B1
GO_Biological_Process_2023,mRNA Metabolic Process (GO:0016071),0.08155674497734801,0.21930106184703377,0,0,2.071291246517833,5.19160087718857,SF3A3;RIDA;PNPT1;METTL3;LSM5;FBXO11
GO_Biological_Process_2023,Heart Development (GO:0007507),0.08437404877430467,0.22670831206270883,0,0,1.6943640223895,4.189307257449346,MESP2;PDLIM1;MESP1;RAMP2;NF1;IFT122;NDUFV2;MEF2D;SOX4;SGCG
GO_Biological_Process_2023,Lipid Transport (GO:0006869),0.0848489434650913,0.2278153248558641,0,0,1.9186167021218568,4.733002425558498,UGCG;SLC27A1;CRABP2;VAPA;GOT2;ABCA12;ABCC11
GO_Biological_Process_2023,Cognition (GO:0050890),0.08522114177788263,0.22813819328861118,0,0,2.5302736479207066,6.230813364054296,TUSC3;DOP1B;NF1;MAGT1
GO_Biological_Process_2023,Homotypic Cell-Cell Adhesion (GO:0034109),0.08522114177788263,0.22813819328861118,0,0,2.5302736479207066,6.230813364054296,CSRP1;GNAS;PPIA;MYL12A
GO_Biological_Process_2023,Negative Regulation Of ERK1 And ERK2 Cascade (GO:0070373),0.08522114177788263,0.22813819328861118,0,0,2.5302736479207066,6.230813364054296,SLC9A3R1;DLG1;PSCA;GBP1
GO_Biological_Process_2023,Response To Organonitrogen Compound (GO:0010243),0.08522114177788263,0.22813819328861118,0,0,2.5302736479207066,6.230813364054296,ERLEC1;CCDC47;MEAK7;ATF6
GO_Biological_Process_2023,GPI Anchor Biosynthetic Process (GO:0006506),0.08693772663945555,0.23102600578731328,0,0,3.064604950437656,7.485491281764074,PIGS;DPM3;SLC30A5
GO_Biological_Process_2023,Cardiac Muscle Cell Action Potential Involved In Contraction (GO:0086002),0.08693772663945555,0.23102600578731328,0,0,3.064604950437656,7.485491281764074,KCNE4;NEDD4L;ATP1A1
GO_Biological_Process_2023,Cytoplasmic Translational Initiation (GO:0002183),0.08693772663945555,0.23102600578731328,0,0,3.064604950437656,7.485491281764074,RBM4;EIF3H;EIF3B
GO_Biological_Process_2023,Intrinsic Apoptotic Signaling Pathway In Response To Endoplasmic Reticulum Stress (GO:0070059),0.08693772663945555,0.23102600578731328,0,0,3.064604950437656,7.485491281764074,DNAJC10;ITPR1;BCL2
GO_Biological_Process_2023,mRNA Splice Site Recognition (GO:0006376),0.08693772663945555,0.23102600578731328,0,0,3.064604950437656,7.485491281764074,SF3A3;KHDC4;HNRNPC
GO_Biological_Process_2023,"Maturation Of SSU-rRNA From Tricistronic rRNA Transcript (SSU-rRNA, 5.8S rRNA, LSU-rRNA) (GO:0000462)",0.08693772663945555,0.23102600578731328,0,0,3.064604950437656,7.485491281764074,HEATR1;NGDN;NOL10
GO_Biological_Process_2023,Positive Regulation Of Endopeptidase Activity (GO:0010950),0.08693772663945555,0.23102600578731328,0,0,3.064604950437656,7.485491281764074,NCSTN;PSME1;PSME2
GO_Biological_Process_2023,Regulation Of Developmental Growth (GO:0048638),0.08693772663945555,0.23102600578731328,0,0,3.064604950437656,7.485491281764074,STAT5A;GSK3B;CTTN
GO_Biological_Process_2023,Regulation Of Protein Modification By Small Protein Conjugation Or Removal (GO:1903320),0.08693772663945555,0.23102600578731328,0,0,3.064604950437656,7.485491281764074,DCUN1D1;COPS7A;COPS8
GO_Biological_Process_2023,Regulation Of Vasculature Development (GO:1901342),0.08693772663945555,0.23102600578731328,0,0,3.064604950437656,7.485491281764074,SP100;ERBB2;NF1
GO_Biological_Process_2023,Positive Regulation Of Intracellular Protein Transport (GO:0090316),0.08897686762268238,0.23307086385541564,0,0,1.8027641734403446,4.361569526073562,RNF31;GSK3B;GSK3A;CDH1;RUFY3;TPR;ERBB2;TOMM7
GO_Biological_Process_2023,Negative Regulation Of Cell Cycle (GO:0045786),0.08909126542669386,0.23307086385541564,0,0,2.0187387663008147,4.881500058865824,HEXIM1;SLC9A3R1;BTG1;NUPR2;NUPR1;RHOB
GO_Biological_Process_2023,Positive Regulation Of Amide Metabolic Process (GO:0034250),0.08909126542669386,0.23307086385541564,0,0,2.0187387663008147,4.881500058865824,GSK3A;METTL3;ERBB2;CIRBP;METTL5;SOX4
GO_Biological_Process_2023,Bone Morphogenesis (GO:0060349),0.08995943337103011,0.23307086385541564,0,0,4.425075301204819,10.657335649005045,TFAP2A;SFRP4
GO_Biological_Process_2023,Calcium Ion-Regulated Exocytosis Of Neurotransmitter (GO:0048791),0.08995943337103011,0.23307086385541564,0,0,4.425075301204819,10.657335649005045,UNC13B;SYT7
GO_Biological_Process_2023,Contractile Actin Filament Bundle Assembly (GO:0030038),0.08995943337103011,0.23307086385541564,0,0,4.425075301204819,10.657335649005045,PDLIM1;ITGB5
GO_Biological_Process_2023,Endoderm Development (GO:0007492),0.08995943337103011,0.23307086385541564,0,0,4.425075301204819,10.657335649005045,DUSP5;KIF16B
GO_Biological_Process_2023,Establishment Of Chromosome Localization (GO:0051303),0.08995943337103011,0.23307086385541564,0,0,4.425075301204819,10.657335649005045,CENPF;MAP1S
GO_Biological_Process_2023,Formation Of Cytoplasmic Translation Initiation Complex (GO:0001732),0.08995943337103011,0.23307086385541564,0,0,4.425075301204819,10.657335649005045,EIF3H;EIF3B
GO_Biological_Process_2023,Histone H2A Monoubiquitination (GO:0035518),0.08995943337103011,0.23307086385541564,0,0,4.425075301204819,10.657335649005045,PCGF3;PCGF1
GO_Biological_Process_2023,Mammary Gland Epithelium Development (GO:0061180),0.08995943337103011,0.23307086385541564,0,0,4.425075301204819,10.657335649005045,ZNF703;IRF6
GO_Biological_Process_2023,miRNA-mediated Gene Silencing By Inhibition Of Translation (GO:0035278),0.08995943337103011,0.23307086385541564,0,0,4.425075301204819,10.657335649005045,RBM4;EIF4E2
GO_Biological_Process_2023,Mitochondrial Calcium Ion Transmembrane Transport (GO:0006851),0.08995943337103011,0.23307086385541564,0,0,4.425075301204819,10.657335649005045,LETM1;MAIP1
GO_Biological_Process_2023,Mitophagy (GO:0000423),0.08995943337103011,0.23307086385541564,0,0,4.425075301204819,10.657335649005045,BECN1;ATG4B
GO_Biological_Process_2023,Negative Regulation Of Fatty Acid Biosynthetic Process (GO:0045717),0.08995943337103011,0.23307086385541564,0,0,4.425075301204819,10.657335649005045,APOC1;ERLIN2
GO_Biological_Process_2023,Negative Regulation Of Peptidyl-Threonine Phosphorylation (GO:0010801),0.08995943337103011,0.23307086385541564,0,0,4.425075301204819,10.657335649005045,CALM3;CALM2
GO_Biological_Process_2023,Negative Regulation Of Smooth Muscle Cell Migration (GO:0014912),0.08995943337103011,0.23307086385541564,0,0,4.425075301204819,10.657335649005045,IGFBP5;IGFBP3
GO_Biological_Process_2023,Negative Regulation Of Transcription Elongation By RNA Polymerase II (GO:0034244),0.08995943337103011,0.23307086385541564,0,0,4.425075301204819,10.657335649005045,HEXIM1;HNRNPU
GO_Biological_Process_2023,Nuclear Pore Organization (GO:0006999),0.08995943337103011,0.23307086385541564,0,0,4.425075301204819,10.657335649005045,TPR;RTN4
GO_Biological_Process_2023,Pancreas Development (GO:0031016),0.08995943337103011,0.23307086385541564,0,0,4.425075301204819,10.657335649005045,SRP54;SELENOT
GO_Biological_Process_2023,Phagolysosome Assembly (GO:0001845),0.08995943337103011,0.23307086385541564,0,0,4.425075301204819,10.657335649005045,SYT7;RAB7A
GO_Biological_Process_2023,Polarized Epithelial Cell Differentiation (GO:0030859),0.08995943337103011,0.23307086385541564,0,0,4.425075301204819,10.657335649005045,RAB10;SLC9A3R1
GO_Biological_Process_2023,Positive Regulation Of Acute Inflammatory Response (GO:0002675),0.08995943337103011,0.23307086385541564,0,0,4.425075301204819,10.657335649005045,FFAR2;IL6ST
GO_Biological_Process_2023,Positive Regulation Of Heterotypic Cell-Cell Adhesion (GO:0034116),0.08995943337103011,0.23307086385541564,0,0,4.425075301204819,10.657335649005045,CEACAM6;CD44
GO_Biological_Process_2023,Positive Regulation Of Membrane Protein Ectodomain Proteolysis (GO:0051044),0.08995943337103011,0.23307086385541564,0,0,4.425075301204819,10.657335649005045,SNX9;ADRA2A
GO_Biological_Process_2023,Positive Regulation Of Mitochondrial Translation (GO:0070131),0.08995943337103011,0.23307086385541564,0,0,4.425075301204819,10.657335649005045,COA3;FASTKD2
GO_Biological_Process_2023,Positive Regulation Of Telomerase RNA Localization To Cajal Body (GO:1904874),0.08995943337103011,0.23307086385541564,0,0,4.425075301204819,10.657335649005045,CCT3;RUVBL1
GO_Biological_Process_2023,Regulation Of Bone Remodeling (GO:0046850),0.08995943337103011,0.23307086385541564,0,0,4.425075301204819,10.657335649005045,NF1;SYT7
GO_Biological_Process_2023,Regulation Of Dephosphorylation (GO:0035303),0.08995943337103011,0.23307086385541564,0,0,4.425075301204819,10.657335649005045,MTMR4;SMG7
GO_Biological_Process_2023,Regulation Of Extracellular Matrix Disassembly (GO:0010715),0.08995943337103011,0.23307086385541564,0,0,4.425075301204819,10.657335649005045,DDR1;FGFR4
GO_Biological_Process_2023,Regulation Of Leukocyte Activation (GO:0002694),0.08995943337103011,0.23307086385541564,0,0,4.425075301204819,10.657335649005045,PLSCR1;GPR137B
GO_Biological_Process_2023,Regulation Of Nuclear-Transcribed mRNA poly(A) Tail Shortening (GO:0060211),0.08995943337103011,0.23307086385541564,0,0,4.425075301204819,10.657335649005045,TENT4B;TOB1
GO_Biological_Process_2023,Serine Family Amino Acid Metabolic Process (GO:0009069),0.08995943337103011,0.23307086385541564,0,0,4.425075301204819,10.657335649005045,THNSL2;SEPHS2
GO_Biological_Process_2023,Stress Fiber Assembly (GO:0043149),0.08995943337103011,0.23307086385541564,0,0,4.425075301204819,10.657335649005045,PDLIM1;ITGB5
GO_Biological_Process_2023,Telomere Capping (GO:0016233),0.08995943337103011,0.23307086385541564,0,0,4.425075301204819,10.657335649005045,TINF2;TERF2IP
GO_Biological_Process_2023,Monoatomic Cation Transmembrane Transport (GO:0098655),0.09012791254072064,0.23334045691386002,0,0,1.5011149546870979,3.612471217567668,SLC30A8;SLC30A5;HPN;ATP6AP2;SLC4A11;ATP1B3;ATP1A1;TMCO1;SLC9A2;SLC39A9;SLC39A6;KCNN4;ATP6V1D;TRPM4;SLC39A3
GO_Biological_Process_2023,Regulation Of T Cell Differentiation (GO:0045580),0.0906065748788444,0.23407775621339116,0,0,2.471359921428321,5.934299872543245,ACTL6A;METTL3;CLPTM1;RHOH
GO_Biological_Process_2023,Regulation Of Interleukin-2 Production (GO:0032663),0.0906065748788444,0.23407775621339116,0,0,2.471359921428321,5.934299872543245,PNP;TRIM27;GBP1;SPTBN1
GO_Biological_Process_2023,Unsaturated Fatty Acid Metabolic Process (GO:0033559),0.0906065748788444,0.23407775621339116,0,0,2.471359921428321,5.934299872543245,GPX4;ELOVL5;SCD;MGLL
GO_Biological_Process_2023,Regulation Of G1/S Transition Of Mitotic Cell Cycle (GO:2000045),0.09166374766157413,0.23664012404149787,0,0,1.8797498797498797,4.491903536231678,DLG1;APLP2;ACTL6A;PSME1;PSME2;TMEM14B;CDC73
GO_Biological_Process_2023,Regulation Of Mitotic Cell Cycle Phase Transition (GO:1901990),0.09299598306556206,0.23990844064349415,0,0,1.9934478851963746,4.734835382814448,CENPF;APLP2;ACTL6A;PSME1;PSME2;TMEM14B
GO_Biological_Process_2023,acyl-CoA Metabolic Process (GO:0006637),0.09410626967114548,0.24105580533867677,0,0,2.9510173323285604,6.974229582871479,SUCLG2;ACACB;ACSF2
GO_Biological_Process_2023,Negative Regulation Of DNA Recombination (GO:0045910),0.09410626967114548,0.24105580533867677,0,0,2.9510173323285604,6.974229582871479,MAGEF1;TERF2IP;UBQLN4
GO_Biological_Process_2023,Negative Regulation Of Carbohydrate Metabolic Process (GO:0045912),0.09410626967114548,0.24105580533867677,0,0,2.9510173323285604,6.974229582871479,GSK3A;CLTC;NUPR1
GO_Biological_Process_2023,Negative Regulation Of Intracellular Steroid Hormone Receptor Signaling Pathway (GO:0033144),0.09410626967114548,0.24105580533867677,0,0,2.9510173323285604,6.974229582871479,CALR;STRN3;FOXP1
GO_Biological_Process_2023,Nucleic Acid Metabolic Process (GO:0090304),0.09410626967114548,0.24105580533867677,0,0,2.9510173323285604,6.974229582871479,DDX1;SETMAR;DNASE2
GO_Biological_Process_2023,Phospholipid Dephosphorylation (GO:0046839),0.09410626967114548,0.24105580533867677,0,0,2.9510173323285604,6.974229582871479,PIP4P1;PLPPR3;PLPP2
GO_Biological_Process_2023,Positive Regulation Of Protein Targeting To Mitochondrion (GO:1903955),0.09410626967114548,0.24105580533867677,0,0,2.9510173323285604,6.974229582871479,RNF31;GSK3A;TOMM7
GO_Biological_Process_2023,Protein Palmitoylation (GO:0018345),0.09410626967114548,0.24105580533867677,0,0,2.9510173323285604,6.974229582871479,ZDHHC9;ZDHHC24;ZDHHC4
GO_Biological_Process_2023,Regulation Of Macrophage Activation (GO:0043030),0.09410626967114548,0.24105580533867677,0,0,2.9510173323285604,6.974229582871479,NR1H3;GPR137B;HSPD1
GO_Biological_Process_2023,Regulation Of Transmembrane Receptor Protein Serine/Threonine Kinase Signaling Pathway (GO:0090092),0.09410626967114548,0.24105580533867677,0,0,2.9510173323285604,6.974229582871479,SFRP4;ZNF703;TRIM33
GO_Biological_Process_2023,Cytoplasmic Microtubule Organization (GO:0031122),0.09615052019369245,0.2457490621647724,0,0,2.41512409159468,5.655835160815098,DLG1;CCDC88C;CRIPT;MAPT
GO_Biological_Process_2023,Erythrocyte Differentiation (GO:0030218),0.09615052019369245,0.2457490621647724,0,0,2.41512409159468,5.655835160815098,UBA5;MYB;FLVCR1;ACIN1
GO_Biological_Process_2023,Nuclear Export (GO:0051168),0.09615052019369245,0.2457490621647724,0,0,2.41512409159468,5.655835160815098,STRADB;TPR;NUTF2;CALR
GO_Biological_Process_2023,Positive Regulation Of Protein Phosphorylation (GO:0001934),0.09625283542952089,0.2457490621647724,0,0,1.4133673386770302,3.3083775430206095,RALBP1;CAB39;CDCA8;PIK3R3;CREBL2;INHBB;MOB1A;ERBB2;NPTN;SNX9;CALM3;RAC1;ARHGEF2;CALM2;PAK2;CARD14;PPIA;UBE2K;CD44
GO_Biological_Process_2023,Extrinsic Apoptotic Signaling Pathway (GO:0097191),0.09632817718908274,0.2457490621647724,0,0,2.142970176506391,5.014538223019031,GSK3B;GSK3A;BCL2;DEDD;BCL2L2
GO_Biological_Process_2023,Inorganic Cation Transmembrane Transport (GO:0098662),0.09634557379182132,0.2457490621647724,0,0,1.484246681838099,3.4728609044306733,SLC30A8;SLC30A5;HPN;ATP6AP2;SLC4A11;ATP1B3;ATP1A1;TMCO1;SLC9A2;SLC39A9;SLC39A6;KCNN4;ATP6V1D;TRPM4;SLC39A3
GO_Biological_Process_2023,Positive Regulation Of Cell Adhesion (GO:0045785),0.09699141191227334,0.24722230397343706,0,0,1.9687814702920443,4.5934287058491226,MAGI1;ERBB2;ARL2;RAC1;CD47;P4HB
GO_Biological_Process_2023,Neuron Differentiation (GO:0030182),0.09776332486799715,0.2489443959744819,0,0,1.6418350168350169,3.8176042604790252,RTN3;UGCG;IRX2;IRX3;ERBB2;PPT1;INSM1;HS6ST1;SOX4;RTN4
GO_Biological_Process_2023,Regulation Of ERK1 And ERK2 Cascade (GO:0070372),0.09780449350405515,0.2489443959744819,0,0,1.5306475564604458,3.5584261078244785,DDR1;ARHGAP8;CCL22;PSCA;CXCL17;MTURN;SLC9A3R1;DLG1;ERBB2;ACKR3;FGFR4;GBP1;CD44
GO_Biological_Process_2023,Regulation Of Epithelial Cell Proliferation (GO:0050678),0.10107675644234362,0.25147917096162536,0,0,1.9447166752634293,4.45704769734985,TINF2;HPN;ERBB2;NUPR1;CDC73;NME1
GO_Biological_Process_2023,Activation Of NF-kappaB-inducing Kinase Activity (GO:0007250),0.10138364021463578,0.25147917096162536,0,0,4.084569045412419,9.348939473062819,COPS8;CARD14
GO_Biological_Process_2023,Cellular Response To Corticosteroid Stimulus (GO:0071384),0.10138364021463578,0.25147917096162536,0,0,4.084569045412419,9.348939473062819,HNRNPU;NR3C1
GO_Biological_Process_2023,Defense Response To Protozoan (GO:0042832),0.10138364021463578,0.25147917096162536,0,0,4.084569045412419,9.348939473062819,GBP2;GBP1
GO_Biological_Process_2023,Endoplasmic Reticulum To Cytosol Transport (GO:1903513),0.10138364021463578,0.25147917096162536,0,0,4.084569045412419,9.348939473062819,ERLEC1;HSP90B1
GO_Biological_Process_2023,Epiboly Involved In Wound Healing (GO:0090505),0.10138364021463578,0.25147917096162536,0,0,4.084569045412419,9.348939473062819,DDR1;CD44
GO_Biological_Process_2023,Folic Acid-Containing Compound Metabolic Process (GO:0006760),0.10138364021463578,0.25147917096162536,0,0,4.084569045412419,9.348939473062819,MTHFD2;MTR
GO_Biological_Process_2023,Ganglioside Biosynthetic Process (GO:0001574),0.10138364021463578,0.25147917096162536,0,0,4.084569045412419,9.348939473062819,ST3GAL1;ST6GALNAC4
GO_Biological_Process_2023,Heart Process (GO:0003015),0.10138364021463578,0.25147917096162536,0,0,4.084569045412419,9.348939473062819,PPCS;SGCG
GO_Biological_Process_2023,Histone H4-K5 Acetylation (GO:0043981),0.10138364021463578,0.25147917096162536,0,0,4.084569045412419,9.348939473062819,ING5;MEAF6
GO_Biological_Process_2023,Histone H4-K8 Acetylation (GO:0043982),0.10138364021463578,0.25147917096162536,0,0,4.084569045412419,9.348939473062819,ING5;MEAF6
GO_Biological_Process_2023,Keratan Sulfate Biosynthetic Process (GO:0018146),0.10138364021463578,0.25147917096162536,0,0,4.084569045412419,9.348939473062819,CHST1;ST3GAL1
GO_Biological_Process_2023,mRNA Methylation (GO:0080009),0.10138364021463578,0.25147917096162536,0,0,4.084569045412419,9.348939473062819,NSUN2;METTL3
GO_Biological_Process_2023,miRNA Metabolic Process (GO:0010586),0.10138364021463578,0.25147917096162536,0,0,4.084569045412419,9.348939473062819,TUT7;TENT4B
GO_Biological_Process_2023,"Mitochondrial Electron Transport, Cytochrome C To Oxygen (GO:0006123)",0.10138364021463578,0.25147917096162536,0,0,4.084569045412419,9.348939473062819,CYCS;COX6C
GO_Biological_Process_2023,Negative Regulation Of Immune Effector Process (GO:0002698),0.10138364021463578,0.25147917096162536,0,0,4.084569045412419,9.348939473062819,CD47;CD55
GO_Biological_Process_2023,Negative Regulation Of Phagocytosis (GO:0050765),0.10138364021463578,0.25147917096162536,0,0,4.084569045412419,9.348939473062819,PLSCR1;CD47
GO_Biological_Process_2023,Neuron Projection Organization (GO:0106027),0.10138364021463578,0.25147917096162536,0,0,4.084569045412419,9.348939473062819,GSK3B;DCTN1
GO_Biological_Process_2023,Phagosome Maturation (GO:0090382),0.10138364021463578,0.25147917096162536,0,0,4.084569045412419,9.348939473062819,MREG;RAB7A
GO_Biological_Process_2023,Positive Regulation Of Muscle Cell Differentiation (GO:0051149),0.10138364021463578,0.25147917096162536,0,0,4.084569045412419,9.348939473062819,MESP1;RBM4
GO_Biological_Process_2023,Positive Regulation Of Secretion (GO:0051047),0.10138364021463578,0.25147917096162536,0,0,4.084569045412419,9.348939473062819,FLNB;ACSL3
GO_Biological_Process_2023,Positive Regulation Of Transcription By RNA Polymerase III (GO:0045945),0.10138364021463578,0.25147917096162536,0,0,4.084569045412419,9.348939473062819,CHD8;SF3B1
GO_Biological_Process_2023,"Protein Localization To Chromosome, Telomeric Region (GO:0070198)",0.10138364021463578,0.25147917096162536,0,0,4.084569045412419,9.348939473062819,TINF2;TERF2IP
GO_Biological_Process_2023,Regulation Of Aerobic Respiration (GO:1903715),0.10138364021463578,0.25147917096162536,0,0,4.084569045412419,9.348939473062819,COX7A2L;ARL2
GO_Biological_Process_2023,Regulation Of Amyloid Fibril Formation (GO:1905906),0.10138364021463578,0.25147917096162536,0,0,4.084569045412419,9.348939473062819,PFDN2;PFDN6
GO_Biological_Process_2023,Regulation Of Carbohydrate Metabolic Process (GO:0006109),0.10138364021463578,0.25147917096162536,0,0,4.084569045412419,9.348939473062819,FOXK2;ADIPOR1
GO_Biological_Process_2023,Regulation Of Cellular Response To Heat (GO:1900034),0.10138364021463578,0.25147917096162536,0,0,4.084569045412419,9.348939473062819,GSK3B;MAPT
GO_Biological_Process_2023,Regulation Of Hormone Secretion (GO:0046883),0.10138364021463578,0.25147917096162536,0,0,4.084569045412419,9.348939473062819,FFAR2;SNX6
GO_Biological_Process_2023,Regulation Of Lipoprotein Lipase Activity (GO:0051004),0.10138364021463578,0.25147917096162536,0,0,4.084569045412419,9.348939473062819,APOC1;NR1H3
GO_Biological_Process_2023,Regulation Of miRNA-mediated Gene Silencing (GO:0060964),0.10138364021463578,0.25147917096162536,0,0,4.084569045412419,9.348939473062819,DHX9;PUM2
GO_Biological_Process_2023,Reticulophagy (GO:0061709),0.10138364021463578,0.25147917096162536,0,0,4.084569045412419,9.348939473062819,UBA5;UFC1
GO_Biological_Process_2023,Sphingolipid Catabolic Process (GO:0030149),0.10138364021463578,0.25147917096162536,0,0,4.084569045412419,9.348939473062819,SMPD4;PPT1
GO_Biological_Process_2023,Actin Filament Polymerization (GO:0030041),0.10150815790886149,0.25147917096162536,0,0,2.8455431155129722,6.509510273440669,PREX1;COBL;RAC1
GO_Biological_Process_2023,Glutamine Family Amino Acid Metabolic Process (GO:0009064),0.10150815790886149,0.25147917096162536,0,0,2.8455431155129722,6.509510273440669,SLC38A1;ALDH5A1;GOT2
GO_Biological_Process_2023,Negative Chemotaxis (GO:0050919),0.10150815790886149,0.25147917096162536,0,0,2.8455431155129722,6.509510273440669,SEMA3C;SEMA3B;SEMA4C
GO_Biological_Process_2023,Negative Regulation Of Chemotaxis (GO:0050922),0.10150815790886149,0.25147917096162536,0,0,2.8455431155129722,6.509510273440669,SEMA3C;SEMA3B;SEMA4C
GO_Biological_Process_2023,Positive Regulation Of Cholesterol Transport (GO:0032376),0.10150815790886149,0.25147917096162536,0,0,2.8455431155129722,6.509510273440669,NFKBIA;LPCAT3;NR1H3
GO_Biological_Process_2023,Regulation Of Protein Autophosphorylation (GO:0031952),0.10150815790886149,0.25147917096162536,0,0,2.8455431155129722,6.509510273440669,IMPACT;CALM3;CALM2
GO_Biological_Process_2023,Regulation Of Transcription By RNA Polymerase I (GO:0006356),0.10150815790886149,0.25147917096162536,0,0,2.8455431155129722,6.509510273440669,HEATR1;ERBB2;SF3B1
GO_Biological_Process_2023,Proton Transmembrane Transport (GO:1902600),0.10184954217104901,0.2521524550536839,0,0,2.3613876319758673,5.394020080537878,ATP6AP2;SLC4A11;ATP1A1;ATP6V1D
GO_Biological_Process_2023,Positive Regulation Of Response To External Stimulus (GO:0032103),0.10324459571142677,0.255431643215019,0,0,1.6736208530303913,3.800214537612382,NFKBIA;RNF31;PLSCR1;DHX9;CAMK2N1;PDCD4;CD47;S100A9;NAIP
GO_Biological_Process_2023,Regulation Of Tetrapyrrole Biosynthetic Process (GO:1901463),0.10510254259975975,0.25985079132855277,0,0,13.268999247554552,29.89265108410161,TMEM14B
GO_Biological_Process_2023,Plasma Membrane Bounded Cell Projection Organization (GO:0120036),0.10525772608888198,0.2600569467216443,0,0,1.7292350835762518,3.893101996078089,SLC9A3R1;GSK3B;CTTN;RAB25;VAPA;RAC1;MAPT;UHMK1
GO_Biological_Process_2023,Regulation Of Cilium Assembly (GO:1902017),0.1058665762658878,0.2613829169973044,0,0,2.075884433962264,4.6615556246997425,GSK3B;TBC1D1;TBC1D17;TAPT1;SDCCAG8
GO_Biological_Process_2023,Plasma Membrane Bounded Cell Projection Morphogenesis (GO:0120039),0.1077000127745862,0.2653669702513954,0,0,2.3099875401665684,5.14758911547614,NCKAP1;CTTN;TAOK3;MAP1S
GO_Biological_Process_2023,Positive Regulation Of Fat Cell Differentiation (GO:0045600),0.1077000127745862,0.2653669702513954,0,0,2.3099875401665684,5.14758911547614,HNRNPU;CREBL2;RREB1;TRPM4
GO_Biological_Process_2023,Positive Regulation Of Transport (GO:0051050),0.1077000127745862,0.2653669702513954,0,0,2.3099875401665684,5.14758911547614,GSK3B;GSK3A;PLAA;NR1H3
GO_Biological_Process_2023,Amide Transport (GO:0042886),0.10913340939986797,0.26744330774446673,0,0,2.7473429826157005,6.085870782752858,SLC5A6;SLC27A1;VAPA
GO_Biological_Process_2023,Inner Mitochondrial Membrane Organization (GO:0007007),0.10913340939986797,0.26744330774446673,0,0,2.7473429826157005,6.085870782752858,LETM1;MTX2;MAIP1
GO_Biological_Process_2023,Lytic Vacuole Organization (GO:0080171),0.10913340939986797,0.26744330774446673,0,0,2.7473429826157005,6.085870782752858,MBTPS1;GAA;TMEM106B
GO_Biological_Process_2023,Mesenchymal Cell Migration (GO:0090497),0.10913340939986797,0.26744330774446673,0,0,2.7473429826157005,6.085870782752858,SEMA3C;SEMA3B;SEMA4C
GO_Biological_Process_2023,Phosphatidylinositol 3-Kinase Signaling (GO:0014065),0.10913340939986797,0.26744330774446673,0,0,2.7473429826157005,6.085870782752858,PIK3CA;ERBB2;NF1
GO_Biological_Process_2023,Purine Ribonucleoside Triphosphate Metabolic Process (GO:0009205),0.10913340939986797,0.26744330774446673,0,0,2.7473429826157005,6.085870782752858,OLA1;MFN1;NDUFS1
GO_Biological_Process_2023,Regulation Of Cholesterol Efflux (GO:0010874),0.10913340939986797,0.26744330774446673,0,0,2.7473429826157005,6.085870782752858,NFKBIA;NAXE;NR1H3
GO_Biological_Process_2023,Regulation Of Transmembrane Transport (GO:0034762),0.10913340939986797,0.26744330774446673,0,0,2.7473429826157005,6.085870782752858,OCLN;BCL2;NEDD4L
GO_Biological_Process_2023,Positive Regulation Of Binding (GO:0051099),0.10951362394147046,0.26812608680683875,0,0,1.8983059991368147,4.198495371614015,GSK3B;DHX9;AMFR;HES1;PARP9;NME1
GO_Biological_Process_2023,Ribosome Biogenesis (GO:0042254),0.10956007964498105,0.26812608680683875,0,0,1.6504424547756402,3.649594034969865,EMG1;EXOSC5;NOP58;UTP11;PNO1;WDR18;NGDN;HEATR1;METTL17
GO_Biological_Process_2023,Kidney Development (GO:0001822),0.11080341429408855,0.2709857978211943,0,0,2.0438896952104497,4.496552608517488,TFAP2A;CENPF;WFS1;NF1;SOX4
GO_Biological_Process_2023,Cellular Response To Metal Ion (GO:0071248),0.1122018702549785,0.2711219529597759,0,0,1.7014704992435703,3.721891200888828,TFAP2A;RYR1;JUN;SUMO1;CDH1;BNIP3;PPIF;SYT7
GO_Biological_Process_2023,DNA Repair-Dependent Chromatin Remodeling (GO:0140861),0.11317956733163478,0.2711219529597759,0,0,3.7927065404475044,8.26347175330889,PARP2;TRIP12
GO_Biological_Process_2023,acetyl-CoA Metabolic Process (GO:0006084),0.11317956733163478,0.2711219529597759,0,0,3.7927065404475044,8.26347175330889,PPCS;ACACB
GO_Biological_Process_2023,Activation Of Cysteine-Type Endopeptidase Activity (GO:0097202),0.11317956733163478,0.2711219529597759,0,0,3.7927065404475044,8.26347175330889,PERP;CYCS
GO_Biological_Process_2023,Activin Receptor Signaling Pathway (GO:0032924),0.11317956733163478,0.2711219529597759,0,0,3.7927065404475044,8.26347175330889,INHBB;ACVR1B
GO_Biological_Process_2023,"Alternative mRNA Splicing, Via Spliceosome (GO:0000380)",0.11317956733163478,0.2711219529597759,0,0,3.7927065404475044,8.26347175330889,DHX9;RSRC1
GO_Biological_Process_2023,Autonomic Nervous System Development (GO:0048483),0.11317956733163478,0.2711219529597759,0,0,3.7927065404475044,8.26347175330889,NF1;SOX4
GO_Biological_Process_2023,Cell Surface Toll-Like Receptor Signaling Pathway (GO:0140895),0.11317956733163478,0.2711219529597759,0,0,3.7927065404475044,8.26347175330889,OAS1;S100A14
GO_Biological_Process_2023,Negative Regulation Of Signal Transduction By P53 Class Mediator (GO:1901797),0.11317956733163478,0.2711219529597759,0,0,3.7927065404475044,8.26347175330889,RFFL;CD44
GO_Biological_Process_2023,Negative Regulation Of Viral-Induced Cytoplasmic Pattern Recognition Receptor Signaling Pathway (GO:0039532),0.11317956733163478,0.2711219529597759,0,0,3.7927065404475044,8.26347175330889,TSPAN6;DHX58
GO_Biological_Process_2023,Nuclear Chromosome Segregation (GO:0098813),0.11317956733163478,0.2711219529597759,0,0,3.7927065404475044,8.26347175330889,CENPF;MAP1S
GO_Biological_Process_2023,"Nuclear-Transcribed mRNA Catabolic Process, Exonucleolytic (GO:0000291)",0.11317956733163478,0.2711219529597759,0,0,3.7927065404475044,8.26347175330889,EXOSC6;EXOSC5
GO_Biological_Process_2023,Positive Regulation By Host Of Viral Transcription (GO:0043923),0.11317956733163478,0.2711219529597759,0,0,3.7927065404475044,8.26347175330889,JUN;HPN
GO_Biological_Process_2023,Positive Regulation Of Dendrite Extension (GO:1903861),0.11317956733163478,0.2711219529597759,0,0,3.7927065404475044,8.26347175330889,NEDD4L;PLAA
GO_Biological_Process_2023,Positive Regulation Of Dendrite Morphogenesis (GO:0050775),0.11317956733163478,0.2711219529597759,0,0,3.7927065404475044,8.26347175330889,CAPRIN1;OBSL1
GO_Biological_Process_2023,Positive Regulation Of Epidermal Cell Differentiation (GO:0045606),0.11317956733163478,0.2711219529597759,0,0,3.7927065404475044,8.26347175330889,SULT2B1;SFRP4
GO_Biological_Process_2023,Positive Regulation Of Homotypic Cell-Cell Adhesion (GO:0034112),0.11317956733163478,0.2711219529597759,0,0,3.7927065404475044,8.26347175330889,F11R;IL6ST
GO_Biological_Process_2023,Positive Regulation Of Stem Cell Proliferation (GO:2000648),0.11317956733163478,0.2711219529597759,0,0,3.7927065404475044,8.26347175330889,EPCAM;HNRNPU
GO_Biological_Process_2023,Prostanoid Metabolic Process (GO:0006692),0.11317956733163478,0.2711219529597759,0,0,3.7927065404475044,8.26347175330889,PLAA;PTGES
GO_Biological_Process_2023,Regulation Of Autophagosome Maturation (GO:1901096),0.11317956733163478,0.2711219529597759,0,0,3.7927065404475044,8.26347175330889,CALCOCO2;UBQLN4
GO_Biological_Process_2023,Regulation Of Cardiac Muscle Contraction By Regulation Of The Release Of Sequestered Calcium Ion (GO:0010881),0.11317956733163478,0.2711219529597759,0,0,3.7927065404475044,8.26347175330889,CALM3;CALM2
GO_Biological_Process_2023,Regulation Of Cellular Respiration (GO:0043457),0.11317956733163478,0.2711219529597759,0,0,3.7927065404475044,8.26347175330889,PNPT1;ARL2
GO_Biological_Process_2023,Regulation Of Delayed Rectifier Potassium Channel Activity (GO:1902259),0.11317956733163478,0.2711219529597759,0,0,3.7927065404475044,8.26347175330889,SUMO1;KCNE4
GO_Biological_Process_2023,Regulation Of Interleukin-1 Production (GO:0032652),0.11317956733163478,0.2711219529597759,0,0,3.7927065404475044,8.26347175330889,TMED10;FOXP1
GO_Biological_Process_2023,Regulation Of Plasminogen Activation (GO:0010755),0.11317956733163478,0.2711219529597759,0,0,3.7927065404475044,8.26347175330889,PLGRKT;HPN
GO_Biological_Process_2023,Regulation Of Receptor Signaling Pathway Via STAT (GO:1904892),0.11317956733163478,0.2711219529597759,0,0,3.7927065404475044,8.26347175330889,PTPRT;HES1
GO_Biological_Process_2023,Regulation Of Secretion (GO:0051046),0.11317956733163478,0.2711219529597759,0,0,3.7927065404475044,8.26347175330889,OAS2;MYO6
GO_Biological_Process_2023,Regulation Of Triglyceride Biosynthetic Process (GO:0010866),0.11317956733163478,0.2711219529597759,0,0,3.7927065404475044,8.26347175330889,SLC27A1;NR1H3
GO_Biological_Process_2023,Regulation Of Tubulin Deacetylation (GO:0090043),0.11317956733163478,0.2711219529597759,0,0,3.7927065404475044,8.26347175330889,MBIP;MAPT
GO_Biological_Process_2023,Vasculature Development (GO:0001944),0.11317956733163478,0.2711219529597759,0,0,3.7927065404475044,8.26347175330889,STK11;PIK3CA
GO_Biological_Process_2023,Ventricular Cardiac Muscle Cell Action Potential (GO:0086005),0.11317956733163478,0.2711219529597759,0,0,3.7927065404475044,8.26347175330889,KCNE4;NEDD4L
GO_Biological_Process_2023,Negative Regulation Of Metabolic Process (GO:0009892),0.11369812685724458,0.2716814384328972,0,0,2.2607746863066014,4.915395206748341,TLE3;STK11;APOC1;NR1H3
GO_Biological_Process_2023,Positive Regulation Of DNA Recombination (GO:0045911),0.11369812685724458,0.2716814384328972,0,0,2.2607746863066014,4.915395206748341,ACTR2;MEAF6;RUVBL1;ACTL6A
GO_Biological_Process_2023,Positive Regulation Of Protein Localization To Plasma Membrane (GO:1903078),0.11369812685724458,0.2716814384328972,0,0,2.2607746863066014,4.915395206748341,DLG1;CNST;SPTBN1;NKD2
GO_Biological_Process_2023,T Cell Receptor Signaling Pathway (GO:0050852),0.11386317601908834,0.2716814384328972,0,0,1.8759196730051537,4.075919029989851,RNF31;BTNL9;EIF2B5;PIK3CA;RBCK1;VTCN1
GO_Biological_Process_2023,Positive Regulation Of Neuron Projection Development (GO:0010976),0.11386317601908834,0.2716814384328972,0,0,1.8759196730051537,4.075919029989851,DDR1;CAPRIN1;NPTN;COBL;TWF1;S100A9
GO_Biological_Process_2023,Regulation Of Actin Cytoskeleton Organization (GO:0032956),0.11386317601908834,0.2716814384328972,0,0,1.8759196730051537,4.075919029989851,BAIAP2L1;PIK3CA;ARHGDIB;TWF1;RAC1;F11R
GO_Biological_Process_2023,Granulocyte Chemotaxis (GO:0071621),0.11584954083398669,0.2762389973013165,0,0,2.0128644939965694,4.338654923843733,CCL22;BSG;SRP54;PPIA;S100A9
GO_Biological_Process_2023,DNA Damage Checkpoint Signaling (GO:0000077),0.11697186311355987,0.2769098615668718,0,0,2.6556895252449135,5.6986366348236555,RAD17;PARP9;ZNF830
GO_Biological_Process_2023,Actin Filament Bundle Assembly (GO:0051017),0.11697186311355987,0.2769098615668718,0,0,2.6556895252449135,5.6986366348236555,MYO1B;BAIAP2L1;HSP90B1
GO_Biological_Process_2023,Cellular Response To Amino Acid Stimulus (GO:0071230),0.11697186311355987,0.2769098615668718,0,0,2.6556895252449135,5.6986366348236555,RRAGA;SH3BP4;LAMTOR2
GO_Biological_Process_2023,Epithelial Tube Morphogenesis (GO:0060562),0.11697186311355987,0.2769098615668718,0,0,2.6556895252449135,5.6986366348236555,MESP1;HES1;RHOB
GO_Biological_Process_2023,Positive Regulation Of Cytokine Production Involved In Immune Response (GO:0002720),0.11697186311355987,0.2769098615668718,0,0,2.6556895252449135,5.6986366348236555,SLC7A5;FFAR2;CD55
GO_Biological_Process_2023,Positive Regulation Of Establishment Of Protein Localization To Mitochondrion (GO:1903749),0.11697186311355987,0.2769098615668718,0,0,2.6556895252449135,5.6986366348236555,RNF31;GSK3A;TOMM7
GO_Biological_Process_2023,Positive Regulation Of Release Of Sequestered Calcium Ion Into Cytosol (GO:0051281),0.11697186311355987,0.2769098615668718,0,0,2.6556895252449135,5.6986366348236555,APEX1;CALM3;CALM2
GO_Biological_Process_2023,Regulation Of DNA Recombination (GO:0000018),0.11697186311355987,0.2769098615668718,0,0,2.6556895252449135,5.6986366348236555,THOC1;TERF2IP;KPNA1
GO_Biological_Process_2023,Regulation Of Protein Polymerization (GO:0032271),0.11697186311355987,0.2769098615668718,0,0,2.6556895252449135,5.6986366348236555,ARL2;MAPT;CAMSAP2
GO_Biological_Process_2023,Signal Transduction By P53 Class Mediator (GO:0072331),0.11697186311355987,0.2769098615668718,0,0,2.6556895252449135,5.6986366348236555,STK11;MYO6;NDRG1
GO_Biological_Process_2023,Transcription Initiation-Coupled Chromatin Remodeling (GO:0045815),0.11697186311355987,0.2769098615668718,0,0,2.6556895252449135,5.6986366348236555,ATF2;USP21;DPY30
GO_Biological_Process_2023,Sensory Perception Of Sound (GO:0007605),0.11829870650350445,0.27986800454323524,0,0,1.8540539591091125,3.957556865650598,TFAP2A;MARVELD2;WFS1;HPN;ALDH7A1;CCDC50
GO_Biological_Process_2023,Negative Regulation Of Innate Immune Response (GO:0045824),0.1198399171074564,0.28259126286667124,0,0,2.213612368024133,4.696396570908403,OAS1;DHX58;METTL3;ISG15
GO_Biological_Process_2023,Negative Regulation Of Protein Ubiquitination (GO:0031397),0.1198399171074564,0.28259126286667124,0,0,2.213612368024133,4.696396570908403,IVNS1ABP;SUMO1;ISG15;SOX4
GO_Biological_Process_2023,Positive Regulation Of NIK/NF-kappaB Signaling (GO:1901224),0.1198399171074564,0.28259126286667124,0,0,2.213612368024133,4.696396570908403,TRIP6;PDCD4;TERF2IP;EIF2AK2
GO_Biological_Process_2023,Regulation Of Protein Localization To Nucleus (GO:1900180),0.1198399171074564,0.28259126286667124,0,0,2.213612368024133,4.696396570908403,GSK3B;ORMDL3;TPR;PARP9
GO_Biological_Process_2023,Sprouting Angiogenesis (GO:0002040),0.1198399171074564,0.28259126286667124,0,0,2.213612368024133,4.696396570908403,RAMP2;NAXE;PIK3R3;MIA3
GO_Biological_Process_2023,Cholesterol Homeostasis (GO:0042632),0.12100297088946252,0.2847776221972926,0,0,1.9827654181920586,4.187481955941794,CNBP;NR1H3;CD24;FGFR4;TSKU
GO_Biological_Process_2023,Negative Regulation Of Cell Adhesion (GO:0007162),0.12100297088946252,0.2847776221972926,0,0,1.9827654181920586,4.187481955941794,CDH1;PLXNA1;MIA3;SPINT2;PLXNA4
GO_Biological_Process_2023,Positive Regulation Of Protein Localization To Nucleus (GO:1900182),0.12100297088946252,0.2847776221972926,0,0,1.9827654181920586,4.187481955941794,CCT3;CDH1;ORMDL3;TPR;PARP9
GO_Biological_Process_2023,Regulation Of Macroautophagy (GO:0016241),0.12281905360209511,0.287068505569948,0,0,1.8326909053026357,3.8432318461322654,BECN1;PIK3CA;BNIP3;QSOX1;ATP6V1D;SNX6
GO_Biological_Process_2023,Cellular Response To Hydrogen Peroxide (GO:0070301),0.1250132265957038,0.287068505569948,0,0,2.5699491941561123,5.3437871952890745,PPIF;ANKZF1;RHOB
GO_Biological_Process_2023,Hexose Biosynthetic Process (GO:0019319),0.1250132265957038,0.287068505569948,0,0,2.5699491941561123,5.3437871952890745,G6PC3;SORD;PCK2
GO_Biological_Process_2023,Negative Regulation Of JNK Cascade (GO:0046329),0.1250132265957038,0.287068505569948,0,0,2.5699491941561123,5.3437871952890745,TAOK3;PDCD4;DUSP16
GO_Biological_Process_2023,Regulation Of T Cell Receptor Signaling Pathway (GO:0050856),0.1250132265957038,0.287068505569948,0,0,2.5699491941561123,5.3437871952890745,KCNN4;GBP1;NECTIN2
GO_Biological_Process_2023,Regulation Of Metal Ion Transport (GO:0010959),0.1250132265957038,0.287068505569948,0,0,2.5699491941561123,5.3437871952890745,SLC30A6;BCL2;ATP1A1
GO_Biological_Process_2023,DNA Replication Checkpoint Signaling (GO:0000076),0.1253051649105709,0.287068505569948,0,0,3.539759036144578,7.352090836713525,RAD17;ZNF830
GO_Biological_Process_2023,NAD Biosynthetic Process (GO:0009435),0.1253051649105709,0.287068505569948,0,0,3.539759036144578,7.352090836713525,QPRT;PARP9
GO_Biological_Process_2023,Amyloid Precursor Protein Metabolic Process (GO:0042982),0.1253051649105709,0.287068505569948,0,0,3.539759036144578,7.352090836713525,NCSTN;PSEN2
GO_Biological_Process_2023,Carboxylic Acid Biosynthetic Process (GO:0046394),0.1253051649105709,0.287068505569948,0,0,3.539759036144578,7.352090836713525,NAIP;BCAT2
GO_Biological_Process_2023,Cell Migration Involved In Sprouting Angiogenesis (GO:0002042),0.1253051649105709,0.287068505569948,0,0,3.539759036144578,7.352090836713525,PIK3R3;MIA3
GO_Biological_Process_2023,Embryonic Axis Specification (GO:0000578),0.1253051649105709,0.287068505569948,0,0,3.539759036144578,7.352090836713525,MESP2;MESP1
GO_Biological_Process_2023,Energy Reserve Metabolic Process (GO:0006112),0.1253051649105709,0.287068505569948,0,0,3.539759036144578,7.352090836713525,GSK3B;UGP2
GO_Biological_Process_2023,Hippo Signaling (GO:0035329),0.1253051649105709,0.287068505569948,0,0,3.539759036144578,7.352090836713525,MOB1A;TEAD2
GO_Biological_Process_2023,Keratan Sulfate Metabolic Process (GO:0042339),0.1253051649105709,0.287068505569948,0,0,3.539759036144578,7.352090836713525,CHST1;ST3GAL1
GO_Biological_Process_2023,Leukocyte Tethering Or Rolling (GO:0050901),0.1253051649105709,0.287068505569948,0,0,3.539759036144578,7.352090836713525,GOLPH3;PODXL2
GO_Biological_Process_2023,Membrane Repolarization (GO:0086009),0.1253051649105709,0.287068505569948,0,0,3.539759036144578,7.352090836713525,KCNE4;ATP1B3
GO_Biological_Process_2023,Mesenchyme Development (GO:0060485),0.1253051649105709,0.287068505569948,0,0,3.539759036144578,7.352090836713525,MESP1;SOX4
GO_Biological_Process_2023,Negative Regulation Of Calcium Ion Transport (GO:0051926),0.1253051649105709,0.287068505569948,0,0,3.539759036144578,7.352090836713525,STC1;TRIM27
GO_Biological_Process_2023,Negative Regulation Of Execution Phase Of Apoptosis (GO:1900118),0.1253051649105709,0.287068505569948,0,0,3.539759036144578,7.352090836713525,RFFL;PAK2
GO_Biological_Process_2023,Negative Regulation Of Fibroblast Proliferation (GO:0048147),0.1253051649105709,0.287068505569948,0,0,3.539759036144578,7.352090836713525,NF1;CDC73
GO_Biological_Process_2023,Negative Regulation Of Insulin Secretion (GO:0046676),0.1253051649105709,0.287068505569948,0,0,3.539759036144578,7.352090836713525,MIDN;INHBB
GO_Biological_Process_2023,Nuclear Envelope Organization (GO:0006998),0.1253051649105709,0.287068505569948,0,0,3.539759036144578,7.352090836713525,REEP3;LMNA
GO_Biological_Process_2023,Peptidyl-Threonine Dephosphorylation (GO:0035970),0.1253051649105709,0.287068505569948,0,0,3.539759036144578,7.352090836713525,DUSP5;PPM1G
GO_Biological_Process_2023,Positive Regulation By Host Of Viral Process (GO:0044794),0.1253051649105709,0.287068505569948,0,0,3.539759036144578,7.352090836713525,VAPA;ZDHHC9
GO_Biological_Process_2023,Positive Regulation Of G Protein-Coupled Receptor Signaling Pathway (GO:0045745),0.1253051649105709,0.287068505569948,0,0,3.539759036144578,7.352090836713525,PRMT5;GSK3A
GO_Biological_Process_2023,Positive Regulation Of Fatty Acid Metabolic Process (GO:0045923),0.1253051649105709,0.287068505569948,0,0,3.539759036144578,7.352090836713525,ELOVL5;NR1H3
GO_Biological_Process_2023,Positive Regulation Of Peptidyl-Lysine Acetylation (GO:2000758),0.1253051649105709,0.287068505569948,0,0,3.539759036144578,7.352090836713525,SF3B1;SOX4
GO_Biological_Process_2023,Positive Regulation Of Potassium Ion Transmembrane Transport (GO:1901381),0.1253051649105709,0.287068505569948,0,0,3.539759036144578,7.352090836713525,ATP1B3;KCNN4
GO_Biological_Process_2023,Positive Regulation Of Stem Cell Differentiation (GO:2000738),0.1253051649105709,0.287068505569948,0,0,3.539759036144578,7.352090836713525,TACSTD2;RBM24
GO_Biological_Process_2023,Positive Regulation Of Transcription From RNA Polymerase II Promoter In Response To Stress (GO:0036003),0.1253051649105709,0.287068505569948,0,0,3.539759036144578,7.352090836713525,ATF6;KLF2
GO_Biological_Process_2023,Purine-Containing Compound Biosynthetic Process (GO:0072522),0.1253051649105709,0.287068505569948,0,0,3.539759036144578,7.352090836713525,PNP;PAICS
GO_Biological_Process_2023,Regulation Of Brown Fat Cell Differentiation (GO:0090335),0.1253051649105709,0.287068505569948,0,0,3.539759036144578,7.352090836713525,HNRNPU;RREB1
GO_Biological_Process_2023,Regulation Of Cartilage Development (GO:0061035),0.1253051649105709,0.287068505569948,0,0,3.539759036144578,7.352090836713525,MBOAT2;TAPT1
GO_Biological_Process_2023,Regulation Of Dendrite Extension (GO:1903859),0.1253051649105709,0.287068505569948,0,0,3.539759036144578,7.352090836713525,NEDD4L;PLAA
GO_Biological_Process_2023,Regulation Of Glucose Transmembrane Transport (GO:0010827),0.1253051649105709,0.287068505569948,0,0,3.539759036144578,7.352090836713525,RTN2;OCLN
GO_Biological_Process_2023,Regulation Of Mitotic Cell Cycle Spindle Assembly Checkpoint (GO:0090266),0.1253051649105709,0.287068505569948,0,0,3.539759036144578,7.352090836713525,TPR;CDCA8
GO_Biological_Process_2023,Regulation Of Telomerase RNA Localization To Cajal Body (GO:1904872),0.1253051649105709,0.287068505569948,0,0,3.539759036144578,7.352090836713525,CCT3;RUVBL1
GO_Biological_Process_2023,Regulation Of Viral Transcription (GO:0046782),0.1253051649105709,0.287068505569948,0,0,3.539759036144578,7.352090836713525,HEXIM1;TRIM27
GO_Biological_Process_2023,"Retrograde Protein Transport, ER To Cytosol (GO:0030970)",0.1253051649105709,0.287068505569948,0,0,3.539759036144578,7.352090836713525,ERLEC1;HSP90B1
GO_Biological_Process_2023,Sulfur Amino Acid Metabolic Process (GO:0000096),0.1253051649105709,0.287068505569948,0,0,3.539759036144578,7.352090836713525,MTR;MMUT
GO_Biological_Process_2023,Toll-Like Receptor 4 Signaling Pathway (GO:0034142),0.1253051649105709,0.287068505569948,0,0,3.539759036144578,7.352090836713525,OAS1;S100A14
GO_Biological_Process_2023,Cellular Response To Molecule Of Bacterial Origin (GO:0071219),0.1259497829174911,0.28836290374661994,0,0,1.722663139329806,3.5691375233719858,PABPN1;PDCD4;PLAA;NR1H3;GBP2;CDC73;CHMP5
GO_Biological_Process_2023,Cellular Response To Alcohol (GO:0097306),0.12612126892765785,0.2885731118483744,0,0,2.168375042324622,4.489645207927574,GOLPH3;CDH1;KLF9;ADCY2
GO_Biological_Process_2023,Regulation Of Protein-Containing Complex Assembly (GO:0043254),0.13011278793397946,0.29751800372277376,0,0,1.706810349012184,3.480789838618745,GSK3B;SUMO1;VPS41;EIF2AK2;INSM1;MTLN;VPS16
GO_Biological_Process_2023,Positive Regulation Of Neurogenesis (GO:0050769),0.13162331162992202,0.30078210392654736,0,0,1.9251845775225596,3.9039107246423805,CAPRIN1;NPTN;PLXNA1;OBSL1;PLXNA4
GO_Biological_Process_2023,ERBB Signaling Pathway (GO:0038127),0.13253793455725932,0.3024904845408905,0,0,2.124947209653092,4.294276865677643,PIK3CA;KIF16B;ERBIN;GRB2
GO_Biological_Process_2023,Negative Regulation Of Neuron Projection Development (GO:0010977),0.13253793455725932,0.3024904845408905,0,0,2.124947209653092,4.294276865677643,GAK;ZNF296;RUFY3;TSKU
GO_Biological_Process_2023,Histone H3 Acetylation (GO:0043966),0.1332471198763749,0.3029636335167796,0,0,2.4895676337603616,5.01784762250785,TMEM98;TAF9;MBIP
GO_Biological_Process_2023,Liver Development (GO:0001889),0.1332471198763749,0.3029636335167796,0,0,2.4895676337603616,5.01784762250785,NF1;COBL;PCK2
GO_Biological_Process_2023,Muscle Tissue Development (GO:0060537),0.1332471198763749,0.3029636335167796,0,0,2.4895676337603616,5.01784762250785,IGSF8;CSRP1;NF1
GO_Biological_Process_2023,Neutral Amino Acid Transport (GO:0015804),0.1332471198763749,0.3029636335167796,0,0,2.4895676337603616,5.01784762250785,SLC7A5;SLC38A1;SLC7A8
GO_Biological_Process_2023,Regulation Of Cardiac Muscle Contraction (GO:0055117),0.1332471198763749,0.3029636335167796,0,0,2.4895676337603616,5.01784762250785,STC1;CALM3;CALM2
GO_Biological_Process_2023,Regulation Of Defense Response To Virus By Host (GO:0050691),0.1332471198763749,0.3029636335167796,0,0,2.4895676337603616,5.01784762250785,DHX9;STAT1;PARP9
GO_Biological_Process_2023,Positive Regulation Of Protein Serine/Threonine Kinase Activity (GO:0071902),0.13434367544006556,0.30526523992717536,0,0,1.6912457912457912,3.394929038337909,SLC27A1;CAB39;ERBB2;CALM3;CD24;CALM2;ADRA2A
GO_Biological_Process_2023,Neutrophil Migration (GO:1990266),0.13708577877756156,0.3057022574073268,0,0,1.8976280323450134,3.770868558789994,CCL22;SRP54;GP2;PPIA;S100A9
GO_Biological_Process_2023,Proteolysis Involved In Protein Catabolic Process (GO:0051603),0.13708577877756156,0.3057022574073268,0,0,1.8976280323450134,3.770868558789994,PSMA6;NEDD8;ISG15;CTSS;ANKZF1
GO_Biological_Process_2023,C-terminal Protein Deglutamylation (GO:0035609),0.1376237687311721,0.3057022574073268,0,0,8.845748683220467,17.54316858426841,AGBL5
GO_Biological_Process_2023,RIG-I Signaling Pathway (GO:0039529),0.1376237687311721,0.3057022574073268,0,0,8.845748683220467,17.54316858426841,RNF135
GO_Biological_Process_2023,Cellular Lipid Biosynthetic Process (GO:0097384),0.1376237687311721,0.3057022574073268,0,0,8.845748683220467,17.54316858426841,GNPAT
GO_Biological_Process_2023,Glycerol Ether Biosynthetic Process (GO:0046504),0.1376237687311721,0.3057022574073268,0,0,8.845748683220467,17.54316858426841,GNPAT
GO_Biological_Process_2023,Negative Regulation Of Fibroblast Migration (GO:0010764),0.1376237687311721,0.3057022574073268,0,0,8.845748683220467,17.54316858426841,RAC1
GO_Biological_Process_2023,Positive Regulation Of T Cell Mediated Immune Response To Tumor Cell (GO:0002842),0.1376237687311721,0.3057022574073268,0,0,8.845748683220467,17.54316858426841,HSPD1
GO_Biological_Process_2023,Actin Filament Capping (GO:0051693),0.13772094407228638,0.3057022574073268,0,0,3.318429969879518,6.5788729827386705,TWF1;CAPG
GO_Biological_Process_2023,Antigen Processing And Presentation Of Peptide Antigen Via MHC Class I (GO:0002474),0.13772094407228638,0.3057022574073268,0,0,3.318429969879518,6.5788729827386705,MFSD6;CALR
GO_Biological_Process_2023,Barbed-End Actin Filament Capping (GO:0051016),0.13772094407228638,0.3057022574073268,0,0,3.318429969879518,6.5788729827386705,TWF1;CAPG
GO_Biological_Process_2023,Cell Junction Maintenance (GO:0034331),0.13772094407228638,0.3057022574073268,0,0,3.318429969879518,6.5788729827386705,DCTN1;MYADM
GO_Biological_Process_2023,Excitatory Postsynaptic Potential (GO:0060079),0.13772094407228638,0.3057022574073268,0,0,3.318429969879518,6.5788729827386705,GSK3B;GSK3A
GO_Biological_Process_2023,Gastrulation (GO:0007369),0.13772094407228638,0.3057022574073268,0,0,3.318429969879518,6.5788729827386705,MESP1;LMBRD1
GO_Biological_Process_2023,Glycerolipid Catabolic Process (GO:0046503),0.13772094407228638,0.3057022574073268,0,0,3.318429969879518,6.5788729827386705,SMPD4;MGLL
GO_Biological_Process_2023,Intracellular Sodium Ion Homeostasis (GO:0006883),0.13772094407228638,0.3057022574073268,0,0,3.318429969879518,6.5788729827386705,ATP1B3;ATP1A1
GO_Biological_Process_2023,Negative Regulation Of Lipid Storage (GO:0010888),0.13772094407228638,0.3057022574073268,0,0,3.318429969879518,6.5788729827386705,NFKBIA;NR1H3
GO_Biological_Process_2023,Negative Regulation Of Peptide Hormone Secretion (GO:0090278),0.13772094407228638,0.3057022574073268,0,0,3.318429969879518,6.5788729827386705,MIDN;INHBB
GO_Biological_Process_2023,Neuromuscular Process (GO:0050905),0.13772094407228638,0.3057022574073268,0,0,3.318429969879518,6.5788729827386705,DCTN1;UBA5
GO_Biological_Process_2023,Positive Regulation Of DNA Replication (GO:0045740),0.13772094407228638,0.3057022574073268,0,0,3.318429969879518,6.5788729827386705,DHX9;BAZ1A
GO_Biological_Process_2023,Positive Regulation Of Alpha-Beta T Cell Activation (GO:0046635),0.13772094407228638,0.3057022574073268,0,0,3.318429969879518,6.5788729827386705,PNP;CD55
GO_Biological_Process_2023,Positive Regulation Of Cation Transmembrane Transport (GO:1904064),0.13772094407228638,0.3057022574073268,0,0,3.318429969879518,6.5788729827386705,KCNN4;CTSS
GO_Biological_Process_2023,Positive Regulation Of Monocyte Chemotaxis (GO:0090026),0.13772094407228638,0.3057022574073268,0,0,3.318429969879518,6.5788729827386705,CXCL17;S100A14
GO_Biological_Process_2023,Positive Regulation Of Neutrophil Chemotaxis (GO:0090023),0.13772094407228638,0.3057022574073268,0,0,3.318429969879518,6.5788729827386705,RAC1;DNM1L
GO_Biological_Process_2023,Positive Regulation Of Phosphoprotein Phosphatase Activity (GO:0032516),0.13772094407228638,0.3057022574073268,0,0,3.318429969879518,6.5788729827386705,CALM3;CALM2
GO_Biological_Process_2023,Positive Regulation Of Triglyceride Metabolic Process (GO:0090208),0.13772094407228638,0.3057022574073268,0,0,3.318429969879518,6.5788729827386705,SLC27A1;NR1H3
GO_Biological_Process_2023,Regulation Of RIG-I Signaling Pathway (GO:0039535),0.13772094407228638,0.3057022574073268,0,0,3.318429969879518,6.5788729827386705,DHX58;PUM2
GO_Biological_Process_2023,Regulation Of T Cell Cytokine Production (GO:0002724),0.13772094407228638,0.3057022574073268,0,0,3.318429969879518,6.5788729827386705,CD55;TRPM4
GO_Biological_Process_2023,Regulation Of Adaptive Immune Response (GO:0002819),0.13772094407228638,0.3057022574073268,0,0,3.318429969879518,6.5788729827386705,TRIM27;IL6ST
GO_Biological_Process_2023,Regulation Of Epidermal Cell Differentiation (GO:0045604),0.13772094407228638,0.3057022574073268,0,0,3.318429969879518,6.5788729827386705,SULT2B1;SFRP4
GO_Biological_Process_2023,Regulation Of Megakaryocyte Differentiation (GO:0045652),0.13772094407228638,0.3057022574073268,0,0,3.318429969879518,6.5788729827386705,MYB;MTURN
GO_Biological_Process_2023,Regulation Of Mitochondrial Outer Membrane Permeabilization Involved In Apoptotic Signaling Pathway (GO:1901028),0.13772094407228638,0.3057022574073268,0,0,3.318429969879518,6.5788729827386705,GSK3B;GSK3A
GO_Biological_Process_2023,Regulation Of Oxidative Stress-Induced Intrinsic Apoptotic Signaling Pathway (GO:1902175),0.13772094407228638,0.3057022574073268,0,0,3.318429969879518,6.5788729827386705,P4HB;PPIA
GO_Biological_Process_2023,Renal Absorption (GO:0070293),0.13772094407228638,0.3057022574073268,0,0,3.318429969879518,6.5788729827386705,SLC9A3R1;WNK4
GO_Biological_Process_2023,Sphingosine Metabolic Process (GO:0006670),0.13772094407228638,0.3057022574073268,0,0,3.318429969879518,6.5788729827386705,SPTSSA;PLPP2
GO_Biological_Process_2023,Vesicle Transport Along Actin Filament (GO:0030050),0.13772094407228638,0.3057022574073268,0,0,3.318429969879518,6.5788729827386705,MYO1B;MYO6
GO_Biological_Process_2023,Xenobiotic Catabolic Process (GO:0042178),0.13772094407228638,0.3057022574073268,0,0,3.318429969879518,6.5788729827386705,GSTM3;TPMT
GO_Biological_Process_2023,Positive Regulation Of Phosphorylation (GO:0042327),0.13774325899744821,0.3057022574073268,0,0,1.4572515434344275,2.888802661505243,DDR1;MOB1A;RALBP1;DHX34;ERBB2;NPTN;CDCA8;PIK3R3;RAC1;FGFR4;CARD14;PPIA
GO_Biological_Process_2023,Ribonucleoprotein Complex Biogenesis (GO:0022613),0.1386415442257293,0.30750745449209527,0,0,1.675961675961676,3.3114714949733335,EMG1;NOP58;UTP11;PNO1;NGDN;HEATR1;METTL17
GO_Biological_Process_2023,Cellular Response To Fibroblast Growth Factor Stimulus (GO:0044344),0.13908554703916623,0.30792655952069686,0,0,2.0832224292431905,4.109502241670446,KIF16B;SHOC2;FGFR4;CD44
GO_Biological_Process_2023,Eye Development (GO:0001654),0.13908554703916623,0.30792655952069686,0,0,2.0832224292431905,4.109502241670446,SALL2;SIPA1L3;ATF6;TSKU
GO_Biological_Process_2023,Neuron Migration (GO:0001764),0.13908554703916623,0.30792655952069686,0,0,2.0832224292431905,4.109502241670446,RAC1;KIAA0319L;PEX13;SDCCAG8
GO_Biological_Process_2023,Negative Regulation Of Macromolecule Metabolic Process (GO:0010605),0.1414358161759052,0.31172770568055325,0,0,1.5106318870523416,2.954658897446654,GSK3B;SLC7A5;OCLN;PRKAR1A;MYADM;SORD;MAPT;GATA2;PARP9;FOXP1
GO_Biological_Process_2023,"DNA Damage Response, Signal Transduction By P53 Class Mediator (GO:0030330)",0.141663115281665,0.31172770568055325,0,0,2.4140576830855656,4.717801301137261,SP100;MYO6;NDRG1
GO_Biological_Process_2023,Muscle Cell Differentiation (GO:0042692),0.141663115281665,0.31172770568055325,0,0,2.4140576830855656,4.717801301137261,SEMA4C;ACTN4;MTLN
GO_Biological_Process_2023,Negative Regulation Of T Cell Proliferation (GO:0042130),0.141663115281665,0.31172770568055325,0,0,2.4140576830855656,4.717801301137261,SDC4;PRKAR1A;VTCN1
GO_Biological_Process_2023,Negative Regulation Of Protein Kinase B Signaling (GO:0051898),0.141663115281665,0.31172770568055325,0,0,2.4140576830855656,4.717801301137261,SLC9A3R1;SORD;PHLDA3
GO_Biological_Process_2023,Negative Regulation Of Stress-Activated MAPK Cascade (GO:0032873),0.141663115281665,0.31172770568055325,0,0,2.4140576830855656,4.717801301137261,DLG1;TAOK3;PPIA
GO_Biological_Process_2023,Neural Crest Cell Migration (GO:0001755),0.141663115281665,0.31172770568055325,0,0,2.4140576830855656,4.717801301137261,SEMA3C;SEMA3B;SEMA4C
GO_Biological_Process_2023,Positive Regulation Of RNA Splicing (GO:0033120),0.141663115281665,0.31172770568055325,0,0,2.4140576830855656,4.717801301137261,PRMT5;THRAP3;CIRBP
GO_Biological_Process_2023,Regulation Of Erythrocyte Differentiation (GO:0045646),0.141663115281665,0.31172770568055325,0,0,2.4140576830855656,4.717801301137261,FAM210B;STAT1;ACVR1B
GO_Biological_Process_2023,tRNA Methylation (GO:0030488),0.141663115281665,0.31172770568055325,0,0,2.4140576830855656,4.717801301137261,NSUN2;TRMT1;TRMT1L
GO_Biological_Process_2023,Wnt Signaling Pathway (GO:0016055),0.14264667335953146,0.3135110745802324,0,0,1.8708477278766942,3.6432599080843806,SFRP4;SIAH2;SIAH1;CCDC88C;CD24
GO_Biological_Process_2023,Regulation Of Ras Protein Signal Transduction (GO:0046578),0.14264667335953146,0.3135110745802324,0,0,1.8708477278766942,3.6432599080843806,ARHGDIB;EPS8L1;SHOC2;ARHGEF2;STAMBP
GO_Biological_Process_2023,Cellular Response To Peptide (GO:1901653),0.145759633675922,0.31919068511136006,0,0,2.0431024480798237,3.934599254909983,GSK3B;ARHGEF2;CHMP5;SNX6
GO_Biological_Process_2023,Myeloid Cell Differentiation (GO:0030099),0.145759633675922,0.31919068511136006,0,0,2.0431024480798237,3.934599254909983,PRDX3;UBA5;MYB;FLVCR1
GO_Biological_Process_2023,Nucleotide-Excision Repair (GO:0006289),0.145759633675922,0.31919068511136006,0,0,2.0431024480798237,3.934599254909983,SLC30A9;CETN2;RAD23A;COMMD1
GO_Biological_Process_2023,Positive Regulation Of Cellular Metabolic Process (GO:0031325),0.145759633675922,0.31919068511136006,0,0,2.0431024480798237,3.934599254909983,CHCHD2;HPN;SORD;GRB2
GO_Biological_Process_2023,Regulation Of Cation Channel Activity (GO:2001257),0.145759633675922,0.31919068511136006,0,0,2.0431024480798237,3.934599254909983,S100G;DLG1;CALM2;CTSS
GO_Biological_Process_2023,Striated Muscle Contraction (GO:0006941),0.145759633675922,0.31919068511136006,0,0,2.0431024480798237,3.934599254909983,RYR1;ARHGEF11;PIK3CA;GAA
GO_Biological_Process_2023,ncRNA Processing (GO:0034470),0.14664788064636983,0.3209417665867985,0,0,1.7328418494680153,3.3265727762367994,EMG1;EXOSC5;NOP58;INTS3;WDR18;ADAT1
GO_Biological_Process_2023,Positive Regulation Of MAPK Cascade (GO:0043410),0.14710643391112846,0.3217509079867798,0,0,1.3759407368559067,2.6371265219620406,DDR1;ARHGAP8;CCL22;SEMA4C;CXCL17;EIF2AK2;MTURN;ADRA2A;TAOK3;ERBB2;ACKR3;CD24;FGFR4;PPIA;CD44
GO_Biological_Process_2023,Actomyosin Structure Organization (GO:0031032),0.14830356968040329,0.3223148078032015,0,0,1.844811320754717,3.520811261999484,PDLIM1;EPB41L5;ITGB5;CSRP1;F11R
GO_Biological_Process_2023,Cellular Response To UV (GO:0034644),0.14830356968040329,0.3223148078032015,0,0,1.844811320754717,3.520811261999484,STK11;OPN3;METTL3;SDE2;COPS9
GO_Biological_Process_2023,Epigenetic Regulation Of Gene Expression (GO:0040029),0.14830356968040329,0.3223148078032015,0,0,1.844811320754717,3.520811261999484,ATF2;USP21;DNMT3A;DPY30;TRIM27
GO_Biological_Process_2023,Positive Regulation Of JNK Cascade (GO:0046330),0.14830356968040329,0.3223148078032015,0,0,1.844811320754717,3.520811261999484,TAOK3;TRAF5;MBIP;MTURN;NAIP
GO_Biological_Process_2023,Positive Regulation Of Growth (GO:0045927),0.14830356968040329,0.3223148078032015,0,0,1.844811320754717,3.520811261999484,WFS1;HPN;ERBB2;BCL2;S100A9
GO_Biological_Process_2023,Fatty Acid Transport (GO:0015908),0.1502507739644948,0.3223148078032015,0,0,2.342989494215169,4.4410183927789095,SLC27A1;CRABP2;GOT2
GO_Biological_Process_2023,Negative Regulation Of Endothelial Cell Proliferation (GO:0001937),0.1502507739644948,0.3223148078032015,0,0,2.342989494215169,4.4410183927789095,STAT1;SORD;NF1
GO_Biological_Process_2023,Regulation Of Intracellular Transport (GO:0032386),0.1502507739644948,0.3223148078032015,0,0,2.342989494215169,4.4410183927789095,RBM4;APEX1;REEP6
GO_Biological_Process_2023,Translational Elongation (GO:0006414),0.1502507739644948,0.3223148078032015,0,0,2.342989494215169,4.4410183927789095,EEF1A2;ANKZF1;MRPL44
GO_Biological_Process_2023,Ventricular Septum Development (GO:0003281),0.1502507739644948,0.3223148078032015,0,0,2.342989494215169,4.4410183927789095,HECTD1;HES1;SOX4
GO_Biological_Process_2023,N-glycan Processing (GO:0006491),0.15038984682148276,0.3223148078032015,0,0,3.1231396172927,5.916864139550141,MAN1A2;MGAT4A
GO_Biological_Process_2023,NADP Metabolic Process (GO:0006739),0.15038984682148276,0.3223148078032015,0,0,3.1231396172927,5.916864139550141,G6PD;IDH1
GO_Biological_Process_2023,Cardiac Ventricle Development (GO:0003231),0.15038984682148276,0.3223148078032015,0,0,3.1231396172927,5.916864139550141,HECTD1;HES1
GO_Biological_Process_2023,Cellular Response To Estradiol Stimulus (GO:0071392),0.15038984682148276,0.3223148078032015,0,0,3.1231396172927,5.916864139550141,FAM210B;ZNF703
GO_Biological_Process_2023,Cortical Actin Cytoskeleton Organization (GO:0030866),0.15038984682148276,0.3223148078032015,0,0,3.1231396172927,5.916864139550141,NCKAP1;DLG1
GO_Biological_Process_2023,Eye Morphogenesis (GO:0048592),0.15038984682148276,0.3223148078032015,0,0,3.1231396172927,5.916864139550141,NF1;IFT122
GO_Biological_Process_2023,Ganglioside Metabolic Process (GO:0001573),0.15038984682148276,0.3223148078032015,0,0,3.1231396172927,5.916864139550141,HEXB;ST6GALNAC4
GO_Biological_Process_2023,Glycosphingolipid Biosynthetic Process (GO:0006688),0.15038984682148276,0.3223148078032015,0,0,3.1231396172927,5.916864139550141,TM9SF2;ST6GALNAC4
GO_Biological_Process_2023,Insulin Secretion (GO:0030073),0.15038984682148276,0.3223148078032015,0,0,3.1231396172927,5.916864139550141,SLC30A8;SELENOT
GO_Biological_Process_2023,Negative Regulation Of Calcium Ion Transmembrane Transport (GO:1903170),0.15038984682148276,0.3223148078032015,0,0,3.1231396172927,5.916864139550141,SESTD1;CALM2
GO_Biological_Process_2023,Negative Regulation Of Protein Dephosphorylation (GO:0035308),0.15038984682148276,0.3223148078032015,0,0,3.1231396172927,5.916864139550141,GSK3B;PPP1R11
GO_Biological_Process_2023,Negative Regulation Of Small GTPase Mediated Signal Transduction (GO:0051058),0.15038984682148276,0.3223148078032015,0,0,3.1231396172927,5.916864139550141,STAMBP;CD2AP
GO_Biological_Process_2023,Positive Regulation Of Hormone Secretion (GO:0046887),0.15038984682148276,0.3223148078032015,0,0,3.1231396172927,5.916864139550141,VAMP8;SNX4
GO_Biological_Process_2023,Positive Regulation Of Leukocyte Activation (GO:0002696),0.15038984682148276,0.3223148078032015,0,0,3.1231396172927,5.916864139550141,NECTIN2;HSPD1
GO_Biological_Process_2023,rRNA Catabolic Process (GO:0016075),0.15038984682148276,0.3223148078032015,0,0,3.1231396172927,5.916864139550141,EXOSC6;EXOSC5
GO_Biological_Process_2023,rRNA Methylation (GO:0031167),0.15038984682148276,0.3223148078032015,0,0,3.1231396172927,5.916864139550141,EMG1;METTL5
GO_Biological_Process_2023,Regulation Of Autophagy Of Mitochondrion (GO:1903146),0.15038984682148276,0.3223148078032015,0,0,3.1231396172927,5.916864139550141,GSK3A;DNM1L
GO_Biological_Process_2023,Regulation Of Fibroblast Migration (GO:0010762),0.15038984682148276,0.3223148078032015,0,0,3.1231396172927,5.916864139550141,RAC1;RFFL
GO_Biological_Process_2023,Regulation Of Granulocyte Chemotaxis (GO:0071622),0.15038984682148276,0.3223148078032015,0,0,3.1231396172927,5.916864139550141,CXCL17;S100A14
GO_Biological_Process_2023,Regulation Of Insulin-Like Growth Factor Receptor Signaling Pathway (GO:0043567),0.15038984682148276,0.3223148078032015,0,0,3.1231396172927,5.916864139550141,IGFBP5;IGFBP3
GO_Biological_Process_2023,Regulation Of Smooth Muscle Cell Migration (GO:0014910),0.15038984682148276,0.3223148078032015,0,0,3.1231396172927,5.916864139550141,IGFBP5;IGFBP3
GO_Biological_Process_2023,Regulation Of Vascular Endothelial Growth Factor Signaling Pathway (GO:1900746),0.15038984682148276,0.3223148078032015,0,0,3.1231396172927,5.916864139550141,SMOC2;SORD
GO_Biological_Process_2023,Response To Fatty Acid (GO:0070542),0.15038984682148276,0.3223148078032015,0,0,3.1231396172927,5.916864139550141,SCD;FFAR2
GO_Biological_Process_2023,Transport Along Microtubule (GO:0010970),0.15038984682148276,0.3223148078032015,0,0,3.1231396172927,5.916864139550141,DYNC1I2;COPG1
GO_Biological_Process_2023,Peptidyl-Serine Modification (GO:0018209),0.15178282359239817,0.3251078575113342,0,0,1.523773246478975,2.8727766682597458,GSK3B;CAB39;GALNT2;GALNT1;SGK3;PKN1;MAP3K13;PAK2;UHMK1
GO_Biological_Process_2023,Positive Regulation Of Type II Interferon Production (GO:0032729),0.1525556290503022,0.32599202856648646,0,0,2.0044964284697913,3.768906239162203,SLC7A5;ISG15;TRIM27;HSPD1
GO_Biological_Process_2023,protein-DNA Complex Organization (GO:0071824),0.1525556290503022,0.32599202856648646,0,0,2.0044964284697913,3.768906239162203,CBX1;SUPT4H1;PWWP3A;HNRNPU
GO_Biological_Process_2023,Regulation Of Type I Interferon Production (GO:0032479),0.1525556290503022,0.32599202856648646,0,0,2.0044964284697913,3.768906239162203,RAB2B;DHX58;TRIM27;XAF1
GO_Biological_Process_2023,Renal System Development (GO:0072001),0.1525556290503022,0.32599202856648646,0,0,2.0044964284697913,3.768906239162203,TFAP2A;CENPF;STAT1;WFS1
GO_Biological_Process_2023,Positive Regulation Of Cytoskeleton Organization (GO:0051495),0.15405397020351144,0.3265675774860002,0,0,1.8194882398552596,3.4032659304856767,NCKAP1;BAIAP2L1;CTTN;PFDN2;SNX9
GO_Biological_Process_2023,Double-Strand Break Repair (GO:0006302),0.15562256467960991,0.3265675774860002,0,0,1.5140859916250635,2.816686966126184,PSMD14;PARP2;ZMYND8;DDX1;INTS3;NSD2;SETMAR;LIG3;PARP9
GO_Biological_Process_2023,Positive Regulation Of Macromolecule Biosynthetic Process (GO:0010557),0.1564833690975287,0.3265675774860002,0,0,1.617483321831148,3.000117030065776,SMOC2;METTL3;ERBB2;CIRBP;METTL5;FGFR4;SOX4
GO_Biological_Process_2023,Lysosome Organization (GO:0007040),0.15899967905034978,0.3265675774860002,0,0,2.2759823447087952,4.185197179450519,MBTPS1;GAA;TMEM106B
GO_Biological_Process_2023,mRNA Transcription By RNA Polymerase II (GO:0042789),0.15899967905034978,0.3265675774860002,0,0,2.2759823447087952,4.185197179450519,TFCP2;TAF9;NR1H3
GO_Biological_Process_2023,Negative Regulation Of Mitochondrion Organization (GO:0010823),0.15899967905034978,0.3265675774860002,0,0,2.2759823447087952,4.185197179450519,BNIP3;PPIF;MAPT
GO_Biological_Process_2023,Negative Regulation Of Type I Interferon Production (GO:0032480),0.15899967905034978,0.3265675774860002,0,0,2.2759823447087952,4.185197179450519,DHX58;TRIM27;XAF1
GO_Biological_Process_2023,Nuclear Transport (GO:0051169),0.15899967905034978,0.3265675774860002,0,0,2.2759823447087952,4.185197179450519,AHCTF1;RSRC1;TPR
GO_Biological_Process_2023,Protein Localization To Cilium (GO:0061512),0.15899967905034978,0.3265675774860002,0,0,2.2759823447087952,4.185197179450519,IFT122;ATP6V1D;RAB8A
GO_Biological_Process_2023,Visual System Development (GO:0150063),0.15899967905034978,0.3265675774860002,0,0,2.2759823447087952,4.185197179450519,SALL2;SIPA1L3;ATF6
GO_Biological_Process_2023,Vitamin Transport (GO:0051180),0.15899967905034978,0.3265675774860002,0,0,2.2759823447087952,4.185197179450519,SLC5A6;SLC27A1;ABCD1
GO_Biological_Process_2023,Neuron Projection Development (GO:0031175),0.15914525635974544,0.3265675774860002,0,0,1.4686924493554327,2.699365562810852,NCKAP1;GSK3B;CTTN;TAOK3;VAPA;MAP1S;MAPT;TSKU;UHMK1;CAMSAP2
GO_Biological_Process_2023,mRNA Transport (GO:0051028),0.15946888759892,0.3265675774860002,0,0,1.9673202614379084,3.6118159333063837,TPR;THOC1;CASC3;SMG7
GO_Biological_Process_2023,Memory (GO:0007613),0.15946888759892,0.3265675774860002,0,0,1.9673202614379084,3.6118159333063837,CAMK2N1;ATXN1L;MAPT;NFATC4
GO_Biological_Process_2023,Positive Regulation Of Endocytosis (GO:0045807),0.15989531093652243,0.3265675774860002,0,0,1.7948495665476798,3.2903828122438963,PPT1;NEDD4L;CD47;CALR;GATA2
GO_Biological_Process_2023,Cellular Response To Lipopolysaccharide (GO:0071222),0.16110120660894187,0.3265675774860002,0,0,1.6034938879766465,2.927534868310137,PABPN1;PDCD4;PLAA;NR1H3;GBP2;CDC73;CHMP5
GO_Biological_Process_2023,Protein Catabolic Process (GO:0030163),0.16187512056885542,0.3265675774860002,0,0,1.6779774208936238,3.055479595680993,PSMA6;BNIP3;SIAH1;PPT1;CTSS;RAB7A
GO_Biological_Process_2023,Visual Perception (GO:0007601),0.16187512056885542,0.3265675774860002,0,0,1.6779774208936238,3.055479595680993,S100G;WFS1;RGS16;REEP6;ATF6;RABGGTA
GO_Biological_Process_2023,Fc-gamma Receptor Signaling Pathway Involved In Phagocytosis (GO:0038096),0.16327712146493212,0.3265675774860002,0,0,2.9495481927710845,5.345485037597892,VAV3;YES1
GO_Biological_Process_2023,Actin Filament-Based Transport (GO:0099515),0.16327712146493212,0.3265675774860002,0,0,2.9495481927710845,5.345485037597892,MYO1B;MYO6
GO_Biological_Process_2023,Ameboidal-Type Cell Migration (GO:0001667),0.16327712146493212,0.3265675774860002,0,0,2.9495481927710845,5.345485037597892,PDLIM1;PKN1
GO_Biological_Process_2023,Anterior/Posterior Axis Specification (GO:0009948),0.16327712146493212,0.3265675774860002,0,0,2.9495481927710845,5.345485037597892,MESP2;MESP1
GO_Biological_Process_2023,Cell Projection Organization (GO:0030030),0.16327712146493212,0.3265675774860002,0,0,2.9495481927710845,5.345485037597892,NCKAP1;CAPG
GO_Biological_Process_2023,Glutamate Metabolic Process (GO:0006536),0.16327712146493212,0.3265675774860002,0,0,2.9495481927710845,5.345485037597892,ALDH5A1;GOT2
GO_Biological_Process_2023,Long-Term Memory (GO:0007616),0.16327712146493212,0.3265675774860002,0,0,2.9495481927710845,5.345485037597892,CAMK2N1;NFATC4
GO_Biological_Process_2023,Mesoderm Formation (GO:0001707),0.16327712146493212,0.3265675774860002,0,0,2.9495481927710845,5.345485037597892,MESP2;MESP1
GO_Biological_Process_2023,Mitochondrial RNA Metabolic Process (GO:0000959),0.16327712146493212,0.3265675774860002,0,0,2.9495481927710845,5.345485037597892,PNPT1;FASTKD2
GO_Biological_Process_2023,Negative Regulation Of Microtubule Depolymerization (GO:0007026),0.16327712146493212,0.3265675774860002,0,0,2.9495481927710845,5.345485037597892,ARHGEF2;CAMSAP2
GO_Biological_Process_2023,Negative Regulation Of Phosphoprotein Phosphatase Activity (GO:0032515),0.16327712146493212,0.3265675774860002,0,0,2.9495481927710845,5.345485037597892,GSK3B;PPP1R11
GO_Biological_Process_2023,Negative Regulation Of Reactive Oxygen Species Metabolic Process (GO:2000378),0.16327712146493212,0.3265675774860002,0,0,2.9495481927710845,5.345485037597892,TFAP2A;ABCD1
GO_Biological_Process_2023,Negative Regulation Of Reproductive Process (GO:2000242),0.16327712146493212,0.3265675774860002,0,0,2.9495481927710845,5.345485037597892,ARHGDIB;CALR
GO_Biological_Process_2023,Negative Regulation Of Tumor Necrosis Factor-Mediated Signaling Pathway (GO:0010804),0.16327712146493212,0.3265675774860002,0,0,2.9495481927710845,5.345485037597892,RFFL;NAIP
GO_Biological_Process_2023,Negative Regulation Of Viral Life Cycle (GO:1903901),0.16327712146493212,0.3265675774860002,0,0,2.9495481927710845,5.345485037597892,IFITM1;PPIA
GO_Biological_Process_2023,Peripheral Nervous System Development (GO:0007422),0.16327712146493212,0.3265675774860002,0,0,2.9495481927710845,5.345485037597892,GSTM3;NF1
GO_Biological_Process_2023,Positive Regulation Of Smoothened Signaling Pathway (GO:0045880),0.16327712146493212,0.3265675774860002,0,0,2.9495481927710845,5.345485037597892,UCHL5;GAS8
GO_Biological_Process_2023,Protein Deacylation (GO:0035601),0.16327712146493212,0.3265675774860002,0,0,2.9495481927710845,5.345485037597892,PPT1;LYPLAL1
GO_Biological_Process_2023,Receptor Metabolic Process (GO:0043112),0.16327712146493212,0.3265675774860002,0,0,2.9495481927710845,5.345485037597892,BECN1;KIF16B
GO_Biological_Process_2023,Regulation Of Calcium Ion Import (GO:0090279),0.16327712146493212,0.3265675774860002,0,0,2.9495481927710845,5.345485037597892,STC1;TRIM27
GO_Biological_Process_2023,Regulation Of Cardiac Muscle Contraction By Calcium Ion Signaling (GO:0010882),0.16327712146493212,0.3265675774860002,0,0,2.9495481927710845,5.345485037597892,CALM3;CALM2
GO_Biological_Process_2023,Regulation Of Macrophage Chemotaxis (GO:0010758),0.16327712146493212,0.3265675774860002,0,0,2.9495481927710845,5.345485037597892,CXCL17;MTUS1
GO_Biological_Process_2023,Regulation Of Necroptotic Process (GO:0060544),0.16327712146493212,0.3265675774860002,0,0,2.9495481927710845,5.345485037597892,ARHGEF2;YBX3
GO_Biological_Process_2023,Regulation Of Spindle Organization (GO:0090224),0.16327712146493212,0.3265675774860002,0,0,2.9495481927710845,5.345485037597892,DCTN1;CLTC
GO_Biological_Process_2023,Xenobiotic Transport (GO:0042908),0.16327712146493212,0.3265675774860002,0,0,2.9495481927710845,5.345485037597892,SLC7A5;ABCC11
GO_Biological_Process_2023,Positive Regulation Of Signal Transduction (GO:0009967),0.1637330283403508,0.3265675774860002,0,0,1.3827577828397875,2.502125171750861,MESP1;ATP6AP2;AGPAT1;CTSS;UCHL5;CDC73;KLF2;ING5;SMOC2;APEX1;NPTN;IL6ST;GAS8
GO_Biological_Process_2023,Neuron Projection Guidance (GO:0097485),0.16577978591897893,0.3265675774860002,0,0,1.5897435897435896,2.856920196279368,ENAH;SEMA3C;SIAH1;SEMA3B;PLEKHG4B;SEMA4C;IGSF9
GO_Biological_Process_2023,Endocytic Recycling (GO:0032456),0.16649469571730216,0.3265675774860002,0,0,1.9314959550253668,3.462770163256054,SNX4;STX6;RAB11FIP4;RAB7A
GO_Biological_Process_2023,Phospholipid Transport (GO:0015914),0.16649469571730216,0.3265675774860002,0,0,1.9314959550253668,3.462770163256054,ATP8B2;VAPA;APOC1;ABCA12
GO_Biological_Process_2023,Regulation Of T Cell Activation (GO:0050863),0.16649469571730216,0.3265675774860002,0,0,1.9314959550253668,3.462770163256054,METTL3;CD47;VTCN1;HSPD1
GO_Biological_Process_2023,Neuron Development (GO:0048666),0.16734249048844965,0.3265675774860002,0,0,1.5294898725497665,2.7342885085601636,UGCG;GSK3B;VAPA;PPT1;MAPT;INSM1;HS6ST1;UHMK1
GO_Biological_Process_2023,Anterograde Axonal Transport (GO:0008089),0.1678994658708284,0.3265675774860002,0,0,2.2126978146194425,3.9483156236126833,APEX1;ARL8A;ARL8B
GO_Biological_Process_2023,Fibroblast Growth Factor Receptor Signaling Pathway (GO:0008543),0.1678994658708284,0.3265675774860002,0,0,2.2126978146194425,3.9483156236126833,KIF16B;SHOC2;FGFR4
GO_Biological_Process_2023,Heart Contraction (GO:0060047),0.1678994658708284,0.3265675774860002,0,0,2.2126978146194425,3.9483156236126833,PIK3CA;GAA;SGCG
GO_Biological_Process_2023,Negative Regulation Of Cell-Substrate Adhesion (GO:0010812),0.1678994658708284,0.3265675774860002,0,0,2.2126978146194425,3.9483156236126833,TACSTD2;ACTN4;GBP1
GO_Biological_Process_2023,Nucleic Acid-Templated Transcription (GO:0097659),0.1678994658708284,0.3265675774860002,0,0,2.2126978146194425,3.9483156236126833,PHF3;CREBL2;PTMA
GO_Biological_Process_2023,Positive Regulation Of Intracellular Transport (GO:0032388),0.1678994658708284,0.3265675774860002,0,0,2.2126978146194425,3.9483156236126833,STK11;RUFY3;TPR
GO_Biological_Process_2023,Positive Regulation Of Monoatomic Ion Transport (GO:0043270),0.1678994658708284,0.3265675774860002,0,0,2.2126978146194425,3.9483156236126833,DLG1;WFS1;ADRA2A
GO_Biological_Process_2023,Regulation Of Receptor-Mediated Endocytosis (GO:0048259),0.1678994658708284,0.3265675774860002,0,0,2.2126978146194425,3.9483156236126833,APOC1;PPT1;RAC1
GO_Biological_Process_2023,Release Of Sequestered Calcium Ion Into Cytosol (GO:0051209),0.1678994658708284,0.3265675774860002,0,0,2.2126978146194425,3.9483156236126833,RYR1;LETM1;ITPR1
GO_Biological_Process_2023,Response To Amino Acid Starvation (GO:1990928),0.1678994658708284,0.3265675774860002,0,0,2.2126978146194425,3.9483156236126833,IMPACT;RRAGA;EIF2AK2
GO_Biological_Process_2023,Retina Homeostasis (GO:0001895),0.1678994658708284,0.3265675774860002,0,0,2.2126978146194425,3.9483156236126833,AZGP1;IGKC;PIP
GO_Biological_Process_2023,Vesicle Cytoskeletal Trafficking (GO:0099518),0.1678994658708284,0.3265675774860002,0,0,2.2126978146194425,3.9483156236126833,MYO1B;APEX1;MYO6
GO_Biological_Process_2023,7-Methylguanosine RNA Capping (GO:0009452),0.1689640088925357,0.3265675774860002,0,0,6.634123401053424,11.795932822776484,CMTR2
GO_Biological_Process_2023,ATP Synthesis Coupled Electron Transport (GO:0042773),0.1689640088925357,0.3265675774860002,0,0,6.634123401053424,11.795932822776484,NDUFS2
GO_Biological_Process_2023,DNA Methylation Involved In Embryo Development (GO:0043045),0.1689640088925357,0.3265675774860002,0,0,6.634123401053424,11.795932822776484,TET3
GO_Biological_Process_2023,ERBB2-EGFR Signaling Pathway (GO:0038134),0.1689640088925357,0.3265675774860002,0,0,6.634123401053424,11.795932822776484,ERBB2
GO_Biological_Process_2023,GDP-mannose Metabolic Process (GO:0019673),0.1689640088925357,0.3265675774860002,0,0,6.634123401053424,11.795932822776484,GMDS
GO_Biological_Process_2023,ISG15-protein Conjugation (GO:0032020),0.1689640088925357,0.3265675774860002,0,0,6.634123401053424,11.795932822776484,ISG15
GO_Biological_Process_2023,L-aspartate Import Across Plasma Membrane (GO:0140009),0.1689640088925357,0.3265675774860002,0,0,6.634123401053424,11.795932822776484,SLC1A2
GO_Biological_Process_2023,L-aspartate Transmembrane Transport (GO:0070778),0.1689640088925357,0.3265675774860002,0,0,6.634123401053424,11.795932822776484,SLC1A2
GO_Biological_Process_2023,T-helper 1 Cell Differentiation (GO:0045063),0.1689640088925357,0.3265675774860002,0,0,6.634123401053424,11.795932822776484,TMEM98
GO_Biological_Process_2023,T-helper 2 Cell Differentiation (GO:0045064),0.1689640088925357,0.3265675774860002,0,0,6.634123401053424,11.795932822776484,MYB
GO_Biological_Process_2023,Activation Of Cysteine-Type Endopeptidase Activity Involved In Apoptotic Process By Cytochrome C (GO:0008635),0.1689640088925357,0.3265675774860002,0,0,6.634123401053424,11.795932822776484,CYCS
GO_Biological_Process_2023,Activation Of Transmembrane Receptor Protein Tyrosine Kinase Activity (GO:0007171),0.1689640088925357,0.3265675774860002,0,0,6.634123401053424,11.795932822776484,PRLR
GO_Biological_Process_2023,Adenylate Cyclase-Activating Dopamine Receptor Signaling Pathway (GO:0007191),0.1689640088925357,0.3265675774860002,0,0,6.634123401053424,11.795932822776484,GNAS
GO_Biological_Process_2023,Attachment Of GPI Anchor To Protein (GO:0016255),0.1689640088925357,0.3265675774860002,0,0,6.634123401053424,11.795932822776484,PIGS
GO_Biological_Process_2023,Autocrine Signaling (GO:0035425),0.1689640088925357,0.3265675774860002,0,0,6.634123401053424,11.795932822776484,S100A9
GO_Biological_Process_2023,Bundle Of His cell-Purkinje Myocyte Adhesion Involved In Cell Communication (GO:0086073),0.1689640088925357,0.3265675774860002,0,0,6.634123401053424,11.795932822776484,DSP
GO_Biological_Process_2023,Cellular Heat Acclimation (GO:0070370),0.1689640088925357,0.3265675774860002,0,0,6.634123401053424,11.795932822776484,HSPA6
GO_Biological_Process_2023,Cellular Response To Cold (GO:0070417),0.1689640088925357,0.3265675774860002,0,0,6.634123401053424,11.795932822776484,NFKBIA
GO_Biological_Process_2023,Cellular Response To Iron Ion (GO:0071281),0.1689640088925357,0.3265675774860002,0,0,6.634123401053424,11.795932822776484,TFAP2A
GO_Biological_Process_2023,Cerebral Cortex Cell Migration (GO:0021795),0.1689640088925357,0.3265675774860002,0,0,6.634123401053424,11.795932822776484,PEX13
GO_Biological_Process_2023,fatty-acyl-CoA Catabolic Process (GO:0036115),0.1689640088925357,0.3265675774860002,0,0,6.634123401053424,11.795932822776484,NUDT19
GO_Biological_Process_2023,Galactolipid Biosynthetic Process (GO:0019375),0.1689640088925357,0.3265675774860002,0,0,6.634123401053424,11.795932822776484,B4GALT3
GO_Biological_Process_2023,Galactosylceramide Biosynthetic Process (GO:0006682),0.1689640088925357,0.3265675774860002,0,0,6.634123401053424,11.795932822776484,B4GALT3
GO_Biological_Process_2023,Glomerular Epithelial Cell Differentiation (GO:0072311),0.1689640088925357,0.3265675774860002,0,0,6.634123401053424,11.795932822776484,CD24
GO_Biological_Process_2023,Glyoxylate Metabolic Process (GO:0046487),0.1689640088925357,0.3265675774860002,0,0,6.634123401053424,11.795932822776484,MGAT4A
GO_Biological_Process_2023,Heat Acclimation (GO:0010286),0.1689640088925357,0.3265675774860002,0,0,6.634123401053424,11.795932822776484,HSPA6
GO_Biological_Process_2023,Heme Transport (GO:0015886),0.1689640088925357,0.3265675774860002,0,0,6.634123401053424,11.795932822776484,FLVCR1
GO_Biological_Process_2023,Hepatocyte Differentiation (GO:0070365),0.1689640088925357,0.3265675774860002,0,0,6.634123401053424,11.795932822776484,PCK2
GO_Biological_Process_2023,Heterocycle Catabolic Process (GO:0046700),0.1689640088925357,0.3265675774860002,0,0,6.634123401053424,11.795932822776484,GOT2
GO_Biological_Process_2023,Histamine Metabolic Process (GO:0001692),0.1689640088925357,0.3265675774860002,0,0,6.634123401053424,11.795932822776484,HNMT
GO_Biological_Process_2023,Histone Arginine Methylation (GO:0034969),0.1689640088925357,0.3265675774860002,0,0,6.634123401053424,11.795932822776484,PRMT5
GO_Biological_Process_2023,Inclusion Body Assembly (GO:0070841),0.1689640088925357,0.3265675774860002,0,0,6.634123401053424,11.795932822776484,MAPT
GO_Biological_Process_2023,Inner Ear Auditory Receptor Cell Differentiation (GO:0042491),0.1689640088925357,0.3265675774860002,0,0,6.634123401053424,11.795932822776484,MYO6
GO_Biological_Process_2023,Interleukin-5-Mediated Signaling Pathway (GO:0038043),0.1689640088925357,0.3265675774860002,0,0,6.634123401053424,11.795932822776484,STAT5A
GO_Biological_Process_2023,Intracellular Water Homeostasis (GO:0009992),0.1689640088925357,0.3265675774860002,0,0,6.634123401053424,11.795932822776484,FLNB
GO_Biological_Process_2023,Iron Coordination Entity Transport (GO:1901678),0.1689640088925357,0.3265675774860002,0,0,6.634123401053424,11.795932822776484,FLVCR1
GO_Biological_Process_2023,Isoleucine Metabolic Process (GO:0006549),0.1689640088925357,0.3265675774860002,0,0,6.634123401053424,11.795932822776484,ILVBL
GO_Biological_Process_2023,Kidney Morphogenesis (GO:0060993),0.1689640088925357,0.3265675774860002,0,0,6.634123401053424,11.795932822776484,SOX4
GO_Biological_Process_2023,Leukocyte Chemotaxis Involved In Inflammatory Response (GO:0002232),0.1689640088925357,0.3265675774860002,0,0,6.634123401053424,11.795932822776484,FFAR2
GO_Biological_Process_2023,mRNA 3'-Splice Site Recognition (GO:0000389),0.1689640088925357,0.3265675774860002,0,0,6.634123401053424,11.795932822776484,SF3A3
GO_Biological_Process_2023,Medium-Chain fatty-acyl-CoA Metabolic Process (GO:0036112),0.1689640088925357,0.3265675774860002,0,0,6.634123401053424,11.795932822776484,NUDT19
GO_Biological_Process_2023,Mesenchymal Cell Differentiation Involved In Kidney Development (GO:0072161),0.1689640088925357,0.3265675774860002,0,0,6.634123401053424,11.795932822776484,STAT1
GO_Biological_Process_2023,Mitochondrial RNA 3'-End Processing (GO:0000965),0.1689640088925357,0.3265675774860002,0,0,6.634123401053424,11.795932822776484,PNPT1
GO_Biological_Process_2023,Mitochondrial Protein Catabolic Process (GO:0035694),0.1689640088925357,0.3265675774860002,0,0,6.634123401053424,11.795932822776484,BNIP3
GO_Biological_Process_2023,Mitochondrial Translational Elongation (GO:0070125),0.1689640088925357,0.3265675774860002,0,0,6.634123401053424,11.795932822776484,MRPL44
GO_Biological_Process_2023,Morphogenesis Of An Endothelium (GO:0003159),0.1689640088925357,0.3265675774860002,0,0,6.634123401053424,11.795932822776484,RHOB
GO_Biological_Process_2023,Multinuclear Osteoclast Differentiation (GO:0072674),0.1689640088925357,0.3265675774860002,0,0,6.634123401053424,11.795932822776484,TCTA
GO_Biological_Process_2023,Negative Regulation Of ERAD Pathway (GO:1904293),0.1689640088925357,0.3265675774860002,0,0,6.634123401053424,11.795932822776484,USP14
GO_Biological_Process_2023,Negative Regulation Of Actin Filament Depolymerization (GO:0030835),0.1689640088925357,0.3265675774860002,0,0,6.634123401053424,11.795932822776484,PIK3CA
GO_Biological_Process_2023,Negative Regulation Of Amyloid Precursor Protein Biosynthetic Process (GO:0042985),0.1689640088925357,0.3265675774860002,0,0,6.634123401053424,11.795932822776484,BACE2
GO_Biological_Process_2023,Negative Regulation Of Calcium Ion Import (GO:0090281),0.1689640088925357,0.3265675774860002,0,0,6.634123401053424,11.795932822776484,TRIM27
GO_Biological_Process_2023,Negative Regulation Of Cardiac Muscle Cell Apoptotic Process (GO:0010667),0.1689640088925357,0.3265675774860002,0,0,6.634123401053424,11.795932822776484,NUPR1
GO_Biological_Process_2023,Negative Regulation Of Cell Size (GO:0045792),0.1689640088925357,0.3265675774860002,0,0,6.634123401053424,11.795932822776484,DEPTOR
GO_Biological_Process_2023,Negative Regulation Of Endoplasmic Reticulum Calcium Ion Concentration (GO:0032471),0.1689640088925357,0.3265675774860002,0,0,6.634123401053424,11.795932822776484,RAP1GDS1
GO_Biological_Process_2023,Negative Regulation Of Glial Cell Proliferation (GO:0060253),0.1689640088925357,0.3265675774860002,0,0,6.634123401053424,11.795932822776484,HES1
GO_Biological_Process_2023,Negative Regulation Of Insulin-Like Growth Factor Receptor Signaling Pathway (GO:0043569),0.1689640088925357,0.3265675774860002,0,0,6.634123401053424,11.795932822776484,IGFBP5
GO_Biological_Process_2023,Negative Regulation Of Lipoprotein Lipase Activity (GO:0051005),0.1689640088925357,0.3265675774860002,0,0,6.634123401053424,11.795932822776484,APOC1
GO_Biological_Process_2023,Negative Regulation Of Morphogenesis Of An Epithelium (GO:1905331),0.1689640088925357,0.3265675774860002,0,0,6.634123401053424,11.795932822776484,TACSTD2
GO_Biological_Process_2023,Negative Regulation Of Nervous System Process (GO:0031645),0.1689640088925357,0.3265675774860002,0,0,6.634123401053424,11.795932822776484,TMEM98
GO_Biological_Process_2023,"Negative Regulation Of Nuclear-Transcribed mRNA Catabolic Process, Nonsense-Mediated Decay (GO:2000623)",0.1689640088925357,0.3265675774860002,0,0,6.634123401053424,11.795932822776484,DHX34
GO_Biological_Process_2023,Negative Regulation Of Stress-Activated Protein Kinase Signaling Cascade (GO:0070303),0.1689640088925357,0.3265675774860002,0,0,6.634123401053424,11.795932822776484,PPIA
GO_Biological_Process_2023,Negative Regulation Of Transcription From RNA Polymerase II Promoter In Response To Stress (GO:0097201),0.1689640088925357,0.3265675774860002,0,0,6.634123401053424,11.795932822776484,JUN
GO_Biological_Process_2023,Neutrophil Degranulation (GO:0043312),0.1689640088925357,0.3265675774860002,0,0,6.634123401053424,11.795932822776484,VAMP8
GO_Biological_Process_2023,Norepinephrine Biosynthetic Process (GO:0042421),0.1689640088925357,0.3265675774860002,0,0,6.634123401053424,11.795932822776484,INSM1
GO_Biological_Process_2023,Nucleobase Transport (GO:0015851),0.1689640088925357,0.3265675774860002,0,0,6.634123401053424,11.795932822776484,SLC29A1
GO_Biological_Process_2023,Nucleoside Transport (GO:0015858),0.1689640088925357,0.3265675774860002,0,0,6.634123401053424,11.795932822776484,SLC29A1
GO_Biological_Process_2023,Phagosome Acidification (GO:0090383),0.1689640088925357,0.3265675774860002,0,0,6.634123401053424,11.795932822776484,RAB7A
GO_Biological_Process_2023,Phosphatidylinositol Acyl-Chain Remodeling (GO:0036149),0.1689640088925357,0.3265675774860002,0,0,6.634123401053424,11.795932822776484,MBOAT7
GO_Biological_Process_2023,Plasma Membrane Raft Organization (GO:0044857),0.1689640088925357,0.3265675774860002,0,0,6.634123401053424,11.795932822776484,COLEC12
GO_Biological_Process_2023,Positive Regulation Of Endothelial Cell Development (GO:1901552),0.1689640088925357,0.3265675774860002,0,0,6.634123401053424,11.795932822776484,F11R
GO_Biological_Process_2023,Positive Regulation Of Establishment Of Endothelial Barrier (GO:1903142),0.1689640088925357,0.3265675774860002,0,0,6.634123401053424,11.795932822776484,F11R
GO_Biological_Process_2023,Positive Regulation Of Gap Junction Assembly (GO:1903598),0.1689640088925357,0.3265675774860002,0,0,6.634123401053424,11.795932822776484,IRX3
GO_Biological_Process_2023,Positive Regulation Of Growth Hormone Secretion (GO:0060124),0.1689640088925357,0.3265675774860002,0,0,6.634123401053424,11.795932822776484,SELENOT
GO_Biological_Process_2023,Positive Regulation Of Immune Response To Tumor Cell (GO:0002839),0.1689640088925357,0.3265675774860002,0,0,6.634123401053424,11.795932822776484,HSPD1
GO_Biological_Process_2023,Positive Regulation Of Interleukin-18 Production (GO:0032741),0.1689640088925357,0.3265675774860002,0,0,6.634123401053424,11.795932822776484,DHX9
GO_Biological_Process_2023,Positive Regulation Of Mitochondrial Membrane Potential (GO:0010918),0.1689640088925357,0.3265675774860002,0,0,6.634123401053424,11.795932822776484,MTLN
GO_Biological_Process_2023,Positive Regulation Of Mitotic Cytokinesis (GO:1903490),0.1689640088925357,0.3265675774860002,0,0,6.634123401053424,11.795932822776484,CDCA8
GO_Biological_Process_2023,Positive Regulation Of Natural Killer Cell Mediated Cytotoxicity Directed Against Tumor Cell Target (GO:0002860),0.1689640088925357,0.3265675774860002,0,0,6.634123401053424,11.795932822776484,NECTIN2
GO_Biological_Process_2023,Positive Regulation Of Natural Killer Cell Mediated Immune Response To Tumor Cell (GO:0002857),0.1689640088925357,0.3265675774860002,0,0,6.634123401053424,11.795932822776484,NECTIN2
GO_Biological_Process_2023,Positive Regulation Of Nuclear Cell Cycle DNA Replication (GO:0010571),0.1689640088925357,0.3265675774860002,0,0,6.634123401053424,11.795932822776484,WIZ
GO_Biological_Process_2023,Positive Regulation Of Pyruvate Dehydrogenase Activity (GO:1904184),0.1689640088925357,0.3265675774860002,0,0,6.634123401053424,11.795932822776484,PDPR
GO_Biological_Process_2023,Positive Regulation Of Sterol Transport (GO:0032373),0.1689640088925357,0.3265675774860002,0,0,6.634123401053424,11.795932822776484,NR1H3
GO_Biological_Process_2023,Positive Regulation Of Translation In Response To Stress (GO:0032056),0.1689640088925357,0.3265675774860002,0,0,6.634123401053424,11.795932822776484,IMPACT
GO_Biological_Process_2023,Protein Deglutamylation (GO:0035608),0.1689640088925357,0.3265675774860002,0,0,6.634123401053424,11.795932822776484,AGBL5
GO_Biological_Process_2023,Protein Localization To Membrane Raft (GO:1903044),0.1689640088925357,0.3265675774860002,0,0,6.634123401053424,11.795932822776484,MYADM
GO_Biological_Process_2023,Purine Deoxyribonucleotide Catabolic Process (GO:0009155),0.1689640088925357,0.3265675774860002,0,0,6.634123401053424,11.795932822776484,PNP
GO_Biological_Process_2023,Purine Nucleobase Biosynthetic Process (GO:0009113),0.1689640088925357,0.3265675774860002,0,0,6.634123401053424,11.795932822776484,PAICS
GO_Biological_Process_2023,Purine Nucleobase Transmembrane Transport (GO:1904823),0.1689640088925357,0.3265675774860002,0,0,6.634123401053424,11.795932822776484,SLC29A1
GO_Biological_Process_2023,Pyrimidine Nucleoside Transport (GO:0015864),0.1689640088925357,0.3265675774860002,0,0,6.634123401053424,11.795932822776484,SLC29A1
GO_Biological_Process_2023,Regulation Of T Cell Mediated Immune Response To Tumor Cell (GO:0002840),0.1689640088925357,0.3265675774860002,0,0,6.634123401053424,11.795932822776484,HSPD1
GO_Biological_Process_2023,Regulation Of Glucagon Secretion (GO:0070092),0.1689640088925357,0.3265675774860002,0,0,6.634123401053424,11.795932822776484,SYT7
GO_Biological_Process_2023,Regulation Of Hematopoietic Stem Cell Proliferation (GO:1902033),0.1689640088925357,0.3265675774860002,0,0,6.634123401053424,11.795932822776484,EIF2AK2
GO_Biological_Process_2023,Regulation Of Hepatocyte Proliferation (GO:2000345),0.1689640088925357,0.3265675774860002,0,0,6.634123401053424,11.795932822776484,HPN
GO_Biological_Process_2023,Regulation Of Hyaluronan Biosynthetic Process (GO:1900125),0.1689640088925357,0.3265675774860002,0,0,6.634123401053424,11.795932822776484,CLTC
GO_Biological_Process_2023,Regulation Of Hydrogen Peroxide Metabolic Process (GO:0010310),0.1689640088925357,0.3265675774860002,0,0,6.634123401053424,11.795932822776484,RAC1
GO_Biological_Process_2023,Regulation Of Immunoglobulin Mediated Immune Response (GO:0002889),0.1689640088925357,0.3265675774860002,0,0,6.634123401053424,11.795932822776484,NECTIN2
GO_Biological_Process_2023,Regulation Of Keratinocyte Apoptotic Process (GO:1902172),0.1689640088925357,0.3265675774860002,0,0,6.634123401053424,11.795932822776484,SFRP4
GO_Biological_Process_2023,Regulation Of Lysosome Organization (GO:1905671),0.1689640088925357,0.3265675774860002,0,0,6.634123401053424,11.795932822776484,LAPTM4B
GO_Biological_Process_2023,Regulation Of Monoatomic Anion Transport (GO:0044070),0.1689640088925357,0.3265675774860002,0,0,6.634123401053424,11.795932822776484,STC1
GO_Biological_Process_2023,Regulation Of Morphogenesis Of A Branching Structure (GO:0060688),0.1689640088925357,0.3265675774860002,0,0,6.634123401053424,11.795932822776484,RTN4
GO_Biological_Process_2023,Regulation Of Post-Transcriptional Gene Silencing By RNA (GO:1900368),0.1689640088925357,0.3265675774860002,0,0,6.634123401053424,11.795932822776484,PUM2
GO_Biological_Process_2023,Regulation Of pro-B Cell Differentiation (GO:2000973),0.1689640088925357,0.3265675774860002,0,0,6.634123401053424,11.795932822776484,HES1
GO_Biological_Process_2023,Regulation Of Protein Depolymerization (GO:1901879),0.1689640088925357,0.3265675774860002,0,0,6.634123401053424,11.795932822776484,MAP1S
GO_Biological_Process_2023,Regulation Of Protein Targeting (GO:1903533),0.1689640088925357,0.3265675774860002,0,0,6.634123401053424,11.795932822776484,PARL
GO_Biological_Process_2023,Regulation Of Tooth Mineralization (GO:0070170),0.1689640088925357,0.3265675774860002,0,0,6.634123401053424,11.795932822776484,TFAP2A
GO_Biological_Process_2023,Regulation Of Type B Pancreatic Cell Proliferation (GO:0061469),0.1689640088925357,0.3265675774860002,0,0,6.634123401053424,11.795932822776484,NUPR1
GO_Biological_Process_2023,Renal Filtration Cell Differentiation (GO:0061318),0.1689640088925357,0.3265675774860002,0,0,6.634123401053424,11.795932822776484,CD24
GO_Biological_Process_2023,Response To Bile Acid (GO:1903412),0.1689640088925357,0.3265675774860002,0,0,6.634123401053424,11.795932822776484,FGFR4
GO_Biological_Process_2023,Response To Manganese Ion (GO:0010042),0.1689640088925357,0.3265675774860002,0,0,6.634123401053424,11.795932822776484,D2HGDH
GO_Biological_Process_2023,Ruffle Assembly (GO:0097178),0.1689640088925357,0.3265675774860002,0,0,6.634123401053424,11.795932822776484,RAC1
GO_Biological_Process_2023,snoRNA Localization (GO:0048254),0.1689640088925357,0.3265675774860002,0,0,6.634123401053424,11.795932822776484,NOP58
GO_Biological_Process_2023,Sphingomyelin Biosynthetic Process (GO:0006686),0.1689640088925357,0.3265675774860002,0,0,6.634123401053424,11.795932822776484,VAPA
GO_Biological_Process_2023,Synaptic Vesicle Uncoating (GO:0016191),0.1689640088925357,0.3265675774860002,0,0,6.634123401053424,11.795932822776484,GAK
GO_Biological_Process_2023,tRNA Transport (GO:0051031),0.1689640088925357,0.3265675774860002,0,0,6.634123401053424,11.795932822776484,TOMM20
GO_Biological_Process_2023,Telencephalon Cell Migration (GO:0022029),0.1689640088925357,0.3265675774860002,0,0,6.634123401053424,11.795932822776484,PEX13
GO_Biological_Process_2023,Trigeminal Nerve Development (GO:0021559),0.1689640088925357,0.3265675774860002,0,0,6.634123401053424,11.795932822776484,TFAP2A
GO_Biological_Process_2023,Uridine Transport (GO:0015862),0.1689640088925357,0.3265675774860002,0,0,6.634123401053424,11.795932822776484,SLC29A1
GO_Biological_Process_2023,Ventricular Compact Myocardium Morphogenesis (GO:0003223),0.1689640088925357,0.3265675774860002,0,0,6.634123401053424,11.795932822776484,DSP
GO_Biological_Process_2023,Positive Regulation Of T Cell Activation (GO:0050870),0.17238773569208865,0.33300713529426407,0,0,1.6432865107297474,2.8889125772595246,PNP;ACTL6A;RHOH;CD47;IL6ST;HSPD1
GO_Biological_Process_2023,Positive Regulation Of Cell Junction Assembly (GO:1901890),0.17362828334709182,0.33504615998037646,0,0,1.8969510881275586,3.3212551257928133,IRX3;SLITRK6;SLITRK5;RAC1
GO_Biological_Process_2023,Positive Regulation Of Phagocytosis (GO:0050766),0.17362828334709182,0.33504615998037646,0,0,1.8969510881275586,3.3212551257928133,APLP2;CD47;CALR;GATA2
GO_Biological_Process_2023,Focal Adhesion Assembly (GO:0048041),0.1763502043116589,0.33748084959644004,0,0,2.7942295497780596,4.848780331631912,CTTN;TRIP6
GO_Biological_Process_2023,Negative Regulation Of Biomineral Tissue Development (GO:0070168),0.1763502043116589,0.33748084959644004,0,0,2.7942295497780596,4.848780331631912,ECM1;TRPM4
GO_Biological_Process_2023,Negative Regulation Of Double-Strand Break Repair Via Homologous Recombination (GO:2000042),0.1763502043116589,0.33748084959644004,0,0,2.7942295497780596,4.848780331631912,MAGEF1;UBQLN4
GO_Biological_Process_2023,Negative Regulation Of Interleukin-2 Production (GO:0032703),0.1763502043116589,0.33748084959644004,0,0,2.7942295497780596,4.848780331631912,TRIM27;GBP1
GO_Biological_Process_2023,Negative Regulation Of miRNA Metabolic Process (GO:2000629),0.1763502043116589,0.33748084959644004,0,0,2.7942295497780596,4.848780331631912,TENT2;NFATC4
GO_Biological_Process_2023,Negative Regulation Of Osteoclast Differentiation (GO:0045671),0.1763502043116589,0.33748084959644004,0,0,2.7942295497780596,4.848780331631912,TCTA;GPR137B
GO_Biological_Process_2023,Peptidyl-Glutamic Acid Modification (GO:0018200),0.1763502043116589,0.33748084959644004,0,0,2.7942295497780596,4.848780331631912,AGBL5;TTLL3
GO_Biological_Process_2023,Positive Regulation Of Heart Contraction (GO:0045823),0.1763502043116589,0.33748084959644004,0,0,2.7942295497780596,4.848780331631912,GSK3A;TRPM4
GO_Biological_Process_2023,Positive Regulation Of Translational Initiation (GO:0045948),0.1763502043116589,0.33748084959644004,0,0,2.7942295497780596,4.848780331631912,EIF2B5;UHMK1
GO_Biological_Process_2023,Regulation Of Membrane Protein Ectodomain Proteolysis (GO:0051043),0.1763502043116589,0.33748084959644004,0,0,2.7942295497780596,4.848780331631912,SNX9;ADRA2A
GO_Biological_Process_2023,Response To Cadmium Ion (GO:0046686),0.1763502043116589,0.33748084959644004,0,0,2.7942295497780596,4.848780331631912,JUN;SUMO1
GO_Biological_Process_2023,snRNA 3'-End Processing (GO:0034472),0.1763502043116589,0.33748084959644004,0,0,2.7942295497780596,4.848780331631912,EXOSC6;EXOSC5
GO_Biological_Process_2023,Sodium Ion Import Across Plasma Membrane (GO:0098719),0.1763502043116589,0.33748084959644004,0,0,2.7942295497780596,4.848780331631912,SLC9A2;TRPM4
GO_Biological_Process_2023,Sulfur Compound Transport (GO:0072348),0.1763502043116589,0.33748084959644004,0,0,2.7942295497780596,4.848780331631912,SLC5A6;SLC27A1
GO_Biological_Process_2023,Cellular Response To Amino Acid Starvation (GO:0034198),0.1769398490843842,0.33748084959644004,0,0,2.1528340699403246,3.7285911501803684,IMPACT;RRAGA;EIF2AK2
GO_Biological_Process_2023,Positive Regulation Of Catalytic Activity (GO:0043085),0.1769398490843842,0.33748084959644004,0,0,2.1528340699403246,3.7285911501803684,NCSTN;PSEN2;FGFR4
GO_Biological_Process_2023,Positive Regulation Of Stem Cell Population Maintenance (GO:1902459),0.1769398490843842,0.33748084959644004,0,0,2.1528340699403246,3.7285911501803684,ACTL6A;ESRRB;ARID4B
GO_Biological_Process_2023,Protein Localization To Chromosome (GO:0034502),0.1769398490843842,0.33748084959644004,0,0,2.1528340699403246,3.7285911501803684,ZMYND8;TINF2;TERF2IP
GO_Biological_Process_2023,Regulation Of Heart Rate By Cardiac Conduction (GO:0086091),0.1769398490843842,0.33748084959644004,0,0,2.1528340699403246,3.7285911501803684,DSP;KCNE4;TRPM4
GO_Biological_Process_2023,Regulation Of Osteoclast Differentiation (GO:0045670),0.1769398490843842,0.33748084959644004,0,0,2.1528340699403246,3.7285911501803684,PRXL2A;TCTA;GPR137B
GO_Biological_Process_2023,Regulation Of Small Molecule Metabolic Process (GO:0062012),0.1769398490843842,0.33748084959644004,0,0,2.1528340699403246,3.7285911501803684,ARL2;FOXK2;ADIPOR1
GO_Biological_Process_2023,Stem Cell Differentiation (GO:0048863),0.1769398490843842,0.33748084959644004,0,0,2.1528340699403246,3.7285911501803684,PSMD11;EPCAM;METTL5
GO_Biological_Process_2023,Positive Regulation Of Cell Motility (GO:2000147),0.17922291876334234,0.34165547987411893,0,0,1.3990662782809944,2.405169664179117,SEMA3C;CEACAM6;RUFY3;ZNF703;TRIP6;SEMA3B;SEMA4C;MYADM;PIK3R3;ACTN4;ADRA2A
GO_Biological_Process_2023,Regulation Of Epithelial To Mesenchymal Transition (GO:0010717),0.18411676324105192,0.3508000612620148,0,0,1.7026124818577648,2.8811355406443333,LRG1;MCRIP1;HPN;ZNF703;ADIPOR1
GO_Biological_Process_2023,DNA Integrity Checkpoint Signaling (GO:0031570),0.1861106473158891,0.3524082438551998,0,0,2.096121048665371,3.524447075894921,SETMAR;RAD17;PARP9
GO_Biological_Process_2023,Lysosome Localization (GO:0032418),0.1861106473158891,0.3524082438551998,0,0,2.096121048665371,3.524447075894921,PIP4P1;S100A13;TMEM106B
GO_Biological_Process_2023,Positive Regulation Of Leukocyte Cell-Cell Adhesion (GO:1903039),0.1861106473158891,0.3524082438551998,0,0,2.096121048665371,3.524447075894921,CD47;CD44;HSPD1
GO_Biological_Process_2023,Regulation Of Amide Metabolic Process (GO:0034248),0.1861106473158891,0.3524082438551998,0,0,2.096121048665371,3.524447075894921,TMED10;ELP2;MSI2
GO_Biological_Process_2023,Regulation Of Chemokine Production (GO:0032642),0.1861106473158891,0.3524082438551998,0,0,2.096121048665371,3.524447075894921,EIF2AK2;FFAR2;FOXP1
GO_Biological_Process_2023,Regulation Of Microtubule-Based Process (GO:0032886),0.1861106473158891,0.3524082438551998,0,0,2.096121048665371,3.524447075894921,GSK3B;ERBB2;MAPT
GO_Biological_Process_2023,Regulation Of Primary Metabolic Process (GO:0080090),0.1861106473158891,0.3524082438551998,0,0,2.096121048665371,3.524447075894921,SERPINA3;ADIPOR1;FGFR4
GO_Biological_Process_2023,Fat Cell Differentiation (GO:0045444),0.18819950133434774,0.3524082438551998,0,0,1.8314349612524055,3.0589591916395626,SUMO1;FFAR2;INHBB;GATA2
GO_Biological_Process_2023,Response To Calcium Ion (GO:0051592),0.18866377824921335,0.3524082438551998,0,0,1.5938519637462236,2.658208452714736,RYR1;PPIF;CALM3;D2HGDH;CALM2;SYT7
GO_Biological_Process_2023,Fc Receptor Mediated Stimulatory Signaling Pathway (GO:0002431),0.18957860665138898,0.3524082438551998,0,0,2.6544427710843372,4.414209666528777,VAV3;YES1
GO_Biological_Process_2023,Fc-epsilon Receptor Signaling Pathway (GO:0038095),0.18957860665138898,0.3524082438551998,0,0,2.6544427710843372,4.414209666528777,VAV3;MAP3K1
GO_Biological_Process_2023,NAD Metabolic Process (GO:0019674),0.18957860665138898,0.3524082438551998,0,0,2.6544427710843372,4.414209666528777,QPRT;KMO
GO_Biological_Process_2023,Blood Vessel Endothelial Cell Migration (GO:0043534),0.18957860665138898,0.3524082438551998,0,0,2.6544427710843372,4.414209666528777,PIK3R3;MIA3
GO_Biological_Process_2023,Cellular Response To Cadmium Ion (GO:0071276),0.18957860665138898,0.3524082438551998,0,0,2.6544427710843372,4.414209666528777,JUN;SUMO1
GO_Biological_Process_2023,Cellular Response To Interleukin-6 (GO:0071354),0.18957860665138898,0.3524082438551998,0,0,2.6544427710843372,4.414209666528777,PTPRT;IL6ST
GO_Biological_Process_2023,Cellular Response To Low-Density Lipoprotein Particle Stimulus (GO:0071404),0.18957860665138898,0.3524082438551998,0,0,2.6544427710843372,4.414209666528777,CD9;MIA3
GO_Biological_Process_2023,Cellular Response To Topologically Incorrect Protein (GO:0035967),0.18957860665138898,0.3524082438551998,0,0,2.6544427710843372,4.414209666528777,HSPB8;TM7SF3
GO_Biological_Process_2023,Entrainment Of Circadian Clock By Photoperiod (GO:0043153),0.18957860665138898,0.3524082438551998,0,0,2.6544427710843372,4.414209666528777,PPP1CB;RBM4
GO_Biological_Process_2023,Immune Response-Activating Cell Surface Receptor Signaling Pathway (GO:0002429),0.18957860665138898,0.3524082438551998,0,0,2.6544427710843372,4.414209666528777,C5AR2;SPG21
GO_Biological_Process_2023,Negative Regulation Of Axonogenesis (GO:0050771),0.18957860665138898,0.3524082438551998,0,0,2.6544427710843372,4.414209666528777,RUFY3;RTN4
GO_Biological_Process_2023,Negative Regulation Of Cell Development (GO:0010721),0.18957860665138898,0.3524082438551998,0,0,2.6544427710843372,4.414209666528777,GSK3B;GSK3A
GO_Biological_Process_2023,Negative Regulation Of Extrinsic Apoptotic Signaling Pathway In Absence Of Ligand (GO:2001240),0.18957860665138898,0.3524082438551998,0,0,2.6544427710843372,4.414209666528777,IFI6;BCL2
GO_Biological_Process_2023,Negative Regulation Of Signal Transduction In Absence Of Ligand (GO:1901099),0.18957860665138898,0.3524082438551998,0,0,2.6544427710843372,4.414209666528777,IFI6;BCL2
GO_Biological_Process_2023,Positive Regulation Of Cholesterol Efflux (GO:0010875),0.18957860665138898,0.3524082438551998,0,0,2.6544427710843372,4.414209666528777,NFKBIA;NR1H3
GO_Biological_Process_2023,Positive Regulation Of Cilium Assembly (GO:0045724),0.18957860665138898,0.3524082438551998,0,0,2.6544427710843372,4.414209666528777,GSK3B;TAPT1
GO_Biological_Process_2023,Positive Regulation Of Phosphatase Activity (GO:0010922),0.18957860665138898,0.3524082438551998,0,0,2.6544427710843372,4.414209666528777,CALM3;CALM2
GO_Biological_Process_2023,Positive Regulation Of Protein Autophosphorylation (GO:0031954),0.18957860665138898,0.3524082438551998,0,0,2.6544427710843372,4.414209666528777,CALM3;CALM2
GO_Biological_Process_2023,Regulation Of Cellular Response To Transforming Growth Factor Beta Stimulus (GO:1903844),0.18957860665138898,0.3524082438551998,0,0,2.6544427710843372,4.414209666528777,ZNF703;TRIM33
GO_Biological_Process_2023,Regulation Of Intracellular Steroid Hormone Receptor Signaling Pathway (GO:0033143),0.18957860665138898,0.3524082438551998,0,0,2.6544427710843372,4.414209666528777,UBA5;PKN1
GO_Biological_Process_2023,Regulation Of Neural Precursor Cell Proliferation (GO:2000177),0.18957860665138898,0.3524082438551998,0,0,2.6544427710843372,4.414209666528777,INSM1;GATA2
GO_Biological_Process_2023,Regulation Of Release Of Sequestered Calcium Ion Into Cytosol By Sarcoplasmic Reticulum (GO:0010880),0.18957860665138898,0.3524082438551998,0,0,2.6544427710843372,4.414209666528777,CALM3;CALM2
GO_Biological_Process_2023,Positive Regulation Of Peptidyl-Tyrosine Phosphorylation (GO:0050731),0.19004192968614717,0.3524082438551998,0,0,1.5243733194552866,2.531237976974833,DLG3;HES1;ARHGEF2;IL6ST;PARP9;PAK2;CD44
GO_Biological_Process_2023,Positive Regulation Of Double-Strand Break Repair (GO:2000781),0.19037238378045687,0.3524082438551998,0,0,1.6810126582278482,2.788418763667951,ACTR2;MEAF6;RUVBL1;ACTL6A;SETMAR
GO_Biological_Process_2023,Response To Interleukin-1 (GO:0070555),0.19037238378045687,0.3524082438551998,0,0,1.6810126582278482,2.788418763667951,CCL22;TAF9;CD47;GBP2;GBP1
GO_Biological_Process_2023,Cardiac Ventricle Morphogenesis (GO:0003208),0.19540180524865208,0.3524082438551998,0,0,2.0423163874557995,3.3344844529376685,MESP1;GSK3A;SOX4
GO_Biological_Process_2023,Positive Regulation Of Cell-Matrix Adhesion (GO:0001954),0.19540180524865208,0.3524082438551998,0,0,2.0423163874557995,3.3344844529376685,GSK3B;CEACAM6;RAC1
GO_Biological_Process_2023,Phosphatidylinositol Metabolic Process (GO:0046488),0.1956274076082867,0.3524082438551998,0,0,1.8003425620574174,2.937337043768629,SLC27A1;PIP4P1;MBOAT7;MTMR4
GO_Biological_Process_2023,Integrin-Mediated Signaling Pathway (GO:0007229),0.19670245458213106,0.3524082438551998,0,0,1.6599528301886792,2.699188003169114,ITGB5;ERBIN;ISG15;CD47;DOCK1
GO_Biological_Process_2023,Cellular Response To Growth Factor Stimulus (GO:0071363),0.19880268686293182,0.3524082438551998,0,0,1.4558680289308437,2.3518710438404566,URI1;RAMP2;APLP2;ERBB2;MAPT;NR3C1;ACVR1B;CD44
GO_Biological_Process_2023,7-Methylguanosine mRNA Capping (GO:0006370),0.1991661168336814,0.3524082438551998,0,0,5.307148231753198,8.56369953738221,CMTR2
GO_Biological_Process_2023,ATF6-mediated Unfolded Protein Response (GO:0036500),0.1991661168336814,0.3524082438551998,0,0,5.307148231753198,8.56369953738221,MBTPS1
GO_Biological_Process_2023,AV Node Cell Action Potential (GO:0086016),0.1991661168336814,0.3524082438551998,0,0,5.307148231753198,8.56369953738221,TRPM4
GO_Biological_Process_2023,G-quadruplex DNA Unwinding (GO:0044806),0.1991661168336814,0.3524082438551998,0,0,5.307148231753198,8.56369953738221,DHX9
GO_Biological_Process_2023,Actin Filament Reorganization (GO:0090527),0.1991661168336814,0.3524082438551998,0,0,5.307148231753198,8.56369953738221,EFS
GO_Biological_Process_2023,Antigen Processing And Presentation Of Exogenous Peptide Antigen Via MHC Class I (GO:0042590),0.1991661168336814,0.3524082438551998,0,0,5.307148231753198,8.56369953738221,MFSD6
GO_Biological_Process_2023,Bleb Assembly (GO:0032060),0.1991661168336814,0.3524082438551998,0,0,5.307148231753198,8.56369953738221,EMP1
GO_Biological_Process_2023,Cardiac Muscle Cell-Cardiac Muscle Cell Adhesion (GO:0086042),0.1991661168336814,0.3524082438551998,0,0,5.307148231753198,8.56369953738221,DSP
GO_Biological_Process_2023,Cardiolipin Biosynthetic Process (GO:0032049),0.1991661168336814,0.3524082438551998,0,0,5.307148231753198,8.56369953738221,SLC27A1
GO_Biological_Process_2023,Cellular Response To Caffeine (GO:0071313),0.1991661168336814,0.3524082438551998,0,0,5.307148231753198,8.56369953738221,RYR1
GO_Biological_Process_2023,Cellular Response To Laminar Fluid Shear Stress (GO:0071499),0.1991661168336814,0.3524082438551998,0,0,5.307148231753198,8.56369953738221,KLF2
GO_Biological_Process_2023,Cholesterol Catabolic Process (GO:0006707),0.1991661168336814,0.3524082438551998,0,0,5.307148231753198,8.56369953738221,CYP27A1
GO_Biological_Process_2023,Citrulline Metabolic Process (GO:0000052),0.1991661168336814,0.3524082438551998,0,0,5.307148231753198,8.56369953738221,ASS1
GO_Biological_Process_2023,Clathrin Coat Disassembly (GO:0072318),0.1991661168336814,0.3524082438551998,0,0,5.307148231753198,8.56369953738221,GAK
GO_Biological_Process_2023,Cleavage Furrow Formation (GO:0036089),0.1991661168336814,0.3524082438551998,0,0,5.307148231753198,8.56369953738221,SNX9
GO_Biological_Process_2023,Delamination (GO:0060232),0.1991661168336814,0.3524082438551998,0,0,5.307148231753198,8.56369953738221,METTL3
GO_Biological_Process_2023,Desmosome Organization (GO:0002934),0.1991661168336814,0.3524082438551998,0,0,5.307148231753198,8.56369953738221,DSP
GO_Biological_Process_2023,"Fatty Acid Elongation, Monounsaturated Fatty Acid (GO:0034625)",0.1991661168336814,0.3524082438551998,0,0,5.307148231753198,8.56369953738221,ELOVL5
GO_Biological_Process_2023,"Fatty Acid Elongation, Polyunsaturated Fatty Acid (GO:0034626)",0.1991661168336814,0.3524082438551998,0,0,5.307148231753198,8.56369953738221,ELOVL5
GO_Biological_Process_2023,"Fatty Acid Elongation, Saturated Fatty Acid (GO:0019367)",0.1991661168336814,0.3524082438551998,0,0,5.307148231753198,8.56369953738221,ELOVL5
GO_Biological_Process_2023,"Fatty Acid Elongation, Unsaturated Fatty Acid (GO:0019368)",0.1991661168336814,0.3524082438551998,0,0,5.307148231753198,8.56369953738221,ELOVL5
GO_Biological_Process_2023,Gamma-Aminobutyric Acid Transport (GO:0015812),0.1991661168336814,0.3524082438551998,0,0,5.307148231753198,8.56369953738221,SLC9A3R1
GO_Biological_Process_2023,Ganglioside Catabolic Process (GO:0006689),0.1991661168336814,0.3524082438551998,0,0,5.307148231753198,8.56369953738221,HEXB
GO_Biological_Process_2023,Gland Morphogenesis (GO:0022612),0.1991661168336814,0.3524082438551998,0,0,5.307148231753198,8.56369953738221,SLC9A3R1
GO_Biological_Process_2023,Glucan Catabolic Process (GO:0009251),0.1991661168336814,0.3524082438551998,0,0,5.307148231753198,8.56369953738221,GAA
GO_Biological_Process_2023,Glycogen Catabolic Process (GO:0005980),0.1991661168336814,0.3524082438551998,0,0,5.307148231753198,8.56369953738221,GAA
GO_Biological_Process_2023,Hepatocyte Growth Factor Receptor Signaling Pathway (GO:0048012),0.1991661168336814,0.3524082438551998,0,0,5.307148231753198,8.56369953738221,RAC1
GO_Biological_Process_2023,Histidine Catabolic Process (GO:0006548),0.1991661168336814,0.3524082438551998,0,0,5.307148231753198,8.56369953738221,HNMT
GO_Biological_Process_2023,Histidine Metabolic Process (GO:0006547),0.1991661168336814,0.3524082438551998,0,0,5.307148231753198,8.56369953738221,HNMT
GO_Biological_Process_2023,Inner Ear Receptor Cell Differentiation (GO:0060113),0.1991661168336814,0.3524082438551998,0,0,5.307148231753198,8.56369953738221,MYO6
GO_Biological_Process_2023,Inositol Metabolic Process (GO:0006020),0.1991661168336814,0.3524082438551998,0,0,5.307148231753198,8.56369953738221,IMPA2
GO_Biological_Process_2023,Insulin Secretion Involved In Cellular Response To Glucose Stimulus (GO:0035773),0.1991661168336814,0.3524082438551998,0,0,5.307148231753198,8.56369953738221,SELENOT
GO_Biological_Process_2023,Interleukin-3-Mediated Signaling Pathway (GO:0038156),0.1991661168336814,0.3524082438551998,0,0,5.307148231753198,8.56369953738221,STAT5A
GO_Biological_Process_2023,Intraciliary Transport Involved In Cilium Assembly (GO:0035735),0.1991661168336814,0.3524082438551998,0,0,5.307148231753198,8.56369953738221,IFT74
GO_Biological_Process_2023,Leukotriene Transport (GO:0071716),0.1991661168336814,0.3524082438551998,0,0,5.307148231753198,8.56369953738221,ABCC11
GO_Biological_Process_2023,Lipoxygenase Pathway (GO:0019372),0.1991661168336814,0.3524082438551998,0,0,5.307148231753198,8.56369953738221,GPX4
GO_Biological_Process_2023,Long-Term Synaptic Depression (GO:0060292),0.1991661168336814,0.3524082438551998,0,0,5.307148231753198,8.56369953738221,SHANK2
GO_Biological_Process_2023,Lymphoid Progenitor Cell Differentiation (GO:0002320),0.1991661168336814,0.3524082438551998,0,0,5.307148231753198,8.56369953738221,SOX4
GO_Biological_Process_2023,Macrophage Derived Foam Cell Differentiation (GO:0010742),0.1991661168336814,0.3524082438551998,0,0,5.307148231753198,8.56369953738221,STAT1
GO_Biological_Process_2023,Membrane Biogenesis (GO:0044091),0.1991661168336814,0.3524082438551998,0,0,5.307148231753198,8.56369953738221,SPTBN1
GO_Biological_Process_2023,Mitochondrial tRNA Processing (GO:0090646),0.1991661168336814,0.3524082438551998,0,0,5.307148231753198,8.56369953738221,PRORP
GO_Biological_Process_2023,Monoacylglycerol Catabolic Process (GO:0052651),0.1991661168336814,0.3524082438551998,0,0,5.307148231753198,8.56369953738221,MGLL
GO_Biological_Process_2023,Negative Regulation Of RIG-I Signaling Pathway (GO:0039536),0.1991661168336814,0.3524082438551998,0,0,5.307148231753198,8.56369953738221,DHX58
GO_Biological_Process_2023,Negative Regulation Of Digestive System Process (GO:0060457),0.1991661168336814,0.3524082438551998,0,0,5.307148231753198,8.56369953738221,NR1H3
GO_Biological_Process_2023,Negative Regulation Of Epidermal Cell Differentiation (GO:0045605),0.1991661168336814,0.3524082438551998,0,0,5.307148231753198,8.56369953738221,GRHL2
GO_Biological_Process_2023,Negative Regulation Of Establishment Of Protein Localization To Mitochondrion (GO:1903748),0.1991661168336814,0.3524082438551998,0,0,5.307148231753198,8.56369953738221,MAPT
GO_Biological_Process_2023,Negative Regulation Of Hematopoietic Progenitor Cell Differentiation (GO:1901533),0.1991661168336814,0.3524082438551998,0,0,5.307148231753198,8.56369953738221,MYB
GO_Biological_Process_2023,Negative Regulation Of p38MAPK Cascade (GO:1903753),0.1991661168336814,0.3524082438551998,0,0,5.307148231753198,8.56369953738221,DLG1
GO_Biological_Process_2023,Negative Regulation Of Response To Type II Interferon (GO:0060331),0.1991661168336814,0.3524082438551998,0,0,5.307148231753198,8.56369953738221,NR1H3
GO_Biological_Process_2023,Negative Regulation Of Ruffle Assembly (GO:1900028),0.1991661168336814,0.3524082438551998,0,0,5.307148231753198,8.56369953738221,TACSTD2
GO_Biological_Process_2023,Negative Regulation Of Type II Interferon-Mediated Signaling Pathway (GO:0060336),0.1991661168336814,0.3524082438551998,0,0,5.307148231753198,8.56369953738221,NR1H3
GO_Biological_Process_2023,"Neurotransmitter Receptor Transport, Postsynaptic Endosome To Lysosome (GO:0098943)",0.1991661168336814,0.3524082438551998,0,0,5.307148231753198,8.56369953738221,CACNG4
GO_Biological_Process_2023,Norepinephrine Metabolic Process (GO:0042415),0.1991661168336814,0.3524082438551998,0,0,5.307148231753198,8.56369953738221,INSM1
GO_Biological_Process_2023,Nucleobase Biosynthetic Process (GO:0046112),0.1991661168336814,0.3524082438551998,0,0,5.307148231753198,8.56369953738221,PAICS
GO_Biological_Process_2023,Nucleotide Transport (GO:0006862),0.1991661168336814,0.3524082438551998,0,0,5.307148231753198,8.56369953738221,ABCC11
GO_Biological_Process_2023,Peptidyl-Arginine Modification (GO:0018195),0.1991661168336814,0.3524082438551998,0,0,5.307148231753198,8.56369953738221,PRMT5
GO_Biological_Process_2023,Pharyngeal Arch Artery Morphogenesis (GO:0061626),0.1991661168336814,0.3524082438551998,0,0,5.307148231753198,8.56369953738221,HES1
GO_Biological_Process_2023,Positive Regulation Of B Cell Receptor Signaling Pathway (GO:0050861),0.1991661168336814,0.3524082438551998,0,0,5.307148231753198,8.56369953738221,FOXP1
GO_Biological_Process_2023,Positive Regulation Of IRE1-mediated Unfolded Protein Response (GO:1903896),0.1991661168336814,0.3524082438551998,0,0,5.307148231753198,8.56369953738221,TMEM33
GO_Biological_Process_2023,Positive Regulation Of Autophagosome Maturation (GO:1901098),0.1991661168336814,0.3524082438551998,0,0,5.307148231753198,8.56369953738221,CALCOCO2
GO_Biological_Process_2023,Positive Regulation Of Blood Circulation (GO:1903524),0.1991661168336814,0.3524082438551998,0,0,5.307148231753198,8.56369953738221,GSK3A
GO_Biological_Process_2023,Positive Regulation Of Fibroblast Apoptotic Process (GO:2000271),0.1991661168336814,0.3524082438551998,0,0,5.307148231753198,8.56369953738221,BTG1
GO_Biological_Process_2023,Positive Regulation Of Hormone Metabolic Process (GO:0032352),0.1991661168336814,0.3524082438551998,0,0,5.307148231753198,8.56369953738221,HPN
GO_Biological_Process_2023,Positive Regulation Of Lamellipodium Morphogenesis (GO:2000394),0.1991661168336814,0.3524082438551998,0,0,5.307148231753198,8.56369953738221,RREB1
GO_Biological_Process_2023,Positive Regulation Of Lipoprotein Lipase Activity (GO:0051006),0.1991661168336814,0.3524082438551998,0,0,5.307148231753198,8.56369953738221,NR1H3
GO_Biological_Process_2023,Positive Regulation Of Mast Cell Activation (GO:0033005),0.1991661168336814,0.3524082438551998,0,0,5.307148231753198,8.56369953738221,NECTIN2
GO_Biological_Process_2023,Positive Regulation Of Membrane Depolarization (GO:1904181),0.1991661168336814,0.3524082438551998,0,0,5.307148231753198,8.56369953738221,TRPM4
GO_Biological_Process_2023,Positive Regulation Of Mitophagy In Response To Mitochondrial Depolarization (GO:0098779),0.1991661168336814,0.3524082438551998,0,0,5.307148231753198,8.56369953738221,TOMM7
GO_Biological_Process_2023,Positive Regulation Of Protein Localization To Centrosome (GO:1904781),0.1991661168336814,0.3524082438551998,0,0,5.307148231753198,8.56369953738221,GSK3B
GO_Biological_Process_2023,Protein Localization To Basolateral Plasma Membrane (GO:1903361),0.1991661168336814,0.3524082438551998,0,0,5.307148231753198,8.56369953738221,RAB10
GO_Biological_Process_2023,Protein Localization To Endoplasmic Reticulum Exit Site (GO:0070973),0.1991661168336814,0.3524082438551998,0,0,5.307148231753198,8.56369953738221,MIA3
GO_Biological_Process_2023,"Regulation Of CD4-positive, Alpha-Beta T Cell Activation (GO:2000514)",0.1991661168336814,0.3524082438551998,0,0,5.307148231753198,8.56369953738221,CD55
GO_Biological_Process_2023,Regulation Of MDA-5 Signaling Pathway (GO:0039533),0.1991661168336814,0.3524082438551998,0,0,5.307148231753198,8.56369953738221,DHX58
GO_Biological_Process_2023,Regulation Of Adiponectin Secretion (GO:0070163),0.1991661168336814,0.3524082438551998,0,0,5.307148231753198,8.56369953738221,RAB11FIP1
GO_Biological_Process_2023,Regulation Of Bile Acid Metabolic Process (GO:1904251),0.1991661168336814,0.3524082438551998,0,0,5.307148231753198,8.56369953738221,FGFR4
GO_Biological_Process_2023,Regulation Of Blood-Brain Barrier Permeability (GO:1905603),0.1991661168336814,0.3524082438551998,0,0,5.307148231753198,8.56369953738221,OCLN
GO_Biological_Process_2023,Regulation Of Cardiac Muscle Hypertrophy In Response To Stress (GO:1903242),0.1991661168336814,0.3524082438551998,0,0,5.307148231753198,8.56369953738221,LMNA
GO_Biological_Process_2023,Regulation Of Cellular Response To Hypoxia (GO:1900037),0.1991661168336814,0.3524082438551998,0,0,5.307148231753198,8.56369953738221,CHCHD2
GO_Biological_Process_2023,Regulation Of Cellular Response To Insulin Stimulus (GO:1900076),0.1991661168336814,0.3524082438551998,0,0,5.307148231753198,8.56369953738221,ECHDC3
GO_Biological_Process_2023,Regulation Of Centriole Elongation (GO:1903722),0.1991661168336814,0.3524082438551998,0,0,5.307148231753198,8.56369953738221,CHMP2A
GO_Biological_Process_2023,Regulation Of Glial Cell Differentiation (GO:0045685),0.1991661168336814,0.3524082438551998,0,0,5.307148231753198,8.56369953738221,NF1
GO_Biological_Process_2023,Regulation Of Growth Hormone Secretion (GO:0060123),0.1991661168336814,0.3524082438551998,0,0,5.307148231753198,8.56369953738221,SELENOT
GO_Biological_Process_2023,Regulation Of Heme Biosynthetic Process (GO:0070453),0.1991661168336814,0.3524082438551998,0,0,5.307148231753198,8.56369953738221,TMEM14B
GO_Biological_Process_2023,Regulation Of Hemoglobin Biosynthetic Process (GO:0046984),0.1991661168336814,0.3524082438551998,0,0,5.307148231753198,8.56369953738221,EIF2AK2
GO_Biological_Process_2023,Regulation Of Heterochromatin Formation (GO:0031445),0.1991661168336814,0.3524082438551998,0,0,5.307148231753198,8.56369953738221,TPR
GO_Biological_Process_2023,Regulation Of Intestinal Cholesterol Absorption (GO:0030300),0.1991661168336814,0.3524082438551998,0,0,5.307148231753198,8.56369953738221,LPCAT3
GO_Biological_Process_2023,Regulation Of Lysosomal Protein Catabolic Process (GO:1905165),0.1991661168336814,0.3524082438551998,0,0,5.307148231753198,8.56369953738221,LAPTM4B
GO_Biological_Process_2023,Regulation Of Microtubule Binding (GO:1904526),0.1991661168336814,0.3524082438551998,0,0,5.307148231753198,8.56369953738221,GAS8
GO_Biological_Process_2023,Regulation Of Mitochondrial mRNA Stability (GO:0044528),0.1991661168336814,0.3524082438551998,0,0,5.307148231753198,8.56369953738221,FASTKD2
GO_Biological_Process_2023,Regulation Of Mitochondrial Membrane Permeability Involved In Apoptotic Process (GO:1902108),0.1991661168336814,0.3524082438551998,0,0,5.307148231753198,8.56369953738221,ATF2
GO_Biological_Process_2023,Regulation Of Mitotic Cytokinesis (GO:1902412),0.1991661168336814,0.3524082438551998,0,0,5.307148231753198,8.56369953738221,CDCA8
GO_Biological_Process_2023,Regulation Of Potassium Ion Export Across Plasma Membrane (GO:1903764),0.1991661168336814,0.3524082438551998,0,0,5.307148231753198,8.56369953738221,DLG1
GO_Biological_Process_2023,Regulation Of Pyruvate Dehydrogenase Activity (GO:1904182),0.1991661168336814,0.3524082438551998,0,0,5.307148231753198,8.56369953738221,PDPR
GO_Biological_Process_2023,Regulation Of Striated Muscle Tissue Development (GO:0016202),0.1991661168336814,0.3524082438551998,0,0,5.307148231753198,8.56369953738221,CENPF
GO_Biological_Process_2023,Regulation Of Vascular Associated Smooth Muscle Cell Apoptotic Process (GO:1905459),0.1991661168336814,0.3524082438551998,0,0,5.307148231753198,8.56369953738221,PDCD4
GO_Biological_Process_2023,Regulation Of Vascular Associated Smooth Muscle Cell Differentiation (GO:1905063),0.1991661168336814,0.3524082438551998,0,0,5.307148231753198,8.56369953738221,PDCD4
GO_Biological_Process_2023,Release Of Sequestered Calcium Ion Into Cytosol By Sarcoplasmic Reticulum (GO:0014808),0.1991661168336814,0.3524082438551998,0,0,5.307148231753198,8.56369953738221,RYR1
GO_Biological_Process_2023,Response To Alkaloid (GO:0043279),0.1991661168336814,0.3524082438551998,0,0,5.307148231753198,8.56369953738221,RYR1
GO_Biological_Process_2023,Response To Caffeine (GO:0031000),0.1991661168336814,0.3524082438551998,0,0,5.307148231753198,8.56369953738221,RYR1
GO_Biological_Process_2023,Response To Lead Ion (GO:0010288),0.1991661168336814,0.3524082438551998,0,0,5.307148231753198,8.56369953738221,PLSCR1
GO_Biological_Process_2023,Ribose Phosphate Biosynthetic Process (GO:0046390),0.1991661168336814,0.3524082438551998,0,0,5.307148231753198,8.56369953738221,G6PD
GO_Biological_Process_2023,Short-Chain Fatty Acid Metabolic Process (GO:0046459),0.1991661168336814,0.3524082438551998,0,0,5.307148231753198,8.56369953738221,PCCB
GO_Biological_Process_2023,Smooth Muscle Cell Migration (GO:0014909),0.1991661168336814,0.3524082438551998,0,0,5.307148231753198,8.56369953738221,DDR1
GO_Biological_Process_2023,Sterol Catabolic Process (GO:0016127),0.1991661168336814,0.3524082438551998,0,0,5.307148231753198,8.56369953738221,CYP27A1
GO_Biological_Process_2023,Synaptic Vesicle Docking (GO:0016081),0.1991661168336814,0.3524082438551998,0,0,5.307148231753198,8.56369953738221,UNC13B
GO_Biological_Process_2023,Toll-Like Receptor 3 Signaling Pathway (GO:0034138),0.1991661168336814,0.3524082438551998,0,0,5.307148231753198,8.56369953738221,OAS1
GO_Biological_Process_2023,Vascular Wound Healing (GO:0061042),0.1991661168336814,0.3524082438551998,0,0,5.307148231753198,8.56369953738221,GATA2
GO_Biological_Process_2023,Negative Regulation Of Developmental Process (GO:0051093),0.19983130180033948,0.3534125855082176,0,0,1.562511107161898,2.5160831346775514,ZNF296;BNIP3;ACTL6A;ARID4B;MAPT;HOPX
GO_Biological_Process_2023,Synapse Organization (GO:0050808),0.20012886787456668,0.35376611002522235,0,0,1.4997013142174433,2.412710147008811,UNC13B;FARP1;CDH1;DCTN1;SLITRK6;MAPT;SHANK2
GO_Biological_Process_2023,Cholesterol Efflux (GO:0033344),0.20293380722194793,0.3563130049097157,0,0,2.5279690189328745,4.031795665762732,APOC1;TSKU
GO_Biological_Process_2023,Hepaticobiliary System Development (GO:0061008),0.20293380722194793,0.3563130049097157,0,0,2.5279690189328745,4.031795665762732,NF1;COBL
GO_Biological_Process_2023,Long-Chain Fatty Acid Transport (GO:0015909),0.20293380722194793,0.3563130049097157,0,0,2.5279690189328745,4.031795665762732,SLC27A1;ACSL3
GO_Biological_Process_2023,Negative Regulation Of TORC1 Signaling (GO:1904262),0.20293380722194793,0.3563130049097157,0,0,2.5279690189328745,4.031795665762732,STK11;DEPTOR
GO_Biological_Process_2023,Negative Regulation Of Proteolysis Involved In Protein Catabolic Process (GO:1903051),0.20293380722194793,0.3563130049097157,0,0,2.5279690189328745,4.031795665762732,PDCL3;PSMF1
GO_Biological_Process_2023,Photoperiodism (GO:0009648),0.20293380722194793,0.3563130049097157,0,0,2.5279690189328745,4.031795665762732,PPP1CB;RBM4
GO_Biological_Process_2023,Positive Regulation Of Epithelial Cell Apoptotic Process (GO:1904037),0.20293380722194793,0.3563130049097157,0,0,2.5279690189328745,4.031795665762732,SFRP4;PDCD4
GO_Biological_Process_2023,Positive Regulation Of Neutrophil Migration (GO:1902624),0.20293380722194793,0.3563130049097157,0,0,2.5279690189328745,4.031795665762732,RAC1;DNM1L
GO_Biological_Process_2023,Potassium Ion Homeostasis (GO:0055075),0.20293380722194793,0.3563130049097157,0,0,2.5279690189328745,4.031795665762732,ATP1B3;ATP1A1
GO_Biological_Process_2023,Protein Localization To Cell Junction (GO:1902414),0.20293380722194793,0.3563130049097157,0,0,2.5279690189328745,4.031795665762732,DSP;PAK2
GO_Biological_Process_2023,Regulation Of Extracellular Matrix Organization (GO:1903053),0.20293380722194793,0.3563130049097157,0,0,2.5279690189328745,4.031795665762732,DDR1;FGFR4
GO_Biological_Process_2023,Regulation Of Toll-Like Receptor 4 Signaling Pathway (GO:0034143),0.20293380722194793,0.3563130049097157,0,0,2.5279690189328745,4.031795665762732,APLP2;NR1H3
GO_Biological_Process_2023,Regulation Of Type II Interferon Production (GO:0032649),0.20310408941854205,0.3563130049097157,0,0,1.6394129979035639,2.6132844451108355,SLC7A5;ISG15;TRIM27;CD47;HSPD1
GO_Biological_Process_2023,RNA Export From Nucleus (GO:0006405),0.2031436651404094,0.3563130049097157,0,0,1.770286576168929,2.821556814238442,TPR;THOC1;CASC3;SMG7
GO_Biological_Process_2023,Positive Regulation Of T Cell Differentiation (GO:0045582),0.2031436651404094,0.3563130049097157,0,0,1.770286576168929,2.821556814238442,PNP;ACTL6A;RHOH;SOX4
GO_Biological_Process_2023,Positive Regulation Of Cell Cycle (GO:0045787),0.2031436651404094,0.3563130049097157,0,0,1.770286576168929,2.821556814238442,SMOC2;RAD23A;NUPR1;CALR
GO_Biological_Process_2023,mRNA Transcription (GO:0009299),0.20480341345445166,0.35870307714314503,0,0,1.991201959306707,3.157458342752585,TFCP2;TAF9;NR1H3
GO_Biological_Process_2023,Positive Regulation Of Transcription Elongation By RNA Polymerase II (GO:0032968),0.20480341345445166,0.35870307714314503,0,0,1.991201959306707,3.157458342752585,ZMYND8;EAPP;CDC73
GO_Biological_Process_2023,Regulation Of Endothelial Cell Apoptotic Process (GO:2000351),0.20480341345445166,0.35870307714314503,0,0,1.991201959306707,3.157458342752585,RAMP2;PDCD4;GATA2
GO_Biological_Process_2023,Regulation Of Interleukin-6 Production (GO:0032675),0.20550445726571967,0.35975695708865957,0,0,1.5472970991112545,2.4482689444667014,IFIH1;DHX9;C5AR2;ARHGEF2;CD47;HSPD1
GO_Biological_Process_2023,Positive Regulation Of DNA Repair (GO:0045739),0.2095743753240614,0.36670453498731903,0,0,1.6193741371375978,2.530558053167457,INO80B;DHX9;RUVBL1;ACTL6A;UCHL5
GO_Biological_Process_2023,Canonical Wnt Signaling Pathway (GO:0060070),0.21074337965748316,0.3680388240691437,0,0,1.741216032440719,2.711272028022929,GSK3B;SFRP4;SIAH2;SIAH1
GO_Biological_Process_2023,Cellular Response To Light Stimulus (GO:0071482),0.21074337965748316,0.3680388240691437,0,0,1.741216032440719,2.711272028022929,OPN3;METTL3;SDE2;COPS9
GO_Biological_Process_2023,Monocarboxylic Acid Biosynthetic Process (GO:0072330),0.21074337965748316,0.3680388240691437,0,0,1.741216032440719,2.711272028022929,GAMT;CYP27A1;ACACB;ACSF3
GO_Biological_Process_2023,Positive Regulation Of DNA Biosynthetic Process (GO:2000573),0.21074337965748316,0.3680388240691437,0,0,1.741216032440719,2.711272028022929,CCT3;SMOC2;FGFR4;GRHL2
GO_Biological_Process_2023,Negative Regulation Of Cold-Induced Thermogenesis (GO:0120163),0.21430572584273178,0.3738994889221457,0,0,1.9425809178965943,2.9922577377615776,TLE3;STK11;NR1H3
GO_Biological_Process_2023,Regulation Of Viral Entry Into Host Cell (GO:0046596),0.21430572584273178,0.3738994889221457,0,0,1.9425809178965943,2.9922577377615776,IFITM1;P4HB;NECTIN2
GO_Biological_Process_2023,Cellular Response To Peptide Hormone Stimulus (GO:0071375),0.21611037707068342,0.37394221590030097,0,0,1.5998181404864742,2.4508669923845536,RAB10;GSK3A;INHBB;RAB8A;PCK2
GO_Biological_Process_2023,Fc-gamma Receptor Signaling Pathway (GO:0038094),0.21638914962492442,0.37394221590030097,0,0,2.4129928806133627,3.6935123985942466,VAV3;YES1
GO_Biological_Process_2023,"RNA Splicing, Via Transesterification Reactions (GO:0000375)",0.21638914962492442,0.37394221590030097,0,0,2.4129928806133627,3.6935123985942466,SF3A3;SF3B1
GO_Biological_Process_2023,Acylglycerol Homeostasis (GO:0055090),0.21638914962492442,0.37394221590030097,0,0,2.4129928806133627,3.6935123985942466,NR1H3;MTLN
GO_Biological_Process_2023,Ear Morphogenesis (GO:0042471),0.21638914962492442,0.37394221590030097,0,0,2.4129928806133627,3.6935123985942466,TFAP2A;MYO6
GO_Biological_Process_2023,Mitotic Cell Cycle Checkpoint Signaling (GO:0007093),0.21638914962492442,0.37394221590030097,0,0,2.4129928806133627,3.6935123985942466,INTS3;SETMAR
GO_Biological_Process_2023,Negative Regulation Of Ossification (GO:0030279),0.21638914962492442,0.37394221590030097,0,0,2.4129928806133627,3.6935123985942466,ECM1;TRPM4
GO_Biological_Process_2023,Neuromuscular Junction Development (GO:0007528),0.21638914962492442,0.37394221590030097,0,0,2.4129928806133627,3.6935123985942466,UNC13B;DCTN1
GO_Biological_Process_2023,Positive Regulation Of ERBB Signaling Pathway (GO:1901186),0.21638914962492442,0.37394221590030097,0,0,2.4129928806133627,3.6935123985942466,APEX1;RTN4
GO_Biological_Process_2023,Positive Regulation Of Cellular Response To Transforming Growth Factor Beta Stimulus (GO:1903846),0.21638914962492442,0.37394221590030097,0,0,2.4129928806133627,3.6935123985942466,STK11;LRG1
GO_Biological_Process_2023,Positive Regulation Of Transforming Growth Factor Beta Receptor Signaling Pathway (GO:0030511),0.21638914962492442,0.37394221590030097,0,0,2.4129928806133627,3.6935123985942466,STK11;LRG1
GO_Biological_Process_2023,Positive Regulation Of Vascular Endothelial Growth Factor Production (GO:0010575),0.21638914962492442,0.37394221590030097,0,0,2.4129928806133627,3.6935123985942466,CXCL17;IL6ST
GO_Biological_Process_2023,Protein Exit From Endoplasmic Reticulum (GO:0032527),0.21638914962492442,0.37394221590030097,0,0,2.4129928806133627,3.6935123985942466,ERLEC1;HSP90B1
GO_Biological_Process_2023,Regulation Of Keratinocyte Proliferation (GO:0010837),0.21638914962492442,0.37394221590030097,0,0,2.4129928806133627,3.6935123985942466,LRG1;KLF9
GO_Biological_Process_2023,Regulation Of Ryanodine-Sensitive Calcium-Release Channel Activity (GO:0060314),0.21638914962492442,0.37394221590030097,0,0,2.4129928806133627,3.6935123985942466,CALM3;CALM2
GO_Biological_Process_2023,Regulation Of Viral Life Cycle (GO:1903900),0.21638914962492442,0.37394221590030097,0,0,2.4129928806133627,3.6935123985942466,PPIA;NECTIN2
GO_Biological_Process_2023,Response To Purine-Containing Compound (GO:0014074),0.21638914962492442,0.37394221590030097,0,0,2.4129928806133627,3.6935123985942466,RYR1;STAT1
GO_Biological_Process_2023,Response To Zinc Ion (GO:0010043),0.21638914962492442,0.37394221590030097,0,0,2.4129928806133627,3.6935123985942466,SLC30A8;D2HGDH
GO_Biological_Process_2023,Cytoskeleton Organization (GO:0007010),0.21701986443302995,0.37394221590030097,0,0,1.5177384548985757,2.3187497978752676,PRPF40A;RAC1;OBSL1;SIPA1L3;ZNF135;NECTIN2
GO_Biological_Process_2023,Cilium Assembly (GO:0060271),0.21725176488465178,0.37394221590030097,0,0,1.3348011673434628,2.0378387946480925,ACTR3;TTC36;ACTR2;IFT74;TTLL3;SEPTIN2;DCTN1;IFT122;ATP6V1D;RAB8A;GAS8
GO_Biological_Process_2023,Intermediate Filament Organization (GO:0045109),0.21842166032346974,0.37394221590030097,0,0,1.7130832481876126,2.6061612766333195,DSP;KRT80;KRT23;KRT7
GO_Biological_Process_2023,Peptidyl-Tyrosine Phosphorylation (GO:0018108),0.21842166032346974,0.37394221590030097,0,0,1.7130832481876126,2.6061612766333195,DDR1;ERBB2;FGFR4;PRLR
GO_Biological_Process_2023,Regulation Of Endopeptidase Activity (GO:0052548),0.21842166032346974,0.37394221590030097,0,0,1.7130832481876126,2.6061612766333195,SERPINA3;NCSTN;PSME1;PSME2
GO_Biological_Process_2023,Organic Anion Transport (GO:0015711),0.2227091414295132,0.37394221590030097,0,0,1.5807277628032346,2.374077097363073,SLC9A3R1;SLC35A3;SLC35B1;MGST1;SLC4A11
GO_Biological_Process_2023,Sensory Perception Of Mechanical Stimulus (GO:0050954),0.2227091414295132,0.37394221590030097,0,0,1.5807277628032346,2.374077097363073,TFAP2A;MARVELD2;WFS1;ALDH7A1;CCDC50
GO_Biological_Process_2023,Sodium Ion Transport (GO:0006814),0.2227091414295132,0.37394221590030097,0,0,1.5807277628032346,2.374077097363073,SLC5A6;NDUFA9;WNK4;SLC4A11;ATP1B3
GO_Biological_Process_2023,Cardiac Conduction (GO:0061337),0.2238991754489771,0.37394221590030097,0,0,1.8962751641726774,2.837888494100662,DSP;KCNE4;TRPM4
GO_Biological_Process_2023,Organic Hydroxy Compound Transport (GO:0015850),0.2238991754489771,0.37394221590030097,0,0,1.8962751641726774,2.837888494100662,RALBP1;VAPA;ABCC11
GO_Biological_Process_2023,Potassium Ion Transmembrane Transport (GO:0071805),0.22620730723114812,0.37394221590030097,0,0,1.441368278577581,2.1423105897189254,SLC9A2;LETM1;KCNE4;HPN;ATP1B3;ATP1A1;KCNN4
GO_Biological_Process_2023,CD40 Signaling Pathway (GO:0023035),0.2282713932256877,0.37394221590030097,0,0,4.422498118886381,6.533002833632805,RNF31
GO_Biological_Process_2023,SREBP Signaling Pathway (GO:0032933),0.2282713932256877,0.37394221590030097,0,0,4.422498118886381,6.533002833632805,ERLIN2
GO_Biological_Process_2023,Aldehyde Catabolic Process (GO:0046185),0.2282713932256877,0.37394221590030097,0,0,4.422498118886381,6.533002833632805,ALDH2
GO_Biological_Process_2023,Aspartate Family Amino Acid Biosynthetic Process (GO:0009067),0.2282713932256877,0.37394221590030097,0,0,4.422498118886381,6.533002833632805,MTR
GO_Biological_Process_2023,Benzene-Containing Compound Metabolic Process (GO:0042537),0.2282713932256877,0.37394221590030097,0,0,4.422498118886381,6.533002833632805,KMO
GO_Biological_Process_2023,Cellular Biogenic Amine Catabolic Process (GO:0042402),0.2282713932256877,0.37394221590030097,0,0,4.422498118886381,6.533002833632805,HNMT
GO_Biological_Process_2023,Cellular Response To Interleukin-2 (GO:0071352),0.2282713932256877,0.37394221590030097,0,0,4.422498118886381,6.533002833632805,STAT5A
GO_Biological_Process_2023,Cellular Response To Leptin Stimulus (GO:0044320),0.2282713932256877,0.37394221590030097,0,0,4.422498118886381,6.533002833632805,UGCG
GO_Biological_Process_2023,Cellular Response To Nitric Oxide (GO:0071732),0.2282713932256877,0.37394221590030097,0,0,4.422498118886381,6.533002833632805,MTR
GO_Biological_Process_2023,Cellular Response To Reactive Nitrogen Species (GO:1902170),0.2282713932256877,0.37394221590030097,0,0,4.422498118886381,6.533002833632805,MTR
GO_Biological_Process_2023,Cilium Movement Involved In Cell Motility (GO:0060294),0.2282713932256877,0.37394221590030097,0,0,4.422498118886381,6.533002833632805,GAS8
GO_Biological_Process_2023,Cobalamin Metabolic Process (GO:0009235),0.2282713932256877,0.37394221590030097,0,0,4.422498118886381,6.533002833632805,MTR
GO_Biological_Process_2023,Coronary Vasculature Development (GO:0060976),0.2282713932256877,0.37394221590030097,0,0,4.422498118886381,6.533002833632805,MESP1
GO_Biological_Process_2023,Cytoplasmic Sequestering Of NF-kappaB (GO:0007253),0.2282713932256877,0.37394221590030097,0,0,4.422498118886381,6.533002833632805,NFKBIA
GO_Biological_Process_2023,Foam Cell Differentiation (GO:0090077),0.2282713932256877,0.37394221590030097,0,0,4.422498118886381,6.533002833632805,STAT1
GO_Biological_Process_2023,Fructose Metabolic Process (GO:0006000),0.2282713932256877,0.37394221590030097,0,0,4.422498118886381,6.533002833632805,SORD
GO_Biological_Process_2023,Glycine Metabolic Process (GO:0006544),0.2282713932256877,0.37394221590030097,0,0,4.422498118886381,6.533002833632805,RIDA
GO_Biological_Process_2023,Hair Cell Differentiation (GO:0035315),0.2282713932256877,0.37394221590030097,0,0,4.422498118886381,6.533002833632805,MYO6
GO_Biological_Process_2023,Interleukin-2-Mediated Signaling Pathway (GO:0038110),0.2282713932256877,0.37394221590030097,0,0,4.422498118886381,6.533002833632805,STAT5A
GO_Biological_Process_2023,Lactate Metabolic Process (GO:0006089),0.2282713932256877,0.37394221590030097,0,0,4.422498118886381,6.533002833632805,LDHB
GO_Biological_Process_2023,Malate Metabolic Process (GO:0006108),0.2282713932256877,0.37394221590030097,0,0,4.422498118886381,6.533002833632805,FH
GO_Biological_Process_2023,Methionine Metabolic Process (GO:0006555),0.2282713932256877,0.37394221590030097,0,0,4.422498118886381,6.533002833632805,MTR
GO_Biological_Process_2023,Mitochondrial Proton-Transporting ATP Synthase Complex Assembly (GO:0033615),0.2282713932256877,0.37394221590030097,0,0,4.422498118886381,6.533002833632805,OXA1L
GO_Biological_Process_2023,Mitral Valve Development (GO:0003174),0.2282713932256877,0.37394221590030097,0,0,4.422498118886381,6.533002833632805,SOX4
GO_Biological_Process_2023,Monosaccharide Biosynthetic Process (GO:0046364),0.2282713932256877,0.37394221590030097,0,0,4.422498118886381,6.533002833632805,G6PD
GO_Biological_Process_2023,Negative Regulation Of DNA-templated DNA Replication (GO:2000104),0.2282713932256877,0.37394221590030097,0,0,4.422498118886381,6.533002833632805,LIG3
GO_Biological_Process_2023,Negative Regulation Of RNA Catabolic Process (GO:1902369),0.2282713932256877,0.37394221590030097,0,0,4.422498118886381,6.533002833632805,TENT2
GO_Biological_Process_2023,Negative Regulation Of T Cell Apoptotic Process (GO:0070233),0.2282713932256877,0.37394221590030097,0,0,4.422498118886381,6.533002833632805,PIP
GO_Biological_Process_2023,Negative Regulation Of Appetite (GO:0032099),0.2282713932256877,0.37394221590030097,0,0,4.422498118886381,6.533002833632805,NENF
GO_Biological_Process_2023,Negative Regulation Of cAMP-dependent Protein Kinase Activity (GO:2000480),0.2282713932256877,0.37394221590030097,0,0,4.422498118886381,6.533002833632805,PRKAR1A
GO_Biological_Process_2023,Negative Regulation Of Fatty Acid Oxidation (GO:0046322),0.2282713932256877,0.37394221590030097,0,0,4.422498118886381,6.533002833632805,APLP2
GO_Biological_Process_2023,Negative Regulation Of Intracellular Transport (GO:0032387),0.2282713932256877,0.37394221590030097,0,0,4.422498118886381,6.533002833632805,ARHGAP8
GO_Biological_Process_2023,Negative Regulation Of Keratinocyte Proliferation (GO:0010839),0.2282713932256877,0.37394221590030097,0,0,4.422498118886381,6.533002833632805,KLF9
GO_Biological_Process_2023,Negative Regulation Of Lipid Kinase Activity (GO:0090219),0.2282713932256877,0.37394221590030097,0,0,4.422498118886381,6.533002833632805,PPP2R5A
GO_Biological_Process_2023,Negative Regulation Of Mitochondrial Fusion (GO:0010637),0.2282713932256877,0.37394221590030097,0,0,4.422498118886381,6.533002833632805,BNIP3
GO_Biological_Process_2023,Negative Regulation Of Mitochondrial Membrane Potential (GO:0010917),0.2282713932256877,0.37394221590030097,0,0,4.422498118886381,6.533002833632805,MAPT
GO_Biological_Process_2023,Negative Regulation Of Osteoblast Proliferation (GO:0033689),0.2282713932256877,0.37394221590030097,0,0,4.422498118886381,6.533002833632805,EIF2AK2
GO_Biological_Process_2023,Negative Regulation Of Striated Muscle Cell Apoptotic Process (GO:0010664),0.2282713932256877,0.37394221590030097,0,0,4.422498118886381,6.533002833632805,NUPR1
GO_Biological_Process_2023,Negative Regulation Of Vascular Associated Smooth Muscle Cell Differentiation (GO:1905064),0.2282713932256877,0.37394221590030097,0,0,4.422498118886381,6.533002833632805,PDCD4
GO_Biological_Process_2023,Neuroepithelial Cell Differentiation (GO:0060563),0.2282713932256877,0.37394221590030097,0,0,4.422498118886381,6.533002833632805,SOX4
GO_Biological_Process_2023,Neurotransmitter Receptor Diffusion Trapping (GO:0099628),0.2282713932256877,0.37394221590030097,0,0,4.422498118886381,6.533002833632805,CACNG4
GO_Biological_Process_2023,Peptidyl-Proline Hydroxylation To 4-hydroxy-L-proline (GO:0018401),0.2282713932256877,0.37394221590030097,0,0,4.422498118886381,6.533002833632805,P4HB
GO_Biological_Process_2023,Peptidyl-Tyrosine Dephosphorylation Involved In Inactivation Of Protein Kinase Activity (GO:1990264),0.2282713932256877,0.37394221590030097,0,0,4.422498118886381,6.533002833632805,PTPRT
GO_Biological_Process_2023,Phosphatidylserine Acyl-Chain Remodeling (GO:0036150),0.2282713932256877,0.37394221590030097,0,0,4.422498118886381,6.533002833632805,MBOAT2
GO_Biological_Process_2023,Plasma Membrane Phospholipid Scrambling (GO:0017121),0.2282713932256877,0.37394221590030097,0,0,4.422498118886381,6.533002833632805,PLSCR1
GO_Biological_Process_2023,Plasma Membrane To Endosome Transport (GO:0048227),0.2282713932256877,0.37394221590030097,0,0,4.422498118886381,6.533002833632805,RAB5C
GO_Biological_Process_2023,Positive Regulation By Host Of Viral Genome Replication (GO:0044829),0.2282713932256877,0.37394221590030097,0,0,4.422498118886381,6.533002833632805,VAPA
GO_Biological_Process_2023,Positive Regulation Of Arp2/3 Complex-Mediated Actin Nucleation (GO:2000601),0.2282713932256877,0.37394221590030097,0,0,4.422498118886381,6.533002833632805,NCKAP1
GO_Biological_Process_2023,Positive Regulation Of Adipose Tissue Development (GO:1904179),0.2282713932256877,0.37394221590030097,0,0,4.422498118886381,6.533002833632805,TRPM4
GO_Biological_Process_2023,Positive Regulation Of Astrocyte Differentiation (GO:0048711),0.2282713932256877,0.37394221590030097,0,0,4.422498118886381,6.533002833632805,HES1
GO_Biological_Process_2023,Positive Regulation Of Calcium Ion Import (GO:0090280),0.2282713932256877,0.37394221590030097,0,0,4.422498118886381,6.533002833632805,STC1
GO_Biological_Process_2023,Positive Regulation Of Dendritic Cell Chemotaxis (GO:2000510),0.2282713932256877,0.37394221590030097,0,0,4.422498118886381,6.533002833632805,CALR
GO_Biological_Process_2023,Positive Regulation Of Dendritic Spine Morphogenesis (GO:0061003),0.2282713932256877,0.37394221590030097,0,0,4.422498118886381,6.533002833632805,CAPRIN1
GO_Biological_Process_2023,Positive Regulation Of Melanin Biosynthetic Process (GO:0048023),0.2282713932256877,0.37394221590030097,0,0,4.422498118886381,6.533002833632805,OPN3
GO_Biological_Process_2023,Positive Regulation Of Membrane Potential (GO:0045838),0.2282713932256877,0.37394221590030097,0,0,4.422498118886381,6.533002833632805,MTLN
GO_Biological_Process_2023,Positive Regulation Of Microtubule Nucleation (GO:0090063),0.2282713932256877,0.37394221590030097,0,0,4.422498118886381,6.533002833632805,DCTN1
GO_Biological_Process_2023,Positive Regulation Of Myotube Differentiation (GO:0010831),0.2282713932256877,0.37394221590030097,0,0,4.422498118886381,6.533002833632805,RBM24
GO_Biological_Process_2023,Positive Regulation Of Neuron Projection Arborization (GO:0150012),0.2282713932256877,0.37394221590030097,0,0,4.422498118886381,6.533002833632805,MAP3K13
GO_Biological_Process_2023,Positive Regulation Of Secondary Metabolite Biosynthetic Process (GO:1900378),0.2282713932256877,0.37394221590030097,0,0,4.422498118886381,6.533002833632805,OPN3
GO_Biological_Process_2023,"Positive Regulation Of Synaptic Transmission, GABAergic (GO:0032230)",0.2282713932256877,0.37394221590030097,0,0,4.422498118886381,6.533002833632805,APEX1
GO_Biological_Process_2023,Positive Regulation Of Tooth Mineralization (GO:0070172),0.2282713932256877,0.37394221590030097,0,0,4.422498118886381,6.533002833632805,TFAP2A
GO_Biological_Process_2023,Positive Regulation Of Triglyceride Lipase Activity (GO:0061365),0.2282713932256877,0.37394221590030097,0,0,4.422498118886381,6.533002833632805,NR1H3
GO_Biological_Process_2023,Positive Regulation Of Vascular Associated Smooth Muscle Cell Migration (GO:1904754),0.2282713932256877,0.37394221590030097,0,0,4.422498118886381,6.533002833632805,IGFBP5
GO_Biological_Process_2023,Positive Regulation Of Vascular Endothelial Growth Factor Signaling Pathway (GO:1900748),0.2282713932256877,0.37394221590030097,0,0,4.422498118886381,6.533002833632805,SMOC2
GO_Biological_Process_2023,Postsynaptic Neurotransmitter Receptor Diffusion Trapping (GO:0098970),0.2282713932256877,0.37394221590030097,0,0,4.422498118886381,6.533002833632805,CACNG4
GO_Biological_Process_2023,Protein Desumoylation (GO:0016926),0.2282713932256877,0.37394221590030097,0,0,4.422498118886381,6.533002833632805,SUMO1
GO_Biological_Process_2023,Protein Retention In ER Lumen (GO:0006621),0.2282713932256877,0.37394221590030097,0,0,4.422498118886381,6.533002833632805,KDELR2
GO_Biological_Process_2023,Proton-Transporting ATP Synthase Complex Assembly (GO:0043461),0.2282713932256877,0.37394221590030097,0,0,4.422498118886381,6.533002833632805,OXA1L
GO_Biological_Process_2023,rRNA Base Methylation (GO:0070475),0.2282713932256877,0.37394221590030097,0,0,4.422498118886381,6.533002833632805,EMG1
GO_Biological_Process_2023,Regulation Of ATPase-coupled Calcium Transmembrane Transporter Activity (GO:1901894),0.2282713932256877,0.37394221590030097,0,0,4.422498118886381,6.533002833632805,VMP1
GO_Biological_Process_2023,Regulation Of Cdc42 Protein Signal Transduction (GO:0032489),0.2282713932256877,0.37394221590030097,0,0,4.422498118886381,6.533002833632805,RALBP1
GO_Biological_Process_2023,Regulation Of Golgi To Plasma Membrane Protein Transport (GO:0042996),0.2282713932256877,0.37394221590030097,0,0,4.422498118886381,6.533002833632805,CNST
GO_Biological_Process_2023,Regulation Of Alpha-Beta T Cell Differentiation (GO:0046637),0.2282713932256877,0.37394221590030097,0,0,4.422498118886381,6.533002833632805,PNP
GO_Biological_Process_2023,Regulation Of Carbohydrate Biosynthetic Process (GO:0043255),0.2282713932256877,0.37394221590030097,0,0,4.422498118886381,6.533002833632805,ZNF692
GO_Biological_Process_2023,Regulation Of Chaperone-Mediated Autophagy (GO:1904714),0.2282713932256877,0.37394221590030097,0,0,4.422498118886381,6.533002833632805,EEF1A2
GO_Biological_Process_2023,Regulation Of Defense Response To Bacterium (GO:1900424),0.2282713932256877,0.37394221590030097,0,0,4.422498118886381,6.533002833632805,FOXP1
GO_Biological_Process_2023,Regulation Of Dendritic Cell Chemotaxis (GO:2000508),0.2282713932256877,0.37394221590030097,0,0,4.422498118886381,6.533002833632805,CALR
GO_Biological_Process_2023,Regulation Of Mesenchymal Stem Cell Differentiation (GO:2000739),0.2282713932256877,0.37394221590030097,0,0,4.422498118886381,6.533002833632805,SLC4A11
GO_Biological_Process_2023,Regulation Of Natural Killer Cell Mediated Cytotoxicity Directed Against Tumor Cell Target (GO:0002858),0.2282713932256877,0.37394221590030097,0,0,4.422498118886381,6.533002833632805,NECTIN2
GO_Biological_Process_2023,Regulation Of Nitric Oxide Metabolic Process (GO:0080164),0.2282713932256877,0.37394221590030097,0,0,4.422498118886381,6.533002833632805,RAC1
GO_Biological_Process_2023,Regulation Of Oxidative Stress-Induced Cell Death (GO:1903201),0.2282713932256877,0.37394221590030097,0,0,4.422498118886381,6.533002833632805,P4HB
GO_Biological_Process_2023,Regulation Of Phospholipase A2 Activity (GO:0032429),0.2282713932256877,0.37394221590030097,0,0,4.422498118886381,6.533002833632805,PLAA
GO_Biological_Process_2023,Regulation Of Protein ADP-ribosylation (GO:0010835),0.2282713932256877,0.37394221590030097,0,0,4.422498118886381,6.533002833632805,TINF2
GO_Biological_Process_2023,Regulation Of Protein Glycosylation (GO:0060049),0.2282713932256877,0.37394221590030097,0,0,4.422498118886381,6.533002833632805,RAMP1
GO_Biological_Process_2023,Regulation Of Protein Localization To Cell Cortex (GO:1904776),0.2282713932256877,0.37394221590030097,0,0,4.422498118886381,6.533002833632805,MISP
GO_Biological_Process_2023,Regulation Of Stem Cell Division (GO:2000035),0.2282713932256877,0.37394221590030097,0,0,4.422498118886381,6.533002833632805,ESRRB
GO_Biological_Process_2023,Regulation Of Triglyceride Metabolic Process (GO:0090207),0.2282713932256877,0.37394221590030097,0,0,4.422498118886381,6.533002833632805,MBOAT7
GO_Biological_Process_2023,Regulation Of Vascular Wound Healing (GO:0061043),0.2282713932256877,0.37394221590030097,0,0,4.422498118886381,6.533002833632805,SMOC2
GO_Biological_Process_2023,"Regulation Of Wound Healing, Spreading Of Epidermal Cells (GO:1903689)",0.2282713932256877,0.37394221590030097,0,0,4.422498118886381,6.533002833632805,RREB1
GO_Biological_Process_2023,Release Of Sequestered Calcium Ion Into Cytosol By Endoplasmic Reticulum (GO:1903514),0.2282713932256877,0.37394221590030097,0,0,4.422498118886381,6.533002833632805,RYR1
GO_Biological_Process_2023,Selenocysteine Incorporation (GO:0001514),0.2282713932256877,0.37394221590030097,0,0,4.422498118886381,6.533002833632805,SELENOT
GO_Biological_Process_2023,Sinoatrial Node Development (GO:0003163),0.2282713932256877,0.37394221590030097,0,0,4.422498118886381,6.533002833632805,MESP1
GO_Biological_Process_2023,Somatic Hypermutation Of Immunoglobulin Genes (GO:0016446),0.2282713932256877,0.37394221590030097,0,0,4.422498118886381,6.533002833632805,PMS2
GO_Biological_Process_2023,Store-Operated Calcium Entry (GO:0002115),0.2282713932256877,0.37394221590030097,0,0,4.422498118886381,6.533002833632805,CRACR2B
GO_Biological_Process_2023,Sulfur Amino Acid Biosynthetic Process (GO:0000097),0.2282713932256877,0.37394221590030097,0,0,4.422498118886381,6.533002833632805,MTR
GO_Biological_Process_2023,Sulfur Amino Acid Transport (GO:0000101),0.2282713932256877,0.37394221590030097,0,0,4.422498118886381,6.533002833632805,SLC7A5
GO_Biological_Process_2023,Taurine Metabolic Process (GO:0019530),0.2282713932256877,0.37394221590030097,0,0,4.422498118886381,6.533002833632805,STAT5A
GO_Biological_Process_2023,Translational Readthrough (GO:0006451),0.2282713932256877,0.37394221590030097,0,0,4.422498118886381,6.533002833632805,SELENOT
GO_Biological_Process_2023,Translocation Of Molecules Into Host (GO:0044417),0.2282713932256877,0.37394221590030097,0,0,4.422498118886381,6.533002833632805,THOC1
GO_Biological_Process_2023,Tryptophan Catabolic Process (GO:0006569),0.2282713932256877,0.37394221590030097,0,0,4.422498118886381,6.533002833632805,KMO
GO_Biological_Process_2023,Tryptophan Metabolic Process (GO:0006568),0.2282713932256877,0.37394221590030097,0,0,4.422498118886381,6.533002833632805,KMO
GO_Biological_Process_2023,Viral mRNA Export From Host Cell Nucleus (GO:0046784),0.2282713932256877,0.37394221590030097,0,0,4.422498118886381,6.533002833632805,THOC1
GO_Biological_Process_2023,"Chemical Synaptic Transmission, Postsynaptic (GO:0099565)",0.2299197445637687,0.37394221590030097,0,0,2.3080146673651125,3.392839186684758,GSK3B;GSK3A
GO_Biological_Process_2023,Fatty Acid Derivative Biosynthetic Process (GO:1901570),0.2299197445637687,0.37394221590030097,0,0,2.3080146673651125,3.392839186684758,PPT1;FAR2
GO_Biological_Process_2023,Negative Regulation Of Protein Polymerization (GO:0032272),0.2299197445637687,0.37394221590030097,0,0,2.3080146673651125,3.392839186684758,MYADM;TWF1
GO_Biological_Process_2023,Negative Regulation Of Signaling Receptor Activity (GO:2000272),0.2299197445637687,0.37394221590030097,0,0,2.3080146673651125,3.392839186684758,GPRC5A;SNX6
GO_Biological_Process_2023,"Nuclear-Transcribed mRNA Catabolic Process, Nonsense-Mediated Decay (GO:0000184)",0.2299197445637687,0.37394221590030097,0,0,2.3080146673651125,3.392839186684758,DHX34;SMG7
GO_Biological_Process_2023,Nucleic Acid Phosphodiester Bond Hydrolysis (GO:0090305),0.2299197445637687,0.37394221590030097,0,0,2.3080146673651125,3.392839186684758,DDX1;SETMAR
GO_Biological_Process_2023,Osteoclast Differentiation (GO:0030316),0.2299197445637687,0.37394221590030097,0,0,2.3080146673651125,3.392839186684758,GLO1;FOXP1
GO_Biological_Process_2023,Phosphatidylethanolamine Metabolic Process (GO:0046337),0.2299197445637687,0.37394221590030097,0,0,2.3080146673651125,3.392839186684758,SLC27A1;ETNK1
GO_Biological_Process_2023,Positive Regulation Of Glucose Import (GO:0046326),0.2299197445637687,0.37394221590030097,0,0,2.3080146673651125,3.392839186684758,OCLN;CREBL2
GO_Biological_Process_2023,Positive Regulation Of Interleukin-2 Production (GO:0032743),0.2299197445637687,0.37394221590030097,0,0,2.3080146673651125,3.392839186684758,PNP;SPTBN1
GO_Biological_Process_2023,Positive Regulation Of Striated Muscle Cell Differentiation (GO:0051155),0.2299197445637687,0.37394221590030097,0,0,2.3080146673651125,3.392839186684758,MESP1;RBM24
GO_Biological_Process_2023,Proteoglycan Metabolic Process (GO:0006029),0.2299197445637687,0.37394221590030097,0,0,2.3080146673651125,3.392839186684758,CANT1;FAM20B
GO_Biological_Process_2023,Regulation Of Actin Cytoskeleton Reorganization (GO:2000249),0.2299197445637687,0.37394221590030097,0,0,2.3080146673651125,3.392839186684758,BAIAP2L1;ARHGDIB
GO_Biological_Process_2023,Regulation Of Biomineral Tissue Development (GO:0070167),0.2299197445637687,0.37394221590030097,0,0,2.3080146673651125,3.392839186684758,ECM1;NBR1
GO_Biological_Process_2023,Regulation Of Glycogen Biosynthetic Process (GO:0005979),0.2299197445637687,0.37394221590030097,0,0,2.3080146673651125,3.392839186684758,GSK3B;GSK3A
GO_Biological_Process_2023,Regulation Of Intracellular Estrogen Receptor Signaling Pathway (GO:0033146),0.2299197445637687,0.37394221590030097,0,0,2.3080146673651125,3.392839186684758,UBA5;STRN3
GO_Biological_Process_2023,Regulation Of Monocyte Chemotaxis (GO:0090025),0.2299197445637687,0.37394221590030097,0,0,2.3080146673651125,3.392839186684758,CXCL17;S100A14
GO_Biological_Process_2023,Regulation Of Vascular Endothelial Growth Factor Production (GO:0010574),0.2299197445637687,0.37394221590030097,0,0,2.3080146673651125,3.392839186684758,CXCL17;IL6ST
GO_Biological_Process_2023,Sodium Ion Homeostasis (GO:0055078),0.2299197445637687,0.37394221590030097,0,0,2.3080146673651125,3.392839186684758,ATP1B3;ATP1A1
GO_Biological_Process_2023,Ventricular Cardiac Muscle Tissue Development (GO:0003229),0.2299197445637687,0.37394221590030097,0,0,2.3080146673651125,3.392839186684758,IRX3;HOPX
GO_Biological_Process_2023,T Cell Differentiation (GO:0030217),0.23357438802664174,0.3790351404267457,0,0,1.8521231664359195,2.6934587722352665,PIK3R3;RHOH;SOX4
GO_Biological_Process_2023,Cellular Component Disassembly (GO:0022411),0.23357438802664174,0.3790351404267457,0,0,1.8521231664359195,2.6934587722352665,ADAMTS15;CAPG;CTSS
GO_Biological_Process_2023,Protein Monoubiquitination (GO:0006513),0.23357438802664174,0.3790351404267457,0,0,1.8521231664359195,2.6934587722352665,RNF20;RNF126;UBE2R2
GO_Biological_Process_2023,Regulation Of Epidermal Growth Factor Receptor Signaling Pathway (GO:0042058),0.23357438802664174,0.3790351404267457,0,0,1.8521231664359195,2.6934587722352665,RNF126;APEX1;IFI6
GO_Biological_Process_2023,Regulation Of Fibroblast Proliferation (GO:0048145),0.23357438802664174,0.3790351404267457,0,0,1.8521231664359195,2.6934587722352665,DHX9;NF1;CDC73
GO_Biological_Process_2023,Neutrophil Chemotaxis (GO:0030593),0.23399442375183732,0.3793768141580818,0,0,1.6594551282051282,2.4102888666935107,CCL22;SRP54;PPIA;S100A9
GO_Biological_Process_2023,Phagocytosis (GO:0006909),0.23399442375183732,0.3793768141580818,0,0,1.6594551282051282,2.4102888666935107,NR1H3;C1ORF43;DOCK1;SYT7
GO_Biological_Process_2023,Positive Regulation Of MAP Kinase Activity (GO:0043406),0.2360830813052723,0.38224985269901485,0,0,1.5438788942518649,2.228699565757119,TAOK3;ERBB2;CD24;MAP3K13;ADRA2A
GO_Biological_Process_2023,Regulation Of RNA Metabolic Process (GO:0051252),0.2360830813052723,0.38224985269901485,0,0,1.5438788942518649,2.228699565757119,OAS1;TMEM98;OAS2;ZNF638;TAF9
GO_Biological_Process_2023,Steroid Metabolic Process (GO:0008202),0.2360830813052723,0.38224985269901485,0,0,1.5438788942518649,2.228699565757119,CYP27A1;SULT2B1;BDH1;DHCR24;PRLR
GO_Biological_Process_2023,Regulation Of Heart Contraction (GO:0008016),0.24187921466513052,0.39094220255238055,0,0,1.633878640213482,2.318991387494624,GSK3A;S100A1;CALM3;CALM2
GO_Biological_Process_2023,Peptidyl-Lysine Modification (GO:0018205),0.24285229842112993,0.39094220255238055,0,0,1.5260897852960311,2.1598776900925207,IFIH1;RNF212;SUMO1;TRIM27;TRPM4
GO_Biological_Process_2023,Myelination (GO:0042552),0.24332219412829165,0.39094220255238055,0,0,1.809978077687196,2.55816656560698,EIF2B5;NF1;BCAS1
GO_Biological_Process_2023,Regulation Of Tumor Necrosis Factor-Mediated Signaling Pathway (GO:0010803),0.24332219412829165,0.39094220255238055,0,0,1.809978077687196,2.55816656560698,RFFL;UBE2K;NAIP
GO_Biological_Process_2023,Fc Receptor Signaling Pathway (GO:0038093),0.24350237685206252,0.39094220255238055,0,0,2.211784638554217,3.124430182848293,VAV3;MAP3K1
GO_Biological_Process_2023,GPI Anchor Metabolic Process (GO:0006505),0.24350237685206252,0.39094220255238055,0,0,2.211784638554217,3.124430182848293,DPM3;SLC30A5
GO_Biological_Process_2023,"Wnt Signaling Pathway, Planar Cell Polarity Pathway (GO:0060071)",0.24350237685206252,0.39094220255238055,0,0,2.211784638554217,3.124430182848293,VANGL1;RAC1
GO_Biological_Process_2023,miRNA-mediated Gene Silencing (GO:0035195),0.24350237685206252,0.39094220255238055,0,0,2.211784638554217,3.124430182848293,RBM4;EIF4E2
GO_Biological_Process_2023,Mitotic Spindle Assembly Checkpoint Signaling (GO:0007094),0.24350237685206252,0.39094220255238055,0,0,2.211784638554217,3.124430182848293,CENPF;TPR
GO_Biological_Process_2023,Mitotic Spindle Checkpoint Signaling (GO:0071174),0.24350237685206252,0.39094220255238055,0,0,2.211784638554217,3.124430182848293,CENPF;TPR
GO_Biological_Process_2023,Negative Regulation Of Endothelial Cell Apoptotic Process (GO:2000352),0.24350237685206252,0.39094220255238055,0,0,2.211784638554217,3.124430182848293,RAMP2;GATA2
GO_Biological_Process_2023,Negative Regulation Of Receptor-Mediated Endocytosis (GO:0048261),0.24350237685206252,0.39094220255238055,0,0,2.211784638554217,3.124430182848293,APOC1;RAC1
GO_Biological_Process_2023,Peptide Cross-Linking (GO:0018149),0.24350237685206252,0.39094220255238055,0,0,2.211784638554217,3.124430182848293,DSP;CSTA
GO_Biological_Process_2023,Plasma Membrane Invagination (GO:0099024),0.24350237685206252,0.39094220255238055,0,0,2.211784638554217,3.124430182848293,SNX9;DOCK1
GO_Biological_Process_2023,Positive Regulation Of Defense Response To Virus By Host (GO:0002230),0.24350237685206252,0.39094220255238055,0,0,2.211784638554217,3.124430182848293,STAT1;PARP9
GO_Biological_Process_2023,Regulation Of Androgen Receptor Signaling Pathway (GO:0060765),0.24350237685206252,0.39094220255238055,0,0,2.211784638554217,3.124430182848293,PKN1;FOXP1
GO_Biological_Process_2023,Regulation Of Transcription By RNA Polymerase III (GO:0006359),0.24350237685206252,0.39094220255238055,0,0,2.211784638554217,3.124430182848293,CHD8;SF3B1
GO_Biological_Process_2023,Response To Glucocorticoid (GO:0051384),0.24350237685206252,0.39094220255238055,0,0,2.211784638554217,3.124430182848293,HNRNPU;NR3C1
GO_Biological_Process_2023,Spindle Assembly Checkpoint Signaling (GO:0071173),0.24350237685206252,0.39094220255238055,0,0,2.211784638554217,3.124430182848293,CENPF;TPR
GO_Biological_Process_2023,Regulation Of Protein Binding (GO:0043393),0.246701959780802,0.39194951161632524,0,0,1.4485443559461686,2.027345469642726,GSK3B;AMFR;SYMPK;IFIT1;GAS8;IFIT2
GO_Biological_Process_2023,Negative Regulation Of Protein Binding (GO:0032091),0.24982320274927128,0.39194951161632524,0,0,1.6090771973124913,2.2317929694923393,GSK3B;SYMPK;IFIT1;IFIT2
GO_Biological_Process_2023,Regulation Of Notch Signaling Pathway (GO:0008593),0.24982320274927128,0.39194951161632524,0,0,1.6090771973124913,2.2317929694923393,MESP1;METTL3;IL6ST;GATA2
GO_Biological_Process_2023,Cellular Response To Mechanical Stimulus (GO:0071260),0.25313363946541356,0.39194951161632524,0,0,1.7697061039939714,2.431288982137812,MAP3K1;BNIP3;F11R
GO_Biological_Process_2023,Cellular Response To Radiation (GO:0071478),0.25313363946541356,0.39194951161632524,0,0,1.7697061039939714,2.431288982137812,OPN3;GRB2;RHOB
GO_Biological_Process_2023,Microtubule Bundle Formation (GO:0001578),0.25313363946541356,0.39194951161632524,0,0,1.7697061039939714,2.431288982137812,TTLL3;MAP1S;GAS8
GO_Biological_Process_2023,Positive Regulation Of Reactive Oxygen Species Metabolic Process (GO:2000379),0.25313363946541356,0.39194951161632524,0,0,1.7697061039939714,2.431288982137812,SORD;GRB2;MAPT
GO_Biological_Process_2023,Cdc42 Protein Signal Transduction (GO:0032488),0.25631964157704534,0.39194951161632524,0,0,3.7906051811243686,5.160264602184192,RHOV
GO_Biological_Process_2023,"DNA Damage Response, Signal Transduction By P53 Class Mediator Resulting In Transcription Of P21 Class Mediator (GO:0006978)",0.25631964157704534,0.39194951161632524,0,0,3.7906051811243686,5.160264602184192,SP100
GO_Biological_Process_2023,RNA Secondary Structure Unwinding (GO:0010501),0.25631964157704534,0.39194951161632524,0,0,3.7906051811243686,5.160264602184192,DHX9
GO_Biological_Process_2023,Schwann Cell Development (GO:0014044),0.25631964157704534,0.39194951161632524,0,0,3.7906051811243686,5.160264602184192,NF1
GO_Biological_Process_2023,Acid Secretion (GO:0046717),0.25631964157704534,0.39194951161632524,0,0,3.7906051811243686,5.160264602184192,SLC9A3R1
GO_Biological_Process_2023,Actin Filament Network Formation (GO:0051639),0.25631964157704534,0.39194951161632524,0,0,3.7906051811243686,5.160264602184192,COBL
GO_Biological_Process_2023,Adult Heart Development (GO:0007512),0.25631964157704534,0.39194951161632524,0,0,3.7906051811243686,5.160264602184192,MEF2D
GO_Biological_Process_2023,Androgen Biosynthetic Process (GO:0006702),0.25631964157704534,0.39194951161632524,0,0,3.7906051811243686,5.160264602184192,SRD5A3
GO_Biological_Process_2023,Angiotensin Maturation (GO:0002003),0.25631964157704534,0.39194951161632524,0,0,3.7906051811243686,5.160264602184192,ATP6AP2
GO_Biological_Process_2023,Apoptotic DNA Fragmentation (GO:0006309),0.25631964157704534,0.39194951161632524,0,0,3.7906051811243686,5.160264602184192,DNASE2
GO_Biological_Process_2023,Astral Microtubule Organization (GO:0030953),0.25631964157704534,0.39194951161632524,0,0,3.7906051811243686,5.160264602184192,DLG1
GO_Biological_Process_2023,Bundle Of His Cell To Purkinje Myocyte Communication (GO:0086069),0.25631964157704534,0.39194951161632524,0,0,3.7906051811243686,5.160264602184192,DSP
GO_Biological_Process_2023,Cell Surface Pattern Recognition Receptor Signaling Pathway (GO:0002752),0.25631964157704534,0.39194951161632524,0,0,3.7906051811243686,5.160264602184192,FFAR2
GO_Biological_Process_2023,Cellular Response To Muramyl Dipeptide (GO:0071225),0.25631964157704534,0.39194951161632524,0,0,3.7906051811243686,5.160264602184192,CHMP5
GO_Biological_Process_2023,Cellular Response To Sterol Depletion (GO:0071501),0.25631964157704534,0.39194951161632524,0,0,3.7906051811243686,5.160264602184192,ERLIN2
GO_Biological_Process_2023,Cobalamin Transport (GO:0015889),0.25631964157704534,0.39194951161632524,0,0,3.7906051811243686,5.160264602184192,ABCD1
GO_Biological_Process_2023,Collagen-Activated Signaling Pathway (GO:0038065),0.25631964157704534,0.39194951161632524,0,0,3.7906051811243686,5.160264602184192,DDR1
GO_Biological_Process_2023,Detection Of Mechanical Stimulus Involved In Sensory Perception Of Sound (GO:0050910),0.25631964157704534,0.39194951161632524,0,0,3.7906051811243686,5.160264602184192,HPN
GO_Biological_Process_2023,Embryonic Forelimb Morphogenesis (GO:0035115),0.25631964157704534,0.39194951161632524,0,0,3.7906051811243686,5.160264602184192,TFAP2A
GO_Biological_Process_2023,Embryonic Placenta Development (GO:0001892),0.25631964157704534,0.39194951161632524,0,0,3.7906051811243686,5.160264602184192,ESRRB
GO_Biological_Process_2023,Ether Lipid Biosynthetic Process (GO:0008611),0.25631964157704534,0.39194951161632524,0,0,3.7906051811243686,5.160264602184192,GNPAT
GO_Biological_Process_2023,Glutamine Transport (GO:0006868),0.25631964157704534,0.39194951161632524,0,0,3.7906051811243686,5.160264602184192,SLC38A1
GO_Biological_Process_2023,Inner Ear Receptor Cell Development (GO:0060119),0.25631964157704534,0.39194951161632524,0,0,3.7906051811243686,5.160264602184192,TSKU
GO_Biological_Process_2023,Interleukin-12-Mediated Signaling Pathway (GO:0035722),0.25631964157704534,0.39194951161632524,0,0,3.7906051811243686,5.160264602184192,P4HB
GO_Biological_Process_2023,Internal Protein Amino Acid Acetylation (GO:0006475),0.25631964157704534,0.39194951161632524,0,0,3.7906051811243686,5.160264602184192,MAPT
GO_Biological_Process_2023,Intestinal Epithelial Cell Differentiation (GO:0060575),0.25631964157704534,0.39194951161632524,0,0,3.7906051811243686,5.160264602184192,IL6ST
GO_Biological_Process_2023,Kynurenine Metabolic Process (GO:0070189),0.25631964157704534,0.39194951161632524,0,0,3.7906051811243686,5.160264602184192,KMO
GO_Biological_Process_2023,Leptin-Mediated Signaling Pathway (GO:0033210),0.25631964157704534,0.39194951161632524,0,0,3.7906051811243686,5.160264602184192,UGCG
GO_Biological_Process_2023,Maintenance Of Apical/Basal Cell Polarity (GO:0035090),0.25631964157704534,0.39194951161632524,0,0,3.7906051811243686,5.160264602184192,SLC9A3R1
GO_Biological_Process_2023,Maintenance Of Epithelial Cell Apical/Basal Polarity (GO:0045199),0.25631964157704534,0.39194951161632524,0,0,3.7906051811243686,5.160264602184192,SLC9A3R1
GO_Biological_Process_2023,Membrane Lipid Catabolic Process (GO:0046466),0.25631964157704534,0.39194951161632524,0,0,3.7906051811243686,5.160264602184192,PPT1
GO_Biological_Process_2023,Mitochondrial Respiratory Chain Complex III Assembly (GO:0034551),0.25631964157704534,0.39194951161632524,0,0,3.7906051811243686,5.160264602184192,UQCC1
GO_Biological_Process_2023,Monocyte Activation (GO:0042117),0.25631964157704534,0.39194951161632524,0,0,3.7906051811243686,5.160264602184192,FOXP1
GO_Biological_Process_2023,Multi-Pass Transmembrane Protein Insertion Into ER Membrane (GO:0160063),0.25631964157704534,0.39194951161632524,0,0,3.7906051811243686,5.160264602184192,TMCO1
GO_Biological_Process_2023,Negative Regulation By Host Of Viral Genome Replication (GO:0044828),0.25631964157704534,0.39194951161632524,0,0,3.7906051811243686,5.160264602184192,VAPA
GO_Biological_Process_2023,Negative Regulation Of cAMP-mediated Signaling (GO:0043951),0.25631964157704534,0.39194951161632524,0,0,3.7906051811243686,5.160264602184192,CDC34
GO_Biological_Process_2023,Negative Regulation Of Cholesterol Storage (GO:0010887),0.25631964157704534,0.39194951161632524,0,0,3.7906051811243686,5.160264602184192,NR1H3
GO_Biological_Process_2023,Negative Regulation Of Cytoplasmic Translation (GO:2000766),0.25631964157704534,0.39194951161632524,0,0,3.7906051811243686,5.160264602184192,RBM24
GO_Biological_Process_2023,Negative Regulation Of Glycoprotein Biosynthetic Process (GO:0010561),0.25631964157704534,0.39194951161632524,0,0,3.7906051811243686,5.160264602184192,BACE2
GO_Biological_Process_2023,Negative Regulation Of Lipase Activity (GO:0060192),0.25631964157704534,0.39194951161632524,0,0,3.7906051811243686,5.160264602184192,APOC1
GO_Biological_Process_2023,Negative Regulation Of Platelet Aggregation (GO:0090331),0.25631964157704534,0.39194951161632524,0,0,3.7906051811243686,5.160264602184192,CD9
GO_Biological_Process_2023,Negative Regulation Of Protein-Containing Complex Disassembly (GO:0043242),0.25631964157704534,0.39194951161632524,0,0,3.7906051811243686,5.160264602184192,UBQLN4
GO_Biological_Process_2023,"Negative Regulation Of Retrograde Protein Transport, ER To Cytosol (GO:1904153)",0.25631964157704534,0.39194951161632524,0,0,3.7906051811243686,5.160264602184192,ERLEC1
GO_Biological_Process_2023,Negative Regulation Of Smooth Muscle Cell Differentiation (GO:0051151),0.25631964157704534,0.39194951161632524,0,0,3.7906051811243686,5.160264602184192,PDCD4
GO_Biological_Process_2023,Negative Regulation Of Transcription By Competitive Promoter Binding (GO:0010944),0.25631964157704534,0.39194951161632524,0,0,3.7906051811243686,5.160264602184192,TFAP2A
GO_Biological_Process_2023,Negative Regulation Of Transporter Activity (GO:0032410),0.25631964157704534,0.39194951161632524,0,0,3.7906051811243686,5.160264602184192,PPIF
GO_Biological_Process_2023,Neuronal Ion Channel Clustering (GO:0045161),0.25631964157704534,0.39194951161632524,0,0,3.7906051811243686,5.160264602184192,MTCH1
GO_Biological_Process_2023,Nicotinamide Nucleotide Biosynthetic Process (GO:0019359),0.25631964157704534,0.39194951161632524,0,0,3.7906051811243686,5.160264602184192,QPRT
GO_Biological_Process_2023,Nuclear Membrane Disassembly (GO:0051081),0.25631964157704534,0.39194951161632524,0,0,3.7906051811243686,5.160264602184192,DCTN1
GO_Biological_Process_2023,Peptidyl-Lysine Monomethylation (GO:0018026),0.25631964157704534,0.39194951161632524,0,0,3.7906051811243686,5.160264602184192,SMYD2
GO_Biological_Process_2023,Peripheral Nervous System Axon Ensheathment (GO:0032292),0.25631964157704534,0.39194951161632524,0,0,3.7906051811243686,5.160264602184192,NF1
GO_Biological_Process_2023,Phosphatidylglycerol Acyl-Chain Remodeling (GO:0036148),0.25631964157704534,0.39194951161632524,0,0,3.7906051811243686,5.160264602184192,MBOAT2
GO_Biological_Process_2023,Positive Regulation Of Actin Cytoskeleton Reorganization (GO:2000251),0.25631964157704534,0.39194951161632524,0,0,3.7906051811243686,5.160264602184192,BAIAP2L1
GO_Biological_Process_2023,Positive Regulation Of Adaptive Immune Response (GO:0002821),0.25631964157704534,0.39194951161632524,0,0,3.7906051811243686,5.160264602184192,IL6ST
GO_Biological_Process_2023,Positive Regulation Of Blood Vessel Endothelial Cell Proliferation Involved In Sprouting Angiogenesis (GO:1903589),0.25631964157704534,0.39194951161632524,0,0,3.7906051811243686,5.160264602184192,GATA2
GO_Biological_Process_2023,Positive Regulation Of Chromatin Binding (GO:0035563),0.25631964157704534,0.39194951161632524,0,0,3.7906051811243686,5.160264602184192,PARP9
GO_Biological_Process_2023,Positive Regulation Of Epithelial Cell Proliferation Involved In Wound Healing (GO:0060054),0.25631964157704534,0.39194951161632524,0,0,3.7906051811243686,5.160264602184192,LRG1
GO_Biological_Process_2023,Positive Regulation Of Fatty Acid Beta-Oxidation (GO:0032000),0.25631964157704534,0.39194951161632524,0,0,3.7906051811243686,5.160264602184192,MTLN
GO_Biological_Process_2023,Positive Regulation Of Megakaryocyte Differentiation (GO:0045654),0.25631964157704534,0.39194951161632524,0,0,3.7906051811243686,5.160264602184192,MTURN
GO_Biological_Process_2023,Positive Regulation Of Membrane Invagination (GO:1905155),0.25631964157704534,0.39194951161632524,0,0,3.7906051811243686,5.160264602184192,APLP2
GO_Biological_Process_2023,Positive Regulation Of Mitochondrial Calcium Ion Concentration (GO:0051561),0.25631964157704534,0.39194951161632524,0,0,3.7906051811243686,5.160264602184192,RAP1GDS1
GO_Biological_Process_2023,Positive Regulation Of Monocyte Chemotactic Protein-1 Production (GO:0071639),0.25631964157704534,0.39194951161632524,0,0,3.7906051811243686,5.160264602184192,OAS1
GO_Biological_Process_2023,Positive Regulation Of Smooth Muscle Cell Apoptotic Process (GO:0034393),0.25631964157704534,0.39194951161632524,0,0,3.7906051811243686,5.160264602184192,PDCD4
GO_Biological_Process_2023,Positive Regulation Of Transcription Of Nucleolar Large rRNA By RNA Polymerase I (GO:1901838),0.25631964157704534,0.39194951161632524,0,0,3.7906051811243686,5.160264602184192,NOL11
GO_Biological_Process_2023,Positive Regulation Of Tumor Necrosis Factor-Mediated Signaling Pathway (GO:1903265),0.25631964157704534,0.39194951161632524,0,0,3.7906051811243686,5.160264602184192,UBE2K
GO_Biological_Process_2023,Proline Transport (GO:0015824),0.25631964157704534,0.39194951161632524,0,0,3.7906051811243686,5.160264602184192,SLC7A5
GO_Biological_Process_2023,Purine Nucleobase Transport (GO:0006863),0.25631964157704534,0.39194951161632524,0,0,3.7906051811243686,5.160264602184192,SLC29A1
GO_Biological_Process_2023,Pyrimidine-Containing Compound Metabolic Process (GO:0072527),0.25631964157704534,0.39194951161632524,0,0,3.7906051811243686,5.160264602184192,NT5C3A
GO_Biological_Process_2023,Regulation Of DNA Methylation (GO:0044030),0.25631964157704534,0.39194951161632524,0,0,3.7906051811243686,5.160264602184192,GRHL2
GO_Biological_Process_2023,Regulation Of DNA-templated Transcription Initiation (GO:2000142),0.25631964157704534,0.39194951161632524,0,0,3.7906051811243686,5.160264602184192,JUN
GO_Biological_Process_2023,Regulation Of ER-associated Ubiquitin-Dependent Protein Catabolic Process (GO:1903069),0.25631964157704534,0.39194951161632524,0,0,3.7906051811243686,5.160264602184192,USP14
GO_Biological_Process_2023,Regulation Of Angiotensin Levels In Blood (GO:0002002),0.25631964157704534,0.39194951161632524,0,0,3.7906051811243686,5.160264602184192,ATP6AP2
GO_Biological_Process_2023,Regulation Of Complement Activation (GO:0030449),0.25631964157704534,0.39194951161632524,0,0,3.7906051811243686,5.160264602184192,CD55
GO_Biological_Process_2023,Regulation Of Fibroblast Apoptotic Process (GO:2000269),0.25631964157704534,0.39194951161632524,0,0,3.7906051811243686,5.160264602184192,BTG1
GO_Biological_Process_2023,Regulation Of Gap Junction Assembly (GO:1903596),0.25631964157704534,0.39194951161632524,0,0,3.7906051811243686,5.160264602184192,IRX3
GO_Biological_Process_2023,Regulation Of Generation Of Precursor Metabolites And Energy (GO:0043467),0.25631964157704534,0.39194951161632524,0,0,3.7906051811243686,5.160264602184192,PNPT1
GO_Biological_Process_2023,Regulation Of Glial Cell Proliferation (GO:0060251),0.25631964157704534,0.39194951161632524,0,0,3.7906051811243686,5.160264602184192,HES1
GO_Biological_Process_2023,Regulation Of Helicase Activity (GO:0051095),0.25631964157704534,0.39194951161632524,0,0,3.7906051811243686,5.160264602184192,IFIT1
GO_Biological_Process_2023,Regulation Of Interleukin-18 Production (GO:0032661),0.25631964157704534,0.39194951161632524,0,0,3.7906051811243686,5.160264602184192,DHX9
GO_Biological_Process_2023,Regulation Of Interleukin-23 Production (GO:0032667),0.25631964157704534,0.39194951161632524,0,0,3.7906051811243686,5.160264602184192,RAC1
GO_Biological_Process_2023,Regulation Of Macrophage Migration (GO:1905521),0.25631964157704534,0.39194951161632524,0,0,3.7906051811243686,5.160264602184192,MTUS1
GO_Biological_Process_2023,Regulation Of Mitochondrial Gene Expression (GO:0062125),0.25631964157704534,0.39194951161632524,0,0,3.7906051811243686,5.160264602184192,LRPPRC
GO_Biological_Process_2023,Regulation Of Morphogenesis Of An Epithelium (GO:1905330),0.25631964157704534,0.39194951161632524,0,0,3.7906051811243686,5.160264602184192,FOXP1
GO_Biological_Process_2023,Regulation Of Nuclear Cell Cycle DNA Replication (GO:0033262),0.25631964157704534,0.39194951161632524,0,0,3.7906051811243686,5.160264602184192,WIZ
GO_Biological_Process_2023,Regulation Of Protein Lipidation (GO:1903059),0.25631964157704534,0.39194951161632524,0,0,3.7906051811243686,5.160264602184192,RAB3GAP2
GO_Biological_Process_2023,Respiratory Chain Complex III Assembly (GO:0017062),0.25631964157704534,0.39194951161632524,0,0,3.7906051811243686,5.160264602184192,UQCC1
GO_Biological_Process_2023,Response To Magnesium Ion (GO:0032026),0.25631964157704534,0.39194951161632524,0,0,3.7906051811243686,5.160264602184192,D2HGDH
GO_Biological_Process_2023,Semaphorin-Plexin Signaling Pathway Involved In Axon Guidance (GO:1902287),0.25631964157704534,0.39194951161632524,0,0,3.7906051811243686,5.160264602184192,PLXNA4
GO_Biological_Process_2023,Somatic Recombination Of Immunoglobulin Genes Involved In Immune Response (GO:0002204),0.25631964157704534,0.39194951161632524,0,0,3.7906051811243686,5.160264602184192,EXOSC6
GO_Biological_Process_2023,Sphingosine-1-Phosphate Receptor Signaling Pathway (GO:0003376),0.25631964157704534,0.39194951161632524,0,0,3.7906051811243686,5.160264602184192,RAC1
GO_Biological_Process_2023,Sympathetic Ganglion Development (GO:0061549),0.25631964157704534,0.39194951161632524,0,0,3.7906051811243686,5.160264602184192,INSM1
GO_Biological_Process_2023,Tetrahydrofolate Interconversion (GO:0035999),0.25631964157704534,0.39194951161632524,0,0,3.7906051811243686,5.160264602184192,MTHFD2
GO_Biological_Process_2023,Tricarboxylic Acid Metabolic Process (GO:0072350),0.25631964157704534,0.39194951161632524,0,0,3.7906051811243686,5.160264602184192,IDH1
GO_Biological_Process_2023,Type B Pancreatic Cell Differentiation (GO:0003309),0.25631964157704534,0.39194951161632524,0,0,3.7906051811243686,5.160264602184192,INSM1
GO_Biological_Process_2023,Ubiquitin-Dependent Protein Catabolic Process Via The C-end Degron Rule Pathway (GO:0140627),0.25631964157704534,0.39194951161632524,0,0,3.7906051811243686,5.160264602184192,KLHDC3
GO_Biological_Process_2023,Unsaturated Fatty Acid Biosynthetic Process (GO:0006636),0.25631964157704534,0.39194951161632524,0,0,3.7906051811243686,5.160264602184192,SCD
GO_Biological_Process_2023,Cardiac Muscle Cell Differentiation (GO:0055007),0.25711541678641325,0.39194951161632524,0,0,2.1232530120481927,2.883866368183125,MESP1;IRX3
GO_Biological_Process_2023,Establishment Of Protein Localization To Vacuole (GO:0072666),0.25711541678641325,0.39194951161632524,0,0,2.1232530120481927,2.883866368183125,VPS41;CACNG4
GO_Biological_Process_2023,Iron-Sulfur Cluster Assembly (GO:0016226),0.25711541678641325,0.39194951161632524,0,0,2.1232530120481927,2.883866368183125,GLRX5;BOLA3
GO_Biological_Process_2023,mRNA Modification (GO:0016556),0.25711541678641325,0.39194951161632524,0,0,2.1232530120481927,2.883866368183125,NSUN2;METTL3
GO_Biological_Process_2023,Metallo-Sulfur Cluster Assembly (GO:0031163),0.25711541678641325,0.39194951161632524,0,0,2.1232530120481927,2.883866368183125,GLRX5;BOLA3
GO_Biological_Process_2023,Monoubiquitinated Histone H2A Deubiquitination (GO:0035522),0.25711541678641325,0.39194951161632524,0,0,2.1232530120481927,2.883866368183125,TMEM98;TAF9
GO_Biological_Process_2023,Monoubiquitinated Histone Deubiquitination (GO:0035521),0.25711541678641325,0.39194951161632524,0,0,2.1232530120481927,2.883866368183125,TMEM98;TAF9
GO_Biological_Process_2023,Myeloid Cell Development (GO:0061515),0.25711541678641325,0.39194951161632524,0,0,2.1232530120481927,2.883866368183125,MYB;FOXP1
GO_Biological_Process_2023,Negative Regulation Of NIK/NF-kappaB Signaling (GO:1901223),0.25711541678641325,0.39194951161632524,0,0,2.1232530120481927,2.883866368183125,TSPAN6;ADIPOR1
GO_Biological_Process_2023,Negative Regulation Of Notch Signaling Pathway (GO:0045746),0.25711541678641325,0.39194951161632524,0,0,2.1232530120481927,2.883866368183125,METTL3;GATA2
GO_Biological_Process_2023,Negative Regulation Of Cellular Response To Insulin Stimulus (GO:1900077),0.25711541678641325,0.39194951161632524,0,0,2.1232530120481927,2.883866368183125,GSK3A;APLP2
GO_Biological_Process_2023,Negative Regulation Of Neurogenesis (GO:0050768),0.25711541678641325,0.39194951161632524,0,0,2.1232530120481927,2.883866368183125,RUFY3;NF1
GO_Biological_Process_2023,Positive Regulation Of Mitotic Cell Cycle (GO:0045931),0.25711541678641325,0.39194951161632524,0,0,2.1232530120481927,2.883866368183125,SMOC2;HES1
GO_Biological_Process_2023,Positive Regulation Of Nitric Oxide Biosynthetic Process (GO:0045429),0.25711541678641325,0.39194951161632524,0,0,2.1232530120481927,2.883866368183125,ASS1;KLF2
GO_Biological_Process_2023,Positive Regulation Of Response To Wounding (GO:1903036),0.25711541678641325,0.39194951161632524,0,0,2.1232530120481927,2.883866368183125,OCLN;ADRA2A
GO_Biological_Process_2023,Regulation Of Extrinsic Apoptotic Signaling Pathway In Absence Of Ligand (GO:2001239),0.25711541678641325,0.39194951161632524,0,0,2.1232530120481927,2.883866368183125,IFI6;BCL2
GO_Biological_Process_2023,Ventricular Septum Morphogenesis (GO:0060412),0.25711541678641325,0.39194951161632524,0,0,2.1232530120481927,2.883866368183125,HES1;SOX4
GO_Biological_Process_2023,Lipid Biosynthetic Process (GO:0008610),0.25782163038036315,0.392036081124129,0,0,1.585016095990635,2.148469169821097,GGPS1;PRLR;ACACB;ACSF3
GO_Biological_Process_2023,Myeloid Leukocyte Differentiation (GO:0002573),0.25782163038036315,0.392036081124129,0,0,1.585016095990635,2.148469169821097,GLO1;SRP54;DHRS2;FOXP1
GO_Biological_Process_2023,Negative Regulation Of Catabolic Process (GO:0009895),0.25782163038036315,0.392036081124129,0,0,1.585016095990635,2.148469169821097,PDCL3;APOC1;NUPR1;ADRA2A
GO_Biological_Process_2023,Regulation Of Cellular Localization (GO:0060341),0.25782163038036315,0.392036081124129,0,0,1.585016095990635,2.148469169821097,SUMO1;TPR;STX6;REEP6
GO_Biological_Process_2023,Response To Ionizing Radiation (GO:0010212),0.25782163038036315,0.392036081124129,0,0,1.585016095990635,2.148469169821097,STK11;INTS3;GRB2;RHOB
GO_Biological_Process_2023,Synapse Assembly (GO:0007416),0.25782163038036315,0.392036081124129,0,0,1.585016095990635,2.148469169821097,FARP1;CDH1;SLITRK6;SHANK2
GO_Biological_Process_2023,Blood Circulation (GO:0008015),0.2629999937687736,0.39907246645601085,0,0,1.731185085678713,2.3121729998983778,STAT1;MYOF;SGCG
GO_Biological_Process_2023,Heterophilic Cell-Cell Adhesion Via Plasma Membrane Cell Adhesion Molecules (GO:0007157),0.2629999937687736,0.39907246645601085,0,0,1.731185085678713,2.3121729998983778,ALCAM;CEACAM6;NECTIN4
GO_Biological_Process_2023,Intrinsic Apoptotic Signaling Pathway In Response To DNA Damage (GO:0008630),0.2629999937687736,0.39907246645601085,0,0,1.731185085678713,2.3121729998983778,BCL2;BCL2L2;PHLDA3
GO_Biological_Process_2023,Nucleocytoplasmic Transport (GO:0006913),0.2629999937687736,0.39907246645601085,0,0,1.731185085678713,2.3121729998983778,AHCTF1;RSRC1;TPR
GO_Biological_Process_2023,Regulation Of Interleukin-12 Production (GO:0032655),0.2629999937687736,0.39907246645601085,0,0,1.731185085678713,2.3121729998983778,CD47;FOXP1;HSPD1
GO_Biological_Process_2023,Positive Regulation Of Transferase Activity (GO:0051347),0.26450229504228306,0.40118396676848794,0,0,1.3669078742608154,1.8178580960478607,DDR1;GSK3A;PABPN1;ERBB2;DCUN1D1;FGFR4;GRHL2
GO_Biological_Process_2023,Cellular Response To Hypoxia (GO:0071456),0.2658697866993897,0.4030893124425239,0,0,1.5616626741194215,2.068810462673545,BNIP3;LMNA;P4HB;NDRG1
GO_Biological_Process_2023,Regulation Of Protein Localization (GO:0032880),0.2704079163241823,0.407660463434376,0,0,1.458843043748704,1.9079094472290128,DLG1;SUMO1;TPR;STX6;MAPT
GO_Biological_Process_2023,RNA-mediated Gene Silencing (GO:0031047),0.27073873558652334,0.407660463434376,0,0,2.0415315106580167,2.667467110189708,HEXIM1;DHX9
GO_Biological_Process_2023,Apoptotic Cell Clearance (GO:0043277),0.27073873558652334,0.407660463434376,0,0,2.0415315106580167,2.667467110189708,NR1H3;RAC1
GO_Biological_Process_2023,Cell-Substrate Junction Assembly (GO:0007044),0.27073873558652334,0.407660463434376,0,0,2.0415315106580167,2.667467110189708,CTTN;TRIP6
GO_Biological_Process_2023,Homologous Chromosome Pairing At Meiosis (GO:0007129),0.27073873558652334,0.407660463434376,0,0,2.0415315106580167,2.667467110189708,RNF212;SYCP2
GO_Biological_Process_2023,Membrane Fusion (GO:0061025),0.27073873558652334,0.407660463434376,0,0,2.0415315106580167,2.667467110189708,VAPA;DNM1L
GO_Biological_Process_2023,Negative Regulation Of Cation Channel Activity (GO:2001258),0.27073873558652334,0.407660463434376,0,0,2.0415315106580167,2.667467110189708,CALM3;CALM2
GO_Biological_Process_2023,Negative Regulation Of Mitotic Metaphase/Anaphase Transition (GO:0045841),0.27073873558652334,0.407660463434376,0,0,2.0415315106580167,2.667467110189708,CENPF;TPR
GO_Biological_Process_2023,Positive Regulation Of Calcium Ion Transport (GO:0051928),0.27073873558652334,0.407660463434376,0,0,2.0415315106580167,2.667467110189708,WFS1;STC1
GO_Biological_Process_2023,Positive Regulation Of Nitric Oxide Metabolic Process (GO:1904407),0.27073873558652334,0.407660463434376,0,0,2.0415315106580167,2.667467110189708,ASS1;KLF2
GO_Biological_Process_2023,Positive Regulation Of Protein Import Into Nucleus (GO:0042307),0.27073873558652334,0.407660463434376,0,0,2.0415315106580167,2.667467110189708,CDH1;TPR
GO_Biological_Process_2023,Regulation Of Bone Resorption (GO:0045124),0.27073873558652334,0.407660463434376,0,0,2.0415315106580167,2.667467110189708,NF1;GPR137B
GO_Biological_Process_2023,Regulation Of Calcium Ion-Dependent Exocytosis (GO:0017158),0.27073873558652334,0.407660463434376,0,0,2.0415315106580167,2.667467110189708,SYT7;BAIAP3
GO_Biological_Process_2023,Regulation Of Lipid Biosynthetic Process (GO:0046890),0.27073873558652334,0.407660463434376,0,0,2.0415315106580167,2.667467110189708,NR1H3;CREBL2
GO_Biological_Process_2023,Regulation Of Monoatomic Ion Transport (GO:0043269),0.27073873558652334,0.407660463434376,0,0,2.0415315106580167,2.667467110189708,NEDD4L;STC1
GO_Biological_Process_2023,Regulation Of Plasma Membrane Bounded Cell Projection Organization (GO:0120035),0.27073873558652334,0.407660463434376,0,0,2.0415315106580167,2.667467110189708,GSK3B;GSK3A
GO_Biological_Process_2023,Cilium Organization (GO:0044782),0.2707981985154911,0.407660463434376,0,0,1.2770614801864801,1.6683293521378604,ACTR3;TTC36;SLC9A3R1;ACTR2;IFT74;TTLL3;SEPTIN2;IFT122;ATP6V1D;RAB8A
GO_Biological_Process_2023,Cardiac Muscle Tissue Development (GO:0048738),0.27291275843984014,0.40870191678103274,0,0,1.694303259632189,2.2002274670330144,MESP1;NDUFV2;SGCG
GO_Biological_Process_2023,Icosanoid Metabolic Process (GO:0006690),0.27291275843984014,0.40870191678103274,0,0,1.694303259632189,2.2002274670330144,GPX4;MGLL;NAIP
GO_Biological_Process_2023,Negative Regulation Of MAP Kinase Activity (GO:0043407),0.27291275843984014,0.40870191678103274,0,0,1.694303259632189,2.2002274670330144,NF1;PDCD4;DUSP16
GO_Biological_Process_2023,Pyruvate Metabolic Process (GO:0006090),0.27291275843984014,0.40870191678103274,0,0,1.694303259632189,2.2002274670330144,LDHB;HK2;PCK2
GO_Biological_Process_2023,Regulation Of Cell Development (GO:0060284),0.27291275843984014,0.40870191678103274,0,0,1.694303259632189,2.2002274670330144,ING5;MEAF6;HES1
GO_Biological_Process_2023,Regulation Of Smoothened Signaling Pathway (GO:0008589),0.27291275843984014,0.40870191678103274,0,0,1.694303259632189,2.2002274670330144,IFT122;UCHL5;GAS8
GO_Biological_Process_2023,Steroid Biosynthetic Process (GO:0006694),0.27291275843984014,0.40870191678103274,0,0,1.694303259632189,2.2002274670330144,CYP27A1;SQLE;PRLR
GO_Biological_Process_2023,Cellular Response To Decreased Oxygen Levels (GO:0036294),0.2739630134536427,0.40870191678103274,0,0,1.5389861630270838,1.9926210626576026,BNIP3;LMNA;P4HB;NDRG1
GO_Biological_Process_2023,Positive Regulation Of Interleukin-6 Production (GO:0032755),0.2739630134536427,0.40870191678103274,0,0,1.5389861630270838,1.9926210626576026,IFIH1;DHX9;ARHGEF2;HSPD1
GO_Biological_Process_2023,Positive Regulation Of Lymphocyte Proliferation (GO:0050671),0.2739630134536427,0.40870191678103274,0,0,1.5389861630270838,1.9926210626576026,VAV3;PNP;BCL2;IL6ST
GO_Biological_Process_2023,Positive Regulation Of Ras Protein Signal Transduction (GO:0046579),0.2828636726041418,0.40870191678103274,0,0,1.6589581763376036,2.0949161598894928,SHOC2;RAC1;F11R
GO_Biological_Process_2023,Positive Regulation Of Protein Localization To Cell Periphery (GO:1904377),0.2828636726041418,0.40870191678103274,0,0,1.6589581763376036,2.0949161598894928,DLG1;SPTBN1;NKD2
GO_Biological_Process_2023,Regulated Exocytosis (GO:0045055),0.2828636726041418,0.40870191678103274,0,0,1.6589581763376036,2.0949161598894928,RAB10;TMED10;RAB11FIP1
GO_Biological_Process_2023,Spermatid Development (GO:0007286),0.2828636726041418,0.40870191678103274,0,0,1.6589581763376036,2.0949161598894928,IQCN;CDYL;NECTIN2
GO_Biological_Process_2023,AMP Metabolic Process (GO:0046033),0.2833492222494951,0.40870191678103274,0,0,3.316685477802859,4.182589607271376,SORD
GO_Biological_Process_2023,"DNA Damage Response, Signal Transduction Resulting In Transcription (GO:0042772)",0.2833492222494951,0.40870191678103274,0,0,3.316685477802859,4.182589607271376,SP100
GO_Biological_Process_2023,ER-associated Misfolded Protein Catabolic Process (GO:0071712),0.2833492222494951,0.40870191678103274,0,0,3.316685477802859,4.182589607271376,UGGT1
GO_Biological_Process_2023,NAD Biosynthesis Via Nicotinamide Riboside Salvage Pathway (GO:0034356),0.2833492222494951,0.40870191678103274,0,0,3.316685477802859,4.182589607271376,PARP9
GO_Biological_Process_2023,SNARE Complex Assembly (GO:0035493),0.2833492222494951,0.40870191678103274,0,0,3.316685477802859,4.182589607271376,VAMP8
GO_Biological_Process_2023,T-helper 1 Type Immune Response (GO:0042088),0.2833492222494951,0.40870191678103274,0,0,3.316685477802859,4.182589607271376,TMEM98
GO_Biological_Process_2023,[2Fe-2S] Cluster Assembly (GO:0044571),0.2833492222494951,0.40870191678103274,0,0,3.316685477802859,4.182589607271376,GLRX5
GO_Biological_Process_2023,Alpha-Linolenic Acid Metabolic Process (GO:0036109),0.2833492222494951,0.40870191678103274,0,0,3.316685477802859,4.182589607271376,ELOVL5
GO_Biological_Process_2023,Aminoglycan Metabolic Process (GO:0006022),0.2833492222494951,0.40870191678103274,0,0,3.316685477802859,4.182589607271376,HEXB
GO_Biological_Process_2023,Apical Protein Localization (GO:0045176),0.2833492222494951,0.40870191678103274,0,0,3.316685477802859,4.182589607271376,SHROOM3
GO_Biological_Process_2023,Aspartate Transmembrane Transport (GO:0015810),0.2833492222494951,0.40870191678103274,0,0,3.316685477802859,4.182589607271376,SLC1A2
GO_Biological_Process_2023,Axon Regeneration (GO:0031103),0.2833492222494951,0.40870191678103274,0,0,3.316685477802859,4.182589607271376,MTR
GO_Biological_Process_2023,cAMP Biosynthetic Process (GO:0006171),0.2833492222494951,0.40870191678103274,0,0,3.316685477802859,4.182589607271376,ADCY2
GO_Biological_Process_2023,Calcium Import Into The Mitochondrion (GO:0036444),0.2833492222494951,0.40870191678103274,0,0,3.316685477802859,4.182589607271376,MAIP1
GO_Biological_Process_2023,Carbohydrate Phosphorylation (GO:0046835),0.2833492222494951,0.40870191678103274,0,0,3.316685477802859,4.182589607271376,HK2
GO_Biological_Process_2023,Cell Differentiation Involved In Metanephros Development (GO:0072202),0.2833492222494951,0.40870191678103274,0,0,3.316685477802859,4.182589607271376,STAT1
GO_Biological_Process_2023,Cellular Response To Oxidised Low-Density Lipoprotein Particle Stimulus (GO:0140052),0.2833492222494951,0.40870191678103274,0,0,3.316685477802859,4.182589607271376,MIA3
GO_Biological_Process_2023,Cellular Response To Oxygen Levels (GO:0071453),0.2833492222494951,0.40870191678103274,0,0,3.316685477802859,4.182589607271376,NDUFS2
GO_Biological_Process_2023,Cellular Response To Purine-Containing Compound (GO:0071415),0.2833492222494951,0.40870191678103274,0,0,3.316685477802859,4.182589607271376,RYR1
GO_Biological_Process_2023,Cellular Response To Type III Interferon (GO:0071358),0.2833492222494951,0.40870191678103274,0,0,3.316685477802859,4.182589607271376,IFNGR2
GO_Biological_Process_2023,Endothelial Tube Morphogenesis (GO:0061154),0.2833492222494951,0.40870191678103274,0,0,3.316685477802859,4.182589607271376,RHOB
GO_Biological_Process_2023,Forelimb Morphogenesis (GO:0035136),0.2833492222494951,0.40870191678103274,0,0,3.316685477802859,4.182589607271376,TFAP2A
GO_Biological_Process_2023,Fructose 6-Phosphate Metabolic Process (GO:0006002),0.2833492222494951,0.40870191678103274,0,0,3.316685477802859,4.182589607271376,HK2
GO_Biological_Process_2023,Glucan Biosynthetic Process (GO:0009250),0.2833492222494951,0.40870191678103274,0,0,3.316685477802859,4.182589607271376,UGP2
GO_Biological_Process_2023,Glycogen Biosynthetic Process (GO:0005978),0.2833492222494951,0.40870191678103274,0,0,3.316685477802859,4.182589607271376,UGP2
GO_Biological_Process_2023,Glycosphingolipid Catabolic Process (GO:0046479),0.2833492222494951,0.40870191678103274,0,0,3.316685477802859,4.182589607271376,HEXB
GO_Biological_Process_2023,Granulocyte Migration (GO:0097530),0.2833492222494951,0.40870191678103274,0,0,3.316685477802859,4.182589607271376,GP2
GO_Biological_Process_2023,Histone H3-K14 Acetylation (GO:0044154),0.2833492222494951,0.40870191678103274,0,0,3.316685477802859,4.182589607271376,MBIP
GO_Biological_Process_2023,Histone Ubiquitination (GO:0016574),0.2833492222494951,0.40870191678103274,0,0,3.316685477802859,4.182589607271376,RNF20
GO_Biological_Process_2023,Kinetochore Assembly (GO:0051382),0.2833492222494951,0.40870191678103274,0,0,3.316685477802859,4.182589607271376,CENPF
GO_Biological_Process_2023,Lung Epithelium Development (GO:0060428),0.2833492222494951,0.40870191678103274,0,0,3.316685477802859,4.182589607271376,GRHL2
GO_Biological_Process_2023,Mast Cell Activation Involved In Immune Response (GO:0002279),0.2833492222494951,0.40870191678103274,0,0,3.316685477802859,4.182589607271376,S100A13
GO_Biological_Process_2023,Mast Cell Degranulation (GO:0043303),0.2833492222494951,0.40870191678103274,0,0,3.316685477802859,4.182589607271376,S100A13
GO_Biological_Process_2023,Microtubule Anchoring (GO:0034453),0.2833492222494951,0.40870191678103274,0,0,3.316685477802859,4.182589607271376,GCC2
GO_Biological_Process_2023,Mitochondrial Respirasome Assembly (GO:0097250),0.2833492222494951,0.40870191678103274,0,0,3.316685477802859,4.182589607271376,COX7A2L
GO_Biological_Process_2023,Mitochondrial Ribosome Assembly (GO:0061668),0.2833492222494951,0.40870191678103274,0,0,3.316685477802859,4.182589607271376,FASTKD2
GO_Biological_Process_2023,Mitochondrion Morphogenesis (GO:0070584),0.2833492222494951,0.40870191678103274,0,0,3.316685477802859,4.182589607271376,PNPT1
GO_Biological_Process_2023,Mitral Valve Morphogenesis (GO:0003183),0.2833492222494951,0.40870191678103274,0,0,3.316685477802859,4.182589607271376,SOX4
GO_Biological_Process_2023,Motor Neuron Axon Guidance (GO:0008045),0.2833492222494951,0.40870191678103274,0,0,3.316685477802859,4.182589607271376,RAC1
GO_Biological_Process_2023,Muscle Cell Migration (GO:0014812),0.2833492222494951,0.40870191678103274,0,0,3.316685477802859,4.182589607271376,DDR1
GO_Biological_Process_2023,Myelin Assembly (GO:0032288),0.2833492222494951,0.40870191678103274,0,0,3.316685477802859,4.182589607271376,CD9
GO_Biological_Process_2023,Myeloid Dendritic Cell Differentiation (GO:0043011),0.2833492222494951,0.40870191678103274,0,0,3.316685477802859,4.182589607271376,DHRS2
GO_Biological_Process_2023,Necroptotic Process (GO:0070266),0.2833492222494951,0.40870191678103274,0,0,3.316685477802859,4.182589607271376,DNM1L
GO_Biological_Process_2023,Negative Regulation Of Bone Resorption (GO:0045779),0.2833492222494951,0.40870191678103274,0,0,3.316685477802859,4.182589607271376,GPR137B
GO_Biological_Process_2023,Negative Regulation Of Cell-Cell Adhesion Mediated By Cadherin (GO:2000048),0.2833492222494951,0.40870191678103274,0,0,3.316685477802859,4.182589607271376,EPCAM
GO_Biological_Process_2023,Negative Regulation Of Establishment Of Protein Localization (GO:1904950),0.2833492222494951,0.40870191678103274,0,0,3.316685477802859,4.182589607271376,MAPT
GO_Biological_Process_2023,Negative Regulation Of Heterotypic Cell-Cell Adhesion (GO:0034115),0.2833492222494951,0.40870191678103274,0,0,3.316685477802859,4.182589607271376,MYADM
GO_Biological_Process_2023,Negative Regulation Of Hormone Secretion (GO:0046888),0.2833492222494951,0.40870191678103274,0,0,3.316685477802859,4.182589607271376,RAB11FIP1
GO_Biological_Process_2023,Negative Regulation Of Protein Autophosphorylation (GO:0031953),0.2833492222494951,0.40870191678103274,0,0,3.316685477802859,4.182589607271376,IMPACT
GO_Biological_Process_2023,Negative Regulation Of Protein Exit From Endoplasmic Reticulum (GO:0070862),0.2833492222494951,0.40870191678103274,0,0,3.316685477802859,4.182589607271376,ERLEC1
GO_Biological_Process_2023,Negative Regulation Of Vascular Endothelial Growth Factor Signaling Pathway (GO:1900747),0.2833492222494951,0.40870191678103274,0,0,3.316685477802859,4.182589607271376,SORD
GO_Biological_Process_2023,Neuron Projection Maintenance (GO:1990535),0.2833492222494951,0.40870191678103274,0,0,3.316685477802859,4.182589607271376,DCTN1
GO_Biological_Process_2023,Neuron Projection Regeneration (GO:0031102),0.2833492222494951,0.40870191678103274,0,0,3.316685477802859,4.182589607271376,MTR
GO_Biological_Process_2023,Neurotransmitter Receptor Transport To Postsynaptic Membrane (GO:0098969),0.2833492222494951,0.40870191678103274,0,0,3.316685477802859,4.182589607271376,RAB8A
GO_Biological_Process_2023,Nucleobase-Containing Compound Biosynthetic Process (GO:0034654),0.2833492222494951,0.40870191678103274,0,0,3.316685477802859,4.182589607271376,PNP
GO_Biological_Process_2023,Nucleoside Metabolic Process (GO:0009116),0.2833492222494951,0.40870191678103274,0,0,3.316685477802859,4.182589607271376,NT5C3A
GO_Biological_Process_2023,Peptidyl-Lysine Dimethylation (GO:0018027),0.2833492222494951,0.40870191678103274,0,0,3.316685477802859,4.182589607271376,SMYD2
GO_Biological_Process_2023,Pinocytosis (GO:0006907),0.2833492222494951,0.40870191678103274,0,0,3.316685477802859,4.182589607271376,PPT1
GO_Biological_Process_2023,Positive Regulation Of Establishment Of Protein Localization To Telomere (GO:1904851),0.2833492222494951,0.40870191678103274,0,0,3.316685477802859,4.182589607271376,CCT3
GO_Biological_Process_2023,Positive Regulation Of Mesenchymal Cell Proliferation (GO:0002053),0.2833492222494951,0.40870191678103274,0,0,3.316685477802859,4.182589607271376,STAT1
GO_Biological_Process_2023,"Positive Regulation Of Phagocytosis, Engulfment (GO:0060100)",0.2833492222494951,0.40870191678103274,0,0,3.316685477802859,4.182589607271376,APLP2
GO_Biological_Process_2023,Positive Regulation Of rRNA Processing (GO:2000234),0.2833492222494951,0.40870191678103274,0,0,3.316685477802859,4.182589607271376,HEATR1
GO_Biological_Process_2023,Positive Regulation Of Sodium Ion Transmembrane Transport (GO:1902307),0.2833492222494951,0.40870191678103274,0,0,3.316685477802859,4.182589607271376,ATP1B3
GO_Biological_Process_2023,Protein O-linked Glycosylation Via Serine (GO:0018242),0.2833492222494951,0.40870191678103274,0,0,3.316685477802859,4.182589607271376,GALNT2
GO_Biological_Process_2023,Protein Localization To Microtubule Cytoskeleton (GO:0072698),0.2833492222494951,0.40870191678103274,0,0,3.316685477802859,4.182589607271376,CRIPT
GO_Biological_Process_2023,"Regulation Of CD4-positive, Alpha-Beta T Cell Proliferation (GO:2000561)",0.2833492222494951,0.40870191678103274,0,0,3.316685477802859,4.182589607271376,CD55
GO_Biological_Process_2023,Regulation Of PERK-mediated Unfolded Protein Response (GO:1903897),0.2833492222494951,0.40870191678103274,0,0,3.316685477802859,4.182589607271376,TMEM33
GO_Biological_Process_2023,Regulation Of Actin Filament-Based Movement (GO:1903115),0.2833492222494951,0.40870191678103274,0,0,3.316685477802859,4.182589607271376,STC1
GO_Biological_Process_2023,Regulation Of Bile Acid Biosynthetic Process (GO:0070857),0.2833492222494951,0.40870191678103274,0,0,3.316685477802859,4.182589607271376,FGFR4
GO_Biological_Process_2023,Regulation Of Cell-Cell Adhesion Involved In Gastrulation (GO:0070587),0.2833492222494951,0.40870191678103274,0,0,3.316685477802859,4.182589607271376,MYADM
GO_Biological_Process_2023,Regulation Of Hair Cycle (GO:0042634),0.2833492222494951,0.40870191678103274,0,0,3.316685477802859,4.182589607271376,TSKU
GO_Biological_Process_2023,Regulation Of Long-Term Synaptic Depression (GO:1900452),0.2833492222494951,0.40870191678103274,0,0,3.316685477802859,4.182589607271376,MAPT
GO_Biological_Process_2023,Regulation Of Phospholipid Metabolic Process (GO:1903725),0.2833492222494951,0.40870191678103274,0,0,3.316685477802859,4.182589607271376,MTMR4
GO_Biological_Process_2023,Regulation Of Protein Acetylation (GO:1901983),0.2833492222494951,0.40870191678103274,0,0,3.316685477802859,4.182589607271376,GSK3B
GO_Biological_Process_2023,Regulation Of Protein Localization To Centrosome (GO:1904779),0.2833492222494951,0.40870191678103274,0,0,3.316685477802859,4.182589607271376,GSK3B
GO_Biological_Process_2023,Regulation Of Sequestering Of Calcium Ion (GO:0051282),0.2833492222494951,0.40870191678103274,0,0,3.316685477802859,4.182589607271376,MTLN
GO_Biological_Process_2023,Regulation Of Transmembrane Transporter Activity (GO:0022898),0.2833492222494951,0.40870191678103274,0,0,3.316685477802859,4.182589607271376,BCL2
GO_Biological_Process_2023,Regulation Of Viral-Induced Cytoplasmic Pattern Recognition Receptor Signaling Pathway (GO:0039531),0.2833492222494951,0.40870191678103274,0,0,3.316685477802859,4.182589607271376,TSPAN6
GO_Biological_Process_2023,Serine Family Amino Acid Catabolic Process (GO:0009071),0.2833492222494951,0.40870191678103274,0,0,3.316685477802859,4.182589607271376,THNSL2
GO_Biological_Process_2023,Smooth Muscle Tissue Development (GO:0048745),0.2833492222494951,0.40870191678103274,0,0,3.316685477802859,4.182589607271376,NF1
GO_Biological_Process_2023,Transferrin Transport (GO:0033572),0.2833492222494951,0.40870191678103274,0,0,3.316685477802859,4.182589607271376,CLTC
GO_Biological_Process_2023,Type III Interferon-Mediated Signaling Pathway (GO:0038196),0.2833492222494951,0.40870191678103274,0,0,3.316685477802859,4.182589607271376,IFNGR2
GO_Biological_Process_2023,"Wound Healing, Spreading Of Epidermal Cells (GO:0035313)",0.2833492222494951,0.40870191678103274,0,0,3.316685477802859,4.182589607271376,LRG1
GO_Biological_Process_2023,TOR Signaling (GO:0031929),0.28435362514859264,0.40870191678103274,0,0,1.965863453815261,2.472145354678387,MEAK7;LAMTOR2
GO_Biological_Process_2023,Antigen Processing And Presentation Of Exogenous Peptide Antigen (GO:0002478),0.28435362514859264,0.40870191678103274,0,0,1.965863453815261,2.472145354678387,MFSD6;CTSS
GO_Biological_Process_2023,Establishment Of Mitotic Spindle Orientation (GO:0000132),0.28435362514859264,0.40870191678103274,0,0,1.965863453815261,2.472145354678387,DCTN1;MISP
GO_Biological_Process_2023,Heterochromatin Formation (GO:0031507),0.28435362514859264,0.40870191678103274,0,0,1.965863453815261,2.472145354678387,LMNA;TRIP12
GO_Biological_Process_2023,Innate Immune Response Activating Cell Surface Receptor Signaling Pathway (GO:0002220),0.28435362514859264,0.40870191678103274,0,0,1.965863453815261,2.472145354678387,FFAR2;PAK2
GO_Biological_Process_2023,Leukocyte Cell-Cell Adhesion (GO:0007159),0.28435362514859264,0.40870191678103274,0,0,1.965863453815261,2.472145354678387,LRG1;F11R
GO_Biological_Process_2023,Maintenance Of Blood-Brain Barrier (GO:0035633),0.28435362514859264,0.40870191678103274,0,0,1.965863453815261,2.472145354678387,OCLN;F11R
GO_Biological_Process_2023,Negative Regulation Of Myeloid Leukocyte Differentiation (GO:0002762),0.28435362514859264,0.40870191678103274,0,0,1.965863453815261,2.472145354678387,TCTA;GPR137B
GO_Biological_Process_2023,Peptidyl-Tyrosine Dephosphorylation (GO:0035335),0.28435362514859264,0.40870191678103274,0,0,1.965863453815261,2.472145354678387,PTPRT;DUSP5
GO_Biological_Process_2023,Positive Regulation Of B Cell Proliferation (GO:0030890),0.28435362514859264,0.40870191678103274,0,0,1.965863453815261,2.472145354678387,VAV3;BCL2
GO_Biological_Process_2023,Positive Regulation Of Interleukin-10 Production (GO:0032733),0.28435362514859264,0.40870191678103274,0,0,1.965863453815261,2.472145354678387,ISG15;HSPD1
GO_Biological_Process_2023,Protein K11-linked Ubiquitination (GO:0070979),0.28435362514859264,0.40870191678103274,0,0,1.965863453815261,2.472145354678387,ANAPC13;UBE2H
GO_Biological_Process_2023,Protein Acetylation (GO:0006473),0.28435362514859264,0.40870191678103274,0,0,1.965863453815261,2.472145354678387,ING5;MAPT
GO_Biological_Process_2023,Regulation Of Establishment Of Planar Polarity (GO:0090175),0.28435362514859264,0.40870191678103274,0,0,1.965863453815261,2.472145354678387,VANGL1;RAC1
GO_Biological_Process_2023,Regulation Of Neuron Migration (GO:2001222),0.28435362514859264,0.40870191678103274,0,0,1.965863453815261,2.472145354678387,PLAA;ARHGEF2
GO_Biological_Process_2023,Regulation Of Striated Muscle Contraction (GO:0006942),0.28435362514859264,0.40870191678103274,0,0,1.965863453815261,2.472145354678387,CALM3;CALM2
GO_Biological_Process_2023,Response To Epidermal Growth Factor (GO:0070849),0.28435362514859264,0.40870191678103274,0,0,1.965863453815261,2.472145354678387,ERBB2;TPR
GO_Biological_Process_2023,Cell-Cell Adhesion Via Plasma-Membrane Adhesion Molecules (GO:0098742),0.2888249803407449,0.4149639344681388,0,0,1.295413453378104,1.6088185023540431,PTPRT;ALCAM;CDH1;CEACAM6;NPTN;NECTIN4;IGSF9;NECTIN2
GO_Biological_Process_2023,Organonitrogen Compound Catabolic Process (GO:1901565),0.29026633970060284,0.41686942204424404,0,0,1.4955494657234507,1.8499294303860108,RIDA;CPQ;SIAH1;PPT1
GO_Biological_Process_2023,Cellular Response To Ionizing Radiation (GO:0071479),0.2928447182314219,0.42023913210547154,0,0,1.6250557495040217,1.9957517380073693,GRB2;RHOB;TSPYL5
GO_Biological_Process_2023,Neurotransmitter Transport (GO:0006836),0.2928447182314219,0.42023913210547154,0,0,1.6250557495040217,1.9957517380073693,SLC38A1;SLC1A2;SLC29A1
GO_Biological_Process_2023,Artery Morphogenesis (GO:0048844),0.29794272150323314,0.4252889231402527,0,0,1.8956002581755593,2.2952951941989137,NF1;HES1
GO_Biological_Process_2023,Extrinsic Apoptotic Signaling Pathway Via Death Domain Receptors (GO:0008625),0.29794272150323314,0.4252889231402527,0,0,1.8956002581755593,2.2952951941989137,BCL2;DEDD
GO_Biological_Process_2023,Negative Regulation Of Calcium Ion Transmembrane Transporter Activity (GO:1901020),0.29794272150323314,0.4252889231402527,0,0,1.8956002581755593,2.2952951941989137,CALM3;CALM2
GO_Biological_Process_2023,"Phagocytosis, Engulfment (GO:0006911)",0.29794272150323314,0.4252889231402527,0,0,1.8956002581755593,2.2952951941989137,RAC1;DOCK1
GO_Biological_Process_2023,Positive Regulation Of JUN Kinase Activity (GO:0043507),0.29794272150323314,0.4252889231402527,0,0,1.8956002581755593,2.2952951941989137,TAOK3;MAP3K13
GO_Biological_Process_2023,Positive Regulation Of Lipid Kinase Activity (GO:0090218),0.29794272150323314,0.4252889231402527,0,0,1.8956002581755593,2.2952951941989137,EEF1A2;MAPT
GO_Biological_Process_2023,Positive Regulation Of Proteolysis Involved In Protein Catabolic Process (GO:1903052),0.29794272150323314,0.4252889231402527,0,0,1.8956002581755593,2.2952951941989137,MAGEF1;NUPR1
GO_Biological_Process_2023,Prostaglandin Metabolic Process (GO:0006693),0.29794272150323314,0.4252889231402527,0,0,1.8956002581755593,2.2952951941989137,PLAA;PTGES
GO_Biological_Process_2023,Regulation Of Macrophage Derived Foam Cell Differentiation (GO:0010743),0.29794272150323314,0.4252889231402527,0,0,1.8956002581755593,2.2952951941989137,NFKBIA;NR1H3
GO_Biological_Process_2023,Regulation Of Potassium Ion Transport (GO:0043266),0.29794272150323314,0.4252889231402527,0,0,1.8956002581755593,2.2952951941989137,DLG1;ADRA2A
GO_Biological_Process_2023,Embryonic Organ Development (GO:0048568),0.29846743159388045,0.4252889231402527,0,0,1.4747360482654601,1.7830951844309344,ESRRB;COBL;IFT122;TEAD2
GO_Biological_Process_2023,Long-Chain Fatty Acid Metabolic Process (GO:0001676),0.29846743159388045,0.4252889231402527,0,0,1.4747360482654601,1.7830951844309344,GPX4;ELOVL5;ACSL3;MGLL
GO_Biological_Process_2023,Regulation Of T Cell Proliferation (GO:0042129),0.29846743159388045,0.4252889231402527,0,0,1.4747360482654601,1.7830951844309344,PNP;SDC4;VTCN1;IL6ST
GO_Biological_Process_2023,Regulation Of Immune Response (GO:0050776),0.29846743159388045,0.4252889231402527,0,0,1.4747360482654601,1.7830951844309344,RNF135;PLSCR1;APLP2;DHX58
GO_Biological_Process_2023,Hemopoiesis (GO:0030097),0.29858740759390023,0.4252889231402527,0,0,1.3972591857000993,1.688856790885216,PRDX3;GLRX5;MYB;PBXIP1;ETV6
GO_Biological_Process_2023,rRNA Processing (GO:0006364),0.29858740759390023,0.4252889231402527,0,0,1.3972591857000993,1.688856790885216,EMG1;EXOSC5;NOP58;WDR18;NOL11
GO_Biological_Process_2023,Actin Cytoskeleton Reorganization (GO:0031532),0.3028481243992635,0.4252889231402527,0,0,1.592509419743783,1.9022904653046986,EFS;CTTN;GRB2
GO_Biological_Process_2023,Blood Vessel Morphogenesis (GO:0048514),0.3028481243992635,0.4252889231402527,0,0,1.592509419743783,1.9022904653046986,RAMP2;NF1;HES1
GO_Biological_Process_2023,Carboxylic Acid Transport (GO:0046942),0.3028481243992635,0.4252889231402527,0,0,1.592509419743783,1.9022904653046986,SLC7A5;SLC38A1;SLC7A8
GO_Biological_Process_2023,Glycoprotein Metabolic Process (GO:0009100),0.3028481243992635,0.4252889231402527,0,0,1.592509419743783,1.9022904653046986,GOLPH3;MAN1A2;MGAT4A
GO_Biological_Process_2023,Positive Regulation Of Chemokine Production (GO:0032722),0.3028481243992635,0.4252889231402527,0,0,1.592509419743783,1.9022904653046986,OAS1;EIF2AK2;FFAR2
GO_Biological_Process_2023,Regulation Of Blood Vessel Endothelial Cell Migration (GO:0043535),0.3028481243992635,0.4252889231402527,0,0,1.592509419743783,1.9022904653046986,STAT5A;NF1;GATA2
GO_Biological_Process_2023,Peptide Biosynthetic Process (GO:0043043),0.3044150024539401,0.4252889231402527,0,0,1.2997372997372998,1.5458599334755498,MRPL52;MRPL3;MRPS15;EEF1A2;MRPL14;MRPL24;MRPL35
GO_Biological_Process_2023,Positive Regulation Of ERK1 And ERK2 Cascade (GO:0070374),0.3047764056886408,0.4252889231402527,0,0,1.2720338445650303,1.5114011885652443,DDR1;ARHGAP8;CCL22;CXCL17;ACKR3;FGFR4;MTURN;CD44
GO_Biological_Process_2023,Inorganic Cation Import Across Plasma Membrane (GO:0098659),0.30570783845715843,0.4252889231402527,0,0,1.3826650943396226,1.6386315359961512,SLC9A2;SLC39A6;ATP1B3;ATP1A1;TRPM4
GO_Biological_Process_2023,Negative Regulation Of Transforming Growth Factor Beta Receptor Signaling Pathway (GO:0030512),0.30669558756896587,0.4252889231402527,0,0,1.4544928614227566,1.7190645235022617,STRAP;ARID4B;MTMR4;SNX6
GO_Biological_Process_2023,TORC1 Signaling (GO:0038202),0.30939710449325397,0.4252889231402527,0,0,2.9480812641083523,3.4584816870064303,LAMTOR2
GO_Biological_Process_2023,UDP-N-acetylglucosamine Metabolic Process (GO:0006047),0.30939710449325397,0.4252889231402527,0,0,2.9480812641083523,3.4584816870064303,SLC35A3
GO_Biological_Process_2023,Acidic Amino Acid Transport (GO:0015800),0.30939710449325397,0.4252889231402527,0,0,2.9480812641083523,3.4584816870064303,SLC9A3R1
GO_Biological_Process_2023,Actin Filament Depolymerization (GO:0030042),0.30939710449325397,0.4252889231402527,0,0,2.9480812641083523,3.4584816870064303,TWF1
GO_Biological_Process_2023,Angiogenesis Involved In Wound Healing (GO:0060055),0.30939710449325397,0.4252889231402527,0,0,2.9480812641083523,3.4584816870064303,GATA2
GO_Biological_Process_2023,Arginine Metabolic Process (GO:0006525),0.30939710449325397,0.4252889231402527,0,0,2.9480812641083523,3.4584816870064303,ASS1
GO_Biological_Process_2023,Aromatic Amino Acid Family Catabolic Process (GO:0009074),0.30939710449325397,0.4252889231402527,0,0,2.9480812641083523,3.4584816870064303,KMO
GO_Biological_Process_2023,Atrial Septum Morphogenesis (GO:0060413),0.30939710449325397,0.4252889231402527,0,0,2.9480812641083523,3.4584816870064303,SOX4
GO_Biological_Process_2023,calcineurin-NFAT Signaling Cascade (GO:0033173),0.30939710449325397,0.4252889231402527,0,0,2.9480812641083523,3.4584816870064303,NFATC4
GO_Biological_Process_2023,Catecholamine Biosynthetic Process (GO:0042423),0.30939710449325397,0.4252889231402527,0,0,2.9480812641083523,3.4584816870064303,INSM1
GO_Biological_Process_2023,Cellular Response To UV-A (GO:0071492),0.30939710449325397,0.4252889231402527,0,0,2.9480812641083523,3.4584816870064303,OPN3
GO_Biological_Process_2023,Cellular Response To Forskolin (GO:1904322),0.30939710449325397,0.4252889231402527,0,0,2.9480812641083523,3.4584816870064303,ADCY2
GO_Biological_Process_2023,Cellular Response To Interleukin-12 (GO:0071349),0.30939710449325397,0.4252889231402527,0,0,2.9480812641083523,3.4584816870064303,P4HB
GO_Biological_Process_2023,Cellular Response To Interleukin-15 (GO:0071350),0.30939710449325397,0.4252889231402527,0,0,2.9480812641083523,3.4584816870064303,STAT5A
GO_Biological_Process_2023,Central Nervous System Projection Neuron Axonogenesis (GO:0021952),0.30939710449325397,0.4252889231402527,0,0,2.9480812641083523,3.4584816870064303,TSKU
GO_Biological_Process_2023,Columnar/Cuboidal Epithelial Cell Differentiation (GO:0002065),0.30939710449325397,0.4252889231402527,0,0,2.9480812641083523,3.4584816870064303,SOX4
GO_Biological_Process_2023,Complement Receptor Mediated Signaling Pathway (GO:0002430),0.30939710449325397,0.4252889231402527,0,0,2.9480812641083523,3.4584816870064303,C5AR2
GO_Biological_Process_2023,Diol Metabolic Process (GO:0034311),0.30939710449325397,0.4252889231402527,0,0,2.9480812641083523,3.4584816870064303,PLPP2
GO_Biological_Process_2023,Engulfment Of Apoptotic Cell (GO:0043652),0.30939710449325397,0.4252889231402527,0,0,2.9480812641083523,3.4584816870064303,RAC1
GO_Biological_Process_2023,Establishment Of Endothelial Intestinal Barrier (GO:0090557),0.30939710449325397,0.4252889231402527,0,0,2.9480812641083523,3.4584816870064303,F11R
GO_Biological_Process_2023,Establishment Of Epithelial Cell Apical/Basal Polarity (GO:0045198),0.30939710449325397,0.4252889231402527,0,0,2.9480812641083523,3.4584816870064303,SLC9A3R1
GO_Biological_Process_2023,Fatty Acid Beta-Oxidation Using acyl-CoA Dehydrogenase (GO:0033539),0.30939710449325397,0.4252889231402527,0,0,2.9480812641083523,3.4584816870064303,ACADS
GO_Biological_Process_2023,Glycine Transport (GO:0015816),0.30939710449325397,0.4252889231402527,0,0,2.9480812641083523,3.4584816870064303,SLC7A8
GO_Biological_Process_2023,Hematopoietic Stem Cell Proliferation (GO:0071425),0.30939710449325397,0.4252889231402527,0,0,2.9480812641083523,3.4584816870064303,ETV6
GO_Biological_Process_2023,Heme Catabolic Process (GO:0042167),0.30939710449325397,0.4252889231402527,0,0,2.9480812641083523,3.4584816870064303,BLVRA
GO_Biological_Process_2023,"Heparan Sulfate Proteoglycan Biosynthetic Process, Enzymatic Modification (GO:0015015)",0.30939710449325397,0.4252889231402527,0,0,2.9480812641083523,3.4584816870064303,HS6ST1
GO_Biological_Process_2023,Insulin-Like Growth Factor Receptor Signaling Pathway (GO:0048009),0.30939710449325397,0.4252889231402527,0,0,2.9480812641083523,3.4584816870064303,GIGYF2
GO_Biological_Process_2023,Interleukin-15-Mediated Signaling Pathway (GO:0035723),0.30939710449325397,0.4252889231402527,0,0,2.9480812641083523,3.4584816870064303,STAT5A
GO_Biological_Process_2023,Intraciliary Retrograde Transport (GO:0035721),0.30939710449325397,0.4252889231402527,0,0,2.9480812641083523,3.4584816870064303,IFT122
GO_Biological_Process_2023,Kinetochore Organization (GO:0051383),0.30939710449325397,0.4252889231402527,0,0,2.9480812641083523,3.4584816870064303,CENPF
GO_Biological_Process_2023,Maintenance Of Protein Localization In Endoplasmic Reticulum (GO:0035437),0.30939710449325397,0.4252889231402527,0,0,2.9480812641083523,3.4584816870064303,KDELR2
GO_Biological_Process_2023,Maintenance Of Synapse Structure (GO:0099558),0.30939710449325397,0.4252889231402527,0,0,2.9480812641083523,3.4584816870064303,DCTN1
GO_Biological_Process_2023,Mast Cell Mediated Immunity (GO:0002448),0.30939710449325397,0.4252889231402527,0,0,2.9480812641083523,3.4584816870064303,S100A13
GO_Biological_Process_2023,Metanephric Mesenchyme Development (GO:0072075),0.30939710449325397,0.4252889231402527,0,0,2.9480812641083523,3.4584816870064303,STAT1
GO_Biological_Process_2023,miRNA Catabolic Process (GO:0010587),0.30939710449325397,0.4252889231402527,0,0,2.9480812641083523,3.4584816870064303,TENT4B
GO_Biological_Process_2023,Mitotic G1/S Transition Checkpoint Signaling (GO:0044819),0.30939710449325397,0.4252889231402527,0,0,2.9480812641083523,3.4584816870064303,SDE2
GO_Biological_Process_2023,Mitotic Spindle Elongation (GO:0000022),0.30939710449325397,0.4252889231402527,0,0,2.9480812641083523,3.4584816870064303,CDCA8
GO_Biological_Process_2023,Mitotic Spindle Midzone Assembly (GO:0051256),0.30939710449325397,0.4252889231402527,0,0,2.9480812641083523,3.4584816870064303,CDCA8
GO_Biological_Process_2023,Negative Regulation Of Activated T Cell Proliferation (GO:0046007),0.30939710449325397,0.4252889231402527,0,0,2.9480812641083523,3.4584816870064303,PRKAR1A
GO_Biological_Process_2023,Negative Regulation Of Cell Division (GO:0051782),0.30939710449325397,0.4252889231402527,0,0,2.9480812641083523,3.4584816870064303,TXNIP
GO_Biological_Process_2023,Negative Regulation Of Cholesterol Transport (GO:0032375),0.30939710449325397,0.4252889231402527,0,0,2.9480812641083523,3.4584816870064303,APOC1
GO_Biological_Process_2023,Negative Regulation Of Dephosphorylation (GO:0035305),0.30939710449325397,0.4252889231402527,0,0,2.9480812641083523,3.4584816870064303,URI1
GO_Biological_Process_2023,Negative Regulation Of Exocytosis (GO:0045920),0.30939710449325397,0.4252889231402527,0,0,2.9480812641083523,3.4584816870064303,RAB7A
GO_Biological_Process_2023,Negative Regulation Of Glycolytic Process (GO:0045820),0.30939710449325397,0.4252889231402527,0,0,2.9480812641083523,3.4584816870064303,NUPR1
GO_Biological_Process_2023,Negative Regulation Of Intracellular Estrogen Receptor Signaling Pathway (GO:0033147),0.30939710449325397,0.4252889231402527,0,0,2.9480812641083523,3.4584816870064303,STRN3
GO_Biological_Process_2023,Negative Regulation Of Oxidoreductase Activity (GO:0051354),0.30939710449325397,0.4252889231402527,0,0,2.9480812641083523,3.4584816870064303,OXA1L
GO_Biological_Process_2023,Negative Regulation Of Reactive Oxygen Species Biosynthetic Process (GO:1903427),0.30939710449325397,0.4252889231402527,0,0,2.9480812641083523,3.4584816870064303,ABCD1
GO_Biological_Process_2023,Negative Regulation Of Sodium Ion Transmembrane Transporter Activity (GO:2000650),0.30939710449325397,0.4252889231402527,0,0,2.9480812641083523,3.4584816870064303,NEDD4L
GO_Biological_Process_2023,Negative Regulation Of Sprouting Angiogenesis (GO:1903671),0.30939710449325397,0.4252889231402527,0,0,2.9480812641083523,3.4584816870064303,KLF2
GO_Biological_Process_2023,Neuron Projection Fasciculation (GO:0106030),0.30939710449325397,0.4252889231402527,0,0,2.9480812641083523,3.4584816870064303,RTN4
GO_Biological_Process_2023,Peptidyl-Proline Hydroxylation (GO:0019511),0.30939710449325397,0.4252889231402527,0,0,2.9480812641083523,3.4584816870064303,P4HB
GO_Biological_Process_2023,Positive Regulation Of DNA-templated DNA Replication (GO:2000105),0.30939710449325397,0.4252889231402527,0,0,2.9480812641083523,3.4584816870064303,WIZ
GO_Biological_Process_2023,Positive Regulation Of Actin Nucleation (GO:0051127),0.30939710449325397,0.4252889231402527,0,0,2.9480812641083523,3.4584816870064303,NCKAP1
GO_Biological_Process_2023,Positive Regulation Of Cellular Respiration (GO:1901857),0.30939710449325397,0.4252889231402527,0,0,2.9480812641083523,3.4584816870064303,NUPR1
GO_Biological_Process_2023,Positive Regulation Of Circadian Rhythm (GO:0042753),0.30939710449325397,0.4252889231402527,0,0,2.9480812641083523,3.4584816870064303,THRAP3
GO_Biological_Process_2023,Positive Regulation Of Dendrite Development (GO:1900006),0.30939710449325397,0.4252889231402527,0,0,2.9480812641083523,3.4584816870064303,COBL
GO_Biological_Process_2023,Positive Regulation Of Epidermal Growth Factor-Activated Receptor Activity (GO:0045741),0.30939710449325397,0.4252889231402527,0,0,2.9480812641083523,3.4584816870064303,ADRA2A
GO_Biological_Process_2023,Positive Regulation Of Protein Localization To Cajal Body (GO:1904871),0.30939710449325397,0.4252889231402527,0,0,2.9480812641083523,3.4584816870064303,CCT3
GO_Biological_Process_2023,Positive Regulation Of Toll-Like Receptor 4 Signaling Pathway (GO:0034145),0.30939710449325397,0.4252889231402527,0,0,2.9480812641083523,3.4584816870064303,NR1H3
GO_Biological_Process_2023,Positive Regulation Of Transcription From RNA Polymerase II Promoter In Response To Endoplasmic Reticulum Stress (GO:1990440),0.30939710449325397,0.4252889231402527,0,0,2.9480812641083523,3.4584816870064303,ATF6
GO_Biological_Process_2023,Protein auto-ADP-ribosylation (GO:0070213),0.30939710449325397,0.4252889231402527,0,0,2.9480812641083523,3.4584816870064303,PARP2
GO_Biological_Process_2023,Purine Ribonucleoside Monophosphate Metabolic Process (GO:0009167),0.30939710449325397,0.4252889231402527,0,0,2.9480812641083523,3.4584816870064303,GMPR2
GO_Biological_Process_2023,Regulation Of Amyloid Precursor Protein Biosynthetic Process (GO:0042984),0.30939710449325397,0.4252889231402527,0,0,2.9480812641083523,3.4584816870064303,BACE2
GO_Biological_Process_2023,Regulation Of Calcium Ion Transmembrane Transport Via High Voltage-Gated Calcium Channel (GO:1902514),0.30939710449325397,0.4252889231402527,0,0,2.9480812641083523,3.4584816870064303,SESTD1
GO_Biological_Process_2023,Regulation Of Cardiac Muscle Cell Apoptotic Process (GO:0010665),0.30939710449325397,0.4252889231402527,0,0,2.9480812641083523,3.4584816870064303,NUPR1
GO_Biological_Process_2023,Regulation Of Chromatin Binding (GO:0035561),0.30939710449325397,0.4252889231402527,0,0,2.9480812641083523,3.4584816870064303,PARP9
GO_Biological_Process_2023,Regulation Of Cytoplasmic Transport (GO:1903649),0.30939710449325397,0.4252889231402527,0,0,2.9480812641083523,3.4584816870064303,CHMP3
GO_Biological_Process_2023,Regulation Of Epithelial Cell Apoptotic Process (GO:1904035),0.30939710449325397,0.4252889231402527,0,0,2.9480812641083523,3.4584816870064303,NUPR1
GO_Biological_Process_2023,Regulation Of Establishment Of Protein Localization To Telomere (GO:0070203),0.30939710449325397,0.4252889231402527,0,0,2.9480812641083523,3.4584816870064303,CCT3
GO_Biological_Process_2023,Regulation Of Glycoprotein Biosynthetic Process (GO:0010559),0.30939710449325397,0.4252889231402527,0,0,2.9480812641083523,3.4584816870064303,TM9SF2
GO_Biological_Process_2023,Regulation Of Lipid Transport (GO:0032368),0.30939710449325397,0.4252889231402527,0,0,2.9480812641083523,3.4584816870064303,NR1H3
GO_Biological_Process_2023,Regulation Of Long-Term Neuronal Synaptic Plasticity (GO:0048169),0.30939710449325397,0.4252889231402527,0,0,2.9480812641083523,3.4584816870064303,NPTN
GO_Biological_Process_2023,Regulation Of Melanin Biosynthetic Process (GO:0048021),0.30939710449325397,0.4252889231402527,0,0,2.9480812641083523,3.4584816870064303,OPN3
GO_Biological_Process_2023,Regulation Of Microtubule Nucleation (GO:0010968),0.30939710449325397,0.4252889231402527,0,0,2.9480812641083523,3.4584816870064303,DCTN1
GO_Biological_Process_2023,"Regulation Of Phagocytosis, Engulfment (GO:0060099)",0.30939710449325397,0.4252889231402527,0,0,2.9480812641083523,3.4584816870064303,APLP2
GO_Biological_Process_2023,Regulation Of Programmed Necrotic Cell Death (GO:0062098),0.30939710449325397,0.4252889231402527,0,0,2.9480812641083523,3.4584816870064303,NUPR1
GO_Biological_Process_2023,Regulation Of Protein Localization To Cajal Body (GO:1904869),0.30939710449325397,0.4252889231402527,0,0,2.9480812641083523,3.4584816870064303,CCT3
GO_Biological_Process_2023,Regulation Of Respiratory Burst (GO:0060263),0.30939710449325397,0.4252889231402527,0,0,2.9480812641083523,3.4584816870064303,RAC1
GO_Biological_Process_2023,Regulation Of Toll-Like Receptor 9 Signaling Pathway (GO:0034163),0.30939710449325397,0.4252889231402527,0,0,2.9480812641083523,3.4584816870064303,RTN4
GO_Biological_Process_2023,Regulation Of Transcription Of Nucleolar Large rRNA By RNA Polymerase I (GO:1901836),0.30939710449325397,0.4252889231402527,0,0,2.9480812641083523,3.4584816870064303,NOL11
GO_Biological_Process_2023,Response To Forskolin (GO:1904321),0.30939710449325397,0.4252889231402527,0,0,2.9480812641083523,3.4584816870064303,ADCY2
GO_Biological_Process_2023,Sarcoplasmic Reticulum Calcium Ion Transport (GO:0070296),0.30939710449325397,0.4252889231402527,0,0,2.9480812641083523,3.4584816870064303,RYR1
GO_Biological_Process_2023,Serine Family Amino Acid Biosynthetic Process (GO:0009070),0.30939710449325397,0.4252889231402527,0,0,2.9480812641083523,3.4584816870064303,SEPHS2
GO_Biological_Process_2023,Surfactant Homeostasis (GO:0043129),0.30939710449325397,0.4252889231402527,0,0,2.9480812641083523,3.4584816870064303,OAS1
GO_Biological_Process_2023,Synaptic Vesicle Transport (GO:0048489),0.30939710449325397,0.4252889231402527,0,0,2.9480812641083523,3.4584816870064303,TMEM230
GO_Biological_Process_2023,Gluconeogenesis (GO:0006094),0.3114899318173554,0.4260636454087845,0,0,1.830182800166182,2.1347037370581057,G6PC3;PCK2
GO_Biological_Process_2023,Histone Lysine Methylation (GO:0034968),0.3114899318173554,0.4260636454087845,0,0,1.830182800166182,2.1347037370581057,SMYD2;DPY30
GO_Biological_Process_2023,Negative Regulation Of Microtubule Polymerization Or Depolymerization (GO:0031111),0.3114899318173554,0.4260636454087845,0,0,1.830182800166182,2.1347037370581057,ARHGEF2;CAMSAP2
GO_Biological_Process_2023,Non-Motile Cilium Assembly (GO:1905515),0.3114899318173554,0.4260636454087845,0,0,1.830182800166182,2.1347037370581057,DCTN1;IFT122
GO_Biological_Process_2023,Phospholipid Translocation (GO:0045332),0.3114899318173554,0.4260636454087845,0,0,1.830182800166182,2.1347037370581057,PLSCR1;ATP8B2
GO_Biological_Process_2023,Positive Regulation Of Rho Protein Signal Transduction (GO:0035025),0.3114899318173554,0.4260636454087845,0,0,1.830182800166182,2.1347037370581057,RAC1;F11R
GO_Biological_Process_2023,Positive Regulation Of Extrinsic Apoptotic Signaling Pathway (GO:2001238),0.3114899318173554,0.4260636454087845,0,0,1.830182800166182,2.1347037370581057,TNFSF10;PAK2
GO_Biological_Process_2023,Positive Regulation Of Glucose Transmembrane Transport (GO:0010828),0.3114899318173554,0.4260636454087845,0,0,1.830182800166182,2.1347037370581057,OCLN;CREBL2
GO_Biological_Process_2023,Positive Regulation Of Synapse Assembly (GO:0051965),0.3114899318173554,0.4260636454087845,0,0,1.830182800166182,2.1347037370581057,SLITRK6;SLITRK5
GO_Biological_Process_2023,Regulation Of Cell Morphogenesis (GO:0022604),0.3114899318173554,0.4260636454087845,0,0,1.830182800166182,2.1347037370581057,CD44;ZNF135
GO_Biological_Process_2023,Regulation Of Protein Localization To Cell Surface (GO:2000008),0.3114899318173554,0.4260636454087845,0,0,1.830182800166182,2.1347037370581057,NEDD4L;COMMD1
GO_Biological_Process_2023,Toll-Like Receptor Signaling Pathway (GO:0002224),0.3114899318173554,0.4260636454087845,0,0,1.830182800166182,2.1347037370581057,CTSS;HSPD1
GO_Biological_Process_2023,Triglyceride Homeostasis (GO:0070328),0.3114899318173554,0.4260636454087845,0,0,1.830182800166182,2.1347037370581057,NR1H3;MTLN
GO_Biological_Process_2023,Sensory Perception Of Light Stimulus (GO:0050953),0.31285275497055,0.4276233930635671,0,0,1.368371912079362,1.590079128822678,S100G;WFS1;RGS16;ATF6;RABGGTA
GO_Biological_Process_2023,Positive Regulation Of Leukocyte Chemotaxis (GO:0002690),0.31286636985600574,0.4276233930635671,0,0,1.5612394166408086,1.8141275924842344,CXCL17;S100A14;CALR
GO_Biological_Process_2023,Macromolecule Biosynthetic Process (GO:0009059),0.3209134053954446,0.4384565651989062,0,0,1.2494793984159474,1.4201382393020137,MRPL52;MRPL3;MRPS15;GOLPH3;EEF1A2;MRPL14;MRPL24;MRPL35
GO_Biological_Process_2023,Epithelium Development (GO:0060429),0.32188576473557157,0.4396192458040122,0,0,1.2729216496339784,1.4429312376060046,SLC9A3R1;STAT1;IFT122;KRT23;TAGLN2;GRHL2;CNN3
GO_Biological_Process_2023,Positive Regulation Of Tyrosine Phosphorylation Of STAT Protein (GO:0042531),0.32289218529438474,0.4408275518794804,0,0,1.5311721059648715,1.7308933005218772,HES1;PARP9;IL6ST
GO_Biological_Process_2023,Positive Regulation Of Protein Localization To Membrane (GO:1905477),0.3232158796192601,0.4409370681660867,0,0,1.4156259426847662,1.5988572332595656,DLG1;ERBB2;SPTBN1;NKD2
GO_Biological_Process_2023,Regulation Of Neuron Differentiation (GO:0045664),0.3232158796192601,0.4409370681660867,0,0,1.4156259426847662,1.5988572332595656,IMPACT;HES1;ARHGEF2;CALR
GO_Biological_Process_2023,Cardiac Muscle Contraction (GO:0060048),0.3249803652277605,0.4420123480491734,0,0,1.7691265060240964,1.9884814093532,PIK3CA;GAA
GO_Biological_Process_2023,Negative Regulation Of G1/S Transition Of Mitotic Cell Cycle (GO:2000134),0.3249803652277605,0.4420123480491734,0,0,1.7691265060240964,1.9884814093532,DLG1;CDC73
GO_Biological_Process_2023,Negative Regulation Of Osteoblast Differentiation (GO:0045668),0.3249803652277605,0.4420123480491734,0,0,1.7691265060240964,1.9884814093532,NBR1;TRPM4
GO_Biological_Process_2023,Positive Regulation Of DNA Binding (GO:0043388),0.3249803652277605,0.4420123480491734,0,0,1.7691265060240964,1.9884814093532,HES1;NME1
GO_Biological_Process_2023,Proteoglycan Biosynthetic Process (GO:0030166),0.3249803652277605,0.4420123480491734,0,0,1.7691265060240964,1.9884814093532,CANT1;FAM20B
GO_Biological_Process_2023,Regulation Of Calcium Ion Transmembrane Transporter Activity (GO:1901019),0.3249803652277605,0.4420123480491734,0,0,1.7691265060240964,1.9884814093532,S100G;CALM2
GO_Biological_Process_2023,Regulation Of Sprouting Angiogenesis (GO:1903670),0.3249803652277605,0.4420123480491734,0,0,1.7691265060240964,1.9884814093532,S100A1;KLF2
GO_Biological_Process_2023,Very Long-Chain Fatty Acid Metabolic Process (GO:0000038),0.3249803652277605,0.4420123480491734,0,0,1.7691265060240964,1.9884814093532,ELOVL5;HACD3
GO_Biological_Process_2023,Positive Regulation Of Kinase Activity (GO:0033674),0.3272047943041924,0.44395568977807875,0,0,1.3406518010291595,1.497734661186417,DDR1;EEF1A2;ERBB2;SNX9;FGFR4
GO_Biological_Process_2023,Circulatory System Development (GO:0072359),0.3282578882630204,0.44395568977807875,0,0,1.294967209490826,1.442536149418893,PDLIM1;STK11;RAMP2;PIK3CA;NF1;SOX4
GO_Biological_Process_2023,Transmembrane Receptor Protein Serine/Threonine Kinase Signaling Pathway (GO:0007178),0.3282578882630204,0.44395568977807875,0,0,1.294967209490826,1.442536149418893,JUN;ITGB5;APLP2;PDCD4;INHBB;ACVR1B
GO_Biological_Process_2023,Cellular Response To Interleukin-1 (GO:0071347),0.33149961063913486,0.44395568977807875,0,0,1.3969595935540209,1.5424231016131829,CCL22;CD47;GBP2;GBP1
GO_Biological_Process_2023,Cellular Response To Organic Substance (GO:0071310),0.33149961063913486,0.44395568977807875,0,0,1.3969595935540209,1.5424231016131829,SOCS2;RAMP2;IGFBP5;RAMP1
GO_Biological_Process_2023,Regulation Of Calcium Ion Transport (GO:0051924),0.33291855465451525,0.44395568977807875,0,0,1.5022394107861399,1.6522491318239532,WFS1;BCL2;STC1
GO_Biological_Process_2023,Regulation Of Mitotic Nuclear Division (GO:0007088),0.33291855465451525,0.44395568977807875,0,0,1.5022394107861399,1.6522491318239532,CUL9;PRMT5;OBSL1
GO_Biological_Process_2023,Regulation Of Stem Cell Population Maintenance (GO:2000036),0.33291855465451525,0.44395568977807875,0,0,1.5022394107861399,1.6522491318239532,ACTL6A;ESRRB;ARID4B
GO_Biological_Process_2023,C-terminal Protein Amino Acid Modification (GO:0018410),0.33449891700838674,0.44395568977807875,0,0,2.6531978931527465,2.9055744201993736,AGBL5
GO_Biological_Process_2023,Actin Crosslink Formation (GO:0051764),0.33449891700838674,0.44395568977807875,0,0,2.6531978931527465,2.9055744201993736,BAIAP2L1
GO_Biological_Process_2023,Aspartate Family Amino Acid Catabolic Process (GO:0009068),0.33449891700838674,0.44395568977807875,0,0,2.6531978931527465,2.9055744201993736,GOT2
GO_Biological_Process_2023,Calcineurin-Mediated Signaling (GO:0097720),0.33449891700838674,0.44395568977807875,0,0,2.6531978931527465,2.9055744201993736,NFATC4
GO_Biological_Process_2023,Cardiolipin Metabolic Process (GO:0032048),0.33449891700838674,0.44395568977807875,0,0,2.6531978931527465,2.9055744201993736,SLC27A1
GO_Biological_Process_2023,Cellular Response To UV-B (GO:0071493),0.33449891700838674,0.44395568977807875,0,0,2.6531978931527465,2.9055744201993736,STK11
GO_Biological_Process_2023,Cellular Response To Fluid Shear Stress (GO:0071498),0.33449891700838674,0.44395568977807875,0,0,2.6531978931527465,2.9055744201993736,KLF2
GO_Biological_Process_2023,Cellular Response To Growth Hormone Stimulus (GO:0071378),0.33449891700838674,0.44395568977807875,0,0,2.6531978931527465,2.9055744201993736,SOCS2
GO_Biological_Process_2023,Cellular Response To Leucine Starvation (GO:1990253),0.33449891700838674,0.44395568977807875,0,0,2.6531978931527465,2.9055744201993736,IMPACT
GO_Biological_Process_2023,Cochlea Morphogenesis (GO:0090103),0.33449891700838674,0.44395568977807875,0,0,2.6531978931527465,2.9055744201993736,HPN
GO_Biological_Process_2023,Cristae Formation (GO:0042407),0.33449891700838674,0.44395568977807875,0,0,2.6531978931527465,2.9055744201993736,LETM1
GO_Biological_Process_2023,Cytidine To Uridine Editing (GO:0016554),0.33449891700838674,0.44395568977807875,0,0,2.6531978931527465,2.9055744201993736,RBM47
GO_Biological_Process_2023,Detection Of Light Stimulus Involved In Sensory Perception (GO:0050962),0.33449891700838674,0.44395568977807875,0,0,2.6531978931527465,2.9055744201993736,REEP6
GO_Biological_Process_2023,Detection Of Light Stimulus Involved In Visual Perception (GO:0050908),0.33449891700838674,0.44395568977807875,0,0,2.6531978931527465,2.9055744201993736,REEP6
GO_Biological_Process_2023,Erythrocyte Development (GO:0048821),0.33449891700838674,0.44395568977807875,0,0,2.6531978931527465,2.9055744201993736,G6PD
GO_Biological_Process_2023,Fatty Acid Beta-Oxidation Using acyl-CoA Oxidase (GO:0033540),0.33449891700838674,0.44395568977807875,0,0,2.6531978931527465,2.9055744201993736,ACOX3
GO_Biological_Process_2023,Ganglion Development (GO:0061548),0.33449891700838674,0.44395568977807875,0,0,2.6531978931527465,2.9055744201993736,INSM1
GO_Biological_Process_2023,Glutamine Family Amino Acid Biosynthetic Process (GO:0009084),0.33449891700838674,0.44395568977807875,0,0,2.6531978931527465,2.9055744201993736,ASS1
GO_Biological_Process_2023,Inner Ear Receptor Cell Stereocilium Organization (GO:0060122),0.33449891700838674,0.44395568977807875,0,0,2.6531978931527465,2.9055744201993736,TSKU
GO_Biological_Process_2023,Intestinal Lipid Absorption (GO:0098856),0.33449891700838674,0.44395568977807875,0,0,2.6531978931527465,2.9055744201993736,UGCG
GO_Biological_Process_2023,Lysosomal Microautophagy (GO:0016237),0.33449891700838674,0.44395568977807875,0,0,2.6531978931527465,2.9055744201993736,ATG4B
GO_Biological_Process_2023,Macrophage Chemotaxis (GO:0048246),0.33449891700838674,0.44395568977807875,0,0,2.6531978931527465,2.9055744201993736,CXCL17
GO_Biological_Process_2023,Melanocyte Differentiation (GO:0030318),0.33449891700838674,0.44395568977807875,0,0,2.6531978931527465,2.9055744201993736,MREG
GO_Biological_Process_2023,"Mitochondrial Electron Transport, Ubiquinol To Cytochrome C (GO:0006122)",0.33449891700838674,0.44395568977807875,0,0,2.6531978931527465,2.9055744201993736,CYCS
GO_Biological_Process_2023,ncRNA Transcription (GO:0098781),0.33449891700838674,0.44395568977807875,0,0,2.6531978931527465,2.9055744201993736,NIFK
GO_Biological_Process_2023,Negative Regulation Of Bone Remodeling (GO:0046851),0.33449891700838674,0.44395568977807875,0,0,2.6531978931527465,2.9055744201993736,GPR137B
GO_Biological_Process_2023,Negative Regulation Of Cellular Response To Vascular Endothelial Growth Factor Stimulus (GO:1902548),0.33449891700838674,0.44395568977807875,0,0,2.6531978931527465,2.9055744201993736,SORD
GO_Biological_Process_2023,Negative Regulation Of Nitrogen Compound Metabolic Process (GO:0051172),0.33449891700838674,0.44395568977807875,0,0,2.6531978931527465,2.9055744201993736,CLTC
GO_Biological_Process_2023,Negative Regulation Of Vascular Permeability (GO:0043116),0.33449891700838674,0.44395568977807875,0,0,2.6531978931527465,2.9055744201993736,RAMP2
GO_Biological_Process_2023,Neutrophil Activation Involved In Immune Response (GO:0002283),0.33449891700838674,0.44395568977807875,0,0,2.6531978931527465,2.9055744201993736,VAMP8
GO_Biological_Process_2023,Nucleoside Phosphate Biosynthetic Process (GO:1901293),0.33449891700838674,0.44395568977807875,0,0,2.6531978931527465,2.9055744201993736,PNP
GO_Biological_Process_2023,Organic Cyclic Compound Catabolic Process (GO:1901361),0.33449891700838674,0.44395568977807875,0,0,2.6531978931527465,2.9055744201993736,GOT2
GO_Biological_Process_2023,Podocyte Differentiation (GO:0072112),0.33449891700838674,0.44395568977807875,0,0,2.6531978931527465,2.9055744201993736,CD24
GO_Biological_Process_2023,Positive Regulation Of Keratinocyte Proliferation (GO:0010838),0.33449891700838674,0.44395568977807875,0,0,2.6531978931527465,2.9055744201993736,LRG1
GO_Biological_Process_2023,Positive Regulation Of Muscle Contraction (GO:0045933),0.33449891700838674,0.44395568977807875,0,0,2.6531978931527465,2.9055744201993736,CTTN
GO_Biological_Process_2023,"Positive Regulation Of Protein Localization To Chromosome, Telomeric Region (GO:1904816)",0.33449891700838674,0.44395568977807875,0,0,2.6531978931527465,2.9055744201993736,CCT3
GO_Biological_Process_2023,Positive Regulation Of Vascular Permeability (GO:0043117),0.33449891700838674,0.44395568977807875,0,0,2.6531978931527465,2.9055744201993736,OCLN
GO_Biological_Process_2023,Primary miRNA Processing (GO:0031053),0.33449891700838674,0.44395568977807875,0,0,2.6531978931527465,2.9055744201993736,METTL3
GO_Biological_Process_2023,Regulation Of T Cell Apoptotic Process (GO:0070232),0.33449891700838674,0.44395568977807875,0,0,2.6531978931527465,2.9055744201993736,PIP
GO_Biological_Process_2023,Regulation Of T Cell Mediated Immunity (GO:0002709),0.33449891700838674,0.44395568977807875,0,0,2.6531978931527465,2.9055744201993736,TRPM4
GO_Biological_Process_2023,Regulation Of Actin Filament Depolymerization (GO:0030834),0.33449891700838674,0.44395568977807875,0,0,2.6531978931527465,2.9055744201993736,PIK3CA
GO_Biological_Process_2023,Regulation Of Adipose Tissue Development (GO:1904177),0.33449891700838674,0.44395568977807875,0,0,2.6531978931527465,2.9055744201993736,TRPM4
GO_Biological_Process_2023,Regulation Of Amyloid Precursor Protein Catabolic Process (GO:1902991),0.33449891700838674,0.44395568977807875,0,0,2.6531978931527465,2.9055744201993736,TMED10
GO_Biological_Process_2023,Regulation Of Astrocyte Differentiation (GO:0048710),0.33449891700838674,0.44395568977807875,0,0,2.6531978931527465,2.9055744201993736,HES1
GO_Biological_Process_2023,Regulation Of Endocytic Recycling (GO:2001135),0.33449891700838674,0.44395568977807875,0,0,2.6531978931527465,2.9055744201993736,ARHGAP8
GO_Biological_Process_2023,Regulation Of Homotypic Cell-Cell Adhesion (GO:0034110),0.33449891700838674,0.44395568977807875,0,0,2.6531978931527465,2.9055744201993736,ZNF703
GO_Biological_Process_2023,Regulation Of Lymphocyte Migration (GO:2000401),0.33449891700838674,0.44395568977807875,0,0,2.6531978931527465,2.9055744201993736,MIA3
GO_Biological_Process_2023,Regulation Of mRNA 3'-End Processing (GO:0031440),0.33449891700838674,0.44395568977807875,0,0,2.6531978931527465,2.9055744201993736,CDC73
GO_Biological_Process_2023,Regulation Of Mesenchymal Cell Proliferation (GO:0010464),0.33449891700838674,0.44395568977807875,0,0,2.6531978931527465,2.9055744201993736,STAT1
GO_Biological_Process_2023,Regulation Of Mitochondrial Fusion (GO:0010635),0.33449891700838674,0.44395568977807875,0,0,2.6531978931527465,2.9055744201993736,BNIP3
GO_Biological_Process_2023,Regulation Of Protein K63-linked Ubiquitination (GO:1900044),0.33449891700838674,0.44395568977807875,0,0,2.6531978931527465,2.9055744201993736,PLAA
GO_Biological_Process_2023,Regulation Of Protein Exit From Endoplasmic Reticulum (GO:0070861),0.33449891700838674,0.44395568977807875,0,0,2.6531978931527465,2.9055744201993736,GCC2
GO_Biological_Process_2023,Regulation Of Stress-Activated Protein Kinase Signaling Cascade (GO:0070302),0.33449891700838674,0.44395568977807875,0,0,2.6531978931527465,2.9055744201993736,NBR1
GO_Biological_Process_2023,Response To Interleukin-6 (GO:0070741),0.33449891700838674,0.44395568977807875,0,0,2.6531978931527465,2.9055744201993736,PTPRT
GO_Biological_Process_2023,Response To Nitric Oxide (GO:0071731),0.33449891700838674,0.44395568977807875,0,0,2.6531978931527465,2.9055744201993736,MTR
GO_Biological_Process_2023,Skeletal Muscle Fiber Development (GO:0048741),0.33449891700838674,0.44395568977807875,0,0,2.6531978931527465,2.9055744201993736,RYR1
GO_Biological_Process_2023,Sphingoid Metabolic Process (GO:0046519),0.33449891700838674,0.44395568977807875,0,0,2.6531978931527465,2.9055744201993736,PLPP2
GO_Biological_Process_2023,Visual Learning (GO:0008542),0.33449891700838674,0.44395568977807875,0,0,2.6531978931527465,2.9055744201993736,NF1
GO_Biological_Process_2023,Actin Filament Bundle Organization (GO:0061572),0.33840026682519064,0.44667848631225965,0,0,1.7120093276331132,1.855006383776603,MYO1B;BAIAP2L1
GO_Biological_Process_2023,Axoneme Assembly (GO:0035082),0.33840026682519064,0.44667848631225965,0,0,1.7120093276331132,1.855006383776603,TTLL3;GAS8
GO_Biological_Process_2023,Carboxylic Acid Metabolic Process (GO:0019752),0.33840026682519064,0.44667848631225965,0,0,1.7120093276331132,1.855006383776603,ST6GAL1;ST3GAL1
GO_Biological_Process_2023,Cellular Response To Vascular Endothelial Growth Factor Stimulus (GO:0035924),0.33840026682519064,0.44667848631225965,0,0,1.7120093276331132,1.855006383776603,RAMP2;PIK3CA
GO_Biological_Process_2023,Monoubiquitinated Protein Deubiquitination (GO:0035520),0.33840026682519064,0.44667848631225965,0,0,1.7120093276331132,1.855006383776603,TMEM98;TAF9
GO_Biological_Process_2023,Negative Regulation Of Cell Cycle G1/S Phase Transition (GO:1902807),0.33840026682519064,0.44667848631225965,0,0,1.7120093276331132,1.855006383776603,DLG1;CDC73
GO_Biological_Process_2023,Negative Regulation Of Double-Strand Break Repair (GO:2000780),0.33840026682519064,0.44667848631225965,0,0,1.7120093276331132,1.855006383776603,MAGEF1;UBQLN4
GO_Biological_Process_2023,Negative Regulation Of Small Molecule Metabolic Process (GO:0062014),0.33840026682519064,0.44667848631225965,0,0,1.7120093276331132,1.855006383776603,GSK3A;NUPR1
GO_Biological_Process_2023,Positive Regulation Of Notch Signaling Pathway (GO:0045747),0.33840026682519064,0.44667848631225965,0,0,1.7120093276331132,1.855006383776603,MESP1;IL6ST
GO_Biological_Process_2023,Positive Regulation Of RNA Metabolic Process (GO:0051254),0.33840026682519064,0.44667848631225965,0,0,1.7120093276331132,1.855006383776603,PNPT1;HEATR1
GO_Biological_Process_2023,Positive Regulation Of Chromosome Organization (GO:2001252),0.33840026682519064,0.44667848631225965,0,0,1.7120093276331132,1.855006383776603,TINF2;TERF2IP
GO_Biological_Process_2023,Positive Regulation Of Epidermal Growth Factor Receptor Signaling Pathway (GO:0045742),0.33840026682519064,0.44667848631225965,0,0,1.7120093276331132,1.855006383776603,APEX1;ADRA2A
GO_Biological_Process_2023,Positive Regulation Of Ion Transmembrane Transporter Activity (GO:0032414),0.33840026682519064,0.44667848631225965,0,0,1.7120093276331132,1.855006383776603,ATP1B3;CTSS
GO_Biological_Process_2023,Protein K63-linked Deubiquitination (GO:0070536),0.33840026682519064,0.44667848631225965,0,0,1.7120093276331132,1.855006383776603,PSMD14;STAMBP
GO_Biological_Process_2023,Regulation Of Activated T Cell Proliferation (GO:0046006),0.33840026682519064,0.44667848631225965,0,0,1.7120093276331132,1.855006383776603,PRKAR1A;CD24
GO_Biological_Process_2023,Negative Regulation Of Peptidase Activity (GO:0010466),0.34293871551367094,0.45233941281519163,0,0,1.474378296910324,1.5778848427990053,SERPINA3;ECM1;CSTA
GO_Biological_Process_2023,Regulation Of Neuron Death (GO:1901214),0.34293871551367094,0.45233941281519163,0,0,1.474378296910324,1.5778848427990053,SIGMAR1;DHCR24;MAPT
GO_Biological_Process_2023,Phospholipase C-activating G Protein-Coupled Receptor Signaling Pathway (GO:0007200),0.34809386442762147,0.4586380418176955,0,0,1.3610627683025873,1.4363065513257698,ANO1;C5AR2;LTB4R;ADRA2A
GO_Biological_Process_2023,Regulation Of Phosphorylation (GO:0042325),0.34809386442762147,0.4586380418176955,0,0,1.3610627683025873,1.4363065513257698,DHX34;CCDC88C;RAD17;CD24
GO_Biological_Process_2023,Sodium Ion Transmembrane Transport (GO:0035725),0.34809386442762147,0.4586380418176955,0,0,1.3610627683025873,1.4363065513257698,SLC9A2;ATP1B3;ATP1A1;TRPM4
GO_Biological_Process_2023,Peptidyl-Serine Phosphorylation (GO:0018105),0.35133861055547194,0.45988373272257704,0,0,1.230596727285469,1.2872101058853065,GSK3B;CAB39;SGK3;PKN1;MAP3K13;PAK2;UHMK1
GO_Biological_Process_2023,ATP Metabolic Process (GO:0046034),0.3517369545806652,0.45988373272257704,0,0,1.6584619728915662,1.732879932683104,OLA1;NDUFS1
GO_Biological_Process_2023,Cellular Response To Amyloid-Beta (GO:1904646),0.3517369545806652,0.45988373272257704,0,0,1.6584619728915662,1.732879932683104,GSK3B;SNX6
GO_Biological_Process_2023,Establishment Of Mitotic Spindle Localization (GO:0040001),0.3517369545806652,0.45988373272257704,0,0,1.6584619728915662,1.732879932683104,DCTN1;MISP
GO_Biological_Process_2023,Histone Deubiquitination (GO:0016578),0.3517369545806652,0.45988373272257704,0,0,1.6584619728915662,1.732879932683104,TMEM98;TAF9
GO_Biological_Process_2023,Negative Regulation Of Mitotic Cell Cycle (GO:0045930),0.3517369545806652,0.45988373272257704,0,0,1.6584619728915662,1.732879932683104,SLC9A3R1;BTG1
GO_Biological_Process_2023,Nucleosome Assembly (GO:0006334),0.3517369545806652,0.45988373272257704,0,0,1.6584619728915662,1.732879932683104,SUPT16H;BAZ1A
GO_Biological_Process_2023,Regulation Of calcineurin-NFAT Signaling Cascade (GO:0070884),0.3517369545806652,0.45988373272257704,0,0,1.6584619728915662,1.732879932683104,GSK3B;FHL2
GO_Biological_Process_2023,Response To Estrogen (GO:0043627),0.3517369545806652,0.45988373272257704,0,0,1.6584619728915662,1.732879932683104,GSTM3;CD24
GO_Biological_Process_2023,Heart Morphogenesis (GO:0003007),0.3529461587916163,0.45988373272257704,0,0,1.4475303144481744,1.507515620885454,MESP2;MESP1;HES1
GO_Biological_Process_2023,DNA Conformation Change (GO:0071103),0.35868899639461077,0.45988373272257704,0,0,2.4119296805527055,2.4729504673815237,HMGB3
GO_Biological_Process_2023,DNA Strand Elongation Involved In DNA Replication (GO:0006271),0.35868899639461077,0.45988373272257704,0,0,2.4119296805527055,2.4729504673815237,LIG3
GO_Biological_Process_2023,MyD88-dependent Toll-Like Receptor Signaling Pathway (GO:0002755),0.35868899639461077,0.45988373272257704,0,0,2.4119296805527055,2.4729504673815237,HSPD1
GO_Biological_Process_2023,V(D)J Recombination (GO:0033151),0.35868899639461077,0.45988373272257704,0,0,2.4119296805527055,2.4729504673815237,LIG3
GO_Biological_Process_2023,acetyl-CoA Biosynthetic Process (GO:0006085),0.35868899639461077,0.45988373272257704,0,0,2.4119296805527055,2.4729504673815237,PPCS
GO_Biological_Process_2023,Alanine Transport (GO:0032328),0.35868899639461077,0.45988373272257704,0,0,2.4119296805527055,2.4729504673815237,SLC7A5
GO_Biological_Process_2023,Astrocyte Activation (GO:0048143),0.35868899639461077,0.45988373272257704,0,0,2.4119296805527055,2.4729504673815237,MAPT
GO_Biological_Process_2023,Axonal Fasciculation (GO:0007413),0.35868899639461077,0.45988373272257704,0,0,2.4119296805527055,2.4729504673815237,RTN4
GO_Biological_Process_2023,Biogenic Amine Metabolic Process (GO:0006576),0.35868899639461077,0.45988373272257704,0,0,2.4119296805527055,2.4729504673815237,HNMT
GO_Biological_Process_2023,cAMP Metabolic Process (GO:0046058),0.35868899639461077,0.45988373272257704,0,0,2.4119296805527055,2.4729504673815237,ADCY2
GO_Biological_Process_2023,Cardiac Right Ventricle Morphogenesis (GO:0003215),0.35868899639461077,0.45988373272257704,0,0,2.4119296805527055,2.4729504673815237,SOX4
GO_Biological_Process_2023,Cardiocyte Differentiation (GO:0035051),0.35868899639461077,0.45988373272257704,0,0,2.4119296805527055,2.4729504673815237,MESP1
GO_Biological_Process_2023,Cell Projection Assembly (GO:0030031),0.35868899639461077,0.45988373272257704,0,0,2.4119296805527055,2.4729504673815237,NCKAP1
GO_Biological_Process_2023,Cell-Cell Junction Maintenance (GO:0045217),0.35868899639461077,0.45988373272257704,0,0,2.4119296805527055,2.4729504673815237,MYADM
GO_Biological_Process_2023,Dendrite Self-Avoidance (GO:0070593),0.35868899639461077,0.45988373272257704,0,0,2.4119296805527055,2.4729504673815237,IGSF9
GO_Biological_Process_2023,Detection Of Bacterium (GO:0016045),0.35868899639461077,0.45988373272257704,0,0,2.4119296805527055,2.4729504673815237,NAIP
GO_Biological_Process_2023,Endothelium Development (GO:0003158),0.35868899639461077,0.45988373272257704,0,0,2.4119296805527055,2.4729504673815237,MESP1
GO_Biological_Process_2023,Ether Lipid Metabolic Process (GO:0046485),0.35868899639461077,0.45988373272257704,0,0,2.4119296805527055,2.4729504673815237,GNPAT
GO_Biological_Process_2023,Exonucleolytic Catabolism Of Deadenylated mRNA (GO:0043928),0.35868899639461077,0.45988373272257704,0,0,2.4119296805527055,2.4729504673815237,EXOSC5
GO_Biological_Process_2023,Fatty Acid Transmembrane Transport (GO:1902001),0.35868899639461077,0.45988373272257704,0,0,2.4119296805527055,2.4729504673815237,SLC27A1
GO_Biological_Process_2023,Folic Acid Metabolic Process (GO:0046655),0.35868899639461077,0.45988373272257704,0,0,2.4119296805527055,2.4729504673815237,MTHFD2
GO_Biological_Process_2023,Granulocyte Activation (GO:0036230),0.35868899639461077,0.45988373272257704,0,0,2.4119296805527055,2.4729504673815237,PREX1
GO_Biological_Process_2023,Histone Monoubiquitination (GO:0010390),0.35868899639461077,0.45988373272257704,0,0,2.4119296805527055,2.4729504673815237,RNF20
GO_Biological_Process_2023,Macrophage Migration (GO:1905517),0.35868899639461077,0.45988373272257704,0,0,2.4119296805527055,2.4729504673815237,CXCL17
GO_Biological_Process_2023,Microtubule-Based Transport (GO:0099111),0.35868899639461077,0.45988373272257704,0,0,2.4119296805527055,2.4729504673815237,DYNC1I2
GO_Biological_Process_2023,Morphogenesis Of A Polarized Epithelium (GO:0001738),0.35868899639461077,0.45988373272257704,0,0,2.4119296805527055,2.4729504673815237,RAB10
GO_Biological_Process_2023,Myelination In Peripheral Nervous System (GO:0022011),0.35868899639461077,0.45988373272257704,0,0,2.4119296805527055,2.4729504673815237,NF1
GO_Biological_Process_2023,Negative Regulation By Host Of Viral Process (GO:0044793),0.35868899639461077,0.45988373272257704,0,0,2.4119296805527055,2.4729504673815237,VAPA
GO_Biological_Process_2023,Negative Regulation By Host Of Viral Transcription (GO:0043922),0.35868899639461077,0.45988373272257704,0,0,2.4119296805527055,2.4729504673815237,JUN
GO_Biological_Process_2023,"Negative Regulation Of DNA Damage Response, Signal Transduction By P53 Class Mediator (GO:0043518)",0.35868899639461077,0.45988373272257704,0,0,2.4119296805527055,2.4729504673815237,CD44
GO_Biological_Process_2023,Negative Regulation Of Alcohol Biosynthetic Process (GO:1902931),0.35868899639461077,0.45988373272257704,0,0,2.4119296805527055,2.4729504673815237,ERLIN2
GO_Biological_Process_2023,Negative Regulation Of Complement Activation (GO:0045916),0.35868899639461077,0.45988373272257704,0,0,2.4119296805527055,2.4729504673815237,CD55
GO_Biological_Process_2023,Negative Regulation Of Hippo Signaling (GO:0035331),0.35868899639461077,0.45988373272257704,0,0,2.4119296805527055,2.4729504673815237,SHANK2
GO_Biological_Process_2023,Negative Regulation Of Mononuclear Cell Migration (GO:0071676),0.35868899639461077,0.45988373272257704,0,0,2.4119296805527055,2.4729504673815237,MIA3
GO_Biological_Process_2023,Negative Regulation Of Voltage-Gated Calcium Channel Activity (GO:1901386),0.35868899639461077,0.45988373272257704,0,0,2.4119296805527055,2.4729504673815237,CALM3
GO_Biological_Process_2023,Neutrophil Mediated Immunity (GO:0002446),0.35868899639461077,0.45988373272257704,0,0,2.4119296805527055,2.4729504673815237,VAMP8
GO_Biological_Process_2023,Nucleotide Metabolic Process (GO:0009117),0.35868899639461077,0.45988373272257704,0,0,2.4119296805527055,2.4729504673815237,PNP
GO_Biological_Process_2023,Porphyrin-Containing Compound Catabolic Process (GO:0006787),0.35868899639461077,0.45988373272257704,0,0,2.4119296805527055,2.4729504673815237,BLVRA
GO_Biological_Process_2023,Positive Regulation By Symbiont Of Entry Into Host (GO:0075294),0.35868899639461077,0.45988373272257704,0,0,2.4119296805527055,2.4729504673815237,P4HB
GO_Biological_Process_2023,Positive Regulation Of Cell Morphogenesis Involved In Differentiation (GO:0010770),0.35868899639461077,0.45988373272257704,0,0,2.4119296805527055,2.4729504673815237,OBSL1
GO_Biological_Process_2023,Positive Regulation Of Cellular Extravasation (GO:0002693),0.35868899639461077,0.45988373272257704,0,0,2.4119296805527055,2.4729504673815237,CD47
GO_Biological_Process_2023,Positive Regulation Of Fatty Acid Oxidation (GO:0046321),0.35868899639461077,0.45988373272257704,0,0,2.4119296805527055,2.4729504673815237,MTLN
GO_Biological_Process_2023,Positive Regulation Of Neuroinflammatory Response (GO:0150078),0.35868899639461077,0.45988373272257704,0,0,2.4119296805527055,2.4729504673815237,NUPR1
GO_Biological_Process_2023,Positive Regulation Of Neuron Migration (GO:2001224),0.35868899639461077,0.45988373272257704,0,0,2.4119296805527055,2.4729504673815237,PLAA
GO_Biological_Process_2023,Positive Regulation Of Nuclear-Transcribed mRNA poly(A) Tail Shortening (GO:0060213),0.35868899639461077,0.45988373272257704,0,0,2.4119296805527055,2.4729504673815237,TOB1
GO_Biological_Process_2023,Positive Regulation Of Ruffle Assembly (GO:1900029),0.35868899639461077,0.45988373272257704,0,0,2.4119296805527055,2.4729504673815237,EPS8L1
GO_Biological_Process_2023,Positive Regulation Of Vasoconstriction (GO:0045907),0.35868899639461077,0.45988373272257704,0,0,2.4119296805527055,2.4729504673815237,TRPM4
GO_Biological_Process_2023,Positive Regulation Of Viral Entry Into Host Cell (GO:0046598),0.35868899639461077,0.45988373272257704,0,0,2.4119296805527055,2.4729504673815237,P4HB
GO_Biological_Process_2023,Positive Regulation Of Voltage-Gated Calcium Channel Activity (GO:1901387),0.35868899639461077,0.45988373272257704,0,0,2.4119296805527055,2.4729504673815237,NIPSNAP2
GO_Biological_Process_2023,Potassium Ion Export Across Plasma Membrane (GO:0097623),0.35868899639461077,0.45988373272257704,0,0,2.4119296805527055,2.4729504673815237,KCNE4
GO_Biological_Process_2023,pre-miRNA Processing (GO:0031054),0.35868899639461077,0.45988373272257704,0,0,2.4119296805527055,2.4729504673815237,TUT7
GO_Biological_Process_2023,Quinone Biosynthetic Process (GO:1901663),0.35868899639461077,0.45988373272257704,0,0,2.4119296805527055,2.4729504673815237,COQ8A
GO_Biological_Process_2023,Regulation Of T Cell Differentiation In Thymus (GO:0033081),0.35868899639461077,0.45988373272257704,0,0,2.4119296805527055,2.4729504673815237,CLPTM1
GO_Biological_Process_2023,Regulation Of Actin Filament Organization (GO:0110053),0.35868899639461077,0.45988373272257704,0,0,2.4119296805527055,2.4729504673815237,PIK3CA
GO_Biological_Process_2023,Regulation Of Actomyosin Structure Organization (GO:0110020),0.35868899639461077,0.45988373272257704,0,0,2.4119296805527055,2.4729504673815237,RAC1
GO_Biological_Process_2023,Regulation Of Nitrogen Compound Metabolic Process (GO:0051171),0.35868899639461077,0.45988373272257704,0,0,2.4119296805527055,2.4729504673815237,ALDH2
GO_Biological_Process_2023,"Regulation Of Retrograde Protein Transport, ER To Cytosol (GO:1904152)",0.35868899639461077,0.45988373272257704,0,0,2.4119296805527055,2.4729504673815237,ERLEC1
GO_Biological_Process_2023,Regulation Of Sensory Perception (GO:0051931),0.35868899639461077,0.45988373272257704,0,0,2.4119296805527055,2.4729504673815237,MGLL
GO_Biological_Process_2023,Regulation Of Transcription From RNA Polymerase II Promoter In Response To Stress (GO:0043618),0.35868899639461077,0.45988373272257704,0,0,2.4119296805527055,2.4729504673815237,KLF2
GO_Biological_Process_2023,Regulation Of Vascular Associated Smooth Muscle Cell Migration (GO:1904752),0.35868899639461077,0.45988373272257704,0,0,2.4119296805527055,2.4729504673815237,IGFBP5
GO_Biological_Process_2023,Relaxation Of Cardiac Muscle (GO:0055119),0.35868899639461077,0.45988373272257704,0,0,2.4119296805527055,2.4729504673815237,PIK3CA
GO_Biological_Process_2023,Sphingoid Biosynthetic Process (GO:0046520),0.35868899639461077,0.45988373272257704,0,0,2.4119296805527055,2.4729504673815237,SPTSSA
GO_Biological_Process_2023,Sphingosine Biosynthetic Process (GO:0046512),0.35868899639461077,0.45988373272257704,0,0,2.4119296805527055,2.4729504673815237,SPTSSA
GO_Biological_Process_2023,Suppression Of Viral Release By Host (GO:0044790),0.35868899639461077,0.45988373272257704,0,0,2.4119296805527055,2.4729504673815237,TRIM8
GO_Biological_Process_2023,tRNA 5'-Leader Removal (GO:0001682),0.35868899639461077,0.45988373272257704,0,0,2.4119296805527055,2.4729504673815237,PRORP
GO_Biological_Process_2023,tRNA Aminoacylation (GO:0043039),0.35868899639461077,0.45988373272257704,0,0,2.4119296805527055,2.4729504673815237,IARS2
GO_Biological_Process_2023,Microtubule Cytoskeleton Organization Involved In Mitosis (GO:1902850),0.3629346279785174,0.4651624991288712,0,0,1.42164118850253,1.440879617757567,FAM110A;MAP1S;CDCA8
GO_Biological_Process_2023,Adenylate Cyclase-Activating G Protein-Coupled Receptor Signaling Pathway (GO:0007189),0.363320067389684,0.4651627020450461,0,0,1.2760159651669085,1.2919292940780982,RAMP2;GNAS;ADCY2;RAMP1;ADRA2A
GO_Biological_Process_2023,Cellular Response To Salt (GO:1902075),0.363320067389684,0.4651627020450461,0,0,1.2760159651669085,1.2919292940780982,RYR1;CDH1;PPIF;SYT7;HSP90B1
GO_Biological_Process_2023,Negative Regulation Of Inflammatory Response (GO:0050728),0.363320067389684,0.4651627020450461,0,0,1.2760159651669085,1.2919292940780982,YES1;LPCAT3;CXCL17;NR1H3;TRIM45
GO_Biological_Process_2023,Regulation Of Osteoblast Differentiation (GO:0045667),0.3646977048719932,0.46580446408566206,0,0,1.3269607843137254,1.3384873951722265,IFITM1;NBR1;IL6ST;TRPM4
GO_Biological_Process_2023,Dendrite Morphogenesis (GO:0048813),0.36497876009804225,0.46580446408566206,0,0,1.6081599123767798,1.6208902969790415,FARP1;TMEM106B
GO_Biological_Process_2023,Endoderm Formation (GO:0001706),0.36497876009804225,0.46580446408566206,0,0,1.6081599123767798,1.6208902969790415,DUSP5;ITGB5
GO_Biological_Process_2023,Establishment Of Spindle Orientation (GO:0051294),0.36497876009804225,0.46580446408566206,0,0,1.6081599123767798,1.6208902969790415,DCTN1;MISP
GO_Biological_Process_2023,Intrinsic Apoptotic Signaling Pathway By P53 Class Mediator (GO:0072332),0.36497876009804225,0.46580446408566206,0,0,1.6081599123767798,1.6208902969790415,STK11;PHLDA3
GO_Biological_Process_2023,Macrophage Activation (GO:0042116),0.36497876009804225,0.46580446408566206,0,0,1.6081599123767798,1.6208902969790415,MAPT;FOXP1
GO_Biological_Process_2023,Regulation Of mRNA Processing (GO:0050684),0.36497876009804225,0.46580446408566206,0,0,1.6081599123767798,1.6208902969790415,TIA1;DHX9
GO_Biological_Process_2023,Regulation Of Postsynaptic Membrane Potential (GO:0060078),0.36497876009804225,0.46580446408566206,0,0,1.6081599123767798,1.6208902969790415,GSK3B;GSK3A
GO_Biological_Process_2023,Response To Nutrient Levels (GO:0031667),0.36497876009804225,0.46580446408566206,0,0,1.6081599123767798,1.6208902969790415,MEAK7;FLNB
GO_Biological_Process_2023,Regulation Of Protein Kinase B Signaling (GO:0051896),0.3671067378769151,0.468355267555543,0,0,1.2345253987212814,1.2371211541828355,SLC9A3R1;PIK3CA;SORD;RTN4;PHLDA3;TSPYL5
GO_Biological_Process_2023,Negative Regulation Of Defense Response (GO:0031348),0.3705622293686396,0.47193262826062327,0,0,1.2638274932614555,1.2546443809453272,LPCAT3;DHX58;CXCL17;NR1H3;TRIM45
GO_Biological_Process_2023,Positive Regulation Of Cellular Component Organization (GO:0051130),0.3705622293686396,0.47193262826062327,0,0,1.2638274932614555,1.2546443809453272,GSK3B;SUMO1;DCTN1;BNIP3;MTLN
GO_Biological_Process_2023,Protein Deubiquitination (GO:0016579),0.3705622293686396,0.47193262826062327,0,0,1.2638274932614555,1.2546443809453272,USP14;PSMD14;USP21;STAMBP;UCHL5
GO_Biological_Process_2023,Regulation Of JNK Cascade (GO:0046328),0.3705622293686396,0.47193262826062327,0,0,1.2638274932614555,1.2546443809453272,TAOK3;TRAF5;MBIP;MTURN;NAIP
GO_Biological_Process_2023,Regulation Of Protein Serine/Threonine Kinase Activity (GO:0071900),0.3705622293686396,0.47193262826062327,0,0,1.2638274932614555,1.2546443809453272,SLC27A1;CAB39;CALM3;TRIB2;CALM2
GO_Biological_Process_2023,Mitotic Spindle Organization (GO:0007052),0.3729937647124834,0.47469550800724347,0,0,1.3105413105413106,1.2924474216256934,FAM110A;MAP1S;CDCA8;MISP
GO_Biological_Process_2023,Negative Regulation Of Angiogenesis (GO:0016525),0.3729937647124834,0.47469550800724347,0,0,1.3105413105413106,1.2924474216256934,ATF2;NAXE;STAT1;KLF2
GO_Biological_Process_2023,T Cell Activation (GO:0042110),0.3778047920981366,0.47530249815729747,0,0,1.2518689925240298,1.2185412852513569,PIK3R3;RHOH;SOX4;CD44;HSPD1
GO_Biological_Process_2023,Negative Regulation Of Transmembrane Receptor Protein Serine/Threonine Kinase Signaling Pathway (GO:0090101),0.3778047920981366,0.47530249815729747,0,0,1.2518689925240298,1.2185412852513569,STRAP;ARID4B;MTMR4;TRIM33;SNX6
GO_Biological_Process_2023,Base-Excision Repair (GO:0006284),0.37811497155861634,0.47530249815729747,0,0,1.5608167965981574,1.517983257618988,APEX1;LIG3
GO_Biological_Process_2023,Negative Regulation Of Organelle Assembly (GO:1902116),0.37811497155861634,0.47530249815729747,0,0,1.5608167965981574,1.517983257618988,NUPR1;SEC22B
GO_Biological_Process_2023,Negative Regulation Of Sequestering Of Calcium Ion (GO:0051283),0.37811497155861634,0.47530249815729747,0,0,1.5608167965981574,1.517983257618988,RYR1;ITPR1
GO_Biological_Process_2023,Positive Regulation Of Immune Effector Process (GO:0002699),0.37811497155861634,0.47530249815729747,0,0,1.5608167965981574,1.517983257618988,APLP2;DHX58
GO_Biological_Process_2023,Substrate Adhesion-Dependent Cell Spreading (GO:0034446),0.37811497155861634,0.47530249815729747,0,0,1.5608167965981574,1.517983257618988,RAC1;MLF2
GO_Biological_Process_2023,ATP Transport (GO:0015867),0.38200043405187545,0.47530249815729747,0,0,2.210872836719338,2.1275970704384304,CD47
GO_Biological_Process_2023,ERBB2 Signaling Pathway (GO:0038128),0.38200043405187545,0.47530249815729747,0,0,2.210872836719338,2.1275970704384304,ERBB2
GO_Biological_Process_2023,GTP Metabolic Process (GO:0046039),0.38200043405187545,0.47530249815729747,0,0,2.210872836719338,2.1275970704384304,MFN1
GO_Biological_Process_2023,Acute-Phase Response (GO:0006953),0.38200043405187545,0.47530249815729747,0,0,2.210872836719338,2.1275970704384304,PLSCR1
GO_Biological_Process_2023,Cardiac Left Ventricle Morphogenesis (GO:0003214),0.38200043405187545,0.47530249815729747,0,0,2.210872836719338,2.1275970704384304,GSK3A
GO_Biological_Process_2023,Cellular Response To Arsenic-Containing Substance (GO:0071243),0.38200043405187545,0.47530249815729747,0,0,2.210872836719338,2.1275970704384304,PPIF
GO_Biological_Process_2023,Ceramide Transport (GO:0035627),0.38200043405187545,0.47530249815729747,0,0,2.210872836719338,2.1275970704384304,VAPA
GO_Biological_Process_2023,Cranial Nerve Development (GO:0021545),0.38200043405187545,0.47530249815729747,0,0,2.210872836719338,2.1275970704384304,TFAP2A
GO_Biological_Process_2023,Cytoplasmic Sequestering Of Protein (GO:0051220),0.38200043405187545,0.47530249815729747,0,0,2.210872836719338,2.1275970704384304,NFKBIA
GO_Biological_Process_2023,Cytoplasmic Sequestering Of Transcription Factor (GO:0042994),0.38200043405187545,0.47530249815729747,0,0,2.210872836719338,2.1275970704384304,NFKBIA
GO_Biological_Process_2023,Endolysosomal Toll-Like Receptor Signaling Pathway (GO:0140894),0.38200043405187545,0.47530249815729747,0,0,2.210872836719338,2.1275970704384304,OAS1
GO_Biological_Process_2023,"Endonucleolytic Cleavage Of Tricistronic rRNA Transcript (SSU-rRNA, 5.8S rRNA, LSU-rRNA) (GO:0000479)",0.38200043405187545,0.47530249815729747,0,0,2.210872836719338,2.1275970704384304,SDE2
GO_Biological_Process_2023,Endothelial Cell Differentiation (GO:0045446),0.38200043405187545,0.47530249815729747,0,0,2.210872836719338,2.1275970704384304,MESP1
GO_Biological_Process_2023,Glutamine Metabolic Process (GO:0006541),0.38200043405187545,0.47530249815729747,0,0,2.210872836719338,2.1275970704384304,SLC38A1
GO_Biological_Process_2023,Heparan Sulfate Proteoglycan Metabolic Process (GO:0030201),0.38200043405187545,0.47530249815729747,0,0,2.210872836719338,2.1275970704384304,HS6ST1
GO_Biological_Process_2023,Immune Response-Regulating Cell Surface Receptor Signaling Pathway (GO:0002768),0.38200043405187545,0.47530249815729747,0,0,2.210872836719338,2.1275970704384304,CD24
GO_Biological_Process_2023,Interleukin-6-Mediated Signaling Pathway (GO:0070102),0.38200043405187545,0.47530249815729747,0,0,2.210872836719338,2.1275970704384304,IL6ST
GO_Biological_Process_2023,Lipid Oxidation (GO:0034440),0.38200043405187545,0.47530249815729747,0,0,2.210872836719338,2.1275970704384304,ADIPOR1
GO_Biological_Process_2023,Microvillus Organization (GO:0032528),0.38200043405187545,0.47530249815729747,0,0,2.210872836719338,2.1275970704384304,SLC9A3R1
GO_Biological_Process_2023,Monoacylglycerol Metabolic Process (GO:0046462),0.38200043405187545,0.47530249815729747,0,0,2.210872836719338,2.1275970704384304,MGLL
GO_Biological_Process_2023,Myeloid Dendritic Cell Activation (GO:0001773),0.38200043405187545,0.47530249815729747,0,0,2.210872836719338,2.1275970704384304,DHRS2
GO_Biological_Process_2023,Negative Regulation Of Androgen Receptor Signaling Pathway (GO:0060766),0.38200043405187545,0.47530249815729747,0,0,2.210872836719338,2.1275970704384304,FOXP1
GO_Biological_Process_2023,Negative Regulation Of Endoplasmic Reticulum Unfolded Protein Response (GO:1900102),0.38200043405187545,0.47530249815729747,0,0,2.210872836719338,2.1275970704384304,WFS1
GO_Biological_Process_2023,Negative Regulation Of Fibroblast Growth Factor Receptor Signaling Pathway (GO:0040037),0.38200043405187545,0.47530249815729747,0,0,2.210872836719338,2.1275970704384304,SHISA2
GO_Biological_Process_2023,Negative Regulation Of Myoblast Differentiation (GO:0045662),0.38200043405187545,0.47530249815729747,0,0,2.210872836719338,2.1275970704384304,SOX4
GO_Biological_Process_2023,Negative Regulation Of Viral Transcription (GO:0032897),0.38200043405187545,0.47530249815729747,0,0,2.210872836719338,2.1275970704384304,TRIM27
GO_Biological_Process_2023,Oogenesis (GO:0048477),0.38200043405187545,0.47530249815729747,0,0,2.210872836719338,2.1275970704384304,METTL3
GO_Biological_Process_2023,Peptidyl-Tyrosine Autophosphorylation (GO:0038083),0.38200043405187545,0.47530249815729747,0,0,2.210872836719338,2.1275970704384304,DDR1
GO_Biological_Process_2023,Plasma Membrane Tubulation (GO:0097320),0.38200043405187545,0.47530249815729747,0,0,2.210872836719338,2.1275970704384304,SNX9
GO_Biological_Process_2023,Positive Regulation Of Alpha-Beta T Cell Differentiation (GO:0046638),0.38200043405187545,0.47530249815729747,0,0,2.210872836719338,2.1275970704384304,PNP
GO_Biological_Process_2023,Positive Regulation Of Cellular Response To Insulin Stimulus (GO:1900078),0.38200043405187545,0.47530249815729747,0,0,2.210872836719338,2.1275970704384304,ECHDC3
GO_Biological_Process_2023,Positive Regulation Of Cyclase Activity (GO:0031281),0.38200043405187545,0.47530249815729747,0,0,2.210872836719338,2.1275970704384304,NF1
GO_Biological_Process_2023,Positive Regulation Of Double-Strand Break Repair Via Nonhomologous End Joining (GO:2001034),0.38200043405187545,0.47530249815729747,0,0,2.210872836719338,2.1275970704384304,SETMAR
GO_Biological_Process_2023,Positive Regulation Of Glycoprotein Biosynthetic Process (GO:0010560),0.38200043405187545,0.47530249815729747,0,0,2.210872836719338,2.1275970704384304,RAMP1
GO_Biological_Process_2023,Positive Regulation Of Heterochromatin Formation (GO:0031453),0.38200043405187545,0.47530249815729747,0,0,2.210872836719338,2.1275970704384304,TPR
GO_Biological_Process_2023,Positive Regulation Of Macrophage Chemotaxis (GO:0010759),0.38200043405187545,0.47530249815729747,0,0,2.210872836719338,2.1275970704384304,CXCL17
GO_Biological_Process_2023,Positive Regulation Of Potassium Ion Transmembrane Transporter Activity (GO:1901018),0.38200043405187545,0.47530249815729747,0,0,2.210872836719338,2.1275970704384304,ATP1B3
GO_Biological_Process_2023,Positive Regulation Of Superoxide Anion Generation (GO:0032930),0.38200043405187545,0.47530249815729747,0,0,2.210872836719338,2.1275970704384304,MAPT
GO_Biological_Process_2023,Protein Import Into Peroxisome Matrix (GO:0016558),0.38200043405187545,0.47530249815729747,0,0,2.210872836719338,2.1275970704384304,PEX13
GO_Biological_Process_2023,Purine Ribonucleoside Bisphosphate Metabolic Process (GO:0034035),0.38200043405187545,0.47530249815729747,0,0,2.210872836719338,2.1275970704384304,SULT2B1
GO_Biological_Process_2023,Regulation Of ERBB Signaling Pathway (GO:1901184),0.38200043405187545,0.47530249815729747,0,0,2.210872836719338,2.1275970704384304,IFI6
GO_Biological_Process_2023,Regulation Of IRE1-mediated Unfolded Protein Response (GO:1903894),0.38200043405187545,0.47530249815729747,0,0,2.210872836719338,2.1275970704384304,TMEM33
GO_Biological_Process_2023,Regulation Of cAMP-dependent Protein Kinase Activity (GO:2000479),0.38200043405187545,0.47530249815729747,0,0,2.210872836719338,2.1275970704384304,PRKAR1A
GO_Biological_Process_2023,Regulation Of Cell Fate Commitment (GO:0010453),0.38200043405187545,0.47530249815729747,0,0,2.210872836719338,2.1275970704384304,MTA3
GO_Biological_Process_2023,Regulation Of Cellular Ketone Metabolic Process (GO:0010565),0.38200043405187545,0.47530249815729747,0,0,2.210872836719338,2.1275970704384304,FGFR4
GO_Biological_Process_2023,Regulation Of Humoral Immune Response (GO:0002920),0.38200043405187545,0.47530249815729747,0,0,2.210872836719338,2.1275970704384304,CD55
GO_Biological_Process_2023,Regulation Of Immune Effector Process (GO:0002697),0.38200043405187545,0.47530249815729747,0,0,2.210872836719338,2.1275970704384304,CD55
GO_Biological_Process_2023,Regulation Of Leukocyte Migration (GO:0002685),0.38200043405187545,0.47530249815729747,0,0,2.210872836719338,2.1275970704384304,MIA3
GO_Biological_Process_2023,Regulation Of Oxidoreductase Activity (GO:0051341),0.38200043405187545,0.47530249815729747,0,0,2.210872836719338,2.1275970704384304,OXA1L
GO_Biological_Process_2023,Regulation Of Vasculogenesis (GO:2001212),0.38200043405187545,0.47530249815729747,0,0,2.210872836719338,2.1275970704384304,SORD
GO_Biological_Process_2023,Relaxation Of Muscle (GO:0090075),0.38200043405187545,0.47530249815729747,0,0,2.210872836719338,2.1275970704384304,PIK3CA
GO_Biological_Process_2023,Response To UV-A (GO:0070141),0.38200043405187545,0.47530249815729747,0,0,2.210872836719338,2.1275970704384304,OPN3
GO_Biological_Process_2023,Response To Nerve Growth Factor (GO:1990089),0.38200043405187545,0.47530249815729747,0,0,2.210872836719338,2.1275970704384304,MAPT
GO_Biological_Process_2023,Response To Progesterone (GO:0032570),0.38200043405187545,0.47530249815729747,0,0,2.210872836719338,2.1275970704384304,NR1H3
GO_Biological_Process_2023,Substrate-Dependent Cell Migration (GO:0006929),0.38200043405187545,0.47530249815729747,0,0,2.210872836719338,2.1275970704384304,CD2AP
GO_Biological_Process_2023,Synaptic Vesicle Localization (GO:0097479),0.38200043405187545,0.47530249815729747,0,0,2.210872836719338,2.1275970704384304,TMEM230
GO_Biological_Process_2023,Thymus Development (GO:0048538),0.38200043405187545,0.47530249815729747,0,0,2.210872836719338,2.1275970704384304,HES1
GO_Biological_Process_2023,Vascular Endothelial Growth Factor Signaling Pathway (GO:0038084),0.38200043405187545,0.47530249815729747,0,0,2.210872836719338,2.1275970704384304,PIK3CA
GO_Biological_Process_2023,Heterochromatin Organization (GO:0070828),0.3911357795807293,0.4850030104900382,0,0,1.5161790017211705,1.423238012664342,LMNA;TRIP12
GO_Biological_Process_2023,Negative Regulation Of Endothelial Cell Migration (GO:0010596),0.3911357795807293,0.4850030104900382,0,0,1.5161790017211705,1.423238012664342,SP100;STC1
GO_Biological_Process_2023,Positive Regulation Of Production Of Molecular Mediator Of Immune Response (GO:0002702),0.3911357795807293,0.4850030104900382,0,0,1.5161790017211705,1.423238012664342,SLC7A5;FFAR2
GO_Biological_Process_2023,Positive Regulation Of Protein Tyrosine Kinase Activity (GO:0061098),0.3911357795807293,0.4850030104900382,0,0,1.5161790017211705,1.423238012664342,DLG3;ADRA2A
GO_Biological_Process_2023,Positive Regulation Of Receptor Signaling Pathway Via JAK-STAT (GO:0046427),0.3911357795807293,0.4850030104900382,0,0,1.5161790017211705,1.423238012664342,HES1;PRLR
GO_Biological_Process_2023,Protein Acylation (GO:0043543),0.3911357795807293,0.4850030104900382,0,0,1.5161790017211705,1.423238012664342,ING5;ZDHHC9
GO_Biological_Process_2023,Regulation Of Neurotransmitter Secretion (GO:0046928),0.3911357795807293,0.4850030104900382,0,0,1.5161790017211705,1.423238012664342,PNKD;MYOF
GO_Biological_Process_2023,Regulation Of Ossification (GO:0030278),0.3911357795807293,0.4850030104900382,0,0,1.5161790017211705,1.423238012664342,ECM1;NBR1
GO_Biological_Process_2023,Regulation Of p38MAPK Cascade (GO:1900744),0.3911357795807293,0.4850030104900382,0,0,1.5161790017211705,1.423238012664342,DLG1;SORD
GO_Biological_Process_2023,Response To cAMP (GO:0051591),0.3911357795807293,0.4850030104900382,0,0,1.5161790017211705,1.423238012664342,IGFBP5;STAT1
GO_Biological_Process_2023,Regulation Of MAP Kinase Activity (GO:0043405),0.3922812905193234,0.48625695902155697,0,0,1.2286163522012579,1.1497098414000266,ERBB2;NF1;CD24;TRIB2;ADRA2A
GO_Biological_Process_2023,Phosphatidylinositol-Mediated Signaling (GO:0048015),0.3927273787601222,0.4866433684123033,0,0,1.3492393956036939,1.2610525697551627,PIK3CA;ERBB2;NF1
GO_Biological_Process_2023,Positive Regulation Of Interleukin-1 Production (GO:0032732),0.40258237451737955,0.4924277876552209,0,0,1.3267143933685004,1.2071184486010476,TMED10;S100A13;NAIP
GO_Biological_Process_2023,Digestive Tract Development (GO:0048565),0.4040322259457106,0.4924277876552209,0,0,1.4740210843373494,1.3358472868575417,CHD8;COBL
GO_Biological_Process_2023,Negative Regulation Of DNA Metabolic Process (GO:0051053),0.4040322259457106,0.4924277876552209,0,0,1.4740210843373494,1.3358472868575417,TERF2IP;RAD17
GO_Biological_Process_2023,Positive Regulation Of Bone Mineralization (GO:0030501),0.4040322259457106,0.4924277876552209,0,0,1.4740210843373494,1.3358472868575417,TFAP2A;ISG15
GO_Biological_Process_2023,Regulation Of Protein Tyrosine Kinase Activity (GO:0061097),0.4040322259457106,0.4924277876552209,0,0,1.4740210843373494,1.3358472868575417,SH3BP5L;DLG3
GO_Biological_Process_2023,Regulation Of Telomere Maintenance (GO:0032204),0.4040322259457106,0.4924277876552209,0,0,1.4740210843373494,1.3358472868575417,TINF2;TERF2IP
GO_Biological_Process_2023,COPII-coated Vesicle Cargo Loading (GO:0090110),0.404465121003391,0.4924277876552209,0,0,2.0407478150141807,1.847264052717362,MIA3
GO_Biological_Process_2023,L-glutamate Transmembrane Transport (GO:0015813),0.404465121003391,0.4924277876552209,0,0,2.0407478150141807,1.847264052717362,SLC1A2
GO_Biological_Process_2023,"RNA Phosphodiester Bond Hydrolysis, Endonucleolytic (GO:0090502)",0.404465121003391,0.4924277876552209,0,0,2.0407478150141807,1.847264052717362,KHNYN
GO_Biological_Process_2023,Aorta Development (GO:0035904),0.404465121003391,0.4924277876552209,0,0,2.0407478150141807,1.847264052717362,HECTD1
GO_Biological_Process_2023,Cellular Response To ATP (GO:0071318),0.404465121003391,0.4924277876552209,0,0,2.0407478150141807,1.847264052717362,HSP90B1
GO_Biological_Process_2023,Centromere Complex Assembly (GO:0034508),0.404465121003391,0.4924277876552209,0,0,2.0407478150141807,1.847264052717362,CENPF
GO_Biological_Process_2023,Ceramide Catabolic Process (GO:0046514),0.404465121003391,0.4924277876552209,0,0,2.0407478150141807,1.847264052717362,HEXB
GO_Biological_Process_2023,Copper Ion Homeostasis (GO:0055070),0.404465121003391,0.4924277876552209,0,0,2.0407478150141807,1.847264052717362,COMMD1
GO_Biological_Process_2023,Detection Of Mechanical Stimulus Involved In Sensory Perception (GO:0050974),0.404465121003391,0.4924277876552209,0,0,2.0407478150141807,1.847264052717362,HPN
GO_Biological_Process_2023,Electron Transport Chain (GO:0022900),0.404465121003391,0.4924277876552209,0,0,2.0407478150141807,1.847264052717362,DHRS2
GO_Biological_Process_2023,Embryonic Cranial Skeleton Morphogenesis (GO:0048701),0.404465121003391,0.4924277876552209,0,0,2.0407478150141807,1.847264052717362,TFAP2A
GO_Biological_Process_2023,Establishment Of Apical/Basal Cell Polarity (GO:0035089),0.404465121003391,0.4924277876552209,0,0,2.0407478150141807,1.847264052717362,SLC9A3R1
GO_Biological_Process_2023,Glucosamine-Containing Compound Metabolic Process (GO:1901071),0.404465121003391,0.4924277876552209,0,0,2.0407478150141807,1.847264052717362,CHST1
GO_Biological_Process_2023,Hyaluronan Metabolic Process (GO:0030212),0.404465121003391,0.4924277876552209,0,0,2.0407478150141807,1.847264052717362,CD44
GO_Biological_Process_2023,Icosanoid Transport (GO:0071715),0.404465121003391,0.4924277876552209,0,0,2.0407478150141807,1.847264052717362,ABCC11
GO_Biological_Process_2023,"Maturation Of LSU-rRNA From Tricistronic rRNA Transcript (SSU-rRNA, 5.8S rRNA, LSU-rRNA) (GO:0000463)",0.404465121003391,0.4924277876552209,0,0,2.0407478150141807,1.847264052717362,NIFK
GO_Biological_Process_2023,Membrane Repolarization During Action Potential (GO:0086011),0.404465121003391,0.4924277876552209,0,0,2.0407478150141807,1.847264052717362,KCNE4
GO_Biological_Process_2023,Microvillus Assembly (GO:0030033),0.404465121003391,0.4924277876552209,0,0,2.0407478150141807,1.847264052717362,SLC9A3R1
GO_Biological_Process_2023,Mitotic intra-S DNA Damage Checkpoint Signaling (GO:0031573),0.404465121003391,0.4924277876552209,0,0,2.0407478150141807,1.847264052717362,RAD17
GO_Biological_Process_2023,Monosaccharide Transmembrane Transport (GO:0015749),0.404465121003391,0.4924277876552209,0,0,2.0407478150141807,1.847264052717362,SLC50A1
GO_Biological_Process_2023,Myotube Cell Development (GO:0014904),0.404465121003391,0.4924277876552209,0,0,2.0407478150141807,1.847264052717362,RYR1
GO_Biological_Process_2023,Negative Regulation Of Defense Response To Virus (GO:0050687),0.404465121003391,0.4924277876552209,0,0,2.0407478150141807,1.847264052717362,TSPAN6
GO_Biological_Process_2023,Negative Regulation Of Receptor Signaling Pathway Via STAT (GO:1904893),0.404465121003391,0.4924277876552209,0,0,2.0407478150141807,1.847264052717362,PTPRT
GO_Biological_Process_2023,Positive Regulation Of Endothelial Cell Chemotaxis (GO:2001028),0.404465121003391,0.4924277876552209,0,0,2.0407478150141807,1.847264052717362,SMOC2
GO_Biological_Process_2023,Positive Regulation Of Histone Acetylation (GO:0035066),0.404465121003391,0.4924277876552209,0,0,2.0407478150141807,1.847264052717362,SF3B1
GO_Biological_Process_2023,Positive Regulation Of Lyase Activity (GO:0051349),0.404465121003391,0.4924277876552209,0,0,2.0407478150141807,1.847264052717362,NF1
GO_Biological_Process_2023,"Positive Regulation Of Nuclear-Transcribed mRNA Catabolic Process, Deadenylation-Dependent Decay (GO:1900153)",0.404465121003391,0.4924277876552209,0,0,2.0407478150141807,1.847264052717362,TOB1
GO_Biological_Process_2023,Positive Regulation Of Sprouting Angiogenesis (GO:1903672),0.404465121003391,0.4924277876552209,0,0,2.0407478150141807,1.847264052717362,S100A1
GO_Biological_Process_2023,Positive Regulation Of Transporter Activity (GO:0032411),0.404465121003391,0.4924277876552209,0,0,2.0407478150141807,1.847264052717362,NR1H3
GO_Biological_Process_2023,Post-Translational Protein Targeting To Endoplasmic Reticulum Membrane (GO:0006620),0.404465121003391,0.4924277876552209,0,0,2.0407478150141807,1.847264052717362,GET3
GO_Biological_Process_2023,Prostanoid Biosynthetic Process (GO:0046457),0.404465121003391,0.4924277876552209,0,0,2.0407478150141807,1.847264052717362,PTGES
GO_Biological_Process_2023,Regulation Of Branching Involved In Ureteric Bud Morphogenesis (GO:0090189),0.404465121003391,0.4924277876552209,0,0,2.0407478150141807,1.847264052717362,TACSTD2
GO_Biological_Process_2023,Regulation Of Cell Fate Specification (GO:0042659),0.404465121003391,0.4924277876552209,0,0,2.0407478150141807,1.847264052717362,MTA3
GO_Biological_Process_2023,Regulation Of Cholesterol Storage (GO:0010885),0.404465121003391,0.4924277876552209,0,0,2.0407478150141807,1.847264052717362,NR1H3
GO_Biological_Process_2023,Regulation Of Endothelial Cell Chemotaxis (GO:2001026),0.404465121003391,0.4924277876552209,0,0,2.0407478150141807,1.847264052717362,SMOC2
GO_Biological_Process_2023,Regulation Of Neuron Projection Arborization (GO:0150011),0.404465121003391,0.4924277876552209,0,0,2.0407478150141807,1.847264052717362,MAP3K13
GO_Biological_Process_2023,Regulation Of Non-Canonical Wnt Signaling Pathway (GO:2000050),0.404465121003391,0.4924277876552209,0,0,2.0407478150141807,1.847264052717362,SFRP4
GO_Biological_Process_2023,Regulation Of Sensory Perception Of Pain (GO:0051930),0.404465121003391,0.4924277876552209,0,0,2.0407478150141807,1.847264052717362,MGLL
GO_Biological_Process_2023,Regulation Of Superoxide Anion Generation (GO:0032928),0.404465121003391,0.4924277876552209,0,0,2.0407478150141807,1.847264052717362,MAPT
GO_Biological_Process_2023,Renal Water Homeostasis (GO:0003091),0.404465121003391,0.4924277876552209,0,0,2.0407478150141807,1.847264052717362,WFS1
GO_Biological_Process_2023,Response To Muscle Stretch (GO:0035994),0.404465121003391,0.4924277876552209,0,0,2.0407478150141807,1.847264052717362,PIK3CA
GO_Biological_Process_2023,Striated Muscle Cell Development (GO:0055002),0.404465121003391,0.4924277876552209,0,0,2.0407478150141807,1.847264052717362,SDC1
GO_Biological_Process_2023,Synaptonemal Complex Assembly (GO:0007130),0.404465121003391,0.4924277876552209,0,0,2.0407478150141807,1.847264052717362,SYCP2
GO_Biological_Process_2023,Synaptonemal Complex Organization (GO:0070193),0.404465121003391,0.4924277876552209,0,0,2.0407478150141807,1.847264052717362,SYCP2
GO_Biological_Process_2023,tRNA 5'-End Processing (GO:0099116),0.404465121003391,0.4924277876552209,0,0,2.0407478150141807,1.847264052717362,PRORP
GO_Biological_Process_2023,Ubiquinone Metabolic Process (GO:0006743),0.404465121003391,0.4924277876552209,0,0,2.0407478150141807,1.847264052717362,COQ8A
GO_Biological_Process_2023,Positive Regulation Of T Cell Proliferation (GO:0042102),0.4123908326903434,0.501739871012571,0,0,1.304927915796756,1.1558839508981282,PNP;IL6ST;CD24
GO_Biological_Process_2023,Positive Regulation Of Cysteine-Type Endopeptidase Activity (GO:2001056),0.4123908326903434,0.501739871012571,0,0,1.304927915796756,1.1558839508981282,PERP;TNFSF10;CYCS
GO_Biological_Process_2023,Regulation Of Peptidyl-Tyrosine Phosphorylation (GO:0050730),0.414273735666476,0.5036923365505123,0,0,1.2341716650882177,1.087587030902917,PDCL3;ARHGEF2;PAK2;CD44
GO_Biological_Process_2023,Regulation Of Phosphatidylinositol 3-Kinase Signaling (GO:0014066),0.414273735666476,0.5036923365505123,0,0,1.2341716650882177,1.087587030902917,DDR1;BECN1;SLC9A3R1;STAMBP
GO_Biological_Process_2023,DNA Duplex Unwinding (GO:0032508),0.41679615499313294,0.5050637916979349,0,0,1.4341419732985998,1.2551008406440816,DHX9;DDX1
GO_Biological_Process_2023,Acylglycerol Metabolic Process (GO:0006639),0.41679615499313294,0.5050637916979349,0,0,1.4341419732985998,1.2551008406440816,APOC1;MGLL
GO_Biological_Process_2023,Negative Regulation Of Lymphocyte Proliferation (GO:0050672),0.41679615499313294,0.5050637916979349,0,0,1.4341419732985998,1.2551008406440816,SDC4;VTCN1
GO_Biological_Process_2023,"Nuclear-Transcribed mRNA Catabolic Process, Deadenylation-Dependent Decay (GO:0000288)",0.41679615499313294,0.5050637916979349,0,0,1.4341419732985998,1.2551008406440816,EXOSC5;TUT7
GO_Biological_Process_2023,Positive Regulation Of Cytokinesis (GO:0032467),0.41679615499313294,0.5050637916979349,0,0,1.4341419732985998,1.2551008406440816,CDCA8;PKP4
GO_Biological_Process_2023,Positive Regulation Of Lymphocyte Differentiation (GO:0045621),0.41679615499313294,0.5050637916979349,0,0,1.4341419732985998,1.2551008406440816,ACTL6A;RHOH
GO_Biological_Process_2023,Positive Regulation Of Response To Biotic Stimulus (GO:0002833),0.41679615499313294,0.5050637916979349,0,0,1.4341419732985998,1.2551008406440816,PLSCR1;DHX9
GO_Biological_Process_2023,protein-DNA Complex Assembly (GO:0065004),0.41679615499313294,0.5050637916979349,0,0,1.4341419732985998,1.2551008406440816,SUPT16H;BAZ1A
GO_Biological_Process_2023,Regulation Of Monoatomic Cation Transmembrane Transport (GO:1904062),0.41679615499313294,0.5050637916979349,0,0,1.4341419732985998,1.2551008406440816,DLG1;NEDD4L
GO_Biological_Process_2023,Synaptic Vesicle Endocytosis (GO:0048488),0.41679615499313294,0.5050637916979349,0,0,1.4341419732985998,1.2551008406440816,GAK;AP2B1
GO_Biological_Process_2023,Regulation Of Tyrosine Phosphorylation Of STAT Protein (GO:0042509),0.4221479643371961,0.5088638819805147,0,0,1.2838442278241,1.1071864917814638,HES1;PARP9;IL6ST
GO_Biological_Process_2023,3'-UTR-mediated mRNA Destabilization (GO:0061158),0.4261137918406684,0.5088638819805147,0,0,1.8949263678383317,1.6164647615441803,RBM24
GO_Biological_Process_2023,3'-Phosphoadenosine 5'-Phosphosulfate Metabolic Process (GO:0050427),0.4261137918406684,0.5088638819805147,0,0,1.8949263678383317,1.6164647615441803,SULT2B1
GO_Biological_Process_2023,B Cell Activation Involved In Immune Response (GO:0002312),0.4261137918406684,0.5088638819805147,0,0,1.8949263678383317,1.6164647615441803,EXOSC6
GO_Biological_Process_2023,DNA Alkylation (GO:0006305),0.4261137918406684,0.5088638819805147,0,0,1.8949263678383317,1.6164647615441803,DNMT3A
GO_Biological_Process_2023,DNA Double-Strand Break Processing (GO:0000729),0.4261137918406684,0.5088638819805147,0,0,1.8949263678383317,1.6164647615441803,SETMAR
GO_Biological_Process_2023,DNA-templated Transcription Termination (GO:0006353),0.4261137918406684,0.5088638819805147,0,0,1.8949263678383317,1.6164647615441803,PRMT5
GO_Biological_Process_2023,L-glutamate Import (GO:0051938),0.4261137918406684,0.5088638819805147,0,0,1.8949263678383317,1.6164647615441803,SLC1A2
GO_Biological_Process_2023,N-acetylglucosamine Metabolic Process (GO:0006044),0.4261137918406684,0.5088638819805147,0,0,1.8949263678383317,1.6164647615441803,CHST1
GO_Biological_Process_2023,Adenylate Cyclase-Activating Adrenergic Receptor Signaling Pathway (GO:0071880),0.4261137918406684,0.5088638819805147,0,0,1.8949263678383317,1.6164647615441803,ADRA2A
GO_Biological_Process_2023,Cardiac Myofibril Assembly (GO:0055003),0.4261137918406684,0.5088638819805147,0,0,1.8949263678383317,1.6164647615441803,OBSL1
GO_Biological_Process_2023,Dendritic Cell Chemotaxis (GO:0002407),0.4261137918406684,0.5088638819805147,0,0,1.8949263678383317,1.6164647615441803,TRPM4
GO_Biological_Process_2023,High-Density Lipoprotein Particle Remodeling (GO:0034375),0.4261137918406684,0.5088638819805147,0,0,1.8949263678383317,1.6164647615441803,APOC1
GO_Biological_Process_2023,Innate Immune Response-Activating Signaling Pathway (GO:0002758),0.4261137918406684,0.5088638819805147,0,0,1.8949263678383317,1.6164647615441803,NAIP
GO_Biological_Process_2023,Melanosome Transport (GO:0032402),0.4261137918406684,0.5088638819805147,0,0,1.8949263678383317,1.6164647615441803,MREG
GO_Biological_Process_2023,Negative Regulation Of DNA Replication (GO:0008156),0.4261137918406684,0.5088638819805147,0,0,1.8949263678383317,1.6164647615441803,RAD17
GO_Biological_Process_2023,Negative Regulation Of Biosynthetic Process (GO:0009890),0.4261137918406684,0.5088638819805147,0,0,1.8949263678383317,1.6164647615441803,ABCD1
GO_Biological_Process_2023,Negative Regulation Of Cell-Substrate Junction Organization (GO:0150118),0.4261137918406684,0.5088638819805147,0,0,1.8949263678383317,1.6164647615441803,APOD
GO_Biological_Process_2023,Negative Regulation Of Epithelial Cell Differentiation (GO:0030857),0.4261137918406684,0.5088638819805147,0,0,1.8949263678383317,1.6164647615441803,SORD
GO_Biological_Process_2023,Negative Regulation Of Focal Adhesion Assembly (GO:0051895),0.4261137918406684,0.5088638819805147,0,0,1.8949263678383317,1.6164647615441803,APOD
GO_Biological_Process_2023,Negative Regulation Of Macrophage Activation (GO:0043031),0.4261137918406684,0.5088638819805147,0,0,1.8949263678383317,1.6164647615441803,NR1H3
GO_Biological_Process_2023,Negative Regulation Of Platelet Activation (GO:0010544),0.4261137918406684,0.5088638819805147,0,0,1.8949263678383317,1.6164647615441803,CD9
GO_Biological_Process_2023,Negative Regulation Of Release Of Cytochrome C From Mitochondria (GO:0090201),0.4261137918406684,0.5088638819805147,0,0,1.8949263678383317,1.6164647615441803,PPIF
GO_Biological_Process_2023,Negative Regulation Of Synaptic Transmission (GO:0050805),0.4261137918406684,0.5088638819805147,0,0,1.8949263678383317,1.6164647615441803,SHANK2
GO_Biological_Process_2023,Negative Regulation Of Telomere Maintenance (GO:0032205),0.4261137918406684,0.5088638819805147,0,0,1.8949263678383317,1.6164647615441803,TERF2IP
GO_Biological_Process_2023,Pigment Granule Transport (GO:0051904),0.4261137918406684,0.5088638819805147,0,0,1.8949263678383317,1.6164647615441803,MREG
GO_Biological_Process_2023,Polyol Biosynthetic Process (GO:0046173),0.4261137918406684,0.5088638819805147,0,0,1.8949263678383317,1.6164647615441803,CYP27A1
GO_Biological_Process_2023,Positive Regulation Of Endothelial Cell Apoptotic Process (GO:2000353),0.4261137918406684,0.5088638819805147,0,0,1.8949263678383317,1.6164647615441803,PDCD4
GO_Biological_Process_2023,Positive Regulation Of Immunoglobulin Mediated Immune Response (GO:0002891),0.4261137918406684,0.5088638819805147,0,0,1.8949263678383317,1.6164647615441803,NECTIN2
GO_Biological_Process_2023,Positive Regulation Of Mitotic Sister Chromatid Separation (GO:1901970),0.4261137918406684,0.5088638819805147,0,0,1.8949263678383317,1.6164647615441803,CDCA8
GO_Biological_Process_2023,Positive Regulation Of Transmembrane Transport (GO:0034764),0.4261137918406684,0.5088638819805147,0,0,1.8949263678383317,1.6164647615441803,SLC38A1
GO_Biological_Process_2023,Receptor Catabolic Process (GO:0032801),0.4261137918406684,0.5088638819805147,0,0,1.8949263678383317,1.6164647615441803,KIF16B
GO_Biological_Process_2023,Regulation Of Activin Receptor Signaling Pathway (GO:0032925),0.4261137918406684,0.5088638819805147,0,0,1.8949263678383317,1.6164647615441803,ACVR1B
GO_Biological_Process_2023,Regulation Of Bicellular Tight Junction Assembly (GO:2000810),0.4261137918406684,0.5088638819805147,0,0,1.8949263678383317,1.6164647615441803,F11R
GO_Biological_Process_2023,Regulation Of mRNA Metabolic Process (GO:1903311),0.4261137918406684,0.5088638819805147,0,0,1.8949263678383317,1.6164647615441803,DHX9
GO_Biological_Process_2023,Regulation Of Monocyte Differentiation (GO:0045655),0.4261137918406684,0.5088638819805147,0,0,1.8949263678383317,1.6164647615441803,FOXP1
GO_Biological_Process_2023,Regulation Of Multicellular Organism Growth (GO:0040014),0.4261137918406684,0.5088638819805147,0,0,1.8949263678383317,1.6164647615441803,STAT5A
GO_Biological_Process_2023,Regulation Of rRNA Processing (GO:2000232),0.4261137918406684,0.5088638819805147,0,0,1.8949263678383317,1.6164647615441803,HEATR1
GO_Biological_Process_2023,Regulation Of Systemic Arterial Blood Pressure (GO:0003073),0.4261137918406684,0.5088638819805147,0,0,1.8949263678383317,1.6164647615441803,GSK3A
GO_Biological_Process_2023,Retrograde Axonal Transport (GO:0008090),0.4261137918406684,0.5088638819805147,0,0,1.8949263678383317,1.6164647615441803,APEX1
GO_Biological_Process_2023,Stem Cell Development (GO:0048864),0.4261137918406684,0.5088638819805147,0,0,1.8949263678383317,1.6164647615441803,TAPT1
GO_Biological_Process_2023,tRNA Wobble Base Modification (GO:0002097),0.4261137918406684,0.5088638819805147,0,0,1.8949263678383317,1.6164647615441803,ELP2
GO_Biological_Process_2023,tRNA Wobble Uridine Modification (GO:0002098),0.4261137918406684,0.5088638819805147,0,0,1.8949263678383317,1.6164647615441803,ELP2
GO_Biological_Process_2023,Vasodilation (GO:0042311),0.4261137918406684,0.5088638819805147,0,0,1.8949263678383317,1.6164647615441803,KLF2
GO_Biological_Process_2023,Positive Regulation Of Cell Cycle Process (GO:0090068),0.42831259592897847,0.5113211016660383,0,0,1.1740858240106862,0.995509701521575,PLSCR1;TPR;CDCA8;WIZ;PKP4
GO_Biological_Process_2023,Notch Signaling Pathway (GO:0007219),0.42942016687465473,0.5114632832686615,0,0,1.3963617628408371,1.180371728599051,GMDS;HES1
GO_Biological_Process_2023,Carbohydrate Catabolic Process (GO:0016052),0.42942016687465473,0.5114632832686615,0,0,1.3963617628408371,1.180371728599051,ENOSF1;HK2
GO_Biological_Process_2023,Negative Regulation Of Mitotic Cell Cycle Phase Transition (GO:1901991),0.42942016687465473,0.5114632832686615,0,0,1.3963617628408371,1.180371728599051,DLG1;CDC73
GO_Biological_Process_2023,Negative Regulation Of Secretion By Cell (GO:1903531),0.42942016687465473,0.5114632832686615,0,0,1.3963617628408371,1.180371728599051,VAMP8;PNKD
GO_Biological_Process_2023,Regulation Of Glycolytic Process (GO:0006110),0.42942016687465473,0.5114632832686615,0,0,1.3963617628408371,1.180371728599051,ARL2;NUPR1
GO_Biological_Process_2023,Regulation Of Microtubule Cytoskeleton Organization (GO:0070507),0.42942016687465473,0.5114632832686615,0,0,1.3963617628408371,1.180371728599051,GSK3B;MAPT
GO_Biological_Process_2023,Skeletal Muscle Tissue Development (GO:0007519),0.42942016687465473,0.5114632832686615,0,0,1.3963617628408371,1.180371728599051,RYR1;IGSF8
GO_Biological_Process_2023,Negative Regulation Of Immune Response (GO:0050777),0.43184921357005757,0.5141873279259528,0,0,1.2634298632791474,1.060875264318118,YES1;DHX58;TRIM27
GO_Biological_Process_2023,Sensory Organ Development (GO:0007423),0.44149025319072643,0.5242705025133969,0,0,1.2436534476262247,1.0168102326948472,SALL2;SIPA1L3;ATF6
GO_Biological_Process_2023,Double-Strand Break Repair Via Nonhomologous End Joining (GO:0006303),0.4418975736440192,0.5242705025133969,0,0,1.360518999073216,1.1111047890183792,PSMD14;SETMAR
GO_Biological_Process_2023,Negative Regulation Of Proteolysis (GO:0045861),0.4418975736440192,0.5242705025133969,0,0,1.360518999073216,1.1111047890183792,CSTA;ECM1
GO_Biological_Process_2023,Positive Regulation Of T Cell Mediated Immunity (GO:0002711),0.4418975736440192,0.5242705025133969,0,0,1.360518999073216,1.1111047890183792,CD55;HSPD1
GO_Biological_Process_2023,Positive Regulation Of Ossification (GO:0045778),0.4418975736440192,0.5242705025133969,0,0,1.360518999073216,1.1111047890183792,TFAP2A;ISG15
GO_Biological_Process_2023,Synaptic Vesicle Exocytosis (GO:0016079),0.4418975736440192,0.5242705025133969,0,0,1.360518999073216,1.1111047890183792,UNC13B;SYT7
GO_Biological_Process_2023,Positive Regulation Of Transmembrane Receptor Protein Serine/Threonine Kinase Signaling Pathway (GO:0090100),0.44686244828137983,0.5242705025133969,0,0,1.179185520361991,0.949839188378675,STK11;LRG1;INHBB;ACVR1B
GO_Biological_Process_2023,DNA Biosynthetic Process (GO:0071897),0.4469760661958503,0.5242705025133969,0,0,1.7685477802859293,1.424123505051593,POLDIP2
GO_Biological_Process_2023,Apoptotic Nuclear Changes (GO:0030262),0.4469760661958503,0.5242705025133969,0,0,1.7685477802859293,1.424123505051593,DNASE2
GO_Biological_Process_2023,Cellular Response To Fatty Acid (GO:0071398),0.4469760661958503,0.5242705025133969,0,0,1.7685477802859293,1.424123505051593,FFAR2
GO_Biological_Process_2023,Cellular Response To Gamma Radiation (GO:0071480),0.4469760661958503,0.5242705025133969,0,0,1.7685477802859293,1.424123505051593,TSPYL5
GO_Biological_Process_2023,Central Nervous System Neuron Development (GO:0021954),0.4469760661958503,0.5242705025133969,0,0,1.7685477802859293,1.424123505051593,MAPT
GO_Biological_Process_2023,Diol Biosynthetic Process (GO:0034312),0.4469760661958503,0.5242705025133969,0,0,1.7685477802859293,1.424123505051593,SPTSSA
GO_Biological_Process_2023,Establishment Of Melanosome Localization (GO:0032401),0.4469760661958503,0.5242705025133969,0,0,1.7685477802859293,1.424123505051593,MREG
GO_Biological_Process_2023,Intracellular Cholesterol Transport (GO:0032367),0.4469760661958503,0.5242705025133969,0,0,1.7685477802859293,1.424123505051593,SYT7
GO_Biological_Process_2023,Intraciliary Anterograde Transport (GO:0035720),0.4469760661958503,0.5242705025133969,0,0,1.7685477802859293,1.424123505051593,IFT74
GO_Biological_Process_2023,Membrane Depolarization During Cardiac Muscle Cell Action Potential (GO:0086012),0.4469760661958503,0.5242705025133969,0,0,1.7685477802859293,1.424123505051593,TRPM4
GO_Biological_Process_2023,Negative Regulation Of Chemokine Production (GO:0032682),0.4469760661958503,0.5242705025133969,0,0,1.7685477802859293,1.424123505051593,OAS1
GO_Biological_Process_2023,Negative Regulation Of Inflammatory Response To Antigenic Stimulus (GO:0002862),0.4469760661958503,0.5242705025133969,0,0,1.7685477802859293,1.424123505051593,YES1
GO_Biological_Process_2023,Negative Regulation Of Interleukin-10 Production (GO:0032693),0.4469760661958503,0.5242705025133969,0,0,1.7685477802859293,1.424123505051593,TRIB2
GO_Biological_Process_2023,Negative Regulation Of Oxidative Stress-Induced Intrinsic Apoptotic Signaling Pathway (GO:1902176),0.4469760661958503,0.5242705025133969,0,0,1.7685477802859293,1.424123505051593,PPIA
GO_Biological_Process_2023,Nucleosome Disassembly (GO:0006337),0.4469760661958503,0.5242705025133969,0,0,1.7685477802859293,1.424123505051593,SUPT16H
GO_Biological_Process_2023,Oligodendrocyte Development (GO:0014003),0.4469760661958503,0.5242705025133969,0,0,1.7685477802859293,1.424123505051593,EIF2B5
GO_Biological_Process_2023,Peptide Antigen Assembly With MHC Protein Complex (GO:0002501),0.4469760661958503,0.5242705025133969,0,0,1.7685477802859293,1.424123505051593,CALR
GO_Biological_Process_2023,Pharyngeal System Development (GO:0060037),0.4469760661958503,0.5242705025133969,0,0,1.7685477802859293,1.424123505051593,HES1
GO_Biological_Process_2023,Phosphatidylinositol Dephosphorylation (GO:0046856),0.4469760661958503,0.5242705025133969,0,0,1.7685477802859293,1.424123505051593,PIP4P1
GO_Biological_Process_2023,Positive Regulation Of Cell Migration Involved In Sprouting Angiogenesis (GO:0090050),0.4469760661958503,0.5242705025133969,0,0,1.7685477802859293,1.424123505051593,GATA2
GO_Biological_Process_2023,Positive Regulation Of Macrophage Activation (GO:0043032),0.4469760661958503,0.5242705025133969,0,0,1.7685477802859293,1.424123505051593,HSPD1
GO_Biological_Process_2023,Positive Regulation Of Muscle Hypertrophy (GO:0014742),0.4469760661958503,0.5242705025133969,0,0,1.7685477802859293,1.424123505051593,IL6ST
GO_Biological_Process_2023,Positive Regulation Of Nitric-Oxide Synthase Activity (GO:0051000),0.4469760661958503,0.5242705025133969,0,0,1.7685477802859293,1.424123505051593,S100A1
GO_Biological_Process_2023,Positive Regulation Of Smooth Muscle Cell Migration (GO:0014911),0.4469760661958503,0.5242705025133969,0,0,1.7685477802859293,1.424123505051593,IGFBP5
GO_Biological_Process_2023,Protein O-linked Mannosylation (GO:0035269),0.4469760661958503,0.5242705025133969,0,0,1.7685477802859293,1.424123505051593,DPM3
GO_Biological_Process_2023,Regulation Of B Cell Receptor Signaling Pathway (GO:0050855),0.4469760661958503,0.5242705025133969,0,0,1.7685477802859293,1.424123505051593,FOXP1
GO_Biological_Process_2023,Regulation Of Golgi Organization (GO:1903358),0.4469760661958503,0.5242705025133969,0,0,1.7685477802859293,1.424123505051593,CAMSAP2
GO_Biological_Process_2023,Regulation Of Blood Vessel Endothelial Cell Proliferation Involved In Sprouting Angiogenesis (GO:1903587),0.4469760661958503,0.5242705025133969,0,0,1.7685477802859293,1.424123505051593,GATA2
GO_Biological_Process_2023,Regulation Of Establishment Of Cell Polarity (GO:2000114),0.4469760661958503,0.5242705025133969,0,0,1.7685477802859293,1.424123505051593,RUFY3
GO_Biological_Process_2023,Regulation Of Establishment Of Endothelial Barrier (GO:1903140),0.4469760661958503,0.5242705025133969,0,0,1.7685477802859293,1.424123505051593,F11R
GO_Biological_Process_2023,Regulation Of Inflammatory Response To Antigenic Stimulus (GO:0002861),0.4469760661958503,0.5242705025133969,0,0,1.7685477802859293,1.424123505051593,YES1
GO_Biological_Process_2023,Regulation Of Osteoblast Proliferation (GO:0033688),0.4469760661958503,0.5242705025133969,0,0,1.7685477802859293,1.424123505051593,EIF2AK2
GO_Biological_Process_2023,Regulation Of Protein Kinase C Signaling (GO:0090036),0.4469760661958503,0.5242705025133969,0,0,1.7685477802859293,1.424123505051593,MYADM
GO_Biological_Process_2023,Regulation Of Steroid Biosynthetic Process (GO:0050810),0.4469760661958503,0.5242705025133969,0,0,1.7685477802859293,1.424123505051593,FGFR4
GO_Biological_Process_2023,Regulation Of Vacuole Organization (GO:0044088),0.4469760661958503,0.5242705025133969,0,0,1.7685477802859293,1.424123505051593,LAPTM4B
GO_Biological_Process_2023,Response To UV-B (GO:0010224),0.4469760661958503,0.5242705025133969,0,0,1.7685477802859293,1.424123505051593,STK11
GO_Biological_Process_2023,Ruffle Organization (GO:0031529),0.4469760661958503,0.5242705025133969,0,0,1.7685477802859293,1.424123505051593,RAC1
GO_Biological_Process_2023,Stabilization Of Membrane Potential (GO:0030322),0.4469760661958503,0.5242705025133969,0,0,1.7685477802859293,1.424123505051593,KCNN4
GO_Biological_Process_2023,Sulfation (GO:0051923),0.4469760661958503,0.5242705025133969,0,0,1.7685477802859293,1.424123505051593,SULT2B1
GO_Biological_Process_2023,Regulation Of Monoatomic Ion Transmembrane Transporter Activity (GO:0032412),0.45106698016824964,0.5288975727320816,0,0,1.2244855370703147,0.9748612245319452,PPIF;NEDD4L;CACNG4
GO_Biological_Process_2023,Extracellular Matrix Organization (GO:0030198),0.45235216329242484,0.5302328593673665,0,0,1.1055366591080877,0.8770159081995039,ADAMTS15;SMOC2;NF1;QSOX1;CAPG;CTSS;MATN3
GO_Biological_Process_2023,DNA Recombination (GO:0006310),0.4542223572532521,0.5308787925044464,0,0,1.326468373493976,1.0468069599813516,HMGB3;TSN
GO_Biological_Process_2023,Embryonic Heart Tube Morphogenesis (GO:0003143),0.4542223572532521,0.5308787925044464,0,0,1.326468373493976,1.0468069599813516,MESP1;HES1
GO_Biological_Process_2023,Modulation By Host Of Symbiont Process (GO:0051851),0.4542223572532521,0.5308787925044464,0,0,1.326468373493976,1.0468069599813516,JUN;HPN
GO_Biological_Process_2023,Negative Regulation Of I-kappaB kinase/NF-kappaB Signaling (GO:0043124),0.4542223572532521,0.5308787925044464,0,0,1.326468373493976,1.0468069599813516,STAT1;RHOH
GO_Biological_Process_2023,Organic Hydroxy Compound Biosynthetic Process (GO:1901617),0.4542223572532521,0.5308787925044464,0,0,1.326468373493976,1.0468069599813516,CYP27A1;SQLE
GO_Biological_Process_2023,Positive Regulation Of Neuron Differentiation (GO:0045666),0.4542223572532521,0.5308787925044464,0,0,1.326468373493976,1.0468069599813516,IMPACT;ARHGEF2
GO_Biological_Process_2023,Potassium Ion Import Across Plasma Membrane (GO:1990573),0.4542223572532521,0.5308787925044464,0,0,1.326468373493976,1.0468069599813516,ATP1B3;ATP1A1
GO_Biological_Process_2023,Regulation Of Neurotransmitter Receptor Activity (GO:0099601),0.4542223572532521,0.5308787925044464,0,0,1.326468373493976,1.0468069599813516,PSCA;CACNG4
GO_Biological_Process_2023,Skeletal System Morphogenesis (GO:0048705),0.4542223572532521,0.5308787925044464,0,0,1.326468373493976,1.0468069599813516,TFAP2A;SFRP4
GO_Biological_Process_2023,Cellular Response To Transforming Growth Factor Beta Stimulus (GO:0071560),0.45492439250532435,0.5313563849255998,0,0,1.1661942883662342,0.9185226616757755,JUN;ITGB5;APLP2;NR3C1
GO_Biological_Process_2023,Recombinational Repair (GO:0000725),0.45492439250532435,0.5313563849255998,0,0,1.1661942883662342,0.9185226616757755,PSMD14;ZMYND8;INTS3;LIG3
GO_Biological_Process_2023,DNA-templated DNA Replication (GO:0006261),0.46057551112402423,0.5360473807748146,0,0,1.2058984722888264,0.9349071109311063,CDC34;POLDIP2;WDR18
GO_Biological_Process_2023,Cellular Response To Calcium Ion (GO:0071277),0.46057551112402423,0.5360473807748146,0,0,1.2058984722888264,0.9349071109311063,RYR1;PPIF;SYT7
GO_Biological_Process_2023,Regulation Of G Protein-Coupled Receptor Signaling Pathway (GO:0008277),0.46057551112402423,0.5360473807748146,0,0,1.2058984722888264,0.9349071109311063,RGS5;RGS16;MGLL
GO_Biological_Process_2023,DNA-templated DNA Replication Maintenance Of Fidelity (GO:0045005),0.466389130017158,0.5360473807748146,0,0,1.2940787540405525,0.9870390942193777,THOC1;SETMAR
GO_Biological_Process_2023,Embryonic Organ Morphogenesis (GO:0048562),0.466389130017158,0.5360473807748146,0,0,1.2940787540405525,0.9870390942193777,MESP1;HES1
GO_Biological_Process_2023,Learning (GO:0007612),0.466389130017158,0.5360473807748146,0,0,1.2940787540405525,0.9870390942193777,ATXN1L;SHANK2
GO_Biological_Process_2023,Positive Regulation Of Biomineral Tissue Development (GO:0070169),0.466389130017158,0.5360473807748146,0,0,1.2940787540405525,0.9870390942193777,TFAP2A;ISG15
GO_Biological_Process_2023,Positive Regulation Of Osteoblast Differentiation (GO:0045669),0.466389130017158,0.5360473807748146,0,0,1.2940787540405525,0.9870390942193777,IFITM1;IL6ST
GO_Biological_Process_2023,Positive Regulation Of Receptor-Mediated Endocytosis (GO:0048260),0.466389130017158,0.5360473807748146,0,0,1.2940787540405525,0.9870390942193777,SFRP4;PPT1
GO_Biological_Process_2023,Positive Regulation Of Stress Fiber Assembly (GO:0051496),0.466389130017158,0.5360473807748146,0,0,1.2940787540405525,0.9870390942193777,RAC1;CD47
GO_Biological_Process_2023,Response To Amyloid-Beta (GO:1904645),0.466389130017158,0.5360473807748146,0,0,1.2940787540405525,0.9870390942193777,GSK3B;SNX6
GO_Biological_Process_2023,Synaptic Vesicle Recycling (GO:0036465),0.466389130017158,0.5360473807748146,0,0,1.2940787540405525,0.9870390942193777,AP2B1;SYT7
GO_Biological_Process_2023,NLS-bearing Protein Import Into Nucleus (GO:0006607),0.46708048970881144,0.5360473807748146,0,0,1.6579665161775772,1.2621331139583631,KPNA1
GO_Biological_Process_2023,Androgen Receptor Signaling Pathway (GO:0030521),0.46708048970881144,0.5360473807748146,0,0,1.6579665161775772,1.2621331139583631,SCGB2A2
GO_Biological_Process_2023,Carbohydrate Derivative Transport (GO:1901264),0.46708048970881144,0.5360473807748146,0,0,1.6579665161775772,1.2621331139583631,SLC29A1
GO_Biological_Process_2023,Cellular Response To Alkaloid (GO:0071312),0.46708048970881144,0.5360473807748146,0,0,1.6579665161775772,1.2621331139583631,RYR1
GO_Biological_Process_2023,Detection Of Visible Light (GO:0009584),0.46708048970881144,0.5360473807748146,0,0,1.6579665161775772,1.2621331139583631,REEP6
GO_Biological_Process_2023,Embryo Development Ending In Birth Or Egg Hatching (GO:0009792),0.46708048970881144,0.5360473807748146,0,0,1.6579665161775772,1.2621331139583631,FOXI1
GO_Biological_Process_2023,Filopodium Assembly (GO:0046847),0.46708048970881144,0.5360473807748146,0,0,1.6579665161775772,1.2621331139583631,SPATA13
GO_Biological_Process_2023,Fluid Transport (GO:0042044),0.46708048970881144,0.5360473807748146,0,0,1.6579665161775772,1.2621331139583631,SLC4A11
GO_Biological_Process_2023,Megakaryocyte Differentiation (GO:0030219),0.46708048970881144,0.5360473807748146,0,0,1.6579665161775772,1.2621331139583631,UBA5
GO_Biological_Process_2023,Membrane Lipid Metabolic Process (GO:0006643),0.46708048970881144,0.5360473807748146,0,0,1.6579665161775772,1.2621331139583631,ST6GALNAC4
GO_Biological_Process_2023,Negative Regulation Of Leukocyte Activation (GO:0002695),0.46708048970881144,0.5360473807748146,0,0,1.6579665161775772,1.2621331139583631,NR1H3
GO_Biological_Process_2023,Negative Regulation Of Striated Muscle Cell Differentiation (GO:0051154),0.46708048970881144,0.5360473807748146,0,0,1.6579665161775772,1.2621331139583631,GSK3A
GO_Biological_Process_2023,Negative Regulation Of Vascular Associated Smooth Muscle Cell Proliferation (GO:1904706),0.46708048970881144,0.5360473807748146,0,0,1.6579665161775772,1.2621331139583631,PDCD4
GO_Biological_Process_2023,Neural Tube Development (GO:0021915),0.46708048970881144,0.5360473807748146,0,0,1.6579665161775772,1.2621331139583631,GRHL2
GO_Biological_Process_2023,Neuron Maturation (GO:0042551),0.46708048970881144,0.5360473807748146,0,0,1.6579665161775772,1.2621331139583631,MTCH1
GO_Biological_Process_2023,Peroxisomal Membrane Transport (GO:0015919),0.46708048970881144,0.5360473807748146,0,0,1.6579665161775772,1.2621331139583631,PEX19
GO_Biological_Process_2023,Polyol Metabolic Process (GO:0019751),0.46708048970881144,0.5360473807748146,0,0,1.6579665161775772,1.2621331139583631,IMPA2
GO_Biological_Process_2023,Positive Regulation Of Alpha-Beta T Cell Proliferation (GO:0046641),0.46708048970881144,0.5360473807748146,0,0,1.6579665161775772,1.2621331139583631,CD55
GO_Biological_Process_2023,Positive Regulation Of Amyloid-Beta Formation (GO:1902004),0.46708048970881144,0.5360473807748146,0,0,1.6579665161775772,1.2621331139583631,GSK3A
GO_Biological_Process_2023,Positive Regulation Of Cardiac Muscle Hypertrophy (GO:0010613),0.46708048970881144,0.5360473807748146,0,0,1.6579665161775772,1.2621331139583631,IL6ST
GO_Biological_Process_2023,Positive Regulation Of Cartilage Development (GO:0061036),0.46708048970881144,0.5360473807748146,0,0,1.6579665161775772,1.2621331139583631,TAPT1
GO_Biological_Process_2023,Positive Regulation Of Cell Cycle Phase Transition (GO:1901989),0.46708048970881144,0.5360473807748146,0,0,1.6579665161775772,1.2621331139583631,CDC73
GO_Biological_Process_2023,Positive Regulation Of Glial Cell Differentiation (GO:0045687),0.46708048970881144,0.5360473807748146,0,0,1.6579665161775772,1.2621331139583631,HES1
GO_Biological_Process_2023,Positive Regulation Of Heart Rate (GO:0010460),0.46708048970881144,0.5360473807748146,0,0,1.6579665161775772,1.2621331139583631,TRPM4
GO_Biological_Process_2023,Positive Regulation Of Interleukin-4 Production (GO:0032753),0.46708048970881144,0.5360473807748146,0,0,1.6579665161775772,1.2621331139583631,SLC7A5
GO_Biological_Process_2023,Positive Regulation Of Small GTPase Mediated Signal Transduction (GO:0051057),0.46708048970881144,0.5360473807748146,0,0,1.6579665161775772,1.2621331139583631,SHOC2
GO_Biological_Process_2023,Prostaglandin Biosynthetic Process (GO:0001516),0.46708048970881144,0.5360473807748146,0,0,1.6579665161775772,1.2621331139583631,PTGES
GO_Biological_Process_2023,rRNA Modification (GO:0000154),0.46708048970881144,0.5360473807748146,0,0,1.6579665161775772,1.2621331139583631,METTL5
GO_Biological_Process_2023,Regulation Of Adenylate Cyclase Activity (GO:0045761),0.46708048970881144,0.5360473807748146,0,0,1.6579665161775772,1.2621331139583631,NF1
GO_Biological_Process_2023,Regulation Of Cell Cycle G2/M Phase Transition (GO:1902749),0.46708048970881144,0.5360473807748146,0,0,1.6579665161775772,1.2621331139583631,CENPF
GO_Biological_Process_2023,Regulation Of Cell-Cell Adhesion Mediated By Cadherin (GO:2000047),0.46708048970881144,0.5360473807748146,0,0,1.6579665161775772,1.2621331139583631,EPCAM
GO_Biological_Process_2023,Regulation Of Epithelial Cell Differentiation (GO:0030856),0.46708048970881144,0.5360473807748146,0,0,1.6579665161775772,1.2621331139583631,CD24
GO_Biological_Process_2023,Regulation Of Establishment Or Maintenance Of Cell Polarity (GO:0032878),0.46708048970881144,0.5360473807748146,0,0,1.6579665161775772,1.2621331139583631,RUFY3
GO_Biological_Process_2023,Regulation Of Histone Modification (GO:0031056),0.46708048970881144,0.5360473807748146,0,0,1.6579665161775772,1.2621331139583631,MBIP
GO_Biological_Process_2023,Regulation Of Leukocyte Chemotaxis (GO:0002688),0.46708048970881144,0.5360473807748146,0,0,1.6579665161775772,1.2621331139583631,MTUS1
GO_Biological_Process_2023,Regulation Of Protein Deacetylation (GO:0090311),0.46708048970881144,0.5360473807748146,0,0,1.6579665161775772,1.2621331139583631,MBIP
GO_Biological_Process_2023,Regulation Of Receptor Recycling (GO:0001919),0.46708048970881144,0.5360473807748146,0,0,1.6579665161775772,1.2621331139583631,KIF16B
GO_Biological_Process_2023,Regulation Of Telomere Maintenance Via Telomere Lengthening (GO:1904356),0.46708048970881144,0.5360473807748146,0,0,1.6579665161775772,1.2621331139583631,TINF2
GO_Biological_Process_2023,Regulation Of Ventricular Cardiac Muscle Cell Membrane Repolarization (GO:0060307),0.46708048970881144,0.5360473807748146,0,0,1.6579665161775772,1.2621331139583631,KCNE4
GO_Biological_Process_2023,Response To Acidic pH (GO:0010447),0.46708048970881144,0.5360473807748146,0,0,1.6579665161775772,1.2621331139583631,CTSS
GO_Biological_Process_2023,tRNA Aminoacylation For Protein Translation (GO:0006418),0.46708048970881144,0.5360473807748146,0,0,1.6579665161775772,1.2621331139583631,IARS2
GO_Biological_Process_2023,Transepithelial Transport (GO:0070633),0.46708048970881144,0.5360473807748146,0,0,1.6579665161775772,1.2621331139583631,SLC1A2
GO_Biological_Process_2023,Triglyceride Biosynthetic Process (GO:0019432),0.46708048970881144,0.5360473807748146,0,0,1.6579665161775772,1.2621331139583631,PCK2
GO_Biological_Process_2023,Regulation Of Actin Filament-Based Process (GO:0032970),0.4700121777568208,0.5392410857887884,0,0,1.1878662452620095,0.8968350649150645,BAIAP2L1;RAC1;F11R
GO_Biological_Process_2023,Mitotic Spindle Assembly (GO:0090307),0.4783930963877889,0.5479885500052408,0,0,1.2632314974182444,0.9314090146955192,CDCA8;MISP
GO_Biological_Process_2023,Positive Regulation Of Biosynthetic Process (GO:0009891),0.4783930963877889,0.5479885500052408,0,0,1.2632314974182444,0.9314090146955192,NR1H3;CREBL2
GO_Biological_Process_2023,Positive Regulation Of Lymphocyte Activation (GO:0051251),0.4783930963877889,0.5479885500052408,0,0,1.2632314974182444,0.9314090146955192,CD47;HSPD1
GO_Biological_Process_2023,Regulation Of B Cell Proliferation (GO:0030888),0.4783930963877889,0.5479885500052408,0,0,1.2632314974182444,0.9314090146955192,VAV3;BCL2
GO_Biological_Process_2023,Zymogen Activation (GO:0031638),0.4783930963877889,0.5479885500052408,0,0,1.2632314974182444,0.9314090146955192,PERP;CYCS
GO_Biological_Process_2023,Transforming Growth Factor Beta Receptor Signaling Pathway (GO:0007179),0.4793735213783122,0.5489380001366573,0,0,1.1703643778536283,0.8605398918679085,JUN;ITGB5;APLP2
GO_Biological_Process_2023,Adrenergic Receptor Signaling Pathway (GO:0071875),0.48645457201992093,0.5512948873141907,0,0,1.5603948125525606,1.1244388503879819,ADRA2A
GO_Biological_Process_2023,Associative Learning (GO:0008306),0.48645457201992093,0.5512948873141907,0,0,1.5603948125525606,1.1244388503879819,NF1
GO_Biological_Process_2023,Cardiac Atrium Morphogenesis (GO:0003209),0.48645457201992093,0.5512948873141907,0,0,1.5603948125525606,1.1244388503879819,MESP1
GO_Biological_Process_2023,Cardiac Muscle Cell Contraction (GO:0086003),0.48645457201992093,0.5512948873141907,0,0,1.5603948125525606,1.1244388503879819,PIK3CA
GO_Biological_Process_2023,Cellular Response To Inorganic Substance (GO:0071241),0.48645457201992093,0.5512948873141907,0,0,1.5603948125525606,1.1244388503879819,MTR
GO_Biological_Process_2023,Dendritic Cell Migration (GO:0036336),0.48645457201992093,0.5512948873141907,0,0,1.5603948125525606,1.1244388503879819,TRPM4
GO_Biological_Process_2023,Endothelial Cell Proliferation (GO:0001935),0.48645457201992093,0.5512948873141907,0,0,1.5603948125525606,1.1244388503879819,DLG1
GO_Biological_Process_2023,Epithelial Cilium Movement Involved In Extracellular Fluid Movement (GO:0003351),0.48645457201992093,0.5512948873141907,0,0,1.5603948125525606,1.1244388503879819,SLC9A3R1
GO_Biological_Process_2023,Establishment Of Vesicle Localization (GO:0051650),0.48645457201992093,0.5512948873141907,0,0,1.5603948125525606,1.1244388503879819,TMEM230
GO_Biological_Process_2023,Icosanoid Biosynthetic Process (GO:0046456),0.48645457201992093,0.5512948873141907,0,0,1.5603948125525606,1.1244388503879819,NAIP
GO_Biological_Process_2023,Melanosome Localization (GO:0032400),0.48645457201992093,0.5512948873141907,0,0,1.5603948125525606,1.1244388503879819,MREG
GO_Biological_Process_2023,Mitochondrial Fusion (GO:0008053),0.48645457201992093,0.5512948873141907,0,0,1.5603948125525606,1.1244388503879819,MFN1
GO_Biological_Process_2023,Negative Regulation Of ERBB Signaling Pathway (GO:1901185),0.48645457201992093,0.5512948873141907,0,0,1.5603948125525606,1.1244388503879819,RNF126
GO_Biological_Process_2023,Negative Regulation Of T Cell Receptor Signaling Pathway (GO:0050860),0.48645457201992093,0.5512948873141907,0,0,1.5603948125525606,1.1244388503879819,GBP1
GO_Biological_Process_2023,Negative Regulation Of Lipid Catabolic Process (GO:0050995),0.48645457201992093,0.5512948873141907,0,0,1.5603948125525606,1.1244388503879819,APOC1
GO_Biological_Process_2023,Negative Regulation Of Viral Entry Into Host Cell (GO:0046597),0.48645457201992093,0.5512948873141907,0,0,1.5603948125525606,1.1244388503879819,IFITM1
GO_Biological_Process_2023,Neural Crest Cell Differentiation (GO:0014033),0.48645457201992093,0.5512948873141907,0,0,1.5603948125525606,1.1244388503879819,TAPT1
GO_Biological_Process_2023,Neutrophil Activation (GO:0042119),0.48645457201992093,0.5512948873141907,0,0,1.5603948125525606,1.1244388503879819,PREX1
GO_Biological_Process_2023,Positive Regulation Of Establishment Of Protein Localization (GO:1904951),0.48645457201992093,0.5512948873141907,0,0,1.5603948125525606,1.1244388503879819,CCT3
GO_Biological_Process_2023,Positive Regulation Of Focal Adhesion Assembly (GO:0051894),0.48645457201992093,0.5512948873141907,0,0,1.5603948125525606,1.1244388503879819,RAC1
GO_Biological_Process_2023,Positive Regulation Of Macrophage Migration (GO:1905523),0.48645457201992093,0.5512948873141907,0,0,1.5603948125525606,1.1244388503879819,CXCL17
GO_Biological_Process_2023,Positive Regulation Of Nervous System Process (GO:0031646),0.48645457201992093,0.5512948873141907,0,0,1.5603948125525606,1.1244388503879819,UNC13B
GO_Biological_Process_2023,protein-DNA Complex Disassembly (GO:0032986),0.48645457201992093,0.5512948873141907,0,0,1.5603948125525606,1.1244388503879819,SUPT16H
GO_Biological_Process_2023,Regulation Of DNA Damage Checkpoint (GO:2000001),0.48645457201992093,0.5512948873141907,0,0,1.5603948125525606,1.1244388503879819,THOC1
GO_Biological_Process_2023,Regulation Of cAMP-mediated Signaling (GO:0043949),0.48645457201992093,0.5512948873141907,0,0,1.5603948125525606,1.1244388503879819,CDC34
GO_Biological_Process_2023,Regulation Of Defense Response To Virus (GO:0050688),0.48645457201992093,0.5512948873141907,0,0,1.5603948125525606,1.1244388503879819,DHX9
GO_Biological_Process_2023,Regulation Of Protein-Containing Complex Disassembly (GO:0043244),0.48645457201992093,0.5512948873141907,0,0,1.5603948125525606,1.1244388503879819,BNIP3
GO_Biological_Process_2023,Regulation Of Vascular Endothelial Cell Proliferation (GO:1905562),0.48645457201992093,0.5512948873141907,0,0,1.5603948125525606,1.1244388503879819,SLC39A9
GO_Biological_Process_2023,Response To Axon Injury (GO:0048678),0.48645457201992093,0.5512948873141907,0,0,1.5603948125525606,1.1244388503879819,MTR
GO_Biological_Process_2023,Response To Ethanol (GO:0045471),0.48645457201992093,0.5512948873141907,0,0,1.5603948125525606,1.1244388503879819,GOT2
GO_Biological_Process_2023,Response To Organophosphorus (GO:0046683),0.48645457201992093,0.5512948873141907,0,0,1.5603948125525606,1.1244388503879819,STAT1
GO_Biological_Process_2023,snRNA Processing (GO:0016180),0.48645457201992093,0.5512948873141907,0,0,1.5603948125525606,1.1244388503879819,INTS3
GO_Biological_Process_2023,tRNA Metabolic Process (GO:0006399),0.48645457201992093,0.5512948873141907,0,0,1.5603948125525606,1.1244388503879819,ADAT1
GO_Biological_Process_2023,Response To UV (GO:0009411),0.4867524860386928,0.5514599638511559,0,0,1.1169643565928395,0.8042138087787317,METTL3;CIRBP;SDE2;COPS9
GO_Biological_Process_2023,I-kappaB kinase/NF-kappaB Signaling (GO:0007249),0.49023001749749573,0.5545325182310835,0,0,1.233818996917904,0.8795655954233045,TRIM8;NFKBIA
GO_Biological_Process_2023,Mitotic Nuclear Division (GO:0140014),0.49023001749749573,0.5545325182310835,0,0,1.233818996917904,0.8795655954233045,CHMP2A;NSL1
GO_Biological_Process_2023,Negative Regulation Of Cellular Metabolic Process (GO:0031324),0.49023001749749573,0.5545325182310835,0,0,1.233818996917904,0.8795655954233045,TFAP2A;NUPR1
GO_Biological_Process_2023,Positive Regulation Of Blood Vessel Endothelial Cell Migration (GO:0043536),0.49023001749749573,0.5545325182310835,0,0,1.233818996917904,0.8795655954233045,STAT5A;GATA2
GO_Biological_Process_2023,Regulation Of Protein Modification Process (GO:0031399),0.49023001749749573,0.5545325182310835,0,0,1.233818996917904,0.8795655954233045,CCDC88C;ASPSCR1
GO_Biological_Process_2023,Activation Of GTPase Activity (GO:0090630),0.4945926941084641,0.5592927686733866,0,0,1.1052978883861238,0.7781525879142019,TBC1D1;TBC1D17;SIPA1L2;SIPA1L3
GO_Biological_Process_2023,DNA Replication (GO:0006260),0.4978574242669146,0.5626332576270716,0,0,1.1368608031004415,0.7928939488263747,POLDIP2;WDR18;BAZ1A
GO_Biological_Process_2023,Regulation Of Fat Cell Differentiation (GO:0045598),0.4978574242669146,0.5626332576270716,0,0,1.1368608031004415,0.7928939488263747,CREBL2;TRIB2;TRPM4
GO_Biological_Process_2023,Cilium Movement (GO:0003341),0.5018961767581278,0.565203002147121,0,0,1.2057434282584885,0.8311937010553204,TTLL3;GAS8
GO_Biological_Process_2023,Myofibril Assembly (GO:0030239),0.5018961767581278,0.565203002147121,0,0,1.2057434282584885,0.8311937010553204,CSRP1;OBSL1
GO_Biological_Process_2023,Replication Fork Processing (GO:0031297),0.5018961767581278,0.565203002147121,0,0,1.2057434282584885,0.8311937010553204,THOC1;SETMAR
GO_Biological_Process_2023,RNA-templated DNA Biosynthetic Process (GO:0006278),0.5051248254970268,0.565203002147121,0,0,1.4736644093303235,1.006438667797944,TERF2IP
GO_Biological_Process_2023,Atrioventricular Valve Morphogenesis (GO:0003181),0.5051248254970268,0.565203002147121,0,0,1.4736644093303235,1.006438667797944,SOX4
GO_Biological_Process_2023,Bicarbonate Transport (GO:0015701),0.5051248254970268,0.565203002147121,0,0,1.4736644093303235,1.006438667797944,SLC4A11
GO_Biological_Process_2023,Cardiac Epithelial To Mesenchymal Transition (GO:0060317),0.5051248254970268,0.565203002147121,0,0,1.4736644093303235,1.006438667797944,PDCD4
GO_Biological_Process_2023,Cellular Response To Lectin (GO:1990858),0.5051248254970268,0.565203002147121,0,0,1.4736644093303235,1.006438667797944,PAK2
GO_Biological_Process_2023,Cilium-Dependent Cell Motility (GO:0060285),0.5051248254970268,0.565203002147121,0,0,1.4736644093303235,1.006438667797944,GAS8
GO_Biological_Process_2023,Cyclic Nucleotide Biosynthetic Process (GO:0009190),0.5051248254970268,0.565203002147121,0,0,1.4736644093303235,1.006438667797944,ADCY2
GO_Biological_Process_2023,Establishment Of Skin Barrier (GO:0061436),0.5051248254970268,0.565203002147121,0,0,1.4736644093303235,1.006438667797944,UGCG
GO_Biological_Process_2023,Homologous Chromosome Segregation (GO:0045143),0.5051248254970268,0.565203002147121,0,0,1.4736644093303235,1.006438667797944,RNF212
GO_Biological_Process_2023,Hydrogen Peroxide Catabolic Process (GO:0042744),0.5051248254970268,0.565203002147121,0,0,1.4736644093303235,1.006438667797944,PRDX3
GO_Biological_Process_2023,Inositol Phosphate-Mediated Signaling (GO:0048016),0.5051248254970268,0.565203002147121,0,0,1.4736644093303235,1.006438667797944,NFATC4
GO_Biological_Process_2023,Intrinsic Apoptotic Signaling Pathway In Response To DNA Damage By P53 Class Mediator (GO:0042771),0.5051248254970268,0.565203002147121,0,0,1.4736644093303235,1.006438667797944,PHLDA3
GO_Biological_Process_2023,Linoleic Acid Metabolic Process (GO:0043651),0.5051248254970268,0.565203002147121,0,0,1.4736644093303235,1.006438667797944,ELOVL5
GO_Biological_Process_2023,Mesoderm Development (GO:0007498),0.5051248254970268,0.565203002147121,0,0,1.4736644093303235,1.006438667797944,MESP1
GO_Biological_Process_2023,Multicellular Organismal-Level Water Homeostasis (GO:0050891),0.5051248254970268,0.565203002147121,0,0,1.4736644093303235,1.006438667797944,WFS1
GO_Biological_Process_2023,Negative Regulation Of Cyclin-Dependent Protein Serine/Threonine Kinase Activity (GO:0045736),0.5051248254970268,0.565203002147121,0,0,1.4736644093303235,1.006438667797944,HEXIM1
GO_Biological_Process_2023,Nucleotide Biosynthetic Process (GO:0009165),0.5051248254970268,0.565203002147121,0,0,1.4736644093303235,1.006438667797944,PNP
GO_Biological_Process_2023,Oligodendrocyte Differentiation (GO:0048709),0.5051248254970268,0.565203002147121,0,0,1.4736644093303235,1.006438667797944,EIF2B5
GO_Biological_Process_2023,Positive Regulation Of Activated T Cell Proliferation (GO:0042104),0.5051248254970268,0.565203002147121,0,0,1.4736644093303235,1.006438667797944,CD24
GO_Biological_Process_2023,Regulation Of Cellular Response To Growth Factor Stimulus (GO:0090287),0.5051248254970268,0.565203002147121,0,0,1.4736644093303235,1.006438667797944,SFRP4
GO_Biological_Process_2023,Regulation Of Lymphocyte Differentiation (GO:0045619),0.5051248254970268,0.565203002147121,0,0,1.4736644093303235,1.006438667797944,METTL3
GO_Biological_Process_2023,Regulation Of Neuroinflammatory Response (GO:0150077),0.5051248254970268,0.565203002147121,0,0,1.4736644093303235,1.006438667797944,NUPR1
GO_Biological_Process_2023,Regulation Of Tissue Remodeling (GO:0034103),0.5051248254970268,0.565203002147121,0,0,1.4736644093303235,1.006438667797944,SYT7
GO_Biological_Process_2023,Regulation Of Transcription Involved In G1/S Transition Of Mitotic Cell Cycle (GO:0000083),0.5051248254970268,0.565203002147121,0,0,1.4736644093303235,1.006438667797944,ESRRB
GO_Biological_Process_2023,Rescue Of Stalled Ribosome (GO:0072344),0.5051248254970268,0.565203002147121,0,0,1.4736644093303235,1.006438667797944,ANKZF1
GO_Biological_Process_2023,Steroid Hormone Biosynthetic Process (GO:0120178),0.5051248254970268,0.565203002147121,0,0,1.4736644093303235,1.006438667797944,SRD5A3
GO_Biological_Process_2023,Stimulatory C-type Lectin Receptor Signaling Pathway (GO:0002223),0.5051248254970268,0.565203002147121,0,0,1.4736644093303235,1.006438667797944,PAK2
GO_Biological_Process_2023,Telomere Maintenance Via Telomerase (GO:0007004),0.5051248254970268,0.565203002147121,0,0,1.4736644093303235,1.006438667797944,TERF2IP
GO_Biological_Process_2023,Vesicle Docking (GO:0048278),0.5051248254970268,0.565203002147121,0,0,1.4736644093303235,1.006438667797944,STX6
GO_Biological_Process_2023,Regulation Of RNA Splicing (GO:0043484),0.510117630600286,0.5706133594917344,0,0,1.0826792255363684,0.7287664701874657,TIA1;TMEM98;ZNF638;TAF9
GO_Biological_Process_2023,Cellular Defense Response (GO:0006968),0.5133883478527902,0.5732098014558589,0,0,1.1789156626506023,0.7860098417422419,LGALS3BP;BECN1
GO_Biological_Process_2023,"Negative Regulation Of Gene Expression, Epigenetic (GO:0045814)",0.5133883478527902,0.5732098014558589,0,0,1.1789156626506023,0.7860098417422419,LMNA;TRIM27
GO_Biological_Process_2023,Negative Regulation Of Tumor Necrosis Factor Production (GO:0032720),0.5133883478527902,0.5732098014558589,0,0,1.1789156626506023,0.7860098417422419,C5AR2;TRIM27
GO_Biological_Process_2023,Oligosaccharide Metabolic Process (GO:0009311),0.5133883478527902,0.5732098014558589,0,0,1.1789156626506023,0.7860098417422419,B4GALT1;ST6GALNAC4
GO_Biological_Process_2023,Positive Regulation Of Epithelial To Mesenchymal Transition (GO:0010718),0.5133883478527902,0.5732098014558589,0,0,1.1789156626506023,0.7860098417422419,LRG1;ZNF703
GO_Biological_Process_2023,Regulation Of Wound Healing (GO:0061041),0.5133883478527902,0.5732098014558589,0,0,1.1789156626506023,0.7860098417422419,OCLN;ADRA2A
GO_Biological_Process_2023,DNA Methylation (GO:0006306),0.5231168004323092,0.5792507035052963,0,0,1.396063522236743,0.9045800741081601,DNMT3A
GO_Biological_Process_2023,Lipid Catabolic Process (GO:0016042),0.5231168004323092,0.5792507035052963,0,0,1.396063522236743,0.9045800741081601,PPT1
GO_Biological_Process_2023,Maturation Of LSU-rRNA (GO:0000470),0.5231168004323092,0.5792507035052963,0,0,1.396063522236743,0.9045800741081601,NIFK
GO_Biological_Process_2023,Microglial Cell Activation (GO:0001774),0.5231168004323092,0.5792507035052963,0,0,1.396063522236743,0.9045800741081601,MAPT
GO_Biological_Process_2023,Modulation By Host Of Viral Genome Replication (GO:0044827),0.5231168004323092,0.5792507035052963,0,0,1.396063522236743,0.9045800741081601,VAPA
GO_Biological_Process_2023,Monocarboxylic Acid Catabolic Process (GO:0072329),0.5231168004323092,0.5792507035052963,0,0,1.396063522236743,0.9045800741081601,NUDT19
GO_Biological_Process_2023,Myoblast Differentiation (GO:0045445),0.5231168004323092,0.5792507035052963,0,0,1.396063522236743,0.9045800741081601,SDC1
GO_Biological_Process_2023,Negative Regulation Of Cyclin-Dependent Protein Kinase Activity (GO:1904030),0.5231168004323092,0.5792507035052963,0,0,1.396063522236743,0.9045800741081601,HEXIM1
GO_Biological_Process_2023,Negative Regulation Of miRNA Transcription (GO:1902894),0.5231168004323092,0.5792507035052963,0,0,1.396063522236743,0.9045800741081601,NFATC4
GO_Biological_Process_2023,Negative Regulation Of Myeloid Cell Differentiation (GO:0045638),0.5231168004323092,0.5792507035052963,0,0,1.396063522236743,0.9045800741081601,MYB
GO_Biological_Process_2023,Negative Regulation Of Stem Cell Population Maintenance (GO:1902455),0.5231168004323092,0.5792507035052963,0,0,1.396063522236743,0.9045800741081601,ARID4B
GO_Biological_Process_2023,Nuclear-Transcribed mRNA poly(A) Tail Shortening (GO:0000289),0.5231168004323092,0.5792507035052963,0,0,1.396063522236743,0.9045800741081601,TUT7
GO_Biological_Process_2023,Oxoacid Metabolic Process (GO:0043436),0.5231168004323092,0.5792507035052963,0,0,1.396063522236743,0.9045800741081601,SULT2B1
GO_Biological_Process_2023,Peptide Catabolic Process (GO:0043171),0.5231168004323092,0.5792507035052963,0,0,1.396063522236743,0.9045800741081601,CPQ
GO_Biological_Process_2023,Positive Regulation Of Dendritic Spine Development (GO:0060999),0.5231168004323092,0.5792507035052963,0,0,1.396063522236743,0.9045800741081601,CAPRIN1
GO_Biological_Process_2023,Positive Regulation Of Phospholipase Activity (GO:0010518),0.5231168004323092,0.5792507035052963,0,0,1.396063522236743,0.9045800741081601,PLAA
GO_Biological_Process_2023,Protein Mannosylation (GO:0035268),0.5231168004323092,0.5792507035052963,0,0,1.396063522236743,0.9045800741081601,DPM3
GO_Biological_Process_2023,Regulation Of Calcium Ion Transmembrane Transport (GO:1903169),0.5231168004323092,0.5792507035052963,0,0,1.396063522236743,0.9045800741081601,PSEN2
GO_Biological_Process_2023,Regulation Of Histone Deacetylation (GO:0031063),0.5231168004323092,0.5792507035052963,0,0,1.396063522236743,0.9045800741081601,MBIP
GO_Biological_Process_2023,Regulation Of Membrane Depolarization (GO:0003254),0.5231168004323092,0.5792507035052963,0,0,1.396063522236743,0.9045800741081601,NEDD4L
GO_Biological_Process_2023,Regulation Of Neurotransmitter Transport (GO:0051588),0.5231168004323092,0.5792507035052963,0,0,1.396063522236743,0.9045800741081601,MYOF
GO_Biological_Process_2023,Regulation Of Smooth Muscle Contraction (GO:0006940),0.5231168004323092,0.5792507035052963,0,0,1.396063522236743,0.9045800741081601,CTTN
GO_Biological_Process_2023,Response To ATP (GO:0033198),0.5231168004323092,0.5792507035052963,0,0,1.396063522236743,0.9045800741081601,HSP90B1
GO_Biological_Process_2023,Response To Fibroblast Growth Factor (GO:0071774),0.5231168004323092,0.5792507035052963,0,0,1.396063522236743,0.9045800741081601,CD44
GO_Biological_Process_2023,Response To Ketone (GO:1901654),0.5231168004323092,0.5792507035052963,0,0,1.396063522236743,0.9045800741081601,NR1H3
GO_Biological_Process_2023,Sensory Perception Of Pain (GO:0019233),0.5231168004323092,0.5792507035052963,0,0,1.396063522236743,0.9045800741081601,PTGES
GO_Biological_Process_2023,Stress-Activated Protein Kinase Signaling Cascade (GO:0031098),0.5231168004323092,0.5792507035052963,0,0,1.396063522236743,0.9045800741081601,MAP3K13
GO_Biological_Process_2023,Positive Regulation Of Nervous System Development (GO:0051962),0.5247037638441155,0.5808303889496902,0,0,1.1532543216343636,0.7437584320160098,SLITRK6;SLITRK5
GO_Biological_Process_2023,Negative Regulation Of Blood Vessel Morphogenesis (GO:2000181),0.5249433899095877,0.580918105179507,0,0,1.0900475890617418,0.7024973570110034,ATF2;NAXE;STAT1
GO_Biological_Process_2023,Negative Regulation Of T Cell Activation (GO:0050868),0.5358400881707064,0.5924336994365991,0,0,1.1286849525762626,0.7042085573520108,SDC4;VTCN1
GO_Biological_Process_2023,Negative Regulation Of Tumor Necrosis Factor Superfamily Cytokine Production (GO:1903556),0.5358400881707064,0.5924336994365991,0,0,1.1286849525762626,0.7042085573520108,C5AR2;TRIM27
GO_Biological_Process_2023,Positive Regulation Of Cell Death (GO:0010942),0.5358400881707064,0.5924336994365991,0,0,1.1286849525762626,0.7042085573520108,BNIP3;MAPT
GO_Biological_Process_2023,Anaphase-Promoting Complex-Dependent Catabolic Process (GO:0031145),0.5404551203298094,0.5944513956375856,0,0,1.3262227238525206,0.8160827700260135,ANAPC13
GO_Biological_Process_2023,Cellular Response To Nerve Growth Factor Stimulus (GO:1990090),0.5404551203298094,0.5944513956375856,0,0,1.3262227238525206,0.8160827700260135,MAPT
GO_Biological_Process_2023,Modulation By Symbiont Of Entry Into Host (GO:0052372),0.5404551203298094,0.5944513956375856,0,0,1.3262227238525206,0.8160827700260135,NECTIN2
GO_Biological_Process_2023,poly(A)+ mRNA Export From Nucleus (GO:0016973),0.5404551203298094,0.5944513956375856,0,0,1.3262227238525206,0.8160827700260135,PABPN1
GO_Biological_Process_2023,Positive Regulation Of T Cell Cytokine Production (GO:0002726),0.5404551203298094,0.5944513956375856,0,0,1.3262227238525206,0.8160827700260135,CD55
GO_Biological_Process_2023,Positive Regulation Of Amyloid Precursor Protein Catabolic Process (GO:1902993),0.5404551203298094,0.5944513956375856,0,0,1.3262227238525206,0.8160827700260135,GSK3A
GO_Biological_Process_2023,Positive Regulation Of Natural Killer Cell Mediated Cytotoxicity (GO:0045954),0.5404551203298094,0.5944513956375856,0,0,1.3262227238525206,0.8160827700260135,NECTIN2
GO_Biological_Process_2023,Positive Regulation Of Signal Transduction By P53 Class Mediator (GO:1901798),0.5404551203298094,0.5944513956375856,0,0,1.3262227238525206,0.8160827700260135,HEXIM1
GO_Biological_Process_2023,Purine Nucleotide Biosynthetic Process (GO:0006164),0.5404551203298094,0.5944513956375856,0,0,1.3262227238525206,0.8160827700260135,QPRT
GO_Biological_Process_2023,Regulation Of Cardiac Muscle Cell Membrane Repolarization (GO:0099623),0.5404551203298094,0.5944513956375856,0,0,1.3262227238525206,0.8160827700260135,KCNE4
GO_Biological_Process_2023,Regulation Of Catabolic Process (GO:0009894),0.5404551203298094,0.5944513956375856,0,0,1.3262227238525206,0.8160827700260135,TMEM9
GO_Biological_Process_2023,Regulation Of Lipid Storage (GO:0010883),0.5404551203298094,0.5944513956375856,0,0,1.3262227238525206,0.8160827700260135,NFKBIA
GO_Biological_Process_2023,Regulation Of Lipopolysaccharide-Mediated Signaling Pathway (GO:0031664),0.5404551203298094,0.5944513956375856,0,0,1.3262227238525206,0.8160827700260135,CD55
GO_Biological_Process_2023,Retrotransposon Silencing (GO:0010526),0.5404551203298094,0.5944513956375856,0,0,1.3262227238525206,0.8160827700260135,TUT7
GO_Biological_Process_2023,Ribosomal Large Subunit Assembly (GO:0000027),0.5404551203298094,0.5944513956375856,0,0,1.3262227238525206,0.8160827700260135,FASTKD2
GO_Biological_Process_2023,Skin Epidermis Development (GO:0098773),0.5404551203298094,0.5944513956375856,0,0,1.3262227238525206,0.8160827700260135,UGCG
GO_Biological_Process_2023,snRNA Metabolic Process (GO:0016073),0.5404551203298094,0.5944513956375856,0,0,1.3262227238525206,0.8160827700260135,INTS3
GO_Biological_Process_2023,Negative Regulation Of Protein Serine/Threonine Kinase Activity (GO:0071901),0.5425450554318063,0.5962069753561902,0,0,1.0609193669932178,0.6487353726009153,HEXIM1;PRKAR1A;NF1
GO_Biological_Process_2023,Positive Regulation Of Immune Response (GO:0050778),0.5425450554318063,0.5962069753561902,0,0,1.0609193669932178,0.6487353726009153,PLSCR1;DHX9;IL6ST
GO_Biological_Process_2023,Regulation Of Organelle Assembly (GO:1902115),0.5425450554318063,0.5962069753561902,0,0,1.0609193669932178,0.6487353726009153,TBC1D1;TBC1D17;SDCCAG8
GO_Biological_Process_2023,SMAD Protein Signal Transduction (GO:0060395),0.5467953871748994,0.5999675529680356,0,0,1.1051393072289157,0.6671511713495407,JUN;INHBB
GO_Biological_Process_2023,Arachidonic Acid Metabolic Process (GO:0019369),0.5467953871748994,0.5999675529680356,0,0,1.1051393072289157,0.6671511713495407,GPX4;MGLL
GO_Biological_Process_2023,Negative Regulation Of Cell Projection Organization (GO:0031345),0.5467953871748994,0.5999675529680356,0,0,1.1051393072289157,0.6671511713495407,GAK;TSKU
GO_Biological_Process_2023,Regulation Of Synapse Assembly (GO:0051963),0.5467953871748994,0.5999675529680356,0,0,1.1051393072289157,0.6671511713495407,SLITRK6;SLITRK5
GO_Biological_Process_2023,Sensory Perception (GO:0007600),0.5467953871748994,0.5999675529680356,0,0,1.1051393072289157,0.6671511713495407,GNAS;PTGES
GO_Biological_Process_2023,Extracellular Structure Organization (GO:0043062),0.5553130869527718,0.6075546544216979,0,0,1.0200429284139692,0.6000129192186273,ADAMTS15;SMOC2;NF1;MATN3
GO_Biological_Process_2023,Cellular Lipid Catabolic Process (GO:0044242),0.5571635154682983,0.6075546544216979,0,0,1.2630334300763195,0.7387438548153447,NUDT19
GO_Biological_Process_2023,Dendritic Cell Differentiation (GO:0097028),0.5571635154682983,0.6075546544216979,0,0,1.2630334300763195,0.7387438548153447,DHRS2
GO_Biological_Process_2023,Glucose Transmembrane Transport (GO:1904659),0.5571635154682983,0.6075546544216979,0,0,1.2630334300763195,0.7387438548153447,RAB4B
GO_Biological_Process_2023,Hexose Transmembrane Transport (GO:0008645),0.5571635154682983,0.6075546544216979,0,0,1.2630334300763195,0.7387438548153447,SLC50A1
GO_Biological_Process_2023,Modulation By Host Of Viral Process (GO:0044788),0.5571635154682983,0.6075546544216979,0,0,1.2630334300763195,0.7387438548153447,ZDHHC9
GO_Biological_Process_2023,Negative Regulation Of Cell Communication (GO:0010648),0.5571635154682983,0.6075546544216979,0,0,1.2630334300763195,0.7387438548153447,IGFBP3
GO_Biological_Process_2023,Oligosaccharide Biosynthetic Process (GO:0009312),0.5571635154682983,0.6075546544216979,0,0,1.2630334300763195,0.7387438548153447,B4GALT1
GO_Biological_Process_2023,Placenta Development (GO:0001890),0.5571635154682983,0.6075546544216979,0,0,1.2630334300763195,0.7387438548153447,ESRRB
GO_Biological_Process_2023,Positive Regulation Of Receptor Internalization (GO:0002092),0.5571635154682983,0.6075546544216979,0,0,1.2630334300763195,0.7387438548153447,SFRP4
GO_Biological_Process_2023,"Positive Regulation Of Synaptic Transmission, Glutamatergic (GO:0051968)",0.5571635154682983,0.6075546544216979,0,0,1.2630334300763195,0.7387438548153447,CACNG4
GO_Biological_Process_2023,Positive Regulation Of Viral Life Cycle (GO:1903902),0.5571635154682983,0.6075546544216979,0,0,1.2630334300763195,0.7387438548153447,P4HB
GO_Biological_Process_2023,Regulation Of T Cell Migration (GO:2000404),0.5571635154682983,0.6075546544216979,0,0,1.2630334300763195,0.7387438548153447,APOD
GO_Biological_Process_2023,Regulation Of Dopamine Secretion (GO:0014059),0.5571635154682983,0.6075546544216979,0,0,1.2630334300763195,0.7387438548153447,SYT7
GO_Biological_Process_2023,Regulation Of Histone Acetylation (GO:0035065),0.5571635154682983,0.6075546544216979,0,0,1.2630334300763195,0.7387438548153447,SF3B1
GO_Biological_Process_2023,Regulation Of Interleukin-4 Production (GO:0032673),0.5571635154682983,0.6075546544216979,0,0,1.2630334300763195,0.7387438548153447,SLC7A5
GO_Biological_Process_2023,Regulation Of Mononuclear Cell Migration (GO:0071675),0.5571635154682983,0.6075546544216979,0,0,1.2630334300763195,0.7387438548153447,CXCL17
GO_Biological_Process_2023,Response To Gamma Radiation (GO:0010332),0.5571635154682983,0.6075546544216979,0,0,1.2630334300763195,0.7387438548153447,TSPYL5
GO_Biological_Process_2023,Vesicle Transport Along Microtubule (GO:0047496),0.5571635154682983,0.6075546544216979,0,0,1.2630334300763195,0.7387438548153447,KIF13A
GO_Biological_Process_2023,Cholesterol Transport (GO:0030301),0.5575681036161578,0.6075546544216979,0,0,1.0825547086304401,0.6323966598235646,APOC1;TSKU
GO_Biological_Process_2023,Positive Regulation Of Actin Filament Bundle Assembly (GO:0032233),0.5575681036161578,0.6075546544216979,0,0,1.0825547086304401,0.6323966598235646,RAC1;CD47
GO_Biological_Process_2023,Regulation Of Peptide Hormone Secretion (GO:0090276),0.5575681036161578,0.6075546544216979,0,0,1.0825547086304401,0.6323966598235646,FFAR2;SYT7
GO_Biological_Process_2023,Regulation Of Release Of Sequestered Calcium Ion Into Cytosol (GO:0051279),0.5575681036161578,0.6075546544216979,0,0,1.0825547086304401,0.6323966598235646,CALM3;CALM2
GO_Biological_Process_2023,Calcium Ion Transmembrane Transport (GO:0070588),0.5597626396472035,0.6097624904668183,0,0,1.0333042993178638,0.5995670108734567,LETM1;TRPM4;TMCO1
GO_Biological_Process_2023,External Encapsulating Structure Organization (GO:0045229),0.5626271024491528,0.6126985463231605,0,0,1.0102995044171514,0.5810618490587658,ADAMTS15;SMOC2;NF1;MATN3
GO_Biological_Process_2023,Positive Regulation Of B Cell Activation (GO:0050871),0.5681570321718232,0.6185346469871787,0,0,1.0608734939759037,0.5997727156942185,VAV3;BCL2
GO_Biological_Process_2023,ERK1 And ERK2 Cascade (GO:0070371),0.5732648551874676,0.6203660906749351,0,0,1.2055886175525001,0.6707984807288018,DUSP5
GO_Biological_Process_2023,Acylglycerol Catabolic Process (GO:0046464),0.5732648551874676,0.6203660906749351,0,0,1.2055886175525001,0.6707984807288018,MGLL
GO_Biological_Process_2023,Bile Acid And Bile Salt Transport (GO:0015721),0.5732648551874676,0.6203660906749351,0,0,1.2055886175525001,0.6707984807288018,ABCC11
GO_Biological_Process_2023,Cell-Cell Signaling By Wnt (GO:0198738),0.5732648551874676,0.6203660906749351,0,0,1.2055886175525001,0.6707984807288018,CD24
GO_Biological_Process_2023,Endocrine System Development (GO:0035270),0.5732648551874676,0.6203660906749351,0,0,1.2055886175525001,0.6707984807288018,NF1
GO_Biological_Process_2023,Eosinophil Chemotaxis (GO:0048245),0.5732648551874676,0.6203660906749351,0,0,1.2055886175525001,0.6707984807288018,CCL22
GO_Biological_Process_2023,Eosinophil Migration (GO:0072677),0.5732648551874676,0.6203660906749351,0,0,1.2055886175525001,0.6707984807288018,CCL22
GO_Biological_Process_2023,Heparan Sulfate Proteoglycan Biosynthetic Process (GO:0015012),0.5732648551874676,0.6203660906749351,0,0,1.2055886175525001,0.6707984807288018,HS6ST1
GO_Biological_Process_2023,Long-Chain Fatty Acid Biosynthetic Process (GO:0042759),0.5732648551874676,0.6203660906749351,0,0,1.2055886175525001,0.6707984807288018,GPX4
GO_Biological_Process_2023,Mucosal Immune Response (GO:0002385),0.5732648551874676,0.6203660906749351,0,0,1.2055886175525001,0.6707984807288018,FFAR2
GO_Biological_Process_2023,Negative Regulation Of Lymphocyte Activation (GO:0051250),0.5732648551874676,0.6203660906749351,0,0,1.2055886175525001,0.6707984807288018,VTCN1
GO_Biological_Process_2023,Negative Regulation Of Oxidative Stress-Induced Cell Death (GO:1903202),0.5732648551874676,0.6203660906749351,0,0,1.2055886175525001,0.6707984807288018,PPIA
GO_Biological_Process_2023,Positive Regulation Of Cell-Substrate Junction Organization (GO:0150117),0.5732648551874676,0.6203660906749351,0,0,1.2055886175525001,0.6707984807288018,RAC1
GO_Biological_Process_2023,Positive Regulation Of Interleukin-17 Production (GO:0032740),0.5732648551874676,0.6203660906749351,0,0,1.2055886175525001,0.6707984807288018,SLC7A5
GO_Biological_Process_2023,Positive Regulation Of Oxidoreductase Activity (GO:0051353),0.5732648551874676,0.6203660906749351,0,0,1.2055886175525001,0.6707984807288018,PDPR
GO_Biological_Process_2023,Positive Regulation Of Protein Targeting To Membrane (GO:0090314),0.5732648551874676,0.6203660906749351,0,0,1.2055886175525001,0.6707984807288018,ERBB2
GO_Biological_Process_2023,Regulation Of Cardiac Muscle Hypertrophy (GO:0010611),0.5732648551874676,0.6203660906749351,0,0,1.2055886175525001,0.6707984807288018,IL6ST
GO_Biological_Process_2023,Regulation Of Cell Junction Assembly (GO:1901888),0.5732648551874676,0.6203660906749351,0,0,1.2055886175525001,0.6707984807288018,F11R
GO_Biological_Process_2023,Regulation Of Myotube Differentiation (GO:0010830),0.5732648551874676,0.6203660906749351,0,0,1.2055886175525001,0.6707984807288018,RBM24
GO_Biological_Process_2023,Translesion Synthesis (GO:0019985),0.5732648551874676,0.6203660906749351,0,0,1.2055886175525001,0.6707984807288018,POLDIP2
GO_Biological_Process_2023,Double-Strand Break Repair Via Homologous Recombination (GO:0000724),0.5770550130726555,0.6242811401879206,0,0,0.9913590166476368,0.5450667083731421,PSMD14;ZMYND8;INTS3;LIG3
GO_Biological_Process_2023,Organelle Disassembly (GO:1903008),0.5785612961376424,0.6257238025113588,0,0,1.0400425230333097,0.5691224812385512,UBA5;UFC1
GO_Biological_Process_2023,Mesenchymal Cell Differentiation (GO:0048762),0.5887803247267028,0.632808733463082,0,0,1.0200127432808155,0.5403029207143377,GSK3B;SEMA3C
GO_Biological_Process_2023,Nucleosome Organization (GO:0034728),0.5887803247267028,0.632808733463082,0,0,1.0200127432808155,0.5403029207143377,SUPT16H;BAZ1A
GO_Biological_Process_2023,Peptidyl-Tyrosine Modification (GO:0018212),0.5887803247267028,0.632808733463082,0,0,1.0200127432808155,0.5403029207143377,ERBB2;FGFR4
GO_Biological_Process_2023,Regulation Of Focal Adhesion Assembly (GO:0051893),0.5887803247267028,0.632808733463082,0,0,1.0200127432808155,0.5403029207143377,APOD;RAC1
GO_Biological_Process_2023,Antigen Processing And Presentation Of Exogenous Peptide Antigen Via MHC Class II (GO:0019886),0.5887811793955235,0.632808733463082,0,0,1.1531390061177087,0.6108185115470476,CTSS
GO_Biological_Process_2023,Antigen Processing And Presentation Of Peptide Antigen Via MHC Class II (GO:0002495),0.5887811793955235,0.632808733463082,0,0,1.1531390061177087,0.6108185115470476,CTSS
GO_Biological_Process_2023,Iron Ion Transport (GO:0006826),0.5887811793955235,0.632808733463082,0,0,1.1531390061177087,0.6108185115470476,CLTC
GO_Biological_Process_2023,Late Endosome To Vacuole Transport Via Multivesicular Body Sorting Pathway (GO:0032511),0.5887811793955235,0.632808733463082,0,0,1.1531390061177087,0.6108185115470476,CHMP5
GO_Biological_Process_2023,Lipid Translocation (GO:0034204),0.5887811793955235,0.632808733463082,0,0,1.1531390061177087,0.6108185115470476,ATP8B2
GO_Biological_Process_2023,Negative Regulation Of Antigen Receptor-Mediated Signaling Pathway (GO:0050858),0.5887811793955235,0.632808733463082,0,0,1.1531390061177087,0.6108185115470476,GBP1
GO_Biological_Process_2023,Negative Regulation Of Cell Junction Assembly (GO:1901889),0.5887811793955235,0.632808733463082,0,0,1.1531390061177087,0.6108185115470476,APOD
GO_Biological_Process_2023,Outflow Tract Septum Morphogenesis (GO:0003148),0.5887811793955235,0.632808733463082,0,0,1.1531390061177087,0.6108185115470476,SEMA3C
GO_Biological_Process_2023,Positive Regulation Of Natural Killer Cell Mediated Immunity (GO:0002717),0.5887811793955235,0.632808733463082,0,0,1.1531390061177087,0.6108185115470476,NECTIN2
GO_Biological_Process_2023,Positive Regulation Of p38MAPK Cascade (GO:1900745),0.5887811793955235,0.632808733463082,0,0,1.1531390061177087,0.6108185115470476,SORD
GO_Biological_Process_2023,Protein Kinase B Signaling (GO:0043491),0.5887811793955235,0.632808733463082,0,0,1.1531390061177087,0.6108185115470476,PIK3R3
GO_Biological_Process_2023,Purine Nucleoside Bisphosphate Metabolic Process (GO:0034032),0.5887811793955235,0.632808733463082,0,0,1.1531390061177087,0.6108185115470476,ACSF2
GO_Biological_Process_2023,Regulation Of AMPA Receptor Activity (GO:2000311),0.5887811793955235,0.632808733463082,0,0,1.1531390061177087,0.6108185115470476,CACNG4
GO_Biological_Process_2023,Regulation Of Keratinocyte Differentiation (GO:0045616),0.5887811793955235,0.632808733463082,0,0,1.1531390061177087,0.6108185115470476,GRHL2
GO_Biological_Process_2023,Regulation Of Muscle Cell Differentiation (GO:0051147),0.5887811793955235,0.632808733463082,0,0,1.1531390061177087,0.6108185115470476,RBM4
GO_Biological_Process_2023,Regulation Of Neuroblast Proliferation (GO:1902692),0.5887811793955235,0.632808733463082,0,0,1.1531390061177087,0.6108185115470476,NF1
GO_Biological_Process_2023,Ribonucleoside Bisphosphate Metabolic Process (GO:0033875),0.5887811793955235,0.632808733463082,0,0,1.1531390061177087,0.6108185115470476,ACSF2
GO_Biological_Process_2023,Negative Regulation Of Response To External Stimulus (GO:0032102),0.6035488215043685,0.6448609740854624,0,0,0.9537667978824488,0.4815838902398406,LPCAT3;DHX58;CXCL17;NR1H3;TRIM45
GO_Biological_Process_2023,Activation Of Protein Kinase B Activity (GO:0032148),0.6037337280849815,0.6448609740854624,0,0,1.1050601956358164,0.5576377145422906,PPIA
GO_Biological_Process_2023,Bile Acid Biosynthetic Process (GO:0006699),0.6037337280849815,0.6448609740854624,0,0,1.1050601956358164,0.5576377145422906,CYP27A1
GO_Biological_Process_2023,Carbohydrate Biosynthetic Process (GO:0016051),0.6037337280849815,0.6448609740854624,0,0,1.1050601956358164,0.5576377145422906,B4GALT1
GO_Biological_Process_2023,Histone H3-K4 Methylation (GO:0051568),0.6037337280849815,0.6448609740854624,0,0,1.1050601956358164,0.5576377145422906,DPY30
GO_Biological_Process_2023,Metanephros Development (GO:0001656),0.6037337280849815,0.6448609740854624,0,0,1.1050601956358164,0.5576377145422906,NF1
GO_Biological_Process_2023,Mismatch Repair (GO:0006298),0.6037337280849815,0.6448609740854624,0,0,1.1050601956358164,0.5576377145422906,PMS2
GO_Biological_Process_2023,Negative Regulation Of Smoothened Signaling Pathway (GO:0045879),0.6037337280849815,0.6448609740854624,0,0,1.1050601956358164,0.5576377145422906,IFT122
GO_Biological_Process_2023,Organophosphate Ester Transport (GO:0015748),0.6037337280849815,0.6448609740854624,0,0,1.1050601956358164,0.5576377145422906,VAPA
GO_Biological_Process_2023,Peptide Hormone Secretion (GO:0030072),0.6037337280849815,0.6448609740854624,0,0,1.1050601956358164,0.5576377145422906,SLC30A8
GO_Biological_Process_2023,Positive Regulation Of Monooxygenase Activity (GO:0032770),0.6037337280849815,0.6448609740854624,0,0,1.1050601956358164,0.5576377145422906,S100A1
GO_Biological_Process_2023,Protein Localization To Chromatin (GO:0071168),0.6037337280849815,0.6448609740854624,0,0,1.1050601956358164,0.5576377145422906,ZMYND8
GO_Biological_Process_2023,Regulation Of Arp2/3 Complex-Mediated Actin Nucleation (GO:0034315),0.6037337280849815,0.6448609740854624,0,0,1.1050601956358164,0.5576377145422906,NCKAP1
GO_Biological_Process_2023,Regulation Of Chondrocyte Differentiation (GO:0032330),0.6037337280849815,0.6448609740854624,0,0,1.1050601956358164,0.5576377145422906,MBOAT2
GO_Biological_Process_2023,Regulation Of Double-Strand Break Repair Via Nonhomologous End Joining (GO:2001032),0.6037337280849815,0.6448609740854624,0,0,1.1050601956358164,0.5576377145422906,SETMAR
GO_Biological_Process_2023,Regulation Of Hippo Signaling (GO:0035330),0.6037337280849815,0.6448609740854624,0,0,1.1050601956358164,0.5576377145422906,SHANK2
GO_Biological_Process_2023,Regulation Of Myelination (GO:0031641),0.6037337280849815,0.6448609740854624,0,0,1.1050601956358164,0.5576377145422906,TMEM98
GO_Biological_Process_2023,Regulation Of Myeloid Cell Differentiation (GO:0045637),0.6037337280849815,0.6448609740854624,0,0,1.1050601956358164,0.5576377145422906,PURB
GO_Biological_Process_2023,Regulation Of Protein Processing (GO:0070613),0.6037337280849815,0.6448609740854624,0,0,1.1050601956358164,0.5576377145422906,NKD2
GO_Biological_Process_2023,Regulation Of Reactive Oxygen Species Biosynthetic Process (GO:1903426),0.6037337280849815,0.6448609740854624,0,0,1.1050601956358164,0.5576377145422906,ABCD1
GO_Biological_Process_2023,Sterol Transport (GO:0015918),0.6037337280849815,0.6448609740854624,0,0,1.1050601956358164,0.5576377145422906,VAPA
GO_Biological_Process_2023,Positive Regulation Of DNA-templated Transcription Initiation (GO:2000144),0.6086617980202926,0.6499330873907724,0,0,0.9821787148594378,0.4876443708898321,JUN;TAF9
GO_Biological_Process_2023,Skeletal System Development (GO:0001501),0.6096733050429779,0.6508213117788583,0,0,0.9469272237196765,0.46856992111836,KIAA1217;GNAS;STC1;CD44;MATN3
GO_Biological_Process_2023,DNA Synthesis Involved In DNA Repair (GO:0000731),0.6181429708259905,0.6563804867580585,0,0,1.0608276899924756,0.5102957824085185,POLDIP2
GO_Biological_Process_2023,Acute Inflammatory Response (GO:0002526),0.6181429708259905,0.6563804867580585,0,0,1.0608276899924756,0.5102957824085185,PLSCR1
GO_Biological_Process_2023,cAMP-mediated Signaling (GO:0019933),0.6181429708259905,0.6563804867580585,0,0,1.0608276899924756,0.5102957824085185,ADCY2
GO_Biological_Process_2023,Calcium-Ion Regulated Exocytosis (GO:0017156),0.6181429708259905,0.6563804867580585,0,0,1.0608276899924756,0.5102957824085185,SYT7
GO_Biological_Process_2023,Cardiac Muscle Cell Development (GO:0055013),0.6181429708259905,0.6563804867580585,0,0,1.0608276899924756,0.5102957824085185,OBSL1
GO_Biological_Process_2023,Cell-Cell Adhesion Mediated By Cadherin (GO:0044331),0.6181429708259905,0.6563804867580585,0,0,1.0608276899924756,0.5102957824085185,CDH1
GO_Biological_Process_2023,Cellular Response To Epidermal Growth Factor Stimulus (GO:0071364),0.6181429708259905,0.6563804867580585,0,0,1.0608276899924756,0.5102957824085185,ERBB2
GO_Biological_Process_2023,Glycerophospholipid Catabolic Process (GO:0046475),0.6181429708259905,0.6563804867580585,0,0,1.0608276899924756,0.5102957824085185,SMPD4
GO_Biological_Process_2023,Mitotic G1 DNA Damage Checkpoint Signaling (GO:0031571),0.6181429708259905,0.6563804867580585,0,0,1.0608276899924756,0.5102957824085185,SDE2
GO_Biological_Process_2023,Negative Regulation Of Insulin Receptor Signaling Pathway (GO:0046627),0.6181429708259905,0.6563804867580585,0,0,1.0608276899924756,0.5102957824085185,GSK3A
GO_Biological_Process_2023,Organelle Fusion (GO:0048284),0.6181429708259905,0.6563804867580585,0,0,1.0608276899924756,0.5102957824085185,MFN1
GO_Biological_Process_2023,Peptidyl-Lysine Methylation (GO:0018022),0.6181429708259905,0.6563804867580585,0,0,1.0608276899924756,0.5102957824085185,SMYD2
GO_Biological_Process_2023,Positive Regulation Of Adenylate Cyclase Activity (GO:0045762),0.6181429708259905,0.6563804867580585,0,0,1.0608276899924756,0.5102957824085185,NF1
GO_Biological_Process_2023,Regulation Of Actin Filament Bundle Assembly (GO:0032231),0.6181429708259905,0.6563804867580585,0,0,1.0608276899924756,0.5102957824085185,RAC1
GO_Biological_Process_2023,Regulation Of Chromosome Segregation (GO:0051983),0.6181429708259905,0.6563804867580585,0,0,1.0608276899924756,0.5102957824085185,PUM2
GO_Biological_Process_2023,Regulation Of Nucleotide-Excision Repair (GO:2000819),0.6181429708259905,0.6563804867580585,0,0,1.0608276899924756,0.5102957824085185,ACTL6A
GO_Biological_Process_2023,Regulation Of Vasoconstriction (GO:0019229),0.6181429708259905,0.6563804867580585,0,0,1.0608276899924756,0.5102957824085185,TRPM4
GO_Biological_Process_2023,Telomere Maintenance Via Telomere Lengthening (GO:0010833),0.6181429708259905,0.6563804867580585,0,0,1.0608276899924756,0.5102957824085185,TERF2IP
GO_Biological_Process_2023,Muscle Organ Development (GO:0007517),0.6183244480550615,0.6563807593362933,0,0,0.9642935377875137,0.46357636771861493,MEF2D;SGCG
GO_Biological_Process_2023,Glycosaminoglycan Biosynthetic Process (GO:0006024),0.6278022365112766,0.666051464746293,0,0,0.9470471170395869,0.44087891269874957,CHST1;ST3GAL1
GO_Biological_Process_2023,Positive Regulation Of Protein Binding (GO:0032092),0.6278022365112766,0.666051464746293,0,0,0.9470471170395869,0.44087891269874957,GSK3B;AMFR
GO_Biological_Process_2023,Cell Surface Receptor Signaling Pathway Involved In Cell-Cell Signaling (GO:1905114),0.6320286345395897,0.6679917462218832,0,0,1.019997684783238,0.467995927337665,CD24
GO_Biological_Process_2023,In Utero Embryonic Development (GO:0001701),0.6320286345395897,0.6679917462218832,0,0,1.019997684783238,0.467995927337665,ESRRB
GO_Biological_Process_2023,Limb Development (GO:0060173),0.6320286345395897,0.6679917462218832,0,0,1.019997684783238,0.467995927337665,IFT122
GO_Biological_Process_2023,Microtubule Polymerization Or Depolymerization (GO:0031109),0.6320286345395897,0.6679917462218832,0,0,1.019997684783238,0.467995927337665,MAPT
GO_Biological_Process_2023,Negative Regulation Of G2/M Transition Of Mitotic Cell Cycle (GO:0010972),0.6320286345395897,0.6679917462218832,0,0,1.019997684783238,0.467995927337665,INTS3
GO_Biological_Process_2023,Phospholipid Catabolic Process (GO:0009395),0.6320286345395897,0.6679917462218832,0,0,1.019997684783238,0.467995927337665,SMPD4
GO_Biological_Process_2023,Positive Regulation Of Immune System Process (GO:0002684),0.6320286345395897,0.6679917462218832,0,0,1.019997684783238,0.467995927337665,MIA3
GO_Biological_Process_2023,Positive Regulation Of Ubiquitin-Protein Transferase Activity (GO:0051443),0.6320286345395897,0.6679917462218832,0,0,1.019997684783238,0.467995927337665,DCUN1D1
GO_Biological_Process_2023,Regulation Of Catecholamine Secretion (GO:0050433),0.6320286345395897,0.6679917462218832,0,0,1.019997684783238,0.467995927337665,SYT7
GO_Biological_Process_2023,Regulation Of Chemotaxis (GO:0050920),0.6320286345395897,0.6679917462218832,0,0,1.019997684783238,0.467995927337665,USP14
GO_Biological_Process_2023,Regulation Of Chromatin Organization (GO:1902275),0.6320286345395897,0.6679917462218832,0,0,1.019997684783238,0.467995927337665,HNRNPU
GO_Biological_Process_2023,Regulation Of Nitric-Oxide Synthase Activity (GO:0050999),0.6320286345395897,0.6679917462218832,0,0,1.019997684783238,0.467995927337665,S100A1
GO_Biological_Process_2023,"Synaptic Transmission, Glutamatergic (GO:0035249)",0.6320286345395897,0.6679917462218832,0,0,1.019997684783238,0.467995927337665,UNC13B
GO_Biological_Process_2023,Anterior/Posterior Pattern Specification (GO:0009952),0.6370958291102339,0.6729545328192672,0,0,0.9304058338617628,0.41945969699059404,ATP6AP2;HES1
GO_Biological_Process_2023,Chordate Embryonic Development (GO:0043009),0.6370958291102339,0.6729545328192672,0,0,0.9304058338617628,0.41945969699059404,KIAA1217;GRHL2
GO_Biological_Process_2023,RNA Phosphodiester Bond Hydrolysis (GO:0090501),0.6454097301572814,0.6799517285135757,0,0,0.982192124404314,0.4300723901908766,KHNYN
GO_Biological_Process_2023,Defense Response To Fungus (GO:0050832),0.6454097301572814,0.6799517285135757,0,0,0.982192124404314,0.4300723901908766,S100A9
GO_Biological_Process_2023,Glycosaminoglycan Metabolic Process (GO:0030203),0.6454097301572814,0.6799517285135757,0,0,0.982192124404314,0.4300723901908766,HEXB
GO_Biological_Process_2023,Morphogenesis Of An Epithelium (GO:0002009),0.6454097301572814,0.6799517285135757,0,0,0.982192124404314,0.4300723901908766,SLC9A3R1
GO_Biological_Process_2023,Negative Regulation Of Signaling (GO:0023057),0.6454097301572814,0.6799517285135757,0,0,0.982192124404314,0.4300723901908766,IGFBP3
GO_Biological_Process_2023,Positive Regulation Of Fibroblast Proliferation (GO:0048146),0.6454097301572814,0.6799517285135757,0,0,0.982192124404314,0.4300723901908766,DHX9
GO_Biological_Process_2023,Protein Depolymerization (GO:0051261),0.6454097301572814,0.6799517285135757,0,0,0.982192124404314,0.4300723901908766,TWF1
GO_Biological_Process_2023,Regulation Of Protein Targeting To Membrane (GO:0090313),0.6454097301572814,0.6799517285135757,0,0,0.982192124404314,0.4300723901908766,ERBB2
GO_Biological_Process_2023,Vascular Endothelial Growth Factor Receptor Signaling Pathway (GO:0048010),0.6454097301572814,0.6799517285135757,0,0,0.982192124404314,0.4300723901908766,PAK2
GO_Biological_Process_2023,BMP Signaling Pathway (GO:0030509),0.646206087228803,0.6803948976577688,0,0,0.9143383880348982,0.3992337929869307,PDCD4;INHBB
GO_Biological_Process_2023,Response To Light Stimulus (GO:0009416),0.646206087228803,0.6803948976577688,0,0,0.9143383880348982,0.3992337929869307,OPN3;CIRBP
GO_Biological_Process_2023,B Cell Activation (GO:0042113),0.647091767426551,0.6809315460833724,0,0,0.9038586695896417,0.39341999548327394,BCL2;PIK3R3;HSPD1
GO_Biological_Process_2023,Lymphocyte Differentiation (GO:0030098),0.647091767426551,0.6809315460833724,0,0,0.9038586695896417,0.39341999548327394,RHOH;PIK3R3;SOX4
GO_Biological_Process_2023,Modulation Of Chemical Synaptic Transmission (GO:0050804),0.6512969641902384,0.6849586539770741,0,0,0.898662985402766,0.38533731921502784,GSK3B;SLC38A1;MYOF;BAIAP3
GO_Biological_Process_2023,Potassium Ion Transport (GO:0006813),0.6512969641902384,0.6849586539770741,0,0,0.898662985402766,0.38533731921502784,SLC9A2;HPN;ATP1B3;KCNN4
GO_Biological_Process_2023,Positive Regulation Of Protein Kinase B Signaling (GO:0051897),0.6543882023219214,0.6880098893497821,0,0,0.8936775526447254,0.378968007491807,PIK3CA;RTN4;TSPYL5
GO_Biological_Process_2023,JNK Cascade (GO:0007254),0.6583045791755913,0.6887288231582875,0,0,0.9470869611953133,0.3959652847362962,MAP3K13
GO_Biological_Process_2023,RNA Biosynthetic Process (GO:0032774),0.6583045791755913,0.6887288231582875,0,0,0.9470869611953133,0.3959652847362962,PRMT5
GO_Biological_Process_2023,Cardiac Muscle Cell Action Potential (GO:0086001),0.6583045791755913,0.6887288231582875,0,0,0.9470869611953133,0.3959652847362962,ATP1A1
GO_Biological_Process_2023,Cellular Nitrogen Compound Biosynthetic Process (GO:0044271),0.6583045791755913,0.6887288231582875,0,0,0.9470869611953133,0.3959652847362962,SPTSSA
GO_Biological_Process_2023,Embryonic Skeletal System Morphogenesis (GO:0048704),0.6583045791755913,0.6887288231582875,0,0,0.9470869611953133,0.3959652847362962,TFAP2A
GO_Biological_Process_2023,Female Gamete Generation (GO:0007292),0.6583045791755913,0.6887288231582875,0,0,0.9470869611953133,0.3959652847362962,METTL3
GO_Biological_Process_2023,Glycolytic Process (GO:0006096),0.6583045791755913,0.6887288231582875,0,0,0.9470869611953133,0.3959652847362962,HK2
GO_Biological_Process_2023,Heterotypic Cell-Cell Adhesion (GO:0034113),0.6583045791755913,0.6887288231582875,0,0,0.9470869611953133,0.3959652847362962,DSP
GO_Biological_Process_2023,Modified Amino Acid Transport (GO:0072337),0.6583045791755913,0.6887288231582875,0,0,0.9470869611953133,0.3959652847362962,SLC5A6
GO_Biological_Process_2023,Negative Regulation Of Plasma Membrane Bounded Cell Projection Assembly (GO:0120033),0.6583045791755913,0.6887288231582875,0,0,0.9470869611953133,0.3959652847362962,TACSTD2
GO_Biological_Process_2023,Organic Cyclic Compound Biosynthetic Process (GO:1901362),0.6583045791755913,0.6887288231582875,0,0,0.9470869611953133,0.3959652847362962,PRLR
GO_Biological_Process_2023,Positive Regulation Of Neural Precursor Cell Proliferation (GO:2000179),0.6583045791755913,0.6887288231582875,0,0,0.9470869611953133,0.3959652847362962,INSM1
GO_Biological_Process_2023,Regulation Of Dendritic Spine Morphogenesis (GO:0061001),0.6583045791755913,0.6887288231582875,0,0,0.9470869611953133,0.3959652847362962,CAPRIN1
GO_Biological_Process_2023,Regulation Of Monoatomic Ion Transmembrane Transport (GO:0034765),0.6583045791755913,0.6887288231582875,0,0,0.9470869611953133,0.3959652847362962,NEDD4L
GO_Biological_Process_2023,Regulation Of Voltage-Gated Calcium Channel Activity (GO:1901385),0.6583045791755913,0.6887288231582875,0,0,0.9470869611953133,0.3959652847362962,S100G
GO_Biological_Process_2023,Response To Alcohol (GO:0097305),0.6583045791755913,0.6887288231582875,0,0,0.9470869611953133,0.3959652847362962,GOT2
GO_Biological_Process_2023,Sarcomere Organization (GO:0045214),0.6583045791755913,0.6887288231582875,0,0,0.9470869611953133,0.3959652847362962,CSRP1
GO_Biological_Process_2023,Cellular Response To cAMP (GO:0071320),0.6707308380881104,0.6999098517877085,0,0,0.9144028437248645,0.36520093587917196,IGFBP5
GO_Biological_Process_2023,Central Nervous System Neuron Differentiation (GO:0021953),0.6707308380881104,0.6999098517877085,0,0,0.9144028437248645,0.36520093587917196,MAPT
GO_Biological_Process_2023,Mitotic G2 DNA Damage Checkpoint Signaling (GO:0007095),0.6707308380881104,0.6999098517877085,0,0,0.9144028437248645,0.36520093587917196,TAOK3
GO_Biological_Process_2023,Negative Regulation Of Epithelial To Mesenchymal Transition (GO:0010719),0.6707308380881104,0.6999098517877085,0,0,0.9144028437248645,0.36520093587917196,HPN
GO_Biological_Process_2023,Negative Regulation Of Fat Cell Differentiation (GO:0045599),0.6707308380881104,0.6999098517877085,0,0,0.9144028437248645,0.36520093587917196,TRIB2
GO_Biological_Process_2023,Negative Regulation Of Peptidyl-Tyrosine Phosphorylation (GO:0050732),0.6707308380881104,0.6999098517877085,0,0,0.9144028437248645,0.36520093587917196,SH3BP5L
GO_Biological_Process_2023,Positive Regulation Of Phosphate Metabolic Process (GO:0045937),0.6707308380881104,0.6999098517877085,0,0,0.9144028437248645,0.36520093587917196,DHX34
GO_Biological_Process_2023,Presynaptic Endocytosis (GO:0140238),0.6707308380881104,0.6999098517877085,0,0,0.9144028437248645,0.36520093587917196,AP2B1
GO_Biological_Process_2023,Regulation Of Cell Migration Involved In Sprouting Angiogenesis (GO:0090049),0.6707308380881104,0.6999098517877085,0,0,0.9144028437248645,0.36520093587917196,GATA2
GO_Biological_Process_2023,G1/S Transition Of Mitotic Cell Cycle (GO:0000082),0.672448091498864,0.7014997083550938,0,0,0.8692968595694253,0.34496338385866443,CDC34;BACH1
GO_Biological_Process_2023,B Cell Proliferation (GO:0042100),0.6827055227582616,0.7101549119558941,0,0,0.8838976674191121,0.33737637237362306,HSPD1
GO_Biological_Process_2023,Bile Acid Metabolic Process (GO:0008206),0.6827055227582616,0.7101549119558941,0,0,0.8838976674191121,0.33737637237362306,CYP27A1
GO_Biological_Process_2023,Chromosome Organization (GO:0051276),0.6827055227582616,0.7101549119558941,0,0,0.8838976674191121,0.33737637237362306,CDCA8
GO_Biological_Process_2023,Endodermal Cell Differentiation (GO:0035987),0.6827055227582616,0.7101549119558941,0,0,0.8838976674191121,0.33737637237362306,ITGB5
GO_Biological_Process_2023,Negative Regulation Of Cell-Matrix Adhesion (GO:0001953),0.6827055227582616,0.7101549119558941,0,0,0.8838976674191121,0.33737637237362306,APOD
GO_Biological_Process_2023,Negative Regulation Of Developmental Growth (GO:0048640),0.6827055227582616,0.7101549119558941,0,0,0.8838976674191121,0.33737637237362306,RTN4
GO_Biological_Process_2023,Organic Cation Transport (GO:0015695),0.6827055227582616,0.7101549119558941,0,0,0.8838976674191121,0.33737637237362306,RALBP1
GO_Biological_Process_2023,Positive Regulation Of Leukocyte Migration (GO:0002687),0.6827055227582616,0.7101549119558941,0,0,0.8838976674191121,0.33737637237362306,MIA3
GO_Biological_Process_2023,Regulation Of Gluconeogenesis (GO:0006111),0.6827055227582616,0.7101549119558941,0,0,0.8838976674191121,0.33737637237362306,ZNF692
GO_Biological_Process_2023,Regulation Of Long-Term Synaptic Potentiation (GO:1900271),0.6827055227582616,0.7101549119558941,0,0,0.8838976674191121,0.33737637237362306,GSK3B
GO_Biological_Process_2023,Cellular Response To BMP Stimulus (GO:0071773),0.6890493699921946,0.7161368201181431,0,0,0.8416523235800344,0.3134669743060057,PDCD4;INHBB
GO_Biological_Process_2023,Regulation Of Cell-Matrix Adhesion (GO:0001952),0.6890493699921946,0.7161368201181431,0,0,0.8416523235800344,0.3134669743060057,GSK3B;NF1
GO_Biological_Process_2023,Regulation Of Neurogenesis (GO:0050767),0.6890493699921946,0.7161368201181431,0,0,0.8416523235800344,0.3134669743060057,APLP2;HES1
GO_Biological_Process_2023,Positive Regulation Of T Cell Mediated Cytotoxicity (GO:0001916),0.6942450316785215,0.7200903507272638,0,0,0.8553605670040535,0.3121469962007367,NECTIN2
GO_Biological_Process_2023,Positive Regulation Of Telomere Maintenance Via Telomerase (GO:0032212),0.6942450316785215,0.7200903507272638,0,0,0.8553605670040535,0.3121469962007367,CCT3
GO_Biological_Process_2023,Regulation Of G0 To G1 Transition (GO:0070316),0.6942450316785215,0.7200903507272638,0,0,0.8553605670040535,0.3121469962007367,ACTL6A
GO_Biological_Process_2023,Regulation Of Metaphase/Anaphase Transition Of Cell Cycle (GO:1902099),0.6942450316785215,0.7200903507272638,0,0,0.8553605670040535,0.3121469962007367,ACTL6A
GO_Biological_Process_2023,Regulation Of Natural Killer Cell Mediated Cytotoxicity (GO:0042269),0.6942450316785215,0.7200903507272638,0,0,0.8553605670040535,0.3121469962007367,NECTIN2
GO_Biological_Process_2023,Regulation Of Ubiquitin-Protein Transferase Activity (GO:0051438),0.6942450316785215,0.7200903507272638,0,0,0.8553605670040535,0.3121469962007367,DCUN1D1
GO_Biological_Process_2023,Superoxide Metabolic Process (GO:0006801),0.6942450316785215,0.7200903507272638,0,0,0.8553605670040535,0.3121469962007367,PREX1
GO_Biological_Process_2023,Regulation Of Endocytosis (GO:0030100),0.6970868664393338,0.7228309848964406,0,0,0.8284779743975904,0.29895233926362463,RAB4B;SYT7
GO_Biological_Process_2023,Adenylate Cyclase-Modulating G Protein-Coupled Receptor Signaling Pathway (GO:0007188),0.7049232082429432,0.7282875255219436,0,0,0.8439850979449586,0.2951132364060442,RAMP2;GNAS;ADCY2;RAMP1;ADRA2A
GO_Biological_Process_2023,Sulfur Compound Biosynthetic Process (GO:0044272),0.7049513691558347,0.7282875255219436,0,0,0.8157089898053753,0.28519344524770857,CHST1;ST3GAL1
GO_Biological_Process_2023,Embryonic Skeletal System Development (GO:0048706),0.7053651682857477,0.7282875255219436,0,0,0.8286070353649361,0.28921670221182744,KIAA1217
GO_Biological_Process_2023,Negative Regulation Of Cell Cycle Process (GO:0010948),0.7053651682857477,0.7282875255219436,0,0,0.8286070353649361,0.28921670221182744,CHMP2A
GO_Biological_Process_2023,Negative Regulation Of Interleukin-6 Production (GO:0032715),0.7053651682857477,0.7282875255219436,0,0,0.8286070353649361,0.28921670221182744,C5AR2
GO_Biological_Process_2023,Organophosphate Biosynthetic Process (GO:0090407),0.7053651682857477,0.7282875255219436,0,0,0.8286070353649361,0.28921670221182744,G6PD
GO_Biological_Process_2023,Positive Regulation Of Interleukin-12 Production (GO:0032735),0.7053651682857477,0.7282875255219436,0,0,0.8286070353649361,0.28921670221182744,HSPD1
GO_Biological_Process_2023,Positive Regulation Of Reproductive Process (GO:2000243),0.7053651682857477,0.7282875255219436,0,0,0.8286070353649361,0.28921670221182744,INHBB
GO_Biological_Process_2023,Positive Regulation Of Telomerase Activity (GO:0051973),0.7053651682857477,0.7282875255219436,0,0,0.8286070353649361,0.28921670221182744,GRHL2
GO_Biological_Process_2023,Protein Methylation (GO:0006479),0.7053651682857477,0.7282875255219436,0,0,0.8286070353649361,0.28921670221182744,PRMT5
GO_Biological_Process_2023,Regulation Of NLRP3 Inflammasome Complex Assembly (GO:1900225),0.7053651682857477,0.7282875255219436,0,0,0.8286070353649361,0.28921670221182744,EIF2AK2
GO_Biological_Process_2023,Regulation Of Interleukin-17 Production (GO:0032660),0.7053651682857477,0.7282875255219436,0,0,0.8286070353649361,0.28921670221182744,SLC7A5
GO_Biological_Process_2023,Skeletal Muscle Organ Development (GO:0060538),0.7053651682857477,0.7282875255219436,0,0,0.8286070353649361,0.28921670221182744,IGSF8
GO_Biological_Process_2023,Vasculogenesis (GO:0001570),0.7053651682857477,0.7282875255219436,0,0,0.8286070353649361,0.28921670221182744,RAMP2
GO_Biological_Process_2023,Ventricular Cardiac Muscle Tissue Morphogenesis (GO:0055010),0.7053651682857477,0.7282875255219436,0,0,0.8286070353649361,0.28921670221182744,DSP
GO_Biological_Process_2023,B Cell Differentiation (GO:0030183),0.7126448269216209,0.7353844909145615,0,0,0.8033269441401971,0.27214477323705666,PIK3R3;IRF2BP2
GO_Biological_Process_2023,Protein Autoubiquitination (GO:0051865),0.7126448269216209,0.7353844909145615,0,0,0.8033269441401971,0.27214477323705666,NFX1;RNF141
GO_Biological_Process_2023,Action Potential (GO:0001508),0.7160811622029463,0.7368312413349635,0,0,0.8034749298857651,0.2683299044433007,KCNE4
GO_Biological_Process_2023,Embryonic Limb Morphogenesis (GO:0030326),0.7160811622029463,0.7368312413349635,0,0,0.8034749298857651,0.2683299044433007,TFAP2A
GO_Biological_Process_2023,Glial Cell Differentiation (GO:0010001),0.7160811622029463,0.7368312413349635,0,0,0.8034749298857651,0.2683299044433007,EIF2B5
GO_Biological_Process_2023,Microtubule Polymerization (GO:0046785),0.7160811622029463,0.7368312413349635,0,0,0.8034749298857651,0.2683299044433007,MAPT
GO_Biological_Process_2023,Negative Regulation Of Ras Protein Signal Transduction (GO:0046580),0.7160811622029463,0.7368312413349635,0,0,0.8034749298857651,0.2683299044433007,STAMBP
GO_Biological_Process_2023,Regulation Of Blood Circulation (GO:1903522),0.7160811622029463,0.7368312413349635,0,0,0.8034749298857651,0.2683299044433007,S100A1
GO_Biological_Process_2023,Regulation Of Cellular Senescence (GO:2000772),0.7160811622029463,0.7368312413349635,0,0,0.8034749298857651,0.2683299044433007,PNPT1
GO_Biological_Process_2023,Regulation Of Phosphatidylinositol 3-Kinase Activity (GO:0043551),0.7160811622029463,0.7368312413349635,0,0,0.8034749298857651,0.2683299044433007,PIK3R3
GO_Biological_Process_2023,Sister Chromatid Segregation (GO:0000819),0.7160811622029463,0.7368312413349635,0,0,0.8034749298857651,0.2683299044433007,NSL1
GO_Biological_Process_2023,Smoothened Signaling Pathway (GO:0007224),0.7160811622029463,0.7368312413349635,0,0,0.8034749298857651,0.2683299044433007,SEPTIN2
GO_Biological_Process_2023,Positive Regulation Of Phosphatidylinositol 3-Kinase Signaling (GO:0014068),0.7201692753665115,0.7408273545519752,0,0,0.7913145117784571,0.25976401549775213,DDR1;BECN1
GO_Biological_Process_2023,Histone Deacetylation (GO:0016575),0.7264076907910603,0.7461850981410154,0,0,0.7798211835524277,0.2492650565022207,MTA3
GO_Biological_Process_2023,One-Carbon Compound Transport (GO:0019755),0.7264076907910603,0.7461850981410154,0,0,0.7798211835524277,0.2492650565022207,SLC4A11
GO_Biological_Process_2023,Positive Regulation Of Telomere Maintenance Via Telomere Lengthening (GO:1904358),0.7264076907910603,0.7461850981410154,0,0,0.7798211835524277,0.2492650565022207,CCT3
GO_Biological_Process_2023,Regulation Of G2/M Transition Of Mitotic Cell Cycle (GO:0010389),0.7264076907910603,0.7461850981410154,0,0,0.7798211835524277,0.2492650565022207,CENPF
GO_Biological_Process_2023,Regulation Of Regulated Secretory Pathway (GO:1903305),0.7264076907910603,0.7461850981410154,0,0,0.7798211835524277,0.2492650565022207,SYT7
GO_Biological_Process_2023,Negative Regulation Of Cellular Response To Growth Factor Stimulus (GO:0090288),0.7347196690884751,0.7545093964951678,0,0,0.7683342063907805,0.23685150848659295,SHISA2;TRIM33
GO_Biological_Process_2023,Blood Vessel Diameter Maintenance (GO:0097746),0.7363588986728089,0.7553361458490269,0,0,0.7575190798667096,0.23182935527663812,KLF2
GO_Biological_Process_2023,Positive Regulation Of Signaling Receptor Activity (GO:2000273),0.7363588986728089,0.7553361458490269,0,0,0.7575190798667096,0.23182935527663812,ADRA2A
GO_Biological_Process_2023,Regulation Of Receptor Internalization (GO:0002090),0.7363588986728089,0.7553361458490269,0,0,0.7575190798667096,0.23182935527663812,SFRP4
GO_Biological_Process_2023,Regulation Of Sodium Ion Transmembrane Transporter Activity (GO:2000649),0.7363588986728089,0.7553361458490269,0,0,0.7575190798667096,0.23182935527663812,NEDD4L
GO_Biological_Process_2023,Positive Regulation Of Receptor Signaling Pathway Via STAT (GO:1904894),0.7459484170422931,0.764523250290658,0,0,0.7364559819413092,0.21585438460982048,HES1
GO_Biological_Process_2023,Regulation Of Cellular Component Biogenesis (GO:0044087),0.7459484170422931,0.764523250290658,0,0,0.7364559819413092,0.21585438460982048,INSM1
GO_Biological_Process_2023,Synaptic Vesicle Cycle (GO:0099504),0.7459484170422931,0.764523250290658,0,0,0.7364559819413092,0.21585438460982048,SYT7
GO_Biological_Process_2023,Monoatomic Ion Transport (GO:0006811),0.7508642174794119,0.7693437611627807,0,0,0.7644556837284795,0.21903982789569845,SLC9A2;LASP1;SLC1A2
GO_Biological_Process_2023,G2/M Transition Of Mitotic Cell Cycle (GO:0000086),0.7551893822870692,0.7715213754856682,0,0,0.7165314298497143,0.20119251263080604,BACH1
GO_Biological_Process_2023,RNA Transport (GO:0050658),0.7551893822870692,0.7715213754856682,0,0,0.7165314298497143,0.20119251263080604,TPR
GO_Biological_Process_2023,Calcium-Dependent Cell-Cell Adhesion Via Plasma Membrane Cell Adhesion Molecules (GO:0016339),0.7551893822870692,0.7715213754856682,0,0,0.7165314298497143,0.20119251263080604,CDH1
GO_Biological_Process_2023,Connective Tissue Development (GO:0061448),0.7551893822870692,0.7715213754856682,0,0,0.7165314298497143,0.20119251263080604,CD44
GO_Biological_Process_2023,Cyclic-Nucleotide-Mediated Signaling (GO:0019935),0.7551893822870692,0.7715213754856682,0,0,0.7165314298497143,0.20119251263080604,ADCY2
GO_Biological_Process_2023,Detection Of Chemical Stimulus Involved In Sensory Perception Of Bitter Taste (GO:0001580),0.7551893822870692,0.7715213754856682,0,0,0.7165314298497143,0.20119251263080604,PIP
GO_Biological_Process_2023,Heart Looping (GO:0001947),0.7551893822870692,0.7715213754856682,0,0,0.7165314298497143,0.20119251263080604,MESP1
GO_Biological_Process_2023,Lymphocyte Proliferation (GO:0046651),0.7551893822870692,0.7715213754856682,0,0,0.7165314298497143,0.20119251263080604,HSPD1
GO_Biological_Process_2023,Neuron Projection Extension (GO:1990138),0.7551893822870692,0.7715213754856682,0,0,0.7165314298497143,0.20119251263080604,IMPACT
GO_Biological_Process_2023,Response To Transforming Growth Factor Beta (GO:0071559),0.7551893822870692,0.7715213754856682,0,0,0.7165314298497143,0.20119251263080604,NR3C1
GO_Biological_Process_2023,Regulation Of BMP Signaling Pathway (GO:0030510),0.7553326332060132,0.7715213754856682,0,0,0.7362575301204819,0.20659169318205162,SFRP4;TRIM33
GO_Biological_Process_2023,Lymphocyte Migration (GO:0072676),0.7640944542929057,0.7798112463930416,0,0,0.697655538394519,0.1877138964250367,CCL22
GO_Biological_Process_2023,Protein Deacetylation (GO:0006476),0.7640944542929057,0.7798112463930416,0,0,0.697655538394519,0.1877138964250367,MTA3
GO_Biological_Process_2023,Sensory Perception Of Bitter Taste (GO:0050913),0.7640944542929057,0.7798112463930416,0,0,0.697655538394519,0.1877138964250367,PIP
GO_Biological_Process_2023,Mitotic Cell Cycle Phase Transition (GO:0044772),0.767321884062609,0.7828844687534564,0,0,0.7429589616097022,0.19677186323448692,CDC34;CHMP2A;ACVR1B
GO_Biological_Process_2023,Cellular Response To Retinoic Acid (GO:0071300),0.7726758333149466,0.7874597265803985,0,0,0.6797476413729235,0.17530398031523628,GSK3B
GO_Biological_Process_2023,Positive Regulation Of Cell Cycle G1/S Phase Transition (GO:1902808),0.7726758333149466,0.7874597265803985,0,0,0.6797476413729235,0.17530398031523628,CDC73
GO_Biological_Process_2023,Regulation Of Cytokine-Mediated Signaling Pathway (GO:0001959),0.7726758333149466,0.7874597265803985,0,0,0.6797476413729235,0.17530398031523628,CD24
GO_Biological_Process_2023,Regulation Of Cytosolic Calcium Ion Concentration (GO:0051480),0.7726758333149466,0.7874597265803985,0,0,0.6797476413729235,0.17530398031523628,RYR1
GO_Biological_Process_2023,Spindle Assembly (GO:0051225),0.7745469119187894,0.7891445611729552,0,0,0.7067469879518072,0.18055763584237147,HAUS4;MISP
GO_Biological_Process_2023,Cellular Response To Glucose Starvation (GO:0042149),0.7809452767891047,0.7949926342130795,0,0,0.6627351392024078,0.16386139553527854,BECN1
GO_Biological_Process_2023,Determination Of Heart Left/Right Asymmetry (GO:0061371),0.7809452767891047,0.7949926342130795,0,0,0.6627351392024078,0.16386139553527854,MESP1
GO_Biological_Process_2023,Monocyte Chemotaxis (GO:0002548),0.7809452767891047,0.7949926342130795,0,0,0.6627351392024078,0.16386139553527854,CCL22
GO_Biological_Process_2023,Defense Response To Gram-positive Bacterium (GO:0050830),0.786611931106565,0.8005362221039557,0,0,0.6883508058206853,0.16521813329455623,PPP1R11;GBP2
GO_Biological_Process_2023,Collagen Fibril Organization (GO:0030199),0.7889141152619397,0.8015278893348515,0,0,0.6465525151865514,0.1532961897375429,NF1
GO_Biological_Process_2023,Detection Of Chemical Stimulus Involved In Sensory Perception Of Taste (GO:0050912),0.7889141152619397,0.8015278893348515,0,0,0.6465525151865514,0.1532961897375429,PIP
GO_Biological_Process_2023,Intracellular Steroid Hormone Receptor Signaling Pathway (GO:0030518),0.7889141152619397,0.8015278893348515,0,0,0.6465525151865514,0.1532961897375429,SCGB2A2
GO_Biological_Process_2023,Lymphocyte Chemotaxis (GO:0048247),0.7889141152619397,0.8015278893348515,0,0,0.6465525151865514,0.1532961897375429,CCL22
GO_Biological_Process_2023,Monoatomic Cation Transport (GO:0006812),0.7889141152619397,0.8015278893348515,0,0,0.6465525151865514,0.1532961897375429,ANO1
GO_Biological_Process_2023,Stress-Activated MAPK Cascade (GO:0051403),0.7889141152619397,0.8015278893348515,0,0,0.6465525151865514,0.1532961897375429,MAP3K13
GO_Biological_Process_2023,Regulation Of Interleukin-8 Production (GO:0032677),0.7924285704410116,0.8048727656021716,0,0,0.6795064874884152,0.1580891611537923,C5AR2;FFAR2
GO_Biological_Process_2023,Ephrin Receptor Signaling Pathway (GO:0048013),0.7965932685061019,0.8081963077112327,0,0,0.6311404923143072,0.14352832745182573,YES1
GO_Biological_Process_2023,Negative Regulation Of BMP Signaling Pathway (GO:0030514),0.7965932685061019,0.8081963077112327,0,0,0.6311404923143072,0.14352832745182573,TRIM33
GO_Biological_Process_2023,Positive Regulation Of Cell Division (GO:0051781),0.7965932685061019,0.8081963077112327,0,0,0.6311404923143072,0.14352832745182573,PKP4
GO_Biological_Process_2023,Triglyceride Metabolic Process (GO:0006641),0.7965932685061019,0.8081963077112327,0,0,0.6311404923143072,0.14352832745182573,APOC1
GO_Biological_Process_2023,Calcium Ion Transmembrane Import Into Cytosol (GO:0097553),0.7981046519998757,0.809502954226701,0,0,0.6708860759493671,0.15129524057610302,RYR1;ITPR1
GO_Biological_Process_2023,Regulation Of Interleukin-1 Beta Production (GO:0032651),0.8036427011617516,0.8143354544935264,0,0,0.6624811746987952,0.14481872273333146,NAIP;FOXP1
GO_Biological_Process_2023,Negative Regulation Of Immune System Process (GO:0002683),0.8039932593232607,0.8143354544935264,0,0,0.6164453077151907,0.1344864168467222,TSPAN6
GO_Biological_Process_2023,Positive Regulation Of Chemotaxis (GO:0050921),0.8039932593232607,0.8143354544935264,0,0,0.6164453077151907,0.1344864168467222,SMOC2
GO_Biological_Process_2023,Regulation Of Insulin Receptor Signaling Pathway (GO:0046626),0.8039932593232607,0.8143354544935264,0,0,0.6164453077151907,0.1344864168467222,GSK3A
GO_Biological_Process_2023,Regulation Of Nervous System Development (GO:0051960),0.8039932593232607,0.8143354544935264,0,0,0.6164453077151907,0.1344864168467222,HES1
GO_Biological_Process_2023,Development Of Primary Male Sexual Characteristics (GO:0046546),0.811124228943557,0.8206402115177551,0,0,0.6024180860523976,0.12610662174816592,CSDE1
GO_Biological_Process_2023,Male Gonad Development (GO:0008584),0.811124228943557,0.8206402115177551,0,0,0.6024180860523976,0.12610662174816592,CSDE1
GO_Biological_Process_2023,Negative Regulation Of Response To Biotic Stimulus (GO:0002832),0.811124228943557,0.8206402115177551,0,0,0.6024180860523976,0.12610662174816592,DHX58
GO_Biological_Process_2023,Regulation Of Telomerase Activity (GO:0051972),0.811124228943557,0.8206402115177551,0,0,0.6024180860523976,0.12610662174816592,GRHL2
GO_Biological_Process_2023,Epithelial To Mesenchymal Transition (GO:0001837),0.8246178412350041,0.834059151341297,0,0,0.5761932803350018,0.11111035953954039,GSK3B
GO_Biological_Process_2023,Positive Regulation Of Pathway-Restricted SMAD Protein Phosphorylation (GO:0010862),0.8371481086696368,0.8462602427020443,0,0,0.5521538750940557,0.09814771028220273,INHBB
GO_Biological_Process_2023,Regulation Of Mitotic Metaphase/Anaphase Transition (GO:0030071),0.8371481086696368,0.8462602427020443,0,0,0.5521538750940557,0.09814771028220273,ACTL6A
GO_Biological_Process_2023,Positive Regulation Of Peptidyl-Serine Phosphorylation (GO:0033138),0.8387559029034736,0.8476489621418475,0,0,0.6090569173244703,0.10709385985534858,CREBL2;CD44
GO_Biological_Process_2023,Intracellular Iron Ion Homeostasis (GO:0006879),0.8430736611605523,0.851537311969749,0,0,0.5408700726340198,0.09232703252654703,FLVCR1
GO_Biological_Process_2023,Positive Regulation Of Leukocyte Mediated Cytotoxicity (GO:0001912),0.8430736611605523,0.851537311969749,0,0,0.5408700726340198,0.09232703252654703,NECTIN2
GO_Biological_Process_2023,Negative Regulation Of Protein Catabolic Process (GO:0042177),0.8487837589677293,0.8570657304101242,0,0,0.5300376222723853,0.08690010596942123,PSMF1
GO_Biological_Process_2023,Anterograde Trans-Synaptic Signaling (GO:0098916),0.8526889512660897,0.8607690583851105,0,0,0.6822991635868508,0.10873150220090734,UNC13B;DLG1;DLG3;APEX1;SLC1A2
GO_Biological_Process_2023,Adenylate Cyclase-Inhibiting G Protein-Coupled Receptor Signaling Pathway (GO:0007193),0.8542862303408016,0.8609417713673855,0,0,0.5196299738857169,0.08183599301364151,ADRA2A
GO_Biological_Process_2023,Cartilage Development (GO:0051216),0.8542862303408016,0.8609417713673855,0,0,0.5196299738857169,0.08183599301364151,CD44
GO_Biological_Process_2023,Cell Cycle G1/S Phase Transition (GO:0044843),0.8542862303408016,0.8609417713673855,0,0,0.5196299738857169,0.08183599301364151,CDC34
GO_Biological_Process_2023,Gonad Development (GO:0008406),0.8542862303408016,0.8609417713673855,0,0,0.5196299738857169,0.08183599301364151,CSDE1
GO_Biological_Process_2023,Positive Regulation Of Transcription Initiation By RNA Polymerase II (GO:0060261),0.8542862303408016,0.8609417713673855,0,0,0.5196299738857169,0.08183599301364151,TAF9
GO_Biological_Process_2023,Regulation Of Receptor Signaling Pathway Via JAK-STAT (GO:0046425),0.8542862303408016,0.8609417713673855,0,0,0.5196299738857169,0.08183599301364151,HES1
GO_Biological_Process_2023,Regulation Of Peptidyl-Serine Phosphorylation (GO:0033135),0.8561692773773157,0.8625994777915542,0,0,0.5822189858334437,0.09041113772538319,CREBL2;CD44
GO_Biological_Process_2023,Monoatomic Anion Transmembrane Transport (GO:0098656),0.8646981967814429,0.8709501859684056,0,0,0.49999290145804054,0.07268633724477322,SLC5A6
GO_Biological_Process_2023,"Regulation Of Synaptic Transmission, Glutamatergic (GO:0051966)",0.8696219679496018,0.8756660461255095,0,0,0.4907198394783045,0.06855193305393777,CACNG4
GO_Biological_Process_2023,RNA Polymerase II Preinitiation Complex Assembly (GO:0051123),0.8743666848825138,0.8797100368456847,0,0,0.481783979752377,0.06468212182068546,TAF9
GO_Biological_Process_2023,Chemokine-Mediated Signaling Pathway (GO:0070098),0.8743666848825138,0.8797100368456847,0,0,0.481783979752377,0.06468212182068546,CCL22
GO_Biological_Process_2023,Positive Regulation Of Interleukin-1 Beta Production (GO:0032731),0.8743666848825138,0.8797100368456847,0,0,0.481783979752377,0.06468212182068546,NAIP
GO_Biological_Process_2023,Negative Regulation Of Protein-Containing Complex Assembly (GO:0031333),0.8789388543271289,0.8838191366942979,0,0,0.47316725787380415,0.06105747763417428,GSK3B
GO_Biological_Process_2023,Regulation Of Transcription Initiation By RNA Polymerase II (GO:0060260),0.8789388543271289,0.8838191366942979,0,0,0.47316725787380415,0.06105747763417428,TAF9
GO_Biological_Process_2023,Cellular Response To Chemokine (GO:1990869),0.8833447465990084,0.8877565683078825,0,0,0.46485287711377765,0.057660224472226546,CCL22
GO_Biological_Process_2023,Inorganic Anion Transport (GO:0015698),0.8833447465990084,0.8877565683078825,0,0,0.46485287711377765,0.057660224472226546,SLC4A11
GO_Biological_Process_2023,Response To Retinoic Acid (GO:0032526),0.8875904043288655,0.8915286867662647,0,0,0.4568251991385797,0.0544740746350102,GSK3B
GO_Biological_Process_2023,Transcription Preinitiation Complex Assembly (GO:0070897),0.8875904043288655,0.8915286867662647,0,0,0.4568251991385797,0.0544740746350102,TAF9
GO_Biological_Process_2023,Antimicrobial Humoral Immune Response Mediated By Antimicrobial Peptide (GO:0061844),0.8916816507016166,0.8951416127608801,0,0,0.44906964584050707,0.051484085291603865,S100A9
GO_Biological_Process_2023,Positive Regulation Of Interleukin-8 Production (GO:0032757),0.8916816507016166,0.8951416127608801,0,0,0.44906964584050707,0.051484085291603865,FFAR2
GO_Biological_Process_2023,Regulation Of Pathway-Restricted SMAD Protein Phosphorylation (GO:0060393),0.8956240974018398,0.8988502301993526,0,0,0.44157261098570355,0.048676530768970015,INHBB
GO_Biological_Process_2023,Glycerophospholipid Metabolic Process (GO:0006650),0.8994231524366896,0.9024129246885567,0,0,0.43432138055236896,0.04603878856540871,SMPD4
GO_Biological_Process_2023,Inorganic Anion Transmembrane Transport (GO:0098661),0.9030840272886285,0.905584259922318,0,0,0.42730406077817423,0.043559237688071774,SLC5A6
GO_Biological_Process_2023,Negative Regulation Of Endopeptidase Activity (GO:0010951),0.9030840272886285,0.905584259922318,0,0,0.42730406077817423,0.043559237688071774,SERPINA3
GO_Biological_Process_2023,Neuropeptide Signaling Pathway (GO:0007218),0.9132868882719455,0.9155618902078568,0,0,0.4075476066446721,0.03696669606215896,LTB4R
GO_Biological_Process_2023,Second-Messenger-Mediated Signaling (GO:0019932),0.9305852243373948,0.9326451805617166,0,0,0.3730433768903867,0.026837343842857537,TRPM4
GO_Biological_Process_2023,Negative Regulation Of Cellular Component Organization (GO:0051129),0.9401558857575438,0.941715878930814,0,0,0.35310759969902183,0.02179012222133885,GSK3B
GO_Biological_Process_2023,Transcription Initiation At RNA Polymerase II Promoter (GO:0006367),0.9401558857575438,0.941715878930814,0,0,0.35310759969902183,0.02179012222133885,TAF9
GO_Biological_Process_2023,Regulation Of Cyclin-Dependent Protein Serine/Threonine Kinase Activity (GO:0000079),0.9444347018412333,0.9457402516087772,0,0,0.34391642969521075,0.01966126537103535,HEXIM1
GO_Biological_Process_2023,Calcium-Mediated Signaling (GO:0019722),0.9571423743041343,0.958200574828517,0,0,0.3151940234333011,0.013806483874932052,TRPM4
GO_Biological_Process_2023,Cytoplasmic Translation (GO:0002181),0.9656958088492656,0.9664963303818845,0,0,0.29413092550790065,0.010267049394475362,ZC3H15
GO_Biological_Process_2023,Antimicrobial Humoral Response (GO:0019730),0.969309692879543,0.9698452230966035,0,0,0.28461855870288116,0.008871878580933863,S100A9
GO_Biological_Process_2023,Chemical Synaptic Transmission (GO:0007268),0.9717361350676672,0.9720044963311492,0,0,0.4928611658687694,0.014130811325793781,UNC13B;DLG1;DLG3;APEX1;SLC1A2
GO_Biological_Process_2023,Sensory Perception Of Chemical Stimulus (GO:0007606),0.9745072495773528,0.9745072495773528,0,0,0.27005881359315737,0.0069738153737536465,GNAS
