Gene_set,Term,P-value,Adjusted P-value,Old P-value,Old adjusted P-value,Odds Ratio,Combined Score,Genes
GO_Biological_Process_2023,Translation (GO:0006412),8.452975976251814e-29,3.1337044759094484e-25,0,0,7.417718713091787,479.484669141103,RPL4;RPL5;RPL3;RPL34;RPLP1;RPLP0;MRPL37;RPL8;RPL6;RPL7;MRPL4;RPS4X;RPS14;MRPL42;RPL7A;RPS17;RPL36AL;RPL36;RACK1;RPL35;RPL39;RPL21;MRPS25;MRPS2;RPSA;RPS3A;MRPS6;MRPS18C;TUFM;EEF1G;LARS2;RPL24;RPL26;RPL29;RPL10;RPL11;MRPL17;RRBP1;MRPL11;RPS15A;RPL14;RPS3;RPL13;RPL15;RPS2;RPL17;RPL41;GATB;MRPL23;MRPL21;MRPL22;RPS26;RPS28;RPS27;COPS5;TNIP1;RPS29;RPS6KB2;RPS20;RPL22L1;ABCE1;RPL26L1
GO_Biological_Process_2023,Cytoplasmic Translation (GO:0002181),1.4883421875608875e-28,3.1337044759094484e-25,0,0,15.275806451612903,978.7930170230982,RPL4;RPL5;RPL3;RPL10;RPL34;RPLP1;RPLP0;RPL11;RPL8;RPL6;RPL7;RPS4X;RPL7A;RPS14;RPS17;RPS15A;RPL36AL;RACK1;RPL36;RPL14;RPS3;RPL35;RPL13;RPL15;RPS2;RPL39;RPL17;RPL41;RPL21;RPS3A;RPSA;RPS26;RPS28;RPS27;RPS29;RPL24;RPL22L1;RPS20;RPL26;RPL29;RPL26L1
GO_Biological_Process_2023,Peptide Biosynthetic Process (GO:0043043),3.674888001695297e-26,5.1583177917129656e-23,0,0,9.063527789064004,530.8117566379141,RPL4;RPL5;RPL3;RPL34;RPLP1;RPLP0;MRPL37;RPL8;RPL6;RPL7;RPS4X;RPS14;MRPL42;RPL7A;RPS17;RPL36AL;RPL36;RPL35;RPL39;RPL21;RPSA;RPS3A;MRPS6;MRPS18C;RPL24;RPL26;RPL29;RPL10;RPL11;RRBP1;MRPL11;RPS15A;RPL14;RPS3;RPL13;RPL15;RPS2;RPL17;GGT5;RPL41;MRPL23;RPS26;RPS28;COPS5;RPS27;TNIP1;RPS29;RPS6KB2;RPS20
GO_Biological_Process_2023,Regulation Of Transcription By RNA Polymerase II (GO:0006357),1.42487793250011e-25,1.5000402434394907e-22,0,0,2.3891784596937926,136.68619264560925,APP;SMARCB1;ENO1;RBPJ;NOC2L;ELK1;UXT;ELK4;RPS6KA4;RPS14;ZMIZ1;MYC;CREB3L1;PKNOX1;JUNB;MEF2A;HES6;SMARCC1;SOX13;THAP1;SFRP2;THAP5;IFI27;RFX5;CCNQ;ATF5;TP53;ATF4;ZNF275;ZNF395;SRCAP;PRKDC;MAGED1;SHOX2;PIK3R2;GATA3;HIF1A;CDKN2AIP;RAD21;HIVEP2;CGA;S100A10;XBP1;PLK1;SMARCA5;NFATC2;LARP7;MICAL2;NR1D2;NFATC1;NR2F2;SNW1;MAGED2;ZNF254;SETD4;CSRNP1;RARG;TCF25;NKAP;HOXC13;BMI1;PTMS;IKBKB;PPP3CA;MYDGF;ING2;MED10;SUFU;ELOC;ZNF367;TEAD1;SREBF1;NCOA2;ZHX3;FOXD1;TFE3;TFEB;FOS;SIRT2;NCOR2;PPARD;MAGEH1;ZNF593;RPL10;TRAK1;ASCL2;NSD1;BRD8;ZNF589;TAF9B;RPL17;RTRAF;MBD3;NPM1;RRP1B;GATAD2B;MAD2L2;SKI;PER1;PER3;PSMC3;NFIA;CTNNB1;TCEA1;HSPA1A;CRTC1;WWC1;UBE2D3;WWC2;RORC;JADE1;UBP1;YEATS4;JADE2;LOXL2;CCND1;NFATC2IP;WWC3;PITX1;PIAS3;KDM2A;WNT5A;USP2;UBE2E1;RNF40;LMX1B;SQSTM1;PPID;ZNF431;DLX4;MAZ;AEBP1;NPAS1;GLIS2;DEAF1;DVL2;ESRRA;CBX8;CBX6;SMAD4;SMAD3;TGFB1;CBX4;PHF10;PTCH1;CBX2;SMAD6;ESR1;SMAD5;NFKB1;NFKB2;BMP4;NR4A1;COPS5;CNOT2;MAFG;BHLHE40;MAFF;PIN1;MXD3;MXD4;BMPR1A;ZNF771;LDB1;SIX1;CHD3;CHD1;PKD1;PAGR1;VPS72;BCL7C;MYBL2;KLF10;RBM14;KLF13;EED;CKAP2;ARNT;PEX2;OXSR1;ARID1B;CREB3;ELF2;IRF1;IRF2;SMARCD1;CEBPB;GTF2A2;HDAC3;SMARCD3;ZBTB47;UHRF1;ZBTB42;CXXC5;DNAJB1;MUC1;MTA1;NRIP1;E2F1;E2F2;RBBP7;FNIP1;MTA2;FNIP2;HES4;IRX5;TAF12;USP22;FBXL19;KLF4;ZNF619;TNIP1;TAF7;CDK2AP1;SSBP4;LPIN3
GO_Biological_Process_2023,Gene Expression (GO:0010467),1.8207656833676258e-25,1.5334488585322145e-22,0,0,5.673676402684036,323.20307671410967,RPL4;RPL5;RPL3;RPL34;RPLP1;RPLP0;MRPL37;RPL8;RPL6;RPL7;RPS4X;RPS14;MRPL42;SYNCRIP;RPL7A;RPS17;CASP7;RPL36AL;CASP3;MAGOH;RPL36;RPL35;ENPP1;RPL39;RBM5;TGM2;RPL21;DDX54;RPSA;THOC3;RPS3A;MRPS6;MRPS18C;THOC6;SARNP;RPL24;RPL26;RPL29;RPL10;RPL11;RRBP1;LMF2;MRPL11;EXOSC7;EXOSC4;RPS15A;EXOSC8;RPL14;RPS3;RPL13;RPL15;RPS2;RAE1;RPL17;RPL41;MRPL23;SORL1;RPS26;TSPAN15;RPS28;MCM3AP;RPS27;COPS5;TNIP1;RPS29;RPS6KB2;RPS20
GO_Biological_Process_2023,Macromolecule Biosynthetic Process (GO:0009059),4.373953122185708e-25,3.0697860995873364e-22,0,0,7.716946955454257,432.8355300328813,RPL4;RPL5;RPL3;RPL34;RPLP1;RPLP0;MRPL37;RPL8;RPL6;RPL7;RPS4X;RPS14;MRPL42;RPL7A;RPS17;RPL36AL;RPL36;RPL35;RPL39;RPL21;RPSA;RPS3A;MRPS6;MRPS18C;TUFM;EEF1G;RPL24;RPL26;RPL29;RPL10;RPL11;RRBP1;MRPL11;RPS15A;ST3GAL4;RPL14;RPS3;RPL13;RPL15;RPS2;RPL17;RPL41;MRPL23;RPS26;RPS28;COPS5;RPS27;COL5A1;TNIP1;RPS29;RPS6KB2;RPS20
GO_Biological_Process_2023,Regulation Of Apoptotic Process (GO:0042981),7.663362342114334e-24,4.6100598318062086e-21,0,0,3.4422534600199577,183.2159761457198,FCMR;ARAF;YEATS4;CCAR2;IGF1R;PYCARD;COMP;LGALS1;MYC;PIM3;PHLDA1;TGM2;DAPK2;WNT5A;ATAD3A;THOC6;SFRP2;MORF4L2;NSMF;ATF5;SQSTM1;TP53;PPID;ATF4;PRKDC;MAGED1;HTRA1;SAV1;SOCS3;PRDX5;NUAK2;PMAIP1;BMF;IP6K2;MCL1;PRELID1;XBP1;CRADD;CBX4;PLK2;PLK1;SMAD6;SMAD5;NFKB1;GADD45G;HIGD2A;BMP4;COPS5;ANP32E;NF2;AVEN;RARG;PRR7;HIP1;HSPB1;CD3E;SH3RF1;PTMS;MYDGF;DSTYK;VPS72;CASP3;RACK1;MLST8;EMILIN1;CTSD;RBM5;HSP90AA1;TNFRSF12A;SPHK1;ANXA5;TRAF2;RPS3A;OXSR1;MMP9;KCNMA1;BIRC5;TNFRSF25;HDAC3;RPL10;THBS1;PTPA;RPS3;E2F1;FLNA;BNIP2;PTK2B;BRD8;TAF9B;LCMT1;CD74;NPM1;EGLN2;BIK;MGMT;BAD;RRP1B;KRT18;APC;TCIM;NEURL1;CTNNB1;PDCD2;QRICH1;HSPA1B;HSPA1A;MAD2L1
GO_Biological_Process_2023,Positive Regulation Of DNA-templated Transcription (GO:0045893),1.3177113104274065e-23,6.936102910262261e-21,0,0,2.7262145533055135,143.62669007168927,APP;SMARCB1;CRTC1;RORC;UBP1;YEATS4;RBPJ;ELK1;ELK4;RPS6KA4;PSMD9;ZMIZ1;MYC;NFATC2IP;JUNB;NFRKB;HMGN1;MEF2A;SMARCC1;WNT5A;UBE2E1;RNF40;SFRP2;KAT6A;MORF4L2;RFX5;LMX1B;ATF5;SQSTM1;TP53;ATF4;INO80E;ZNF395;PRKDC;MAZ;PIK3R2;GATA3;HIF1A;GLIS2;DEAF1;DVL2;CGA;S100A10;ESRRA;XBP1;SMAD4;FZD2;SMAD3;TGFB1;SMARCA5;MICAL2;CHCHD10;NFATC2;NFATC1;NR1D2;NR2F2;ESR1;SMAD5;NFKB1;NFKB2;COL1A1;BMP4;NR4A1;SNW1;COPS5;MAFF;PIN1;BMPR1A;RET;SETD4;CSRNP1;RARG;LDB1;SIX1;HOXC13;CHD3;PKD1;PTMS;IKBKB;PAGR1;MYDGF;PPP3CA;ING2;VPS72;MED10;UBTF;MYBL2;TEAD1;KLF10;NCOA2;SREBF1;RBM14;TFE3;RHOG;TFEB;CKAP2;ARNT;PEX2;EDF1;FOS;OXSR1;ARID1B;SIRT2;TGFBR1;MED22;CREB3;ELF2;IRF1;IRF2;PPARD;SF3B5;ZNF593;CEBPB;GTF2A2;HDAC3;SMARCD3;UHRF1;ASCL2;CAMKK2;MTA1;NSD1;TP53INP1;NRIP1;E2F1;E2F2;BRD8;RBBP7;MTA2;RTRAF;MBD3;CD74;NPM1;TAF12;USP22;RRP1B;KLF4;HNRNPAB;GATAD2B;SKI;MAD2L2;PER1;PSMC3;TNIP1;NFIA;KANSL2;CARM1;TCEA1;TAF7;CTNNB1;QRICH1;LPIN3;SSBP4
GO_Biological_Process_2023,Negative Regulation Of DNA-templated Transcription (GO:0045892),3.990190935906431e-22,1.866966003455776e-19,0,0,2.847708939922742,140.3152564644236,NDUFA13;WWC1;UBE2D3;WWC2;RORC;ENO1;NOC2L;RBPJ;CCAR2;LOXL2;UXT;ELK4;RPS14;CCND1;BASP1;CREB3L1;MYC;WWC3;MAF1;MEF2A;KDM2A;USP2;WNT5A;SOX13;KCTD1;THAP1;SFRP2;THAP5;IFI27;KAT6A;ATF5;TP53;PPID;ATF4;ZNF431;DLX4;MAGED1;SHOX2;MAZ;GATA3;AEBP1;NPAS1;HIF1A;GLIS2;PRDX5;DEAF1;CBX8;HSPA8;CBX6;SMAD4;SMAD3;TGFB1;CBX4;CBX2;PTCH1;PLK1;SMARCA5;LARP7;NR1D2;NR2F2;ESR1;NFKB1;BMP4;SNW1;CNOT2;MAFG;BHLHE40;MAFF;MAGED2;MXD4;ZNF254;RARG;KDM5C;CDKN1B;LDB1;TCF25;NKAP;CHD3;BMI1;LIMD1;ING2;VPS72;SUFU;KLF10;FOXD1;ZHX3;EED;PEX2;OXSR1;CBFA2T3;SIRT2;NCOR2;IRF1;IRF2;BIRC5;PPARD;MAGEH1;CEBPB;HDAC3;RPL10;UHRF1;CIPC;CXXC5;ASCL2;DNAJB1;MUC1;MTA1;CCDC85B;NSD1;NRIP1;E2F1;FLNA;ZNF589;RBBP7;MTA2;TAF9B;FNIP1;RPL17;FNIP2;MBD3;CDKN2A;KLF4;GATAD2B;SKI;MAD2L2;PER1;ZNF619;PER3;TAF7;CTNNB1;HSPA1A
GO_Biological_Process_2023,Regulation Of DNA-templated Transcription (GO:0006355),3.204172156195048e-21,1.3492768949737348e-18,0,0,2.2595693065041127,106.6286986630046,SMARCB1;ENO1;RBPJ;ELK1;RPL6;CCAR2;ELK4;RPS6KA4;PSMD9;ZMIZ1;MYC;CREB3L1;PKNOX1;JUNB;NFRKB;HES6;SMARCC1;SOX13;THAP1;SFRP2;RFX5;SPIN2B;CCNQ;ATF5;TP53;ATF4;ZNF275;ZNF395;SRCAP;MAGED1;SHOX2;GATA3;HIF1A;CDKN2AIP;RAD21;HIVEP2;CDK17;CDK18;XBP1;FZD2;SMARCA5;NFATC2;NR1D2;NFATC1;NR2F2;ZNF35;COL1A1;SNW1;CDK16;RET;CSRNP1;CDKN1B;OGG1;NKAP;HOXC13;LIMD1;PQBP1;IKBKB;HINT1;ING2;SUFU;ELOC;ZNF367;TEAD1;SREBF1;NCOA2;ZHX3;FOXD1;TFE3;TFEB;RHOG;FOS;CBFA2T3;SIRT2;NCOR2;MED22;PPARD;SF3B5;CIPC;TRAK1;CAMKK2;NSD1;BRD8;MBD3;ZNF100;CD74;NPM1;CDKN2A;GATAD2B;MAD2L2;PER1;NFIA;CTNNB1;NDUFA13;WWC1;WWC2;RORC;JADE1;UBP1;YEATS4;JADE2;LOXL2;EFEMP1;BASP1;WWC3;SLC39A8;PITX1;PIAS3;KDM2A;WNT5A;KCTD1;MORF4L2;KAT6A;LMX1B;ZNF431;INO80E;DLX4;MAZ;NPAS1;GLIS2;DEAF1;DVL2;ZNF664;ESRRA;HSPA8;SMAD4;SMAD3;TGFB1;CBX4;PHF10;SMAD6;ESR1;SMAD5;NFKB1;NFKB2;BMP4;NR4A1;CNOT2;MAFG;BHLHE40;MAFF;MXD3;PHF19;MXD4;ZNF771;PRR7;KDM5C;LDB1;CHD7;SIX1;CHD3;CHD1;VPS72;BCL7C;KLF10;KLF13;EED;ARNT;EDF1;OXSR1;ARID1B;TGFBR1;CREB3;ELF2;IRF1;IRF2;BIRC5;SMARCD1;CEBPB;HDAC3;SMARCD3;ZBTB47;ZBTB42;MTA1;CCDC85B;TP53INP1;E2F1;E2F2;ASCC2;RBBP7;MTA2;POLR2L;HES4;IRX5;TAF12;ASCC1;USP22;FBXL19;KLF4;HNRNPAB;TCIM;TNIP1;KANSL2;CARM1;TAF7;CDK2AP1;QRICH1
GO_Biological_Process_2023,Protein Modification Process (GO:0036211),2.254728100507658e-19,8.631509119307043e-17,0,0,3.090905594444017,132.71139267857052,APP;UBE2D3;ARAF;JADE1;PLOD2;JADE2;LOXL2;RPS6KA4;STK10;MACROD1;PIM3;MAP3K6;PRKACB;TGM2;CSNK1G3;PRKCH;DAPK2;LMTK3;ALG1;CSNK1E;JMJD7;PRKAB1;ATG12;FBXW2;SIK3;TRIB1;CSNK1G2;PRKDC;FUT2;FUT1;NUAK1;NUAK2;GRK2;GRK6;ST3GAL4;RCE1;MARK1;CDK17;CDK18;UVRAG;TGFB1;PLK2;PLK1;NEK7;FN1;PTK6;EIF2AK4;CLK3;TBCK;COPS5;ATG16L2;CDK10;FBXL2;STT3B;TAB1;CDK16;BMPR1A;PTPRU;LRRK2;NGLY1;PRKAG1;IKBKB;PPP3CA;RB1CC1;IKBKE;MANBA;PPP2R5B;OXSR1;RABGGTB;TGFBR1;CTDSP2;PICK1;BIRC5;PFDN1;B4GALT7;CAMK2B;ROCK1;PPM1M;THBS1;CAMKK2;MAPK9;PAK1;MKNK2;PTK2B;FNIP2;LCMT1;FKTN;ARFGEF1;PTPN1;TAF12;GLYCTK;CDC42BPG;HIPK1;PPP1CA;COL3A1;SNRK;TAOK2;MGAT4B;TAF7
GO_Biological_Process_2023,Regulation Of Gene Expression (GO:0010468),7.011875399527697e-19,2.460583942284261e-16,0,0,2.5736094123128894,107.58076362440566,RPL5;APP;CSF1;WWC1;WWC2;JADE1;YEATS4;JADE2;RBPJ;RPL6;UXT;RPS6KA4;EFEMP1;CREB3L1;MYC;WWC3;SLC39A8;ZNF445;ICOSLG;HES6;WNT5A;SOX13;TRAPPC2B;CNPY2;ATP1B1;PRKAB1;THAP1;SFRP2;KAT6A;SPIN2B;PKP3;LMX1B;ATF5;TP53;ATF4;ZNF431;ZNF395;DLX4;SRCAP;MAGED1;MAZ;ATXN7L3B;GATA3;HIF1A;ZFP36L1;LARP1;DVL2;SLC38A2;ZNF664;MARK1;ESRRA;SMAD3;TGFB1;FN1;SMARCA5;NFATC2;NR1D2;ZNF35;ESR1;SMAD5;NFKB1;CLK3;NFKB2;BMP4;CILP;BHLHE40;CNTN1;TMEM119;PIN1;MYD88;PHF19;BMPR1A;SETD2;OGG1;CHD7;PRKAG1;SIX1;CHD3;BMI1;CD3E;LIMD1;PQBP1;ING2;HINT1;ZC3H7A;VPS72;SUFU;RACK1;HMG20B;EMILIN1;NCOA2;FOXD1;TFEB;EDF1;OXSR1;SIRT2;TGFBR1;TRAF3;IRF2;VSTM2A;SF3B5;CEBPB;LRP1;ROCK1;RPL11;CRIP1;MAPK9;MTA1;NSD1;TCEAL1;AGR2;E2F1;RPS3;ASCC2;RBBP7;RPL17;ZNF100;CD74;TAF12;ASCC1;USP22;RRP1B;KLF4;HNRNPAB;PER1;NFIA;KANSL2;CARM1;HSPA1B;FAM50A;HSPA1A
GO_Biological_Process_2023,Negative Regulation Of Cellular Process (GO:0048523),2.5768663393089827e-18,8.347064734484712e-16,0,0,3.4026834772370487,137.80853658952967,APP;COL18A1;PTPRU;BTG2;CDKN1A;RARG;NDUFA13;CDKN1B;ATP8A2;PPP1R13B;JADE1;ENO1;NUDT6;CCAR2;RND1;MDK;MYC;BCL7C;RB1CC1;SESN2;RACK1;WDR6;ENPP1;TMEM109;EMILIN1;TNS2;RBM5;KLF10;SMARCC1;LDOC1;P3H3;CBFA2T3;PLAAT4;SFRP2;THAP5;NME6;IRF1;RAPGEF2;ATF5;TP53;SMARCD1;TP53I13;NAIF1;GATA3;THBS1;CDKN2AIP;SAV1;ADGRG1;CCDC85B;TP53INP1;AGR2;AGR3;LPXN;PTK2B;IGFBP6;RBBP7;BRINP3;IP6K2;FKTN;CDT1;CDKN2B;NPM1;SMAD4;CDKN2C;SMAD3;TGFB1;CDKN2A;SMAD6;SKI;BMP4;NR4A1;APC;CHMP2B;NEURL1;CDK10;PIN1;CTNNB1;PLXNB1;NF2;HSPA1B;HSPA1A
GO_Biological_Process_2023,Negative Regulation Of Transcription By RNA Polymerase II (GO:0000122),7.473047981332124e-18,2.247786074956398e-15,0,0,2.8950225882677056,114.16587794204807,WWC1;UBE2D3;WWC2;RORC;ENO1;NOC2L;RBPJ;LOXL2;ELK4;UXT;RPS14;CCND1;MYC;WWC3;MEF2A;USP2;SOX13;THAP1;THAP5;IFI27;TP53;PPID;ATF4;ZNF431;DLX4;MAGED1;SHOX2;MAZ;GATA3;AEBP1;GLIS2;DEAF1;CBX8;CBX6;SMAD4;SMAD3;CBX4;CBX2;PTCH1;PLK1;LARP7;NR1D2;NR2F2;ESR1;NFKB1;BMP4;SNW1;CNOT2;MAFG;MAFF;BHLHE40;MAGED2;MXD4;ZNF254;RARG;LDB1;TCF25;NKAP;CHD3;BMI1;ING2;VPS72;SUFU;KLF10;EED;PEX2;OXSR1;SIRT2;NCOR2;IRF2;PPARD;MAGEH1;CEBPB;HDAC3;RPL10;UHRF1;CXXC5;ASCL2;DNAJB1;MTA1;NSD1;NRIP1;E2F1;ZNF589;RBBP7;TAF9B;FNIP1;MTA2;RPL17;FNIP2;MBD3;KLF4;GATAD2B;SKI;MAD2L2;PER1;ZNF619;PER3;TAF7;HSPA1A
GO_Biological_Process_2023,Positive Regulation Of Transcription By RNA Polymerase II (GO:0045944),2.2485302278814423e-17,6.312373859739169e-15,0,0,2.6475659734032404,101.49091982511862,APP;SMARCB1;CRTC1;UBP1;RBPJ;ELK1;ELK4;RPS6KA4;ZMIZ1;MYC;NFATC2IP;PWWP2A;JUNB;MEF2A;WNT5A;UBE2E1;RNF40;SFRP2;RFX5;LMX1B;ATF5;SQSTM1;TP53;ATF4;ZNF395;PRKDC;PIK3R2;GATA3;HIF1A;GLIS2;DVL2;CGA;S100A10;ESRRA;XBP1;SMAD4;SMAD3;TGFB1;SMARCA5;LARP7;MICAL2;NFATC1;NR1D2;NR2F2;ELL2;ESR1;SMAD5;NFKB1;NFKB2;BMP4;NR4A1;SNW1;COPS5;MAFF;PIN1;BMPR1A;SETD4;CSRNP1;RARG;LDB1;SIX1;PKD1;PTMS;IKBKB;PAGR1;MYDGF;PPP3CA;MED10;MYBL2;TEAD1;KLF10;NCOA2;SREBF1;RBM14;TFE3;TFEB;CKAP2;ARNT;PEX2;FOS;OXSR1;SIRT2;MED22;CREB3;IRF1;IRF2;PPARD;ZNF593;CEBPB;GTF2A2;HDAC3;UHRF1;ASCL2;MUC1;NRIP1;E2F1;E2F2;BRD8;RTRAF;NPM1;TAF12;RRP1B;KLF4;SKI;PER1;PSMC3;TNIP1;NFIA;TCEA1;TAF7;CTNNB1;LPIN3;SSBP4
GO_Biological_Process_2023,Regulation Of Cell Population Proliferation (GO:0042127),9.366857229625122e-15,2.465239737121962e-12,0,0,2.6570603421649857,85.82729706075283,SETD4;APP;COL18A1;PTPRU;BTG2;CDKN1A;RARG;CDKN1B;ATP8A2;CSF1;CDCA7L;SIX1;IRS2;NUDT6;IGF1R;RPS4X;PPP3CA;MYC;BCL7C;RB1CC1;TSPO;WDR6;EMILIN1;JUNB;TNS2;RBM5;PDGFRB;KLF10;SMARCC1;CNOT6L;EDN2;IL15;RHOG;MATK;LDOC1;P3H3;CBFA2T3;PLAAT4;TGFBR1;GAREM1;SFRP2;SAPCD2;IRF1;RAPGEF2;BIRC5;PFDN1;ATF5;SLC25A5;TP53;SMARCD1;PRKDC;UHRF1;MAZ;C1ORF56;GATA3;THBS1;SAV1;ZFP36L1;NUAK1;PAK1;ADGRG1;RPS15A;TP53INP1;PTK2B;STX4;IGFBP6;CGA;RPL17;FKTN;CDKN2B;XBP1;NPM1;CDKN2C;SMAD3;TGFB1;CDKN2A;FN1;NAP1L1;SMAD6;MAPK15;EPOR;SKI;BMP4;CNOT6;APC;NEURL1;CDK10;CTNNB1;NF2;CNOT8;HSPA1B;HSPA1A;BMPR1A
GO_Biological_Process_2023,Positive Regulation Of Nucleic Acid-Templated Transcription (GO:1903508),1.0360461662853446e-14,2.566347297780933e-12,0,0,2.994156786002072,96.41418274497664,RET;RORC;SIX1;YEATS4;HOXC13;CHD3;ELK1;IKBKB;PSMD9;ING2;ZMIZ1;VPS72;MYC;NFRKB;TEAD1;SMARCC1;TFE3;WNT5A;RHOG;TFEB;EDF1;FOS;ARID1B;TGFBR1;MED22;ELF2;KAT6A;MORF4L2;IRF1;ATF5;TP53;ATF4;PPARD;SF3B5;INO80E;CEBPB;SMARCD3;MAZ;GATA3;HIF1A;GLIS2;CAMKK2;MTA1;DEAF1;NSD1;TP53INP1;E2F1;BRD8;RBBP7;MTA2;MBD3;CD74;NPM1;SMAD4;FZD2;SMAD3;TGFB1;TAF12;USP22;NFATC2;NFATC1;NR1D2;NR2F2;KLF4;HNRNPAB;ESR1;SMAD5;GATAD2B;NFKB1;COL1A1;MAD2L2;BMP4;KANSL2;CTNNB1;TAF7;QRICH1
GO_Biological_Process_2023,Protein Phosphorylation (GO:0006468),1.4813810992834212e-14,3.4656087828236038e-12,0,0,3.106725907767734,98.92814560670053,APP;FLT1;MAST3;LRRK2;PRKAG1;PKD1;IGF1R;IKBKB;RPS6KA4;STK10;EFEMP1;RB1CC1;PIM3;MAP3K6;PRKACB;IKBKE;PDGFRB;CSNK1G3;PRKCH;DAPK2;LMTK3;CSNK1E;OXSR1;PRKAB1;TGFBR1;MAPKAPK3;SIK3;PICK1;BIRC5;TRIB1;CSNK1G2;CAMK2B;ROCK1;PRKDC;CAMKK2;MAPK9;NUAK1;PAK1;PRDX4;NUAK2;GRK2;GRK6;MKNK2;PTK2B;FNIP2;MARK1;CDK17;CDK18;UVRAG;SRPK3;TGFB1;TAF12;PLK2;GLYCTK;CDC42BPG;PLK1;NEK7;PTK6;EIF2AK4;HIPK1;MAPK15;CLK3;BMP4;TBCK;SNRK;SBK1;TAOK2;CDK10;TAF7;CDK16;BMPR1A
GO_Biological_Process_2023,Negative Regulation Of Cell Population Proliferation (GO:0008285),2.3962317375056422e-14,5.1719937996381366e-12,0,0,3.5076350131745473,110.00748020464148,APP;COL18A1;PTPRU;BTG2;CDKN1A;RARG;CDKN1B;ATP8A2;NUDT6;MYC;RB1CC1;WDR6;EMD;TNS2;RBM5;KLF10;WNT5A;LDOC1;PEX2;P3H3;CBFA2T3;PLAAT4;SFRP2;IRF1;RAPGEF2;ATF5;TRIB1;TP53;B4GALT7;MAGED1;GATA3;THBS1;SAV1;PAK1;ADGRG1;TP53INP1;E2F1;PTK2B;IGFBP6;FKTN;CDKN2B;NPM1;CDKN2C;SMAD3;TGFB1;CDKN2A;MCC;SMAD6;SKI;BMP4;APC;NEURL1;CDK10;CTNNB1;EPPK1;PLXNB1;NF2;HSPA1B;HSPA1A
GO_Biological_Process_2023,Regulation Of Cell Cycle (GO:0051726),2.5524784753258743e-14,5.1719937996381366e-12,0,0,3.9417046091734886,123.37191104497859,CDKN1A;CDKN1B;PPP1R13B;CCNF;JADE1;YEATS4;JADE2;NUDT6;PKD1;CDC20;VPS72;CDC26;MYC;RACK1;PIM3;JUNB;NFRKB;DLGAP5;SIRT2;RNF40;TGFBR1;THAP1;THAP5;MORF4L2;IRF1;CKS2;TTLL12;TP53;INO80E;ANAPC15;TP53I13;ANAPC16;GATA3;ANAPC10;FZR1;RPS15A;TP53INP1;BRD8;BRINP3;CDT1;TGFB1;CDKN2A;PLK1;GBF1;NEK7;PTK6;GADD45G;BMP4;NR4A1;CDK10;NF2
GO_Biological_Process_2023,Phosphorylation (GO:0016310),2.5792417428734476e-14,5.1719937996381366e-12,0,0,3.295539649476404,103.11313773526757,APP;CERK;LRRK2;PRKAG1;LIMD1;IKBKB;RPS6KA4;STK10;RB1CC1;MLST8;PIM3;MAP3K6;PRKACB;IKBKE;PRKCH;DAPK2;SPHK1;LMTK3;CSNK1E;OXSR1;PRKAB1;DGKZ;TGFBR1;SIK3;PICK1;BIRC5;TRIB1;CSNK1G2;CAMK2B;ROCK1;PRKDC;CAMKK2;MAPK9;NUAK1;PAK1;NUAK2;GRK2;GRK6;MKNK2;PTK2B;FNIP2;MARK1;CDK17;CDK18;UVRAG;TGFB1;TAF12;PLK2;GLYCTK;TNK2;CDC42BPG;PLK1;NEK7;PTK6;EIF2AK4;HIPK1;CLK3;TBCK;SNRK;TAOK2;CDK10;TAF7;CDK16;BMPR1A
GO_Biological_Process_2023,Positive Regulation Of Intracellular Signal Transduction (GO:1902533),4.317068935875821e-14,8.263262404078673e-12,0,0,3.002933436918929,92.41111630825516,RET;APP;FLT1;PLEKHF1;HIP1;WWC1;IGF1R;IKBKB;PYCARD;MYDGF;LGALS1;FAM110C;RACK1;MLST8;PLCE1;IKBKE;TGM2;PDGFRB;HSP90AA1;UNC5B;SPHK1;ARRDC3;WNT5A;SHISA5;ZDHHC13;TRAF2;ADRA2C;RHOC;TGFBR1;GPRC5B;FRMD6;DOK4;TRIM13;RAPGEF2;S100A4;TNFRSF25;ROR2;TP53;HDAC3;ROCK1;MAZ;GATA3;CXXC5;THBS1;RPS3;FLNA;PMAIP1;IGFBP6;FNIP1;EXTL3;RPL17;SASH1;FIS1;CD74;SMAD4;TGFB1;PLK2;FN1;BMP4;P2RX4;TCIM;TAOK2;CNTN1;PLXNB1;RPS20;CCDC22;CORO7;LAMTOR4;LAMTOR3;FERMT2;MYD88;BMPR1A
GO_Biological_Process_2023,Regulation Of Nucleic Acid-Templated Transcription (GO:1903506),1.4523002800111152e-13,2.652944970449235e-11,0,0,3.154943171943472,93.26156357907706,OGG1;WWC1;WWC2;CHD7;JADE1;SIX1;YEATS4;JADE2;CHD3;LIMD1;RPL6;PQBP1;RPS6KA4;ING2;HINT1;EFEMP1;ZMIZ1;VPS72;SUFU;WWC3;SLC39A8;HES6;NCOA2;SOX13;TFEB;EDF1;TGFBR1;THAP1;KAT6A;IRF2;SPIN2B;LMX1B;ATF5;TP53;ATF4;ZNF431;ZNF395;CEBPB;SRCAP;DLX4;MAGED1;HIF1A;NSD1;DVL2;E2F1;ASCC2;RALY;RBBP7;ZNF664;ZNF100;ESRRA;SMAD3;TAF12;ASCC1;SMARCA5;NFATC2;NR1D2;ZNF35;ESR1;NFKB2;NFIA;CARM1;BHLHE40;PHF19
GO_Biological_Process_2023,Negative Regulation Of Programmed Cell Death (GO:0043069),1.5120085321961917e-13,2.652944970449235e-11,0,0,3.3811041779707,99.81076095250766,AVEN;FCMR;ARAF;HSPB1;SH3RF1;PTMS;IGF1R;COMP;MYDGF;DSTYK;MYC;MLST8;TMEM109;PIM3;SPHK1;ANXA5;WNT5A;RPS3A;OXSR1;ATAD3A;MMP9;THOC6;BIRC5;ATF5;TP53;HDAC3;RPL10;PRKDC;THBS1;SOCS3;PRDX5;NUAK2;FLNA;BNIP2;PTK2B;TAF9B;MCL1;CD74;PRELID1;XBP1;NPM1;CBX4;MGMT;PLK2;PLK1;SMAD6;SMAD5;NFKB1;HIGD2A;BMP4;KRT18;COPS5;TCIM;XPNPEP1;CTNNB1;HSPA1B;HSPA1A;MAD2L1
GO_Biological_Process_2023,Cellular Response To Oxygen-Containing Compound (GO:1901701),1.7825826482649747e-13,3.002582212737523e-11,0,0,3.2838521713782356,96.39926352468858,RET;NDUFA13;CDKN1B;CPNE7;RORC;MPV17L2;PYCARD;UXT;CASP7;SESN2;TGM2;MEF2A;TPM1;WNT5A;LDOC1;PEX2;FOS;SSTR2;MMP9;AKAP9;RAPGEF1;RAPGEF2;ADAM9;NSMF;SQSTM1;RAPGEF3;PXN;TWF2;CDKN2AIP;CAMKK2;ZFP36L1;RAP1B;MAPK9;PRDX5;NRIP1;RPS3;PTK2B;BRINP3;IP6K2;SLC25A24;SLC12A2;XBP1;TRIM41;ERCC6L2;NEK7;PTK6;ZNF35;SYT9;ESR1;NFKB1;P2RX4;SNW1;TNIP1;PTK7;ALOX5AP;NEURL1;LAMTOR4;LAMTOR3;MYD88;SLC26A6
GO_Biological_Process_2023,Positive Regulation Of Gene Expression (GO:0010628),3.1453667630129075e-13,5.094284399633597e-11,0,0,3.030532439796745,87.2419850987135,RPL5;APP;SMARCB1;CSF1;PRKAG1;NOC2L;RBPJ;CD3E;TENT4A;LARP1B;UXT;RPS4X;TRMT112;VPS72;MYC;EMILIN1;RBM14;FOXD1;NSUN5;IL15;WNT5A;TRAPPC2B;OXSR1;PRKAB1;ARID1B;TGFBR1;RPL26;PKP3;VSTM2A;TP53;ATF4;RBM22;SMARCD1;ROCK1;PRKDC;RPL11;MAZ;RPS27L;HIF1A;AGPAT2;THBS1;MAPK9;LARP1;FXR2;AGR2;RPS3;E2F1;RPL17;SLC38A2;MARK1;CD74;NPM1;SMAD3;TGFB1;CADM1;YTHDF3;FN1;KLF4;BMP4;EIF6;CNTN1;TMEM119;HSPA1B;MYD88;HSPA1A;BMPR1A
GO_Biological_Process_2023,Negative Regulation Of Apoptotic Process (GO:0043066),3.472647582976892e-13,5.416044063672478e-11,0,0,3.0230165090559384,86.7263802092309,AVEN;FCMR;ARAF;HSPB1;SIX1;SH3RF1;IL27RA;PTMS;IGF1R;COMP;NRBP2;MYDGF;DSTYK;MDK;MYC;MLST8;PIM3;PRKCH;UNC5B;SPHK1;ANXA5;WNT5A;RPS3A;OXSR1;ATAD3A;MMP9;THOC6;BIRC5;ATF5;TP53;HDAC3;RPL10;PRKDC;MAZ;THBS1;SOCS3;PRDX5;NUAK2;FLNA;BNIP2;PTK2B;SFN;TAF9B;FNIP1;MCL1;CD74;PRELID1;XBP1;NPM1;CBX4;MGMT;PLK2;PLK1;KLF4;SMAD6;SMAD5;NFKB1;HIGD2A;BMP4;COPS5;KRT18;TCIM;CTNNB1;HSPA1B;HSPA1A;MAD2L1
GO_Biological_Process_2023,Chromatin Organization (GO:0006325),4.766503662472461e-13,7.168481043811262e-11,0,0,4.087237479806139,115.96307381052013,SETD4;SMARCD1;INO80E;KDM5C;SMARCB1;HDAC3;SMARCD3;CHD7;YEATS4;CHD3;BMI1;CHD1;CABIN1;PAK1;CHAF1A;HIRIP3;MTA1;MYC;BCL7C;GATAD1;PWWP2A;RBBP7;HMGN2;MTA2;NFRKB;HMGN1;MBD3;SMARCC1;NPM1;KDM4B;PHF10;SMARCA5;NAP1L1;CHD1L;LRWD1;SSRP1;ESR1;ARID1B;GATAD2B;PER1;CDAN1;DNAJC9;PHF19;FAM50A
GO_Biological_Process_2023,Vesicle-Mediated Transport (GO:0016192),6.552571928704768e-13,9.514786341991646e-11,0,0,3.2083630101645126,90.00660922601124,APP;PLEKHF1;HIP1;GDI1;LRRK2;ARHGAP1;MIA2;AP4M1;GOLGA4;DPYSL2;AP1S2;TOM1;PIP4K2A;KIF1C;VPS39;RAB2A;CSNK1G3;SYTL1;AP1B1;TBC1D2B;CSNK1E;RBSN;RAB30;RABEP1;RAB34;KXD1;SQSTM1;VAMP2;CSNK1G2;MGRN1;SNX33;TRAK1;AP3M2;NCKIPSD;AP5M1;ALS2CL;VPS51;BLOC1S1;SCFD2;REPS2;STX5;STX4;ATP9A;S100A10;SPTBN2;TBC1D8B;ARFGEF1;UVRAG;RAB3IP;HOOK3;SEPTIN9;AP4B1;EHD4;HOOK2;RAB13;CHMP2B;OCIAD2;VPS45;CDK16
GO_Biological_Process_2023,Regulation Of Cell Migration (GO:0030334),3.3790090063314205e-12,4.743002308553871e-10,0,0,3.0321979482695425,80.09077445949097,RET;PTPRU;FLT1;CSF1;LDB1;LDLRAD4;IGF1R;PPP3CA;ING2;MDK;FAM110C;RACK1;EMILIN1;ARPIN;SEMA6B;PDGFRB;LIMCH1;SPHK1;TPM1;RHOC;SRCIN1;TGFBR1;CLDN4;MMP14;SFRP2;CDH11;ADAM9;ROR2;CAMK2B;CD151;ROCK1;MAZ;CHRD;THBS1;FAM83H;PAK1;TP53INP1;FLNA;PTK2B;STX4;RBBP7;CGA;SASH1;CD74;XBP1;TCAF1;TGFB1;YTHDF3;ELP6;SORL1;MAPK15;COL1A1;APC;CNTN1;PLXNB1;EPPK1;AMOTL2;NF2;AMOTL1;FERMT2
GO_Biological_Process_2023,Regulation Of Cell Growth (GO:0001558),4.122247245544145e-12,5.599607468060127e-10,0,0,4.122037136545465,108.05764809751999,OGFR;CDKN1A;NDUFA13;CDKN1B;NAIF1;JADE1;ENO1;JADE2;CCAR2;CDKN2AIP;EXOSC4;CCDC85B;SESN2;RACK1;MLST8;PLCE1;ENPP1;RBBP7;TAF9B;TEAD1;IP6K2;SMAD4;CDKN2C;EGLN2;SMAD3;TGFB1;CISH;CDKN2A;SPHK1;KLHL22;ATAD3A;TGFBR1;MAD2L2;MMP14;SFRP2;NME6;TAOK2;TP53;HSPA1B;HSPA1A
GO_Biological_Process_2023,Positive Regulation Of Protein Metabolic Process (GO:0051247),5.972809498226353e-12,7.859843999072241e-10,0,0,4.367332084962139,112.86847308120848,CYFIP2;APP;RPL5;NDUFA13;CDKN1B;CSF1;LDB1;PRKDC;UHRF1;RAB1B;RPS27L;OAZ1;RASGRP1;THBS1;LARP1B;CLN6;RPS4X;FXR2;LARP1;STX5;NPM1;HSP90AA1;EGLN2;TGFB1;YTHDF3;NSUN5;BAD;PLK2;TNFSF12;PLK1;WNT5A;KLF4;SORL1;EIF6;ASPH;APC;RPL26
GO_Biological_Process_2023,Ribosome Assembly (GO:0042255),7.528213291507996e-12,9.410316473532866e-10,0,0,11.428534803230354,292.7117862922381,RPL5;NPM1;RPL10;RPLP0;RPL11;MPV17L2;MRPS2;RPS27L;RPSA;RPL6;MRPL22;RPS14;RPS28;RPS27;EIF6;SBDS;DHX37;RRS1
GO_Biological_Process_2023,Regulation Of Mitotic Cell Cycle (GO:0007346),7.597975780102529e-12,9.410316473532866e-10,0,0,5.5840233262108265,142.96852678972232,APP;BTG2;ANAPC15;CDKN1B;ANAPC16;MKI67;PKMYT1;ANAPC10;CDC20;FZR1;CDC26;EIF4EBP1;PIM3;BRINP3;DLGAP5;CCDC57;SPHK1;USP22;USP2;NEK7;PLK1;GBF1;RNF40;THAP1;CKS2;CDK10;PIN1;TTLL12;MAD2L1
GO_Biological_Process_2023,Protein Transport (GO:0015031),1.333167548385142e-11,1.603991013214238e-09,0,0,3.4048850018332146,85.2613109459293,UNC119B;LRSAM1;NECAB3;LRP1;RAB1B;USO1;ARHGAP1;MIA2;HIKESHI;LTBP2;SNX33;AP4M1;ARFRP1;NEURL1B;GOLGA4;SNX1;SCFD2;RAB26;TOM1;ARFIP2;STX5;TIMM17B;EIF2D;TMED1;STX4;SNX7;GOLGA7;SIL1;CTSA;GSDMD;CD74;TMED9;NPM1;ARRDC3;PAM16;CMTM6;GOLPH3L;TIMM44;SEPTIN9;COPZ1;KRT18;RAB34;CHMP2B;RAB13;UNC119;PICK1;VPS45;VAMP2
GO_Biological_Process_2023,Positive Regulation Of Apoptotic Process (GO:0043065),6.055923091260457e-11,7.083747815916051e-09,0,0,3.514600513080713,82.68940932252727,RARG;PRR7;HTRA1;CCAR2;SAV1;PTPA;PYCARD;LGALS1;CASP3;RACK1;RPS3;E2F1;PMAIP1;BMF;EMILIN1;CTSD;PHLDA1;RBM5;TGM2;IP6K2;MCL1;PRNP;CRADD;TNFRSF12A;BAD;DAPK2;RRP1B;SIRT2;TGFBR1;GADD45G;BMP4;SFRP2;APC;CARM1;KCNMA1;NEURL1;CTNNB1;PDCD2;QRICH1;TP53;SQSTM1;PPID;ATF4
GO_Biological_Process_2023,Ribosome Biogenesis (GO:0042254),7.255269679681576e-11,8.257281248956517e-09,0,0,4.660175644537194,108.79975984200485,RPL5;RPS19BP1;NVL;RPL11;NOC4L;NOC2L;SPATA5;RPL7;RPS4X;EXOSC7;RPS14;RPS17;EXOSC4;RPS15A;BMS1;DHX37;RRS1;RPL14;NPM1;NOP16;UTP3;DDX54;RPS3A;MRPL22;WDR55;RPS28;RPS27;TNIP1;SBDS;RPL26;RPL26L1
GO_Biological_Process_2023,Negative Regulation Of Growth (GO:0045926),1.0295999783445659e-10,1.1409593444234122e-08,0,0,5.304173573423556,121.97838537534206,NDUFA13;CDKN1A;CDKN1B;JADE1;NAIF1;ENO1;CCAR2;CDKN2AIP;MT2A;CCDC85B;SESN2;RACK1;ENPP1;RBBP7;IP6K2;SMAD4;SMAD3;TGFB1;CDKN2C;CDKN2A;SFRP2;NME6;MT1G;TP53;HSPA1B;MT1E;HSPA1A
GO_Biological_Process_2023,Collagen Fibril Organization (GO:0030199),1.2104403274545052e-10,1.3069651843361338e-08,0,0,11.319812283207508,258.4864048904839,COL18A1;CRTAP;LUM;COL12A1;P3H4;TGFBR1;LOXL2;COL1A1;ADAMTS2;COL3A1;BMP1;COL1A2;COL2A1;COL5A1;COL5A2;SERPINH1
GO_Biological_Process_2023,Cellular Response To Oxidative Stress (GO:0034599),1.6695860995037397e-10,1.757656766252562e-08,0,0,5.3925752808988765,121.40453122148078,VKORC1L1;LRRK2;PXN;MPV17L2;HIF1A;CAMKK2;MAPK9;PRDX5;SESN2;RPS3;STX4;RBM11;SLC25A24;ERCC6L2;TPM1;ARNT;FANCC;PEX2;FOS;MMP9;SIRT2;SQSTM1;TP53;HSPA1B;ATF4;HSPA1A
GO_Biological_Process_2023,Chromatin Remodeling (GO:0006338),3.4611808734689957e-10,3.554886014189741e-08,0,0,3.703326180257511,80.67415040558744,SETD4;SMARCD1;SETD2;INO80E;KDM5C;SMARCB1;SMARCD3;CHD7;DDX23;YEATS4;CHD3;BMI1;CHD1;LOXL2;PAK1;HPF1;MTA1;MYC;BCL7C;GATAD1;PWWP2A;RBBP7;MTA2;NFRKB;MBD3;SMARCC1;NPM1;KDM4B;PHF10;SMARCA5;CHD1L;ESR1;ARID1B;SIRT2;GATAD2B;PER1;MCM3AP
GO_Biological_Process_2023,Positive Regulation Of Programmed Cell Death (GO:0043068),4.696288173899683e-10,4.708587976259897e-08,0,0,3.507205948296539,75.33155182117368,RARG;PRR7;LRRK2;HTRA1;CCAR2;SAV1;PTPA;PYCARD;LGALS1;CASP3;RACK1;E2F1;PMAIP1;BMF;EMILIN1;CTSD;PHLDA1;RBM5;TGM2;IP6K2;MCL1;CRADD;TNFRSF12A;BAD;DAPK2;RRP1B;GADD45G;BMP4;SFRP2;APC;KCNMA1;NEURL1;CTNNB1;PDCD2;QRICH1;TP53;SQSTM1;PPID;ATF4
GO_Biological_Process_2023,Negative Regulation Of Nucleic Acid-Templated Transcription (GO:1903507),5.256522055188689e-10,5.1477242731161794e-08,0,0,2.705348842356899,57.80351499139087,NDUFA13;KDM5C;CDKN1B;LDB1;NKAP;ENO1;CHD3;RBPJ;LIMD1;CCAR2;LOXL2;BASP1;CREB3L1;KLF10;FOXD1;ZHX3;EED;WNT5A;SOX13;KCTD1;CBFA2T3;SIRT2;NCOR2;SFRP2;KAT6A;IRF1;BIRC5;ATF5;TP53;PPARD;HDAC3;CIPC;GATA3;NPAS1;GLIS2;MTA1;CCDC85B;DEAF1;E2F1;RBBP7;MTA2;MBD3;HSPA8;SMAD4;TGFB1;CBX4;CDKN2A;NR1D2;NR2F2;KLF4;GATAD2B;BMP4;PER1;SNW1;BHLHE40;CTNNB1;TAF7
GO_Biological_Process_2023,Regulation Of Phosphorylation (GO:0042325),8.199681504303216e-10,7.847467912413828e-08,0,0,6.343032786885246,132.7073818401354,APP;CDKN1A;CDKN2B;CDKN1B;CDKN2C;LDB1;MCM7;ROCK1;CDKN2A;FN1;HSPB1;THBS1;SIRT2;IKBKB;UXT;BMP4;SRPX2;SESN2;PIN1;FNIP1;FNIP2
GO_Biological_Process_2023,Positive Regulation Of Multicellular Organismal Process (GO:0051240),8.823004196235068e-10,8.256371260076861e-08,0,0,2.84508887265644,59.315802660407265,SMARCB1;IL20;SIX1;ENO1;GRPR;IGF1R;LOXL2;ING2;MDK;BCL7C;NCOA2;PRKAB2;SMARCC1;PRKCH;FOXD1;ACSL1;IL15;WNT5A;RBM19;PRKAB1;PLAAT4;TGFBR1;PPIB;SMARCD1;CEBPB;HDAC3;LRP1;ROCK1;ADIPOR2;AGPAT2;MUC1;RBBP7;DYNC1H1;XBP1;SMAD4;SMAD3;TGFB1;CADM1;PHF10;BAD;SORL1;GADD45G;COL1A1;BMP4;BMP1;APC;MFAP2;TMEM119;CTNNB1;FERMT2;BMPR1A
GO_Biological_Process_2023,Positive Regulation Of Transferase Activity (GO:0051347),1.1504795713630643e-09,1.0531890163064921e-07,0,0,4.495833236611806,92.53812647997928,RET;FLT1;NVL;DCUN1D2;BMI1;IGF1R;DSTYK;MYC;TSPO;RPS2;PDGFRB;CCT2;CD74;GINS2;HSP90AA1;TGFB1;ARRDC3;NEK7;PLK1;GINS4;KLF4;PLAAT4;MAPK15;SORL1;TNIP1;PIN1;CTNNB1;ROR2
GO_Biological_Process_2023,Positive Regulation Of Cellular Process (GO:0048522),1.1880886677982035e-09,1.0644768893826032e-07,0,0,2.420185471667808,49.73703797128969,SMARCB1;CSF1;CDCA7L;IRS2;IGF1R;RPS4X;PPP3CA;MDK;MYC;BCL7C;MLST8;TEAD1;TGM2;PDGFRB;SMARCC1;CNOT6L;EDN2;IL15;SPHK1;TPM1;TFE3;RHOG;MATK;ARID1B;SIRT2;TGFBR1;MMP14;GAREM1;SFRP2;SAPCD2;BIRC5;PFDN1;SLC25A5;SMARCD1;SMARCD3;MAZ;CHRD;NID1;THBS1;CDKN2AIP;ZFP36L1;PAK1;ADGRG1;RPS15A;EXOSC4;PTK2B;STX4;CGA;TAF9B;RPL17;DYNC1H1;XBP1;NPM1;TGFB1;PHF10;LAMB2;FN1;KLHL22;PTK6;NAP1L1;MAPK15;EPOR;BMP4;SLC6A6;CNOT6;CTNNB1;CNOT8
GO_Biological_Process_2023,Skeletal System Development (GO:0001501),1.600228226599899e-09,1.40386688796087e-07,0,0,4.418725843178593,89.49298287655371,COL18A1;SHOX2;CHD7;CHRD;XYLT1;PKD1;PAPSS1;COMP;ANKH;TCOF1;DEAF1;COL10A1;RPL13;PITX1;TGM2;TRAPPC2;VKORC1;WNT5A;TGFBR1;SULF2;COL1A1;MMP14;BMP1;COL1A2;COL2A1;CDH11;COL9A2;PPIB
GO_Biological_Process_2023,Negative Regulation Of Cell Differentiation (GO:0045596),1.770226585061897e-09,1.4918645403680814e-07,0,0,3.6989823245848954,74.54247729621241,SMARCD1;TRIO;CHRD;LDLRAD4;GATA3;LIMD1;SPRED1;EFEMP1;CCDC85B;SUFU;BCL7C;E2F1;ENPP1;PTK2B;MARK1;SMARCC1;SMAD3;TGFB1;PTCH1;WNT5A;PEX2;EIF2AK4;OXSR1;SMAD6;VASN;SIRT2;TGFBR1;MAD2L2;SKI;BMP4;SFRP2;COL5A1;COL5A2;FERMT2
GO_Biological_Process_2023,DNA Damage Response (GO:0006974),1.7713898603278096e-09,1.4918645403680814e-07,0,0,2.813385066221371,56.693933006929676,BTG2;CDKN1A;FEN1;WDR48;MCM7;OGG1;MCM9;ALKBH7;TENT4A;POLB;ING2;HPF1;PAXX;CCND1;MYC;MACROD1;MLST8;IKBKE;ARMT1;ENDOG;UBE2E2;CSNK1E;CHD1L;SPIDR;NSMCE4A;SLX1A;TP53;PRKDC;CRIP1;CDKN2AIP;RECQL4;PAK1;MRNIP;RPS3;E2F1;SFN;ATRIP;FNIP2;MCL1;UVRAG;NPM1;CRADD;MGMT;SMARCA5;NFATC2;FANCC;MAPK15;MAD2L2;APC;TAOK2
GO_Biological_Process_2023,Golgi Vesicle Transport (GO:0048193),2.0484362101894854e-09,1.691365662962338e-07,0,0,3.7663375366801493,75.35006119618984,PEF1;ARL3;RAB1B;USO1;MIA2;SNX3;AP4M1;GOLGA4;SNX1;VPS51;KIF1C;STX5;TMED1;ATP9A;RAB2A;TRAPPC2;UVRAG;TMED9;SEC24B;GBF1;GOLPH3L;TRAPPC2B;TRAPPC9;RBSN;SORL1;COPZ1;RAB13;PICK1;RANGRF;KDELR3;ERGIC3;SEC24D;SEC22C
GO_Biological_Process_2023,Positive Regulation Of Cell Differentiation (GO:0045597),2.219190211999495e-09,1.7971173043711293e-07,0,0,3.178343906060197,63.33207312445081,FBN2;SMARCD1;CEBPB;SMARCB1;SMARCD3;CSF1;GDPD5;NID1;LOXL2;ZFP36L1;PPP3CA;MAPK9;MDK;BRINP3;SMARCC1;XBP1;SMAD4;PRKCH;ZHX3;SMAD3;TGFB1;PHF10;LAMB2;ADRA2C;ARID1B;NFKB1;TGFBR1;COL1A1;BMP4;SLC6A6;GPRC5B;SFRP2;CARM1;TMEM119;RAPGEF2;CTNNB1;NBL1;RIN2;FERMT2;PPARD;BMPR1A
GO_Biological_Process_2023,Transforming Growth Factor Beta Receptor Signaling Pathway (GO:0007179),2.3265031377893227e-09,1.8400733004428343e-07,0,0,6.726804545082972,133.72147148045667,SMAD4;SMAD3;TGFB1;PXN;LTBP2;ARRB2;FOS;SMAD6;SMAD5;TGFBR1;SKI;COL3A1;COL1A2;FNTA;ZMIZ1;ADAM9;LPXN;FERMT2;BMPR1A
GO_Biological_Process_2023,Proteasome-Mediated Ubiquitin-Dependent Protein Catabolic Process (GO:0043161),2.3596285496061045e-09,1.8400733004428343e-07,0,0,3.0214403956999543,60.02019322330931,ANAPC15;ANAPC16;UBXN2B;CCNF;FAF2;UBE2D3;ARRB2;ANAPC10;USP19;CDC20;ANKRD9;PSMB6;RMND5B;PSMB4;SH3BGRL;FZR1;MTA1;PSMD4;CDC26;ASCC2;FBXW5;RHBDD2;FBXO38;FBXL19;SGTA;TMUB1;KLHL22;FBXL16;SIRT2;SPSB3;UBE2W;PSMA3;PSMC6;IFI27;PSMC3;APC;JKAMP;TRIM13;CTNNB1;FBXL3;FBXL2;STT3B;MAN1B1;KCTD17
GO_Biological_Process_2023,Regulation Of Cell Cycle G1/S Phase Transition (GO:1902806),3.0070391481072893e-09,2.3022985186690535e-07,0,0,6.599693220780783,129.50122571570523,SMARCD1;CDKN1A;SMARCC1;CDKN2B;CDKN1B;SMARCB1;SMARCD3;CDKN2C;PHF10;CDKN2A;PEX2;PKD1;ARID1B;PAGR1;APC;TCIM;BCL7C;E2F1;FAM83D
GO_Biological_Process_2023,Negative Regulation Of Cell Growth (GO:0030308),3.9381165297708525e-09,2.961322983368761e-07,0,0,4.70524563770071,91.05856388596733,RTN4R;NDUFA13;CDKN1A;CDKN1B;JADE1;NAIF1;ENO1;CCAR2;CDKN2AIP;CCDC85B;SESN2;RACK1;ENPP1;RBBP7;IP6K2;SMAD4;SMAD3;TGFB1;CDKN2C;CDKN2A;SFRP2;NME6;TP53;HSPA1B;HSPA1A
GO_Biological_Process_2023,Mitotic Cytokinesis (GO:0000281),4.68010054389446e-09,3.4575269105858895e-07,0,0,7.445986250126378,142.81361600733476,PDCD6IP;ROCK1;ARL3;PLK1;CKAP2;SEPTIN6;KLHDC8B;SNX33;RHOC;TTC19;RACGAP1;APC;NUSAP1;BIRC5;TRIM36;UNC119;BBS4
GO_Biological_Process_2023,Regulation Of Cell Differentiation (GO:0045595),5.25828546948314e-09,3.817696571033362e-07,0,0,3.6960941680042803,70.46034635768657,SMARCD1;CEBPB;SMARCB1;SMARCD3;CSF1;ROCK1;PLEKHB1;RORC;SIX1;GATA3;CHD3;ZFP36L1;MTA1;MDK;BCL7C;RBBP7;MTA2;CLASP2;MBD3;SMARCC1;TGFB1;PHF10;NR1D2;KLF4;ARID1B;GATAD2B;TGFBR1;SLC6A6;APC;CTNNB1;PDCD2;ATF4
GO_Biological_Process_2023,Ribosomal Large Subunit Biogenesis (GO:0042273),6.264551454454521e-09,4.471190877069151e-07,0,0,7.951939207111621,150.1990812704283,RPL5;NPM1;RPL10;NOP16;NVL;RPLP0;RPL11;NOC2L;SPATA5;RPL6;RPL7;EIF6;RPL14;RRS1;RPL26;RPL26L1
GO_Biological_Process_2023,Ribonucleoprotein Complex Biogenesis (GO:0022613),7.898047778165492e-09,5.517590589188143e-07,0,0,4.707285278681463,87.82217495223814,RPL5;NPM1;RPS19BP1;NOP16;NVL;UTP3;RPL11;RPS3A;NOC2L;SPATA5;RPL7;RPS4X;RPS14;RPS17;RPS28;RPS27;RPS15A;TNIP1;BMS1;DHX37;RRS1;RPL14;RPL26;RPL26L1
GO_Biological_Process_2023,Extracellular Matrix Organization (GO:0030198),7.992710186190376e-09,5.517590589188143e-07,0,0,3.8211172340072617,71.24372181396042,APP;COL18A1;COL16A1;COL12A1;NID1;LOXL2;ADAMTS2;CREB3L1;SERPINH1;COL10A1;SLC39A8;POSTN;CRTAP;TGFB1;LUM;P3H4;MMP9;TGFBR1;COL1A1;MMP11;KIF9;MMP14;COL3A1;BMP1;COL1A2;COL2A1;SPINT1;COL5A1;COL5A2;COL9A2
GO_Biological_Process_2023,Protein-Containing Complex Assembly (GO:0065003),9.57383190357921e-09,6.502484862253557e-07,0,0,2.907761269082995,53.6895795561252,HIP1;COL16A1;PEF1;LRRK2;PXN;COX7A2;CD3E;SLC9A3R2;CAND1;STMP1;CHCHD7;TSPAN4;REPS2;LPXN;PTK2B;ELOB;TEAD1;DLGAP5;GSDMD;TRAPPC2;CCT2;CD74;UVRAG;SMAD4;HSP90AA1;SMAD3;TGFB1;HSPA4;BAD;FN1;TRAPPC2B;CHCHD10;PDE4DIP;FANCC;TRAF2;HIGD2A;APC;PPIH;TP53;FERMT2;VAMP2;PPID;HSPA1A
GO_Biological_Process_2023,Positive Regulation Of Protein Phosphorylation (GO:0001934),1.0814762473444733e-08,7.186343675279104e-07,0,0,2.7062136976594267,49.63832893979724,APP;CDKN1A;HDAC3;CSF1;LRRK2;ARAF;PRKAG1;RASGRP1;CAMKK2;TCL1B;MYDGF;PAK1;FXR2;MRNIP;CCND1;RB1CC1;RACK1;DVL2;PTK2B;TNFRSF14;FNIP1;FNIP2;CD74;PRNP;SMAD4;HSP90AA1;TGFB1;LIMCH1;IL15;SPHK1;TNK2;PLK1;MMP9;TGFBR1;MAD2L2;BMP4;MOB3C;SFRP2;MOB2;AKAP9;TAOK2;TMEM119;RAPGEF2;PIN1;BIRC5;CDK2AP1;TP53;BMPR1A
GO_Biological_Process_2023,Regulation Of Cell Cycle Process (GO:0010564),1.09220136598875e-08,7.186343675279104e-07,0,0,4.433020337871084,81.26828098782995,SMARCD1;SETD2;SMARCB1;SMARCD3;CCP110;KIF11;MKI67;PKMYT1;USP19;RACGAP1;MYC;BCL7C;CEP250;RPL17;BBS4;UVRAG;SMARCC1;CDKN2B;PHF10;PLK1;ARID1B;APC;PIN1;CTNNB1;ATF5
GO_Biological_Process_2023,Cellular Response To Transforming Growth Factor Beta Stimulus (GO:0071560),1.4280898995806082e-08,9.25182548789837e-07,0,0,5.226753881541115,94.41787451185694,SMAD4;SMAD3;TGFB1;WNT5A;PXN;LTBP2;ARRB2;FOS;SMAD6;SMAD5;TGFBR1;ZFP36L1;SKI;COL3A1;COL1A2;FNTA;ZMIZ1;ADAM9;LPXN;FERMT2;BMPR1A
GO_Biological_Process_2023,Ras Protein Signal Transduction (GO:0007265),1.6532220212246478e-08,1.054805747178332e-06,0,0,4.170249275362319,74.72233727012298,CDKN1A;GDI1;ROCK1;ARHGAP1;RASGRP1;RAP1B;RASSF1;ADGRG1;RACGAP1;G3BP1;PLCE1;RAC3;EPS8L2;CTNNAL1;CDKN2A;PLK2;RHOG;RRAS2;COL1A2;DOK4;RAPGEF1;RAPGEF2;TNFRSF25;TP53;RAPGEF6;RAPGEF3
GO_Biological_Process_2023,Regulation Of Canonical Wnt Signaling Pathway (GO:0060828),1.8592992296753117e-08,1.168583441218319e-06,0,0,3.4776697195732225,61.90419406473161,PTPRU;OTUD5;LRRK2;JADE1;TMEM131L;LIMD1;CCAR2;MDK;FAM53B;IGFBP6;EMD;CSNK1G3;TGFB1;IGFBP4;TPBG;IGFBP2;WNT5A;SOX13;CSNK1E;MCC;NFKB1;PPP1CA;COL1A1;MAD2L2;GPRC5B;SFRP2;APC;PTK7;PIN1;LGR4;CSNK1G2;RNF220
GO_Biological_Process_2023,Positive Regulation Of Cell Migration (GO:0030335),2.7817867421019002e-08,1.7226623486751622e-06,0,0,3.0172986944772724,52.493717476657615,RET;CD151;FLT1;CSF1;MAZ;HIF1A;THBS1;IGF1R;FAM83H;PPP3CA;PAK1;MDK;FAM110C;RACK1;PTK2B;STX4;CGA;CLASP2;PDGFRB;SEMA6B;XBP1;TGFB1;SPHK1;FN1;GAB1;RHOC;ELP6;TGFBR1;COL1A1;CLDN4;MMP14;APC;CNTN1;RAPGEF2;ADAM9;NSMF;ROR2;FERMT2
GO_Biological_Process_2023,Positive Regulation Of Macromolecule Metabolic Process (GO:0010604),4.1542483699597586e-08,2.53529563563776e-06,0,0,2.672310179045093,45.4200515152544,APP;RPL5;CSF1;ROCK1;UHRF1;RPL11;MAZ;PRKAG1;ECE1;RBPJ;CD3E;HIF1A;UXT;MAPK9;MYC;AGR2;RPS3;E2F1;EMILIN1;RPL17;SLC38A2;MARK1;CD74;PTPN1;FOXD1;SMAD3;TGFB1;WNT5A;FN1;TRAPPC2B;OXSR1;KLF4;PRKAB1;TGFBR1;BMP4;CNTN1;TMEM119;PKP3;VSTM2A;TP53;HSPA1B;MYD88;ATF4;HSPA1A;BMPR1A
GO_Biological_Process_2023,Regulation Of Fibroblast Proliferation (GO:0048145),4.93994855337007e-08,2.949992167137825e-06,0,0,8.037758346581876,135.2218275840742,CD74;CDKN1A;SPHK1;WNT5A;FN1;PEX2;BMI1;SKI;MYC;E2F1;CTNNB1;EMD;B4GALT7;TP53
GO_Biological_Process_2023,Organelle Organization (GO:0006996),4.9738647320538016e-08,2.949992167137825e-06,0,0,2.5308918462010506,42.56070120968711,PLEKHF1;UBXN2B;MAST3;LRRK2;FAF2;LIMD1;MDK;DPYSL2;MYC;MLST8;PLCE1;TMED1;RAB2A;TMED9;PDCD6IP;TPM1;GOLPH3L;PEX2;ATAD3B;ATAD3A;RAB30;KIF9;KAT6A;RAB34;GORASP1;MTFR1;LETMD1;PPID;RAB1B;PLD2;FGD3;NCKIPSD;RHOT2;VPS51;MICAL1;PACSIN2;STX4;MARK1;CLASP2;PEX16;ARFGEF1;YTHDF3;NAA10;GBF1;MICAL2;CHCHD10;MAPK15;CHMP2B;PLEKHM2
GO_Biological_Process_2023,Supramolecular Fiber Organization (GO:0097435),5.63344562444605e-08,3.294783267297544e-06,0,0,2.790061669829222,46.57159633267298,APP;COL18A1;HIP1;COL12A1;SLAIN2;LTBP2;CORO1A;LOXL2;RND1;ADAMTS2;SH3BP1;KATNA1;SERPINH1;RAC3;EMILIN1;MAP4;DYNC1H1;CRTAP;LUM;TPM1;RHOG;P3H4;HOOK3;TGFBR1;COL1A1;MAD2L2;COL3A1;COL1A2;COL2A1;BMP1;COL5A1;HOOK2;KRT15;MYO5C;COL5A2;PIN1;EPPK1;EVL;ALDOA;B4GALT7;DBN1
GO_Biological_Process_2023,Positive Regulation Of Cell Population Proliferation (GO:0008284),7.240368301344372e-08,4.17660149547413e-06,0,0,2.3748155712991736,39.04436339381175,CDKN1A;CSF1;CDCA7L;IRS2;RBPJ;BMI1;IGF1R;RPS4X;MDK;MYC;BCL7C;PDGFRB;SMARCC1;PRKCH;CNOT6L;EDN2;IL15;SPHK1;WNT5A;RHOG;MATK;OXSR1;TGFBR1;GAREM1;SFRP2;SAPCD2;BIRC5;PFDN1;SLC25A5;SMARCD1;MAZ;CHRD;THBS1;PAK1;RPS15A;E2F1;PTK2B;STX4;CGA;RPL17;CD74;XBP1;NPM1;TGFB1;BAD;FN1;NAP1L1;MAPK15;EPOR;BMP4;CNOT6;TMEM119;CNOT8;BMPR1A
GO_Biological_Process_2023,Regulation Of Protein Modification By Small Protein Conjugation Or Removal (GO:1903320),1.0455546656258097e-07,5.949771212094979e-06,0,0,11.214050558495003,180.24958133771284,COPS4;HSP90AA1;COPS6;COPS5;ZMIZ1;DCUN1D2;CTNNB1;HIF1A;TGFBR1;HSPA1B;HSPA1A
GO_Biological_Process_2023,DNA Metabolic Process (GO:0006259),1.1709317359357255e-07,6.574391386700453e-06,0,0,2.8335670874240297,45.22456906456419,DCLRE1B;TOP2B;BTG2;FEN1;INO80E;SMARCB1;MCM7;PRKDC;OGG1;MCM9;TENT4A;PTMS;RECQL4;POLB;HPF1;NTHL1;RAD21;RPS3;NFRKB;ATRIP;UVRAG;NPM1;DUT;ENDOG;MGMT;SMARCA5;FANCC;NAP1L1;CSNK1E;CHD1L;LRWD1;TERF1;NSMCE4A;UBE2V2;MCM4;SLX1A;NEIL1;DNASE1L1
GO_Biological_Process_2023,Intrinsic Apoptotic Signaling Pathway In Response To DNA Damage (GO:0008630),1.2006287043162786e-07,6.652430886678748e-06,0,0,7.348171701112878,117.0949553861686,PRKDC;RPS27L;HIPK1;CRIP1;PYCARD;SNW1;DDIT4;E2F1;TMEM109;SFN;IKBKE;TP53;FNIP2;MCL1
GO_Biological_Process_2023,Cytoskeleton-Dependent Cytokinesis (GO:0061640),1.3901210005615423e-07,7.482308364105764e-06,0,0,5.255595174872923,82.97904106310476,PDCD6IP;ROCK1;ARL3;PLK1;CKAP2;SEPTIN6;SNX33;RHOC;SEPTIN9;TTC19;SEPTIN11;RACGAP1;APC;NUSAP1;BIRC5;TRIM36;UNC119;BBS4
GO_Biological_Process_2023,Positive Regulation Of Cellular Catabolic Process (GO:0031331),1.3990076595627068e-07,7.482308364105764e-06,0,0,3.808327018978308,60.104283207084556,APP;SETD2;PLEKHF1;ROCK1;LRRK2;IRS2;ABHD5;SNX33;HIF1A;RB1CC1;PHKG2;TP53INP1;MLST8;TRIM65;PTPN1;ENDOG;BAD;PLK2;TFEB;ARNT;ADAM9;CNOT8;SQSTM1;CDK16;PNPLA2
GO_Biological_Process_2023,Positive Regulation Of Developmental Process (GO:0051094),1.4255517207362234e-07,7.482308364105764e-06,0,0,3.078336902212705,48.525476855275514,CAMK2B;SMARCD1;CEBPB;SMARCB1;SMARCD3;CDC20;ING2;BASP1;MDK;BCL7C;AGR2;DVL2;RBBP7;CLASP2;FIS1;NCOA2;SMARCC1;XBP1;FOXD1;PHF10;WNT5A;RBM19;ARID1B;SORL1;MAD2L2;BMP4;SLC6A6;BMP1;NEURL1;TMEM119;CTNNB1;RAPGEF3;BMPR1A
GO_Biological_Process_2023,Positive Regulation Of Phosphorylation (GO:0042327),1.4255517207362234e-07,7.482308364105764e-06,0,0,3.078336902212705,48.525476855275514,RET;APP;CDKN1A;FLT1;HDAC3;LRRK2;RASGRP1;THBS1;CAMKK2;IGF1R;MYDGF;DSTYK;PAK1;FXR2;CCND1;RB1CC1;RACK1;DVL2;FNIP1;PDGFRB;CD74;HSP90AA1;TGFB1;LIMCH1;MMP9;BMP4;MOB3C;MOB2;TMEM119;PIN1;BIRC5;CDK2AP1;ROR2
GO_Biological_Process_2023,Positive Regulation Of Cell Motility (GO:2000147),1.4392471562397694e-07,7.482308364105764e-06,0,0,3.143062053891602,49.515722536195725,RET;CD151;FLT1;CSF1;MAZ;THBS1;IGF1R;FAM83H;PPP3CA;PAK1;MDK;FAM110C;RACK1;PTK2B;STX4;CGA;PDGFRB;SEMA6B;XBP1;TGFB1;SPHK1;RHOC;ELP6;TGFBR1;COL1A1;CLDN4;MMP14;APC;CNTN1;ADAM9;ROR2;FERMT2
GO_Biological_Process_2023,Endocytosis (GO:0006897),1.5264465265790892e-07,7.838861370029931e-06,0,0,3.3653476589797346,52.819646905503575,APP;LRSAM1;HIP1;ITGAM;LRP1;LRRK2;SNX33;CORO1A;NCKIPSD;AP3M2;NEURL1B;DPYSL2;STAB1;TOM1;PACSIN2;REPS2;ATP9A;CSNK1G3;TBC1D2B;CSNK1E;SORL1;EHD4;HOOK2;ADORA2A;RAB34;PI4KB;OCIAD2;CSNK1G2;MYD88
GO_Biological_Process_2023,rRNA Processing (GO:0006364),1.822009184730445e-07,9.243952622770968e-06,0,0,4.601275917065391,71.40331661096398,RPL5;PRKDC;NVL;RPL11;TSR3;DDX54;NOC4L;RPL7;WDR55;EXOSC7;RPS14;RPS17;RPS28;LSM6;RPS27;EXOSC4;EIF6;SBDS;RPL14;RPL26
GO_Biological_Process_2023,Positive Regulation Of Cellular Component Organization (GO:0051130),2.0822536594276151e-07,1.043853590458296e-05,0,0,4.343957685871384,66.83024625657714,CAMK2B;TMED9;CD151;TGFB1;LRP1;BIK;PTPN23;RHOC;SPIDR;TGFBR1;IGF1R;CDC20;NEURL1;RACK1;RPS3;BMF;FNIP1;FNIP2;RAPGEF3;S100A10;CRB3
GO_Biological_Process_2023,Negative Regulation Of Cell Migration (GO:0030336),2.3216895052866328e-07,1.1289446995478232e-05,0,0,3.576979104477612,54.64121917577541,PTPRU;LRP1;CHRD;LDLRAD4;PTPN23;ADGRG1;ING2;TP53INP1;EMILIN1;RBBP7;ARPIN;CLASP2;CD74;TCAF1;LIMCH1;TPM1;MCC;MAPK15;COL3A1;SFRP2;CDH11;EVL;EPPK1;NF2;TRIB1;BMPR1A
GO_Biological_Process_2023,Aerobic Respiration (GO:0009060),2.3324195882370132e-07,1.1289446995478232e-05,0,0,6.264340113756869,95.66392479617107,NDUFA13;NDUFA11;NDUFB10;NDUFA2;NDUFB2;CHCHD10;NDUFC1;SDHB;NDUFS8;BLOC1S1;UQCRC1;MTFR1;UQCRC2;NDUFV1;SLC25A14
GO_Biological_Process_2023,Microtubule Cytoskeleton Organization Involved In Mitosis (GO:1902850),2.3324195882370132e-07,1.1289446995478232e-05,0,0,6.264340113756869,95.66392479617107,DYNC1H1;SETD2;PLK2;PLK1;BCCIP;KIF11;WDR62;PTPA;NUSAP1;SBDS;BIRC5;MAP4;PCNT;DLGAP5;CLASP2
GO_Biological_Process_2023,Small GTPase Mediated Signal Transduction (GO:0007264),2.443302068949005e-07,1.1545222469137293e-05,0,0,4.295567375886525,65.39891887150415,CDKN1A;RGS19;CDKN2A;ARL3;PLK2;TNK2;ARHGAP1;RRAS2;RASGRP1;PLD2;RASSF1;DOK4;G3BP1;RAPGEF1;ARFIP2;PLCE1;RAPGEF2;RIN2;TP53;RAPGEF6;RAPGEF3
GO_Biological_Process_2023,Cellular Respiration (GO:0045333),2.494930526458071e-07,1.1545222469137293e-05,0,0,5.016269975377782,76.26653985355856,COX8A;NDUFA13;NDUFA11;NDUFB10;NDUFA2;NDUFB2;NDUFC1;COX7A2;SDHB;NDUFS8;BLOC1S1;UQCRQ;UQCRC1;MTFR1;UQCRC2;CYC1;NDUFV1;SLC25A14
GO_Biological_Process_2023,Negative Regulation Of Protein Kinase Activity (GO:0006469),2.494930526458071e-07,1.1545222469137293e-05,0,0,5.016269975377782,76.26653985355856,PTPN1;CDKN1A;NPM1;CDKN1B;MVP;HSPB1;PTK6;SRCIN1;SORL1;PYCARD;SPRED1;DBNDD2;SH3BP5;PYDC1;TAF7;SFN;TRIB1;RTRAF
GO_Biological_Process_2023,Positive Regulation Of Double-Strand Break Repair (GO:2000781),2.494930526458071e-07,1.1545222469137293e-05,0,0,5.016269975377782,76.26653985355856,SMARCD1;SMARCC1;SMARCB1;WDR48;SMARCD3;PHF10;PRKDC;MGMT;YEATS4;ARID1B;SPIDR;MAD2L2;MRNIP;VPS72;BCL7C;MORF4L2;UBE2V2;BRD8
GO_Biological_Process_2023,Negative Regulation Of Intracellular Signal Transduction (GO:1902532),2.6878040116983103e-07,1.2302546405719114e-05,0,0,3.045324419585974,46.073843395580305,MAPKBP1;NDUFA13;LRP1;MGRN1;WWC1;WWC2;PIK3R2;ARRB2;NOC2L;LIMD1;THBS1;IGF1R;PYCARD;NUAK1;SPRED1;NUAK2;SH3BP1;RACK1;WWC3;SLC39A8;FNIP1;DUSP4;ENDOG;ESR1;MMP9;PER1;TNIP1;CILP;CARD19;DDIT4;CCDC22;GPD1L
GO_Biological_Process_2023,Regulation Of Intracellular Signal Transduction (GO:1902531),2.853782859291338e-07,1.2921806043522391e-05,0,0,2.7229483162524395,41.033334097238,RPL5;TRIO;FAM13B;WWC1;LRRK2;RPL11;WWC2;ARAF;ARHGAP1;ARHGAP19;HSPB1;FGD3;PYCARD;NUAK1;PAK1;SPRED1;NUAK2;RACGAP1;SH3BP1;MCF2L;RRS1;WWC3;FAM83D;TGFB1;DAPK2;USP2;WNT5A;ARHGEF19;VAV2;TBCK;OBSCN;TRAF3;KAT6A;TNFRSF25;FBXL2;NF2;SQSTM1;RAPGEF3
GO_Biological_Process_2023,Negative Regulation Of Cell Cycle (GO:0045786),3.012317193933819e-07,1.3494540110271608e-05,0,0,4.941257599416619,74.19489036100214,CDT1;BTG2;CDKN1A;CDKN1B;PPP1R13B;TP53I13;TGFB1;CDKN2A;PLK1;GATA3;NR2F2;NUDT6;BMP4;NR4A1;THAP5;APC;BRINP3;MAD2L1
GO_Biological_Process_2023,DNA Repair (GO:0006281),3.07205045537518e-07,1.3617267860615665e-05,0,0,2.7575193825280353,41.35107241535224,DCLRE1B;RNASEH2C;BTG2;FEN1;SETD2;PRKDC;MPG;OGG1;TENT4A;RECQL4;POLB;ALKBH2;HPF1;MTA1;NTHL1;EME2;RAD21;RPS3;ASCC2;ATRIP;UVRAG;NPM1;ERCC6L2;MGMT;ASCC1;SMARCA5;APEX2;FANCC;CSNK1E;CHD1L;FANCE;MAD2L2;NSMCE4A;UBE2V2;SLX1A;NEIL1;TP53
GO_Biological_Process_2023,Regulation Of Cellular Component Organization (GO:0051128),3.105627555982461e-07,1.36227058731689e-05,0,0,3.6277764719708543,54.36179453543085,OGFR;HIP1;ROCK1;JADE1;JADE2;MKI67;RAP1B;ALKBH4;PACSIN2;PLCE1;HSPA8;PTPN1;HSP90AA1;EGLN2;CISH;SPHK1;WNT5A;TRAF2;SSRP1;ATAD3A;MAD2L2;TAOK2;RAPGEF1;RAPGEF2;ATF5
GO_Biological_Process_2023,Mitotic G1 DNA Damage Checkpoint Signaling (GO:0031571),3.443229710472341e-07,1.4947876609071162e-05,0,0,11.46351136964569,170.59637380277888,CDKN1A;MUC1;CDKN1B;CCND1;CRADD;PRKDC;PLK2;RPS27L;RPL26;TP53
GO_Biological_Process_2023,Regulation Of Protein Phosphorylation (GO:0001932),3.4971896735436623e-07,1.5027209913563635e-05,0,0,2.835881235779696,42.15859600451523,APP;CDKN1A;HDAC3;PRKDC;LRRK2;HSPB1;RASGRP1;CAMKK2;MYDGF;PAK1;FXR2;CCND1;NSD1;RB1CC1;SESN2;RACK1;DVL2;PLCE1;FNIP1;FNIP2;CD74;PRNP;NPM1;HSP90AA1;TGFB1;LIMCH1;FN1;MMP9;BMP4;MOB3C;MOB2;TMEM119;PIN1;BIRC5;CDK2AP1
GO_Biological_Process_2023,Positive Regulation Of Cellular Biosynthetic Process (GO:0031328),3.57570394989538e-07,1.5209383164656004e-05,0,0,3.386589854725241,50.270314883632615,RPL5;SCARB1;NNMT;PRKDC;RPS27L;IRS2;ARPP19;HIF1A;THBS1;LARP1B;RPS4X;FXR2;LARP1;PDGFRB;SREBF1;HSP90AA1;NPM1;SMAD3;YTHDF3;NSUN5;ARNT;KLF4;SIRT2;P2RX4;EIF6;CTNNB1;RPL26
GO_Biological_Process_2023,Intracellular Protein Transport (GO:0006886),3.663889898605624e-07,1.5428640363028285e-05,0,0,2.6139675655969756,38.73787598031654,NUP188;PPP1R10;RAB1B;RPL11;USO1;HIKESHI;LTBP2;PTPN23;TRAK1;PKD1;GABARAP;AP4M1;ARFRP1;SNX1;SCFD2;ARFIP2;FAM53B;STX5;TIMM17B;EIF2D;TMED1;STX4;SIL1;TNPO2;CTSA;CD74;TMED9;NPM1;TGFB1;PAM16;VPS37C;VPS37D;TIMM44;SEPTIN9;AP4B1;SORL1;COPZ1;PICK1;RANGRF;VPS45
GO_Biological_Process_2023,Positive Regulation Of Lymphocyte Differentiation (GO:0045621),3.920997643321913e-07,1.6347842649533244e-05,0,0,8.157873066290218,120.34290016074625,SMARCD1;SMARCC1;XBP1;MMP14;SMARCB1;SMARCD3;PHF10;PRKDC;MDK;ZMIZ1;GATA3;ARID1B
GO_Biological_Process_2023,Regulation Of Cyclin-Dependent Protein Serine/Threonine Kinase Activity (GO:0000079),4.1338191192699334e-07,1.706618854043695e-05,0,0,5.123934078173401,75.31616359657923,CDKN1A;CDKN2B;CDKN1B;CDKN2C;CDKN2A;CCNF;PLK1;BCCIP;NR2F2;PKMYT1;PKD1;CDC25A;CCND1;CCNE2;APC;CCNG1;CCNO
GO_Biological_Process_2023,Nucleosome Organization (GO:0034728),4.518605244089596e-07,1.847363755617601e-05,0,0,6.428722840487547,93.92294819138813,SMARCD1;SETD2;SMARCC1;NPM1;SMARCB1;SMARCD3;SMARCA5;NAP1L1;SSRP1;CHD1;CABIN1;MCM3AP;CHAF1A;DNAJC9
GO_Biological_Process_2023,Peptidyl-Serine Modification (GO:0018209),4.85819723460465e-07,1.967102745665402e-05,0,0,3.423085714285714,49.762862866589884,CAMK2B;GALNT16;ROCK1;PRKDC;MAST3;LRRK2;PKD1;IKBKB;MAPK9;GRK2;MKNK2;PRKACB;IKBKE;MARK1;CSNK1G3;SRPK3;PRKCH;PLK2;NEK7;PLK1;CSNK1E;HIPK1;TGFBR1;SBK1;MAPKAPK3;CSNK1G2
GO_Biological_Process_2023,Mitochondrion Organization (GO:0007005),5.149881330542105e-07,2.0653476459916958e-05,0,0,3.5165977636354757,50.917247971324045,MTFP1;LRRK2;TIMM13;COX7A2;TRAK1;THG1L;RHOT2;STMP1;CHCHD7;TIMM17B;TSPO;MCL1;MEF2A;FIS1;BIK;AIP;TOMM34;CHCHD10;TIMM44;ATAD3B;ATAD3A;HIGD2A;MTFR1;LETMD1;SLC25A4
GO_Biological_Process_2023,Regulation Of Epithelial Cell Proliferation (GO:0050678),5.205497061921087e-07,2.067957370542424e-05,0,0,4.729079735983613,68.42212482907068,CDKN2B;TGFB1;MAGED1;PRKDC;UHRF1;BAD;PEX2;OXSR1;FUT2;MCC;FUT1;ZFP36L1;BMP4;NR4A1;SFRP2;DEAF1;MYC;EPPK1
GO_Biological_Process_2023,Negative Regulation Of Protein Phosphorylation (GO:0001933),5.366408003565933e-07,2.111957392805247e-05,0,0,3.6239901482134904,52.322940966140905,PRNP;CDKN1A;TGFB1;LRP1;PRKDC;LRRK2;MVP;HSPB1;LDLRAD4;SMAD6;SIRT2;SPRED1;DBNDD2;SFRP2;INPP5J;RACK1;ENPP1;PYDC1;TAF7;SFN;EMILIN1;GPD1L;TRIB1;RTRAF
GO_Biological_Process_2023,Regulation Of Translation (GO:0006417),5.798372668707129e-07,2.260828454437567e-05,0,0,3.1280957914729846,44.921077005044,APP;RPL5;BTG2;RPL10;PRKDC;SHMT2;RPS27L;HSPB1;THBS1;LARP1B;RPS4X;SYNCRIP;FXR2;LARP1;TCOF1;RACK1;RPS3;PAIP2;EIF4B;NPM1;YTHDF3;NSUN5;CNOT10;EIF2AK4;ELP6;EIF6;RPL26;PKP3;EIF1B
GO_Biological_Process_2023,Peptidyl-Serine Phosphorylation (GO:0018105),6.583230558660591e-07,2.543301273625665e-05,0,0,3.4635161998813664,49.29820048406921,CAMK2B;ROCK1;PRKDC;MAST3;LRRK2;PKD1;IKBKB;MAPK9;GRK2;MKNK2;PRKACB;IKBKE;MARK1;CSNK1G3;SRPK3;PRKCH;PLK2;NEK7;PLK1;CSNK1E;HIPK1;TGFBR1;SBK1;MAPKAPK3;CSNK1G2
GO_Biological_Process_2023,Protein Localization To Cell Periphery (GO:1990778),7.150080414041422e-07,2.699849978102159e-05,0,0,3.6831735889243875,52.120486503314936,PLEKHF1;ROCK1;ARL3;PTCH1;ZDHHC23;ATP1B1;PIGW;SLC9A3R2;AP4M1;IKBKB;TSPAN15;CACNB3;EHD4;RABEP1;RAB34;RAB13;RAPGEF2;FLNA;PKP3;RAPGEF6;S100A10;CLASP2;CRB3
GO_Biological_Process_2023,Transcription By RNA Polymerase II (GO:0006366),7.194637487380674e-07,2.699849978102159e-05,0,0,3.1675046429893317,44.803592010579806,SETD2;GTF2A2;SRCAP;MAZ;CCDC124;ARRB2;DEAF1;PCF11;SNAPC4;E2F2;POLR2F;ELOB;POLR2G;ELOC;PKNOX1;S100A10;POLR2L;NCOA2;XBP1;KLF13;TAF12;PEX2;ELL2;NFKB1;TBPL1;TAF7;TCEA1;ATF4
GO_Biological_Process_2023,Protein Targeting (GO:0006605),7.213670891147693e-07,2.699849978102159e-05,0,0,3.82112123068272,54.03874615349884,PEX16;FIS1;RAB3IP;RPL11;TOMM34;VPS37C;TIMM13;ZDHHC23;VPS37D;LTBP2;TIMM44;TRAK1;AP4B1;SORL1;GABARAP;AP4M1;RABGEF1;NACA;TAOK2;TIMM17B;TSPO;GOLGA7
GO_Biological_Process_2023,Entrainment Of Circadian Clock By Photoperiod (GO:0043153),7.244907326657419e-07,2.699849978102159e-05,0,0,12.692429663359896,179.44299232443308,PER1;MTA1;PER3;CRTC1;USP2;BHLHE40;FBXL3;TP53;PPP1CA
GO_Biological_Process_2023,Regulation Of Protein Catabolic Process (GO:0042176),8.175775197812096e-07,3.0196619935133857e-05,0,0,3.9439969604863223,55.28269032203842,CTSA;NDUFA13;HSP90AA1;CDKN1B;EGLN2;PLK2;TNFSF12;WNT5A;ODC1;OAZ1;PKD1;SORL1;SIRT2;SNX3;MAD2L2;APC;PIN1;FLNA;STX5;FAM83D;MAD2L1
GO_Biological_Process_2023,Regulation Of Fat Cell Differentiation (GO:0045598),8.301273714577849e-07,3.0196619935133857e-05,0,0,5.158806831402113,72.23199693896967,CEBPB;XBP1;TRIO;SMAD3;TGFB1;WNT5A;RORC;SIRT2;ZFP36L1;SFRP2;CCDC85B;CARM1;E2F1;ENPP1;FERMT2;PPARD
GO_Biological_Process_2023,Regulation Of Ubiquitin Protein Ligase Activity (GO:1904666),8.3182329909179e-07,3.0196619935133857e-05,0,0,16.289722368961673,228.05034333896694,CDC20;MAD2L2;RPL5;FZR1;PLK1;RPL11;RPL17;MAD2L1
GO_Biological_Process_2023,Regulation Of Actin Cytoskeleton Organization (GO:0032956),8.765451761655844e-07,3.128402499909567e-05,0,0,4.5343411489971555,63.24171470355455,PDGFRB;RNH1;LRP1;ROCK1;ARHGEF19;RHOG;TWF2;ARHGAP17;CORO1A;PAK1;SH3BP1;MDK;TAOK2;MLST8;RAC3;PTK2B;CDK10;RAPGEF3
GO_Biological_Process_2023,Positive Regulation Of Proteasomal Ubiquitin-Dependent Protein Catabolic Process (GO:0032436),8.766361790295152e-07,3.128402499909567e-05,0,0,4.808059774620284,67.05884521077446,LRRK2;PLK1;SGTA;CSNK1E;CBFA2T3;SH3RF1;SIRT2;GABARAP;CDC20;NUB1;FZR1;ARIH2;RACK1;ELOB;TRIB1;HSPA1B;HSPA1A
GO_Biological_Process_2023,Regulation Of Transforming Growth Factor Beta Receptor Signaling Pathway (GO:0017015),9.086596447706405e-07,3.215433415234594e-05,0,0,4.088841632701282,56.88108314652625,SMAD4;CDKN2B;SMAD3;TGFB1;LDLRAD4;LEMD3;SMAD6;THBS1;VASN;ASPN;SKI;ING2;SPRED1;SNW1;CILP;PEG10;PIN1;EMILIN1;RBBP7;HSPA1A
GO_Biological_Process_2023,Regulation Of Autophagy (GO:0010506),9.531733727322462e-07,3.344844227146241e-05,0,0,2.85299690087184,39.55243416856314,SETD2;PLEKHF1;ROCK1;LRRK2;HSPB1;PIK3R2;CASP3;RB1CC1;TP53INP1;MLST8;PIP4K2A;WDR6;BMF;ATP6V0E2;TRIM65;MCL1;CTSA;SREBF1;UVRAG;ATP6V0B;ENDOG;BAD;DAPK2;PLK2;TFEB;KLHL22;MAPK15;SIRT2;TPCN2;FBXL2;SQSTM1;CDK16
GO_Biological_Process_2023,Protein Localization (GO:0008104),9.837405279613241e-07,3.4235796390455664e-05,0,0,2.469463416342685,34.157380080977966,PTPRU;LRRK2;RAB1B;USO1;AP4M1;ARFRP1;SNX1;SCFD2;ARFIP2;FLNA;STX5;CEP250;TIMM17B;EIF2D;TMED1;STX4;SIL1;BBS4;JAM3;CTSA;CD74;TMED9;NPM1;PAM16;WNT5A;NBEAL2;TIMM44;HOOK3;SEPTIN9;AP4B1;COPZ1;NIN;CDAN1;HOOK2;PICK1;CTNNB1;VPS45;TP53;LAMTOR3;SQSTM1;FERMT2
GO_Biological_Process_2023,Regulation Of Stress Fiber Assembly (GO:0051492),1.0082979459837646e-06,3.48028086109642e-05,0,0,5.06971554010793,69.99881392488487,ROCK1;LIMCH1;TPM1;PXN;ASAP3;RHOC;SORBS3;TGFBR1;PAK1;RHPN1;EVL;NF2;RAPGEF3;FERMT2;CLASP2;S100A10
GO_Biological_Process_2023,Regulation Of Epithelial To Mesenchymal Transition (GO:0010717),1.0493818998741526e-06,3.5816157798595836e-05,0,0,4.735073666602329,65.18922341347576,SMAD4;SMAD3;TGFB1;LDLRAD4;GATA3;TGFBR1;VASN;LOXL2;COL1A1;MAD2L2;SPRED1;SFRP2;MDK;CTNNB1;FERMT2;CLASP2;MARK1
GO_Biological_Process_2023,Mitotic Sister Chromatid Segregation (GO:0000070),1.0546671971089726e-06,3.5816157798595836e-05,0,0,4.0437924648450965,55.65182557003313,PDCD6IP;BOD1;NCAPH2;PLK1;BCCIP;KLHL22;KIF11;KIF22;TENT4A;EML3;WRAP73;DSN1;KIFC2;CHMP2B;NUSAP1;RRS1;FLNA;NCAPD3;DLGAP5;CLASP2
GO_Biological_Process_2023,Photoperiodism (GO:0009648),1.135207387036534e-06,3.8242866454486756e-05,0,0,11.785487768045908,161.32794988567343,PER1;MTA1;PER3;CRTC1;USP2;BHLHE40;FBXL3;TP53;PPP1CA
GO_Biological_Process_2023,Positive Regulation Of Macromolecule Biosynthetic Process (GO:0010557),1.2476109672775824e-06,4.169595066036428e-05,0,0,3.8265167474194226,52.018740324635566,PDGFRB;RPL5;XBP1;NPM1;LDB1;YTHDF3;PRKDC;NSUN5;RPS27L;IRS2;KLF4;THBS1;NFKB1;LARP1B;RPS4X;FXR2;HSPH1;LARP1;EIF6;RFX5;RPL26
GO_Biological_Process_2023,Positive Regulation Of Stress Fiber Assembly (GO:0051496),1.2671968536936027e-06,4.2017054731525675e-05,0,0,7.104424597414574,96.46887371677609,PAK1;LIMCH1;PXN;TPM1;EVL;NF2;RHOC;SORBS3;TGFBR1;FERMT2;RAPGEF3;S100A10
GO_Biological_Process_2023,Endosomal Transport (GO:0016197),1.3659405013945494e-06,4.4937308213847246e-05,0,0,3.2154845637583893,43.420833932768794,ARHGAP1;PTPN23;SNX33;SNX3;ARFRP1;SNX1;AP5M1;ALS2CL;VPS51;BLOC1S1;TOM1;REPS2;STX5;SNX7;ANKRD50;VPS39;PLEKHJ1;TBC1D10B;CMTM6;GBF1;RBSN;EHD4;CHMP2B;RAB13;CCDC22;SQSTM1
GO_Biological_Process_2023,Regulation Of Epidermal Cell Differentiation (GO:0045604),1.4288118859796942e-06,4.66220938432412e-05,0,0,14.660327522451135,197.3084707510445,BMP4;IL20;ROCK1;MAFG;MAFF;SFN;AQP3;ZFP36L1
GO_Biological_Process_2023,Cellular Response To Growth Factor Stimulus (GO:0071363),1.4446052540243618e-06,4.66220938432412e-05,0,0,3.400188516864063,45.72462825812709,SMAD4;SMAD3;TGFB1;FLT1;SPHK1;WNT5A;TWF2;HSPB1;KLF4;TGFBR1;ZFP36L1;BMP4;SLC4A7;NR4A1;DSTYK;GAREM1;RACK1;RAPGEF1;MT1G;RAPGEF2;CTNNB1;VSTM2A;EMD;BMPR1A
GO_Biological_Process_2023,Regulation Of miRNA Transcription (GO:1902893),1.4503667284408922e-06,4.66220938432412e-05,0,0,5.713595948890067,76.81183624697138,SREBF1;SMAD3;TGFB1;FOS;GATA3;KLF4;HIF1A;ESR1;NCOR2;BMP4;MYC;TEAD1;TP53;PPARD
GO_Biological_Process_2023,Intrinsic Apoptotic Signaling Pathway (GO:0097193),1.5663686776215512e-06,4.996953410200267e-05,0,0,4.11130211914734,54.9547499107652,CDKN1A;CEBPB;PPP1R13B;PRKDC;BAD;TRAF2;CRIP1;PYCARD;HINT1;CASP3;E2F1;PMAIP1;SFN;QRICH1;TP53;IKBKE;FNIP2;ATF4;MCL1
GO_Biological_Process_2023,Regulation Of Mitotic Cell Cycle Phase Transition (GO:1901990),1.767923467819593e-06,5.5975381375851925e-05,0,0,4.528808578725499,59.98726190140271,SMARCD1;CDKN1A;SMARCC1;CDKN2B;CDKN1B;SMARCB1;SMARCD3;CDKN2C;PHF10;CDKN2A;PLK1;PKD1;ARID1B;SIRT2;ZFP36L1;BCL7C;E2F1
GO_Biological_Process_2023,Mitochondrial Transport (GO:0006839),1.8180418058197192e-06,5.6709437365235834e-05,0,0,6.119526836158192,80.88637930823634,FIS1;HSP90AA1;BAD;AIP;TOMM34;TIMM13;TIMM44;TIMM17B;TSPO;PMAIP1;SLC25A5;SLC25A4;SLC25A24
GO_Biological_Process_2023,Regulation Of Cyclin-Dependent Protein Kinase Activity (GO:1904029),1.8180418058197192e-06,5.6709437365235834e-05,0,0,6.119526836158192,80.88637930823634,CDKN1A;CDKN2B;CDKN1B;CDKN2C;CDKN2A;CCNF;BCCIP;PKMYT1;CDC25A;CCND1;CCNE2;CCNG1;CCNO
GO_Biological_Process_2023,Positive Regulation Of Protein Modification Process (GO:0031401),1.8598560113122136e-06,5.7587159291439207e-05,0,0,2.866799777348845,37.82745599163868,APP;CDKN1A;NNMT;HDAC3;LRRK2;RASGRP1;CAMKK2;PTPA;MYDGF;PAK1;FXR2;CCND1;RB1CC1;RACK1;DVL2;FNIP1;CD74;HSP90AA1;TGFB1;LIMCH1;SMARCA5;MMP9;BMP4;MOB3C;MOB2;TMEM119;PIN1;BIRC5;CDK2AP1;NSMF
GO_Biological_Process_2023,Regulation Of G1/S Transition Of Mitotic Cell Cycle (GO:2000045),2.1103510080374133e-06,6.486633645872663e-05,0,0,4.016557343007561,52.49100730367316,SMARCD1;SMARCC1;CDKN1A;CDKN2B;SMARCB1;CDKN1B;SMARCD3;CDKN2C;PHF10;CDKN2A;JADE1;UBE2E2;KLF4;PKD1;ARID1B;APC;BCL7C;E2F1;CDK2AP2
GO_Biological_Process_2023,Positive Regulation Of Intracellular Protein Transport (GO:0090316),2.141137779991654e-06,6.533573327206417e-05,0,0,3.6803191489361704,48.04352359164515,FIS1;PRNP;TCAF1;SMAD3;TGFB1;ITGAM;HDAC3;B3GAT3;UBE2D3;PIK3R2;OAZ1;SORL1;ARIH2;PIN1;FLNA;ERGIC3;PCNT;EMD;RAPGEF3;VAMP2;RBM22
GO_Biological_Process_2023,Regulation Of Protein Modification Process (GO:0031399),2.1570030335668964e-06,6.534632931187194e-05,0,0,6.67346840560181,87.06734609269417,HPF1;SPRED1;RB1CC1;SESN2;FN1;HSPB1;PIN1;FNIP1;PPIB;FNIP2;CCAR2;FKTN
GO_Biological_Process_2023,Oxidative Phosphorylation (GO:0006119),2.2269851941561525e-06,6.692346054358151e-05,0,0,5.47014849643135,71.19322680525133,NDUFA13;NDUFA11;NDUFB10;NDUFA2;NDUFB2;CHCHD10;NDUFC1;SDHB;NDUFS8;ATP5F1B;UQCRC1;ATP5PO;UQCRC2;NDUFV1
GO_Biological_Process_2023,Apoptotic Process (GO:0006915),2.240847289633102e-06,6.692346054358151e-05,0,0,2.8372322493113513,36.9085797684481,CYFIP2;IFI27L1;APP;CSRNP1;MAGEH1;HIP1;JADE1;DDX41;PYCARD;CASP7;MYC;CASP3;PMAIP1;BNIP2;PTK2B;BMF;PHLDA2;BIK;BAD;DAPK2;TNFSF12;IFI27;ADORA2A;IRF1;DDIT4;TAOK2;PMP22;TNFRSF25;MYD88;PPARD
GO_Biological_Process_2023,Positive Regulation Of Protein-Containing Complex Assembly (GO:0031334),2.3164936869918484e-06,6.869545715438502e-05,0,0,4.189234792312295,54.35723112363489,HSP90AA1;TGFB1;BIK;NEK7;RHOC;TERF1;SPIDR;RAP1B;PSMC6;STMP1;RACK1;RPS3;BMF;FNIP1;TP53;FNIP2;FERMT2;MYD88
GO_Biological_Process_2023,Eye Morphogenesis (GO:0048592),2.3551583373906184e-06,6.935364866260065e-05,0,0,13.327186284397062,172.70570896750536,FBN2;C12ORF57;SKI;RARG;EFEMP1;COL5A1;COL5A2;MFAP2
GO_Biological_Process_2023,Regulation Of Actin Filament-Based Process (GO:0032970),2.459729568213947e-06,7.117716042863617e-05,0,0,5.009881422924901,64.70491884250416,PDGFRB;LRP1;ROCK1;ARHGEF19;RHOG;TWF2;ARHGAP17;CORO1A;PAK1;SH3BP1;TAOK2;MLST8;RAC3;CDK10;RAPGEF3
GO_Biological_Process_2023,rRNA Metabolic Process (GO:0016072),2.4677904114416717e-06,7.117716042863617e-05,0,0,4.40098232708352,56.82630845438268,GTF3C1;RPL5;NVL;RPL11;DDX54;NOC4L;RPL7;ZFP36L1;WDR55;EXOSC7;RPS17;RPS28;EXOSC4;RPS27;SBDS;RPL14;RPL26
GO_Biological_Process_2023,Regulation Of Double-Strand Break Repair (GO:2000779),2.4677904114416717e-06,7.117716042863617e-05,0,0,4.40098232708352,56.82630845438268,SMARCD1;SETD2;SMARCC1;SMARCB1;SMARCD3;PHF10;MGMT;YEATS4;ARID1B;SPIDR;MRNIP;VPS72;BCL7C;MORF4L2;UBE2V2;BRD8;ATRIP
GO_Biological_Process_2023,Regulation Of Hippo Signaling (GO:0035330),2.581860119364985e-06,7.396063239895204e-05,0,0,10.311707188160677,132.680740951049,NUAK2;FRMD6;WWC1;WWC2;ARRDC3;WWC3;CORO7;NF2;LIMD1
GO_Biological_Process_2023,Golgi To Plasma Membrane Transport (GO:0006893),2.7806306392063067e-06,7.858547397112589e-05,0,0,6.477003082863638,82.85921753178205,ARFRP1;GOLGA4;KRT18;RABEP1;OSBPL5;RAB26;ARL3;RAB34;GOLPH3L;CCDC22;GOLGA7;VAMP2
GO_Biological_Process_2023,Protein Monoubiquitination (GO:0006513),2.7806306392063067e-06,7.858547397112589e-05,0,0,6.477003082863638,82.85921753178205,UBE2W;TRIM41;MGRN1;UHRF1;UBE2D3;NEURL1;KLHL22;FANCC;PEX2;FANCE;RNF40;RNF220
GO_Biological_Process_2023,Negative Regulation Of DNA-binding Transcription Factor Activity (GO:0043433),2.8040839972149666e-06,7.864952478134804e-05,0,0,3.3605574995351355,42.96282432278768,HES6;PRNP;CDKN2A;PTCH1;LRRK2;EIF2AK4;ARRB2;KLF4;ESR1;PKD1;GLIS2;PYCARD;SIGIRR;MAD2L2;TRAF3;SUFU;BHLHE40;E2F1;PYDC1;E2F2;FLNA;TRIB1;ZNF431
GO_Biological_Process_2023,Positive Regulation Of Translation (GO:0045727),2.8202513041993715e-06,7.864952478134804e-05,0,0,3.9260707590538395,50.17001979812116,RPL5;NPM1;YTHDF3;PRKDC;NSUN5;RMND1;MPV17L2;RPS27L;THBS1;LARP1B;RPS4X;SYNCRIP;FXR2;LARP1;EIF6;RPUSD3;RPS6KB2;POLR2G;RPL26
GO_Biological_Process_2023,Positive Regulation Of Angiogenesis (GO:0045766),2.8397046113537896e-06,7.867102709480794e-05,0,0,3.7541906714839044,47.947811916976676,XBP1;FLT1;TNFSF12;SPHK1;WNT5A;GAB1;HSPB1;HIPK1;KLF4;FUT1;HIF1A;THBS1;MYDGF;SFRP2;MDK;NINJ1;CNTN1;EMILIN1;RAPGEF3;SASH1
GO_Biological_Process_2023,Mesenchymal Cell Differentiation (GO:0048762),2.8789914435208353e-06,7.893967130388252e-05,0,0,5.8206774493592395,74.26061336361305,OTUD5;SMAD4;TGFB1;ROCK1;WNT5A;RBPJ;HIF1A;HNRNPAB;TGFBR1;LOXL2;CTNNB1;S100A4;FAM83D
GO_Biological_Process_2023,Ubiquitin-Dependent Protein Catabolic Process (GO:0006511),2.886893702397983e-06,7.893967130388252e-05,0,0,2.353399452347559,30.018385406530108,UBXN2B;UHRF1;UBE2D3;ARRB2;PTPN23;ANKRD9;PSMB6;RMND5B;PSMD9;NUB1;PSMB4;SH3BGRL;MTA1;PSMD4;ARIH2;ELOC;RNF130;HERC6;XBP1;FBXW5;FBXL19;UBE2E1;VPS37C;KLHL22;VPS37D;SIRT2;KCTD6;RNF40;SPSB3;UBE2W;PSMA3;PSMC6;IFI27;PSMC3;APC;CHMP2B;TRIM13;LNX1;CTNNB1;KCTD17;SQSTM1
GO_Biological_Process_2023,Negative Regulation Of Multicellular Organismal Process (GO:0051241),2.9486005678433425e-06,8.010681929798913e-05,0,0,2.794000939377743,35.57931055796159,WWC1;WWC2;LDLRAD4;GATA3;PTPN23;RBPJ;LOXL2;RPS6KA4;ING2;SPRED1;MDK;WWC3;EMILIN1;RBBP7;MARK1;IL15;PTCH1;ARRDC3;TFE3;LNPEP;MCC;SMAD6;VASN;MAD2L2;BMP4;SFRP2;TNNT1;EVL;LGR4;ATF4
GO_Biological_Process_2023,Histone Modification (GO:0016570),3.0092850090172632e-06,8.123140495494677e-05,0,0,4.593633952254642,58.402580302336595,MBD3;HDAC3;TAF12;JADE1;YEATS4;CHD3;JADE2;SIRT2;GATAD2B;MTA1;VPS72;MORF4L2;CARM1;BRD8;RBBP7;MTA2
GO_Biological_Process_2023,Epithelial To Mesenchymal Transition (GO:0001837),3.5579030923278827e-06,9.515621785927993e-05,0,0,6.291764349996218,78.93860973706353,SMAD4;TGFB1;ROCK1;WNT5A;CTNNB1;S100A4;RBPJ;FAM83D;HIF1A;HNRNPAB;TGFBR1;LOXL2
GO_Biological_Process_2023,Purine Ribonucleotide Metabolic Process (GO:0009150),3.57033541243558e-06,9.515621785927993e-05,0,0,4.522832075086717,56.72920887699508,HSPA8;ACOT8;ACOT7;BAD;LRRK2;OXSM;ENTPD7;AMPD2;ATP1B1;NT5C2;ACAT1;HINT1;ENPP1;SULT1A3;HSPA1B;HSPA1A
GO_Biological_Process_2023,Negative Regulation Of Phosphate Metabolic Process (GO:0045936),3.745983233030207e-06,9.920965656786291e-05,0,0,12.216235252685332,152.63973910935727,BMP4;UXT;CDKN1A;CDKN2B;CDKN1B;CDKN2C;ROCK1;CDKN2A
GO_Biological_Process_2023,"mRNA Splicing, Via Spliceosome (GO:0000398)",3.988575487868747e-06,0.00010497432112134561,0,0,2.8669395503351724,35.64201155661384,SF3B4;SF3B5;DDX23;DDX41;PRPF8;PQBP1;PNN;SYNCRIP;MAGOH;RALY;DCPS;RBM10;RBM5;SRRM2;SRPK3;HSPA8;RBM14;RBM19;PLRG1;LSM4;LSM7;SNW1;LSM6;FRG1;RSRP1;PIN1;PPIH;RBM22
GO_Biological_Process_2023,Ribosomal Small Subunit Biogenesis (GO:0042274),4.2233579940826644e-06,0.00011046310877690745,0,0,4.454175709348124,55.11988996066683,NPM1;RPS19BP1;UTP3;TSR3;RPS27L;RPS3A;RPSA;RPS4X;RPS14;RPS17;RPS28;RPS15A;LSM6;RPS27;BMS1;DHX37
GO_Biological_Process_2023,Negative Regulation Of Transmembrane Receptor Protein Serine/Threonine Kinase Signaling Pathway (GO:0090101),4.2942189053753895e-06,0.00011162318401565287,0,0,3.7977175068151365,46.933107745109275,LRP1;UBE2D3;CHRD;LDLRAD4;LEMD3;SMAD6;SORL1;VASN;ASPN;SKI;ING2;SPRED1;CILP;PEG10;PIN1;EMILIN1;RBBP7;NBL1;HSPA1A
GO_Biological_Process_2023,Protein Localization To Plasma Membrane (GO:0072659),4.595212152223269e-06,0.00011871434584670052,0,0,3.480779183438758,42.7805013534526,PLEKHF1;ROCK1;PTCH1;ZDHHC23;ATP1B1;PIGW;SLC9A3R2;IKBKB;TSPAN15;CACNB3;EHD4;RAB34;GORASP1;RAB13;RAPGEF2;FLNA;PKP3;RAPGEF6;S100A10;CLASP2;CRB3
GO_Biological_Process_2023,Cellular Response To Starvation (GO:0009267),4.813400465270995e-06,0.0001235928619466839,0,0,3.6065505415350616,44.15898988820304,KLF10;HSPA8;SREBF1;XBP1;CDKN1A;LRRK2;TFEB;EIF2AK4;GABARAP;NUAK1;NUAK2;MAP1LC3A;SESN2;PMAIP1;PICK1;PLIN2;GAS2L1;FNIP1;TP53;ATF4
GO_Biological_Process_2023,Response To Reactive Oxygen Species (GO:0000302),4.964373001546642e-06,0.00012669681642129036,0,0,5.040535345033615,61.56118499124777,ERCC6L2;TXNRD2;TPM1;PXN;MPV17L2;PEX2;FOS;MMP9;HIF1A;CAMKK2;MAPK9;PRDX5;RPS3;SQSTM1
GO_Biological_Process_2023,Protein Localization To Membrane (GO:0072657),5.291450153865329e-06,0.00013423070239715,0,0,2.9563390946502057,35.91780005659424,PLEKHF1;ROCK1;ARL3;ZDHHC23;PIGW;SLC9A3R2;AP4M1;IKBKB;FLNA;S100A10;CLASP2;PTCH1;ATP1B1;TSPAN15;CACNB3;EHD4;RABEP1;RAB34;RAB13;PICK1;RAPGEF2;NUP54;PKP3;RAPGEF6;FERMT2;CRB3
GO_Biological_Process_2023,Regulation Of Mitotic Metaphase/Anaphase Transition (GO:0030071),5.704157624269825e-06,0.0001438335793760493,0,0,5.95132559769934,71.85818136991678,CDC20;SMARCD1;SMARCC1;SMARCB1;ANAPC15;SMARCD3;PHF10;BCL7C;PLK1;ARID1B;LCMT1;DLGAP5
GO_Biological_Process_2023,ATP Metabolic Process (GO:0046034),5.802762886945869e-06,0.00014544901498172056,0,0,7.640578177331218,92.12379883635914,HSPA8;ATP5F1B;TGFB1;BAD;ATP5PO;ENPP1;ATP1B1;ALDOA;HSPA1B;HSPA1A
GO_Biological_Process_2023,Aerobic Electron Transport Chain (GO:0019646),6.001291700442328e-06,0.0001495351440861695,0,0,4.943459296400473,59.43785996699909,COX8A;NDUFB10;UQCC3;NDUFA2;NDUFB2;NDUFC1;COX7A2;SDHB;NDUFS8;UQCRQ;UQCRC1;UQCRC2;CYC1;NDUFV1
GO_Biological_Process_2023,Protein Glycosylation (GO:0006486),6.094048804934549e-06,0.00015095317363281993,0,0,3.2913805561685208,39.52354897981646,ARFGEF1;GALNT6;GALNT14;GALNT16;GALNT18;PLOD2;ALG12;PLOD1;ALG1;FUT2;TRAK1;FUT1;POMGNT1;GALNT10;TMEM258;MGAT4B;ST3GAL4;SLC39A8;MGAT1;STT3B;B4GALT7;FKTN
GO_Biological_Process_2023,Regulation Of Cytoskeleton Organization (GO:0051493),6.431493694152385e-06,0.00015838023360278182,0,0,3.677470775770457,43.961602670197806,PDGFRB;LRP1;ROCK1;TWF2;ARHGEF19;RHOG;ARHGAP17;CORO1A;SORBS3;PAK1;SH3BP1;TAOK2;MLST8;CDK2AP2;CDK10;RAC3;TRIM36;PLXNB1;RAPGEF3
GO_Biological_Process_2023,DNA-templated Transcription Initiation (GO:0006352),6.751679667570613e-06,0.00016529839000081309,0,0,5.3026718455743875,63.13212223856756,GTF3C1;GTF2A2;TAF12;MAZ;SMARCA5;ZFP36L1;UBTF;TBPL1;E2F2;TAF7;ELOB;POLR2G;ELOC
GO_Biological_Process_2023,Mitotic Spindle Organization (GO:0007052),6.871762977044538e-06,0.00016630456262261233,0,0,4.260146849652097,50.64500858673551,DYNC1H1;PLK2;PLK1;BCCIP;KIF11;WDR62;PTPA;WRAP73;KIFC2;SBDS;BIRC5;FLNA;MAP4;PCNT;DLGAP5;CLASP2
GO_Biological_Process_2023,Positive Regulation Of Amide Metabolic Process (GO:0034250),6.871762977044538e-06,0.00016630456262261233,0,0,4.260146849652097,50.64500858673551,RPL5;NPM1;YTHDF3;NSUN5;PRKDC;SLC2A13;RPS27L;PLA2G6;THBS1;LARP1B;RPS4X;FXR2;LARP1;EIF6;CASP3;RPL26
GO_Biological_Process_2023,Positive Regulation Of Cytokine Production (GO:0001819),7.028077623990602e-06,0.00016911562785499674,0,0,2.407553327893694,28.567058369957252,SETD4;APP;CEBPB;GATA3;HIF1A;RASGRP1;AGPAT2;PQBP1;PYCARD;MYDGF;MAPK9;MDK;G3BP1;RPS3;TNFRSF14;IKBKE;CD74;XBP1;TGFB1;CADM1;IL15;SPHK1;WNT5A;ARNT;IL16;TRAF2;HLA-A;SORL1;SULF2;TRAF3;IRF1;CNTN1;HSPA1B;MYD88;ATF4;HSPA1A
GO_Biological_Process_2023,Mitochondrial ATP Synthesis Coupled Electron Transport (GO:0042775),7.2258590901904005e-06,0.0001728868899363169,0,0,4.850046494885563,57.41409586443811,COX8A;NDUFB10;UQCC3;NDUFA2;NDUFB2;NDUFC1;COX7A2;SDHB;NDUFS8;UQCRQ;UQCRC1;UQCRC2;CYC1;NDUFV1
GO_Biological_Process_2023,Histone Deacetylation (GO:0016575),7.746076800542805e-06,0.00018325128880385255,0,0,7.33474352194606,86.31763867832761,ELK4;MBD3;HDAC3;MTA1;MORF4L2;CHD3;RBBP7;MTA2;GATAD2B;SIRT2
GO_Biological_Process_2023,Intrinsic Apoptotic Signaling Pathway By P53 Class Mediator (GO:0072332),7.746076800542805e-06,0.00018325128880385255,0,0,7.33474352194606,86.31763867832761,PYCARD;HINT1;PPP1R13B;SNW1;DDIT4;RPS27L;PMAIP1;TMEM109;HIPK1;TP53
GO_Biological_Process_2023,Protein Targeting To Mitochondrion (GO:0006626),8.24988756622056e-06,0.0001940797572142725,0,0,5.187246683861459,60.71833559594175,FIS1;NDUFA13;HSP90AA1;HSPA4;PAM16;AIP;TOMM34;TIMM13;TIMM44;TIMM10B;TIMM17B;TSPO;PMPCA
GO_Biological_Process_2023,Positive Regulation Of Autophagy (GO:0010508),8.539005272747188e-06,0.000197597308847375,0,0,3.7598126780282914,43.88027008402686,SCOC;SETD2;ENDOG;PLEKHF1;ROCK1;BAD;PLK2;LRRK2;TFEB;CAMKK2;LARP1;RB1CC1;SESN2;TP53INP1;TRIM13;SQSTM1;TRIM65;CDK16
GO_Biological_Process_2023,Cellular Response To Nutrient Levels (GO:0031669),8.540182904351044e-06,0.000197597308847375,0,0,4.443351691581432,51.85714959184954,KLF10;SREBF1;HSPA8;PRKAB2;CDKN2B;XBP1;LRRK2;PRKAG1;TFEB;PRKAB1;MAP1LC3A;MLST8;FNIP1;GAS2L1;PPARD
GO_Biological_Process_2023,Negative Regulation Of Transforming Growth Factor Beta Receptor Signaling Pathway (GO:0030512),8.540182904351044e-06,0.000197597308847375,0,0,4.443351691581432,51.85714959184954,FBN2;LDLRAD4;LEMD3;SMAD6;ASPN;VASN;SKI;ING2;SPRED1;CILP;PEG10;PIN1;EMILIN1;RBBP7;HSPA1A
GO_Biological_Process_2023,Positive Regulation Of Actin Filament Bundle Assembly (GO:0032233),8.912056528635982e-06,0.0002050746996835307,0,0,5.645803640509834,65.65000054378,PAK1;LIMCH1;TPM1;PXN;EVL;NF2;RHOC;SORBS3;TGFBR1;RAPGEF3;FERMT2;S100A10
GO_Biological_Process_2023,Regulation Of DNA Repair (GO:0006282),8.985093125119022e-06,0.00020563166929280543,0,0,3.4375232899581154,39.94382700487682,SF3B5;SMARCD1;SMARCC1;INO80E;SMARCB1;SMARCD3;PHF10;TAF12;USP22;YEATS4;ARID1B;VPS72;MORF4L2;BCL7C;UBE2V2;RPS3;TAF7;BRD8;NFRKB;ATRIP
GO_Biological_Process_2023,Positive Regulation Of Cell Adhesion (GO:0045785),9.37848250460767e-06,0.00021347453960488054,0,0,4.139903612657377,47.92804742882582,RET;LAMB2;TFE3;TPM1;CHRD;NID1;FBLN2;PPP3CA;ADGRG1;SFRP2;MDK;AGR2;RAC3;ADAM9;STX4;TGM2
GO_Biological_Process_2023,Cellular Response To Organic Cyclic Compound (GO:0071407),9.531228849014795e-06,0.00021578497141506078,0,0,3.1873462597377564,36.848708997729915,HSPA8;TGFB1;RORC;SSTR2;ESR1;SPIDR;ZFP36L1;RAP1B;CASP7;LARP1;P2RX4;CASP3;AKAP9;NRIP1;RAPGEF1;RAPGEF2;CTNNB1;SLC26A6;RAPGEF3;HSPA1B;TGM2;HSPA1A
GO_Biological_Process_2023,Positive Regulation Of Organelle Assembly (GO:1902117),1.0033449406203115e-05,0.00022554105569236484,0,0,5.076733231157591,58.43109826231631,DYNC1H1;LRSAM1;CNOT6L;PDCD6IP;CCP110;SNX33;CNOT6;CNOT2;G3BP1;PIP4K2A;KCTD17;SNX7;BBS4
GO_Biological_Process_2023,Vesicle-Mediated Transport To The Plasma Membrane (GO:0098876),1.006927534318798e-05,0.00022554105569236484,0,0,4.372696056153108,50.31233621583242,OSBPL5;ARL3;CMTM6;PTPN23;SNX33;SNX3;RABEP1;EHD4;VPS51;RAB13;CCDC22;SNX7;GOLGA7;ANKRD50;VPS39
GO_Biological_Process_2023,TOR Signaling (GO:0031929),1.0478237357867317e-05,0.00023345956356602793,0,0,8.248414376321353,94.5780521009333,LARP1;RPS6KB2;TIPRL;EIF4EBP1;MLST8;GATA3;FNIP1;LAMTOR4;LAMTOR3
GO_Biological_Process_2023,Regulation Of Proteasomal Ubiquitin-Dependent Protein Catabolic Process (GO:0032434),1.11624853445956e-05,0.00024719162031478506,0,0,3.676048858204992,41.91780840287415,CAMLG;LRRK2;PLK1;RPL11;ARAF;CSNK1E;CBFA2T3;CCAR2;GABARAP;SH3RF1;SIRT2;NUB1;ARIH2;RACK1;ELOB;TRIB1;HSPA1B;HSPA1A
GO_Biological_Process_2023,ncRNA Processing (GO:0034470),1.1248433050994002e-05,0.00024719162031478506,0,0,3.856537181201017,43.94632765644028,RPL5;NVL;RPL11;DDX54;NOC4L;RPL7;THG1L;WDR55;EXOSC7;RPS17;RPS28;RPS27;EXOSC4;SBDS;INTS5;RPL14;RPL26
GO_Biological_Process_2023,Response To Unfolded Protein (GO:0006986),1.12706699359864e-05,0.00024719162031478506,0,0,6.114109347442681,69.65992352768956,DNAJB1;HSPA8;PTPN1;HSP90AA1;HSPH1;HSPA4;SERPINH1;HSPB1;HSPA2;STT3B;HSPA1A
GO_Biological_Process_2023,Transmembrane Receptor Protein Serine/Threonine Kinase Signaling Pathway (GO:0007178),1.1414620368893459e-05,0.00024905163924046815,0,0,3.374254373771515,38.40109174771755,SMAD4;SMAD3;TGFB1;PXN;LTBP2;ARRB2;FOS;SMAD6;SMAD5;TGFBR1;BMP4;SKI;COL3A1;COL1A2;FNTA;ZMIZ1;ADAM9;LPXN;FERMT2;BMPR1A
GO_Biological_Process_2023,Regulation Of I-kappaB kinase/NF-kappaB Signaling (GO:0043122),1.1706175528022162e-05,0.0002540964182912439,0,0,2.6325549450549453,29.893698713311082,MAPKBP1;HSPB1;ARRB2;CXXC5;IKBKB;PYCARD;LGALS1;FLNA;SLC39A8;IKBKE;CD74;PLK2;WNT5A;SHISA5;ZDHHC13;TRAF2;RHOC;ESR1;PER1;GPRC5B;TNIP1;TRAF3;CARD19;TRIM13;S100A4;TNFRSF25;CCDC22;SQSTM1;MYD88
GO_Biological_Process_2023,Negative Regulation Of Intrinsic Apoptotic Signaling Pathway (GO:2001243),1.2147714492105008e-05,0.0002623283370577138,0,0,4.970824505649717,56.26162854179323,PTPN1;NDUFA13;XBP1;LRRK2;HSPB1;ENO1;NOC2L;MMP9;CCAR2;CREB3;SFRP2;CREB3L1;HSPA1A
GO_Biological_Process_2023,"DNA Damage Response, Signal Transduction By P53 Class Mediator Resulting In Cell Cycle Arrest (GO:0006977)",1.2363308112793397e-05,0.00026293884072208586,0,0,12.821013727560718,144.88742339652447,CDKN1A;MUC1;CDKN1B;CRADD;PLK2;RPL26;TP53
GO_Biological_Process_2023,Negative Regulation Of Ubiquitin-Protein Transferase Activity (GO:0051444),1.2363308112793397e-05,0.00026293884072208586,0,0,12.821013727560718,144.88742339652447,CDC20;MAD2L2;RPL5;RPL11;BUB3;RPL17;MAD2L1
GO_Biological_Process_2023,Positive Regulation Of Transcription From RNA Polymerase II Promoter In Response To Stress (GO:0036003),1.2363308112793397e-05,0.00026293884072208586,0,0,12.821013727560718,144.88742339652447,CEBPB;MUC1;CREB3L1;RBPJ;HIF1A;TP53;ATF4
GO_Biological_Process_2023,Positive Regulation Of Proteasomal Protein Catabolic Process (GO:1901800),1.2669908418461497e-05,0.00026810544899568523,0,0,4.026249046182915,45.40111478278408,LRRK2;PLK1;CSNK1E;CBFA2T3;SH3RF1;SIRT2;GABARAP;NUB1;PSMC6;PSMC3;ARIH2;RACK1;ELOB;TRIB1;HSPA1B;HSPA1A
GO_Biological_Process_2023,Glycoprotein Metabolic Process (GO:0009100),1.3599981344384011e-05,0.00028634760720600537,0,0,5.370088703533939,60.17421823779037,MANBA;NEU4;TNIP1;NGLY1;MGAT4B;ST3GAL4;MAN1B1;STT3B;PCSK6;B4GALT7;HIF1A;ST6GALNAC6
GO_Biological_Process_2023,Regulation Of Telomerase Activity (GO:0051972),1.4219230757523052e-05,0.0002976761961346674,0,0,5.934111422346716,66.23011455532858,CCT2;HSP90AA1;TNIP1;NVL;MYC;NEK7;CTNNB1;KLF4;TERF1;MAPK15;TP53
GO_Biological_Process_2023,Negative Regulation Of Fat Cell Differentiation (GO:0045599),1.4279409076039614e-05,0.0002976761961346674,0,0,7.855406221685292,87.6403476177748,TRIO;SMAD3;TGFB1;CCDC85B;WNT5A;E2F1;ENPP1;SIRT2;FERMT2
GO_Biological_Process_2023,Mitotic Cell Cycle Phase Transition (GO:0044772),1.4485948687901995e-05,0.00029902122512134947,0,0,3.5959269435914014,40.067009819322664,CDKN1A;CDKN1B;CCDC57;PLK2;CCNF;PLK1;PKMYT1;ARPP19;CDC25A;CCND1;CCNE2;MYC;CCNG1;EIF4EBP1;E2F1;LCMT1;CCNO;CLASP2
GO_Biological_Process_2023,Regulation Of Protein Serine/Threonine Kinase Activity (GO:0071900),1.4485948687901995e-05,0.00029902122512134947,0,0,3.5959269435914014,40.067009819322664,UVRAG;CDKN1A;CDKN2B;CDKN1B;CDKN2C;CDKN2A;CCNF;BCCIP;PKMYT1;CDC25A;PYCARD;TCL1B;CCND1;CCNE2;CCNG1;TAB1;TRIB1;CCNO
GO_Biological_Process_2023,Positive Regulation Of Macroautophagy (GO:0016239),1.4643767272315197e-05,0.0003008044096766795,0,0,4.869238585264615,54.20190864288128,UVRAG;LRSAM1;SCOC;SNX33;FYCO1;LARP1;SESN2;TOM1;TRIM13;PIP4K2A;SLC25A5;SNX7;SLC25A4
GO_Biological_Process_2023,"RNA Splicing, Via Transesterification Reactions With Bulged Adenosine As Nucleophile (GO:0000377)",1.6756584493513082e-05,0.00034253387039894943,0,0,2.8871269338849017,31.74892439701075,SRRM2;SF3B4;HSPA8;SF3B5;RBM14;RBM19;DDX23;DDX41;PLRG1;PRPF8;LSM4;PNN;SYNCRIP;LSM7;LSM6;SNW1;MAGOH;FRG1;PIN1;PPIH;RALY;RBM10;RBM5;RBM22
GO_Biological_Process_2023,Regulation Of Protein Tyrosine Kinase Activity (GO:0061097),1.7293794188269187e-05,0.0003518075716270606,0,0,6.548311550955654,71.80330247186224,APP;PRNP;PTPN1;GPRC5B;MVP;DOK7;SH3BP5;UNC119;PTK6;SRCIN1
GO_Biological_Process_2023,G1/S Transition Of Mitotic Cell Cycle (GO:0000082),1.7578951342779473e-05,0.00035588925050213636,0,0,4.771716101694915,52.24460494569526,CDK17;CDK18;CDKN1A;CDKN1B;PLK2;CDC25A;CCND1;CCNE2;MYC;E2F1;EIF4EBP1;E2F2;CDK16
GO_Biological_Process_2023,Cellular Response To Lipid (GO:0071396),1.784443281498609e-05,0.00035953543820050926,0,0,2.618248636108634,28.627456646247083,RET;NDUFA13;TWF2;RORC;UXT;PYCARD;CASP7;NRIP1;PTK2B;BRINP3;HSPA8;XBP1;TRIM41;WNT5A;LDOC1;PTK6;PEX2;ZNF35;SSTR2;ESR1;NFKB1;SNW1;TNIP1;PTK7;ADAM9;HSPA1B;MYD88;HSPA1A
GO_Biological_Process_2023,Cellular Response To Metal Ion (GO:0071248),1.811814741821726e-05,0.00036331199418148996,0,0,3.2544353643561843,35.53386658585962,MEF2A;SLC12A2;PRNP;CDKN1B;CPNE7;LRRK2;WNT5A;NEK7;SLC41A1;FOS;SYT9;MMP9;CDKN2AIP;MAPK9;MT2A;P2RX4;ALOX5AP;MT1G;MT1E;SLC25A24
GO_Biological_Process_2023,Negative Regulation Of Ubiquitin Protein Ligase Activity (GO:1904667),1.8450761501240833e-05,0.00036822823071907656,0,0,30.500175808720112,332.4642662799961,MAD2L2;RPL5;RPL11;RPL17;MAD2L1
GO_Biological_Process_2023,Positive Regulation Of Ubiquitin-Dependent Protein Catabolic Process (GO:2000060),1.890021372792243e-05,0.0003754188679635913,0,0,4.111164748896029,44.71441461835967,LRRK2;PLK1;CSNK1E;CBFA2T3;SH3RF1;SIRT2;GABARAP;NUB1;ARIH2;RACK1;ELOB;CCDC22;TRIB1;HSPA1B;HSPA1A
GO_Biological_Process_2023,protein-DNA Complex Disassembly (GO:0032986),1.9321689512154492e-05,0.00038020389969945124,0,0,11.655131035806853,126.50808232121928,SMARCD1;SMARCC1;SMARCB1;SMARCD3;MYC;SSRP1;RPL17
GO_Biological_Process_2023,Regulation Of Protein Neddylation (GO:2000434),1.9321689512154492e-05,0.00038020389969945124,0,0,11.655131035806853,126.50808232121928,COPS4;RPL5;COPS6;COPS5;RPL11;DCUN1D2;HIF1A
GO_Biological_Process_2023,Protein-Containing Complex Organization (GO:0043933),1.9747647344925723e-05,0.00038677833939294057,0,0,3.3583544510749612,36.37929464728276,CD74;CHCHD10;PDE4DIP;FANCC;TRAF2;CD3E;SLC9A3R2;APC;TSPAN4;REPS2;LPXN;PTK2B;PPIH;ELOB;NUP54;TP53;TEAD1;PPID;VAMP2
GO_Biological_Process_2023,Protein Localization To Organelle (GO:0033365),2.0268861822129953e-05,0.00039514896820828346,0,0,3.225794416930151,34.85930462531231,CAMLG;ARL3;LRRK2;RPL11;GBF1;TTC21A;SIX1;PEX2;SORL1;FAM83H;BMP4;COL1A1;ARFRP1;PAK1;OBSCN;NUAK2;TSPAN17;PACSIN2;CEP250;BBS4
GO_Biological_Process_2023,Regulation Of Programmed Cell Death (GO:0043067),2.085690242214324e-05,0.0004047392446988257,0,0,2.7723366814807204,29.879761293752868,RARG;ASAH1;HIP1;MAGED1;LRRK2;YEATS4;CD3E;LGALS1;VPS72;RPS3;TMEM109;BRD8;LCMT1;TGM2;HSP90AA1;BIK;DAPK2;TRAF2;BMP4;XPNPEP1;MORF4L2;ANP32E;TNFRSF25;NF2;TP53
GO_Biological_Process_2023,Regulation Of Angiogenesis (GO:0045765),2.1166335868705888e-05,0.00040885981808770866,0,0,2.7046267419962335,29.110164216745417,RNH1;FLT1;ROCK1;HSPB1;TSPAN12;THBS2;HIF1A;THBS1;MYDGF;SPRED1;STAB1;EMILIN1;SASH1;XBP1;SERPINF1;TNFSF12;SPHK1;WNT5A;GAB1;HIPK1;KLF4;SFRP2;NINJ1;CNTN1;CTNNB1;RAPGEF3
GO_Biological_Process_2023,Cellular Component Assembly (GO:0022607),2.1699898578706347e-05,0.00041725238773941746,0,0,2.4902133560604964,26.740416459023333,CYFIP2;RTN1;CD3E;SLC9A3R2;SH3BP1;MICAL1;TSPAN4;REPS2;RAC3;LPXN;PTK2B;TOGARAM1;ELOB;TEAD1;CD74;TGFB1;YTHDF3;WNT5A;CHCHD10;PDE4DIP;P3H4;FANCC;TRAF2;SHROOM1;APC;EPPK1;PPIH;TP53;VAMP2;PPID
GO_Biological_Process_2023,Positive Regulation Of Canonical Wnt Signaling Pathway (GO:0090263),2.197057388938344e-05,0.00041863387623617044,0,0,4.0505894828769256,43.44583920845354,CSNK1G3;TGFB1;LRRK2;CSNK1E;CCAR2;NFKB1;COL1A1;GPRC5B;SFRP2;PTK7;FAM53B;PIN1;CSNK1G2;LGR4;RNF220
GO_Biological_Process_2023,Positive Regulation Of Endothelial Cell Migration (GO:0010595),2.197057388938344e-05,0.00041863387623617044,0,0,4.0505894828769256,43.44583920845354,SCARB1;TGFB1;WNT5A;HSPB1;GATA3;FUT1;HIF1A;THBS1;BMP4;NELL2;ATP5F1B;P2RX4;PTK2B;RIN2;SASH1
GO_Biological_Process_2023,Regulation Of T Cell Differentiation (GO:0045580),2.2170378791788632e-05,0.00041878952506808995,0,0,5.6041152263374485,60.057921178763685,SMARCD1;PRELID1;SMARCC1;XBP1;SMARCB1;SMARCD3;PHF10;MDK;ZMIZ1;GATA3;ARID1B
GO_Biological_Process_2023,Protein Deacetylation (GO:0006476),2.2177645236329628e-05,0.00041878952506808995,0,0,6.322325352395193,67.75273019211602,MBD3;HDAC3;MTA1;MORF4L2;FLNA;CHD3;RBBP7;MTA2;GATAD2B;SIRT2
GO_Biological_Process_2023,Regulation Of Endothelial Cell Proliferation (GO:0001936),2.247193998056599e-05,0.0004224524074025151,0,0,3.8166523132040373,40.85055768532603,TNFSF12;WNT5A;ARNT;NR2F2;FUT2;FUT1;HIF1A;THBS1;TGFBR1;ATP5IF1;AIMP1;BMP4;NELL2;MYDGF;NR4A1;CNTN1
GO_Biological_Process_2023,protein-RNA Complex Assembly (GO:0022618),2.257541053473746e-05,0.00042251135005235313,0,0,3.0896808510638296,33.05541179244541,RPL5;SRPK3;HSP90AA1;RPL10;PRKDC;RPLP0;DDX23;RPL11;RPS27L;RPSA;LSM4;RPL6;RPS14;RPS28;RPS27;EIF6;TNIP1;RRS1;RSRP1;EIF2D;RBM5
GO_Biological_Process_2023,Endoplasmic Reticulum To Golgi Vesicle-Mediated Transport (GO:0006888),2.3895220714194816e-05,0.0004432721340417373,0,0,3.445698353690919,36.66854330980789,RAB2A;TRAPPC2;TMED9;SEC24B;PEF1;RAB1B;USO1;GBF1;TRAPPC2B;MIA2;TRAPPC9;STX5;RANGRF;TMED1;KDELR3;ERGIC3;SEC24D;SEC22C
GO_Biological_Process_2023,Regulation Of Protein Kinase Activity (GO:0045859),2.3895220714194816e-05,0.0004432721340417373,0,0,3.445698353690919,36.66854330980789,UVRAG;CDKN1A;CSF1;LRRK2;PRKAG1;HSPB1;CAMKK2;SPRED1;DBNDD2;MRNIP;PLCE1;PYDC1;RAPGEF2;PTK2B;TAF7;SFN;TRIB1;RTRAF
GO_Biological_Process_2023,Positive Regulation Of Transcription From RNA Polymerase II Promoter Involved In Cellular Response To Chemical Stimulus (GO:1901522),2.4353461678100256e-05,0.00044782719269205316,0,0,15.692272898605353,166.69645018098106,CREB3;SMAD4;XBP1;RBPJ;HIF1A;SMAD5
GO_Biological_Process_2023,Regulation Of Cell Fate Commitment (GO:0010453),2.4353461678100256e-05,0.00044782719269205316,0,0,15.692272898605353,166.69645018098106,MBD3;MTA1;CHD3;RBBP7;MTA2;GATAD2B
GO_Biological_Process_2023,Proteasomal Protein Catabolic Process (GO:0010498),2.5049390587384362e-05,0.0004586216685368502,0,0,2.6168904117283605,27.72506693970528,UBXN2B;UBE2D3;ARRB2;ANKRD9;PSMB6;RMND5B;PSMB4;SH3BGRL;MTA1;PSMD4;PMAIP1;UBXN6;XBP1;FBXW5;FBXL19;KLHL22;SIRT2;SPSB3;UBE2W;PSMA3;PSMC6;IFI27;PSMC3;APC;TRIM13;CTNNB1;KCTD17
GO_Biological_Process_2023,Positive Regulation Of Vasculature Development (GO:1904018),2.5170849804380004e-05,0.0004588504265205377,0,0,3.5899467994240672,38.01690472786755,XBP1;FLT1;TNFSF12;SPHK1;WNT5A;GAB1;HSPB1;HIPK1;HIF1A;THBS1;MYDGF;SFRP2;NINJ1;CNTN1;EMILIN1;RAPGEF3;SASH1
GO_Biological_Process_2023,Regulation Of Ubiquitin-Protein Transferase Activity (GO:0051438),2.5476866494939976e-05,0.00046242708969910444,0,0,7.171913778839967,75.86263720258823,CDC20;ARRDC3;PLK1;DCUN1D2;PIN1;BUB3;RPS2;BMI1;MAD2L1
GO_Biological_Process_2023,Positive Regulation Of GTPase Activity (GO:0043547),2.6753331061907515e-05,0.00048351191889138437,0,0,2.5530704698873516,26.88090001675912,RTN4R;DOCK9;ASAP3;RASGRP1;SH3BP1;RACK1;EVI5L;TBC1D10B;S100A10;TGM2;TBC1D16;TBC1D8B;RAP1GAP2;ARHGEF16;RHOG;ARHGEF19;TBC1D2B;RANGAP1;TBCK;RAPGEF1;RGS10;RAPGEF2;PIN1;PLXNB1;RGS11;RAPGEF6;FERMT2;RAPGEF3
GO_Biological_Process_2023,Cellular Response To Retinoic Acid (GO:0071300),2.81982921782966e-05,0.0005074487536872093,0,0,6.11140490040543,64.02460034983255,RET;NDUFA13;SNW1;PTK7;WNT5A;TWF2;PTK2B;PTK6;ZNF35;BRINP3
GO_Biological_Process_2023,Negative Regulation Of Gene Expression (GO:0010629),2.9205185672419807e-05,0.0005213596163459085,0,0,2.235957429523113,23.345998828943255,APP;BTG2;RNH1;LRP1;BMI1;CD3E;HIF1A;RPS6KA4;SYNCRIP;FXR2;LARP1;CREB3L1;TCEAL1;RACK1;RPS3;EMILIN1;PAIP2;MARK1;SMAD3;TGFB1;CNPY2;CNOT10;KLF4;ESR1;SMAD5;NFKB1;RPS26;BMP4;SFRP2;LSM6;CILP;HSPA1B;LGR4;HSPA1A;BMPR1A;PHF19
GO_Biological_Process_2023,Intrinsic Apoptotic Signaling Pathway In Response To DNA Damage By P53 Class Mediator (GO:0042771),2.9218919367759298e-05,0.0005213596163459085,0,0,10.683562126011967,111.54380442941086,PYCARD;SNW1;DDIT4;RPS27L;TMEM109;HIPK1;TP53
GO_Biological_Process_2023,protein-DNA Complex Organization (GO:0071824),2.97384468924641e-05,0.0005261705876645644,0,0,4.892182812775719,50.99156313321124,HDAC3;HIRIP3;CDAN1;MYC;GATAD1;LRWD1;HMGN2;MTA2;RPL17;HMGN1;FAM50A;PHF19
GO_Biological_Process_2023,Proton Motive Force-Driven ATP Synthesis (GO:0015986),2.97384468924641e-05,0.0005261705876645644,0,0,4.892182812775719,50.99156313321124,NDUFA13;NDUFS8;ATP5F1B;NDUFA11;NDUFB10;NDUFA2;NDUFB2;ATP5PO;NDUFC1;SDHB;NDUFV1;ATP5MC1
GO_Biological_Process_2023,Regulation Of Protein-Containing Complex Assembly (GO:0043254),3.0389172750920448e-05,0.0005354343366281424,0,0,3.375182893125386,35.10670893116678,HSPA8;HSP90AA1;TGFB1;BIK;TRAF2;RHOC;SEPTIN9;SPIDR;MAPK15;SORL1;KIF9;RACK1;RPS3;BMF;FNIP1;FNIP2;LCMT1;VPS39
GO_Biological_Process_2023,Positive Regulation Of Telomerase Activity (GO:0051973),3.341977216026231e-05,0.0005857413285097717,0,0,6.872885835095137,70.83445525883391,CCT2;HSP90AA1;TNIP1;NVL;MYC;NEK7;CTNNB1;KLF4;MAPK15
GO_Biological_Process_2023,Organelle Assembly (GO:0070925),3.352259799830325e-05,0.0005857413285097717,0,0,2.279690315041145,23.488312202937202,UNC119B;UBXN2B;ARL3;RAB1B;PTPN23;CORO1A;GABARAP;CCDC28B;AP4M1;MAP1LC3A;WDR90;RB1CC1;TP53INP1;AP1S2;FLNA;CEP250;TOGARAM1;PCNT;BBS4;PDCD6IP;YTHDF3;CCDC57;RAB3IP;GBF1;AP1B1;VPS37C;SEPTIN6;VPS37D;TTC39C;ATG12;EHD4;ATG16L2;CHMP2B;CCNO
GO_Biological_Process_2023,Positive Regulation Of miRNA Metabolic Process (GO:2000630),3.370330698575049e-05,0.0005864653955247741,0,0,5.3088554720133665,54.67014024947557,SREBF1;SMAD3;TGFB1;MYC;FOS;GATA3;KLF4;TEAD1;TP53;HIF1A;NFKB1
GO_Biological_Process_2023,Positive Regulation Of Hydrolase Activity (GO:0051345),3.418144973122761e-05,0.0005923377976057592,0,0,2.8209087681931133,29.00973907103379,RTN4R;NDUFA13;ROCK1;DOCK9;ASAP3;RHOC;RASGRP1;FNTA;SH3BP1;RACK1;RAPGEF1;RPS3;RGS10;PIN1;RAPGEF2;PLXNB1;EVI5L;RGS11;RAPGEF6;FERMT2;RAPGEF3;TGM2;S100A10
GO_Biological_Process_2023,mRNA Processing (GO:0006397),3.517803374478772e-05,0.0006068835504169497,0,0,2.615495810564663,26.822141561887598,SF3B4;SF3B5;DDX23;DDX41;PRPF8;PNN;SYNCRIP;MAGOH;RALY;RBM10;RBM5;HNRNPA0;SRRM2;HSPA8;RBM14;RBM19;PLRG1;RPRD2;LSM4;LSM7;SNW1;LSM6;FRG1;PIN1;PPIH;RBM22
GO_Biological_Process_2023,DNA-templated Transcription (GO:0006351),3.5309064320150236e-05,0.0006068835504169497,0,0,2.6751623940100164,27.424081777960524,GTF3C1;GTF2A2;CCDC124;ARRB2;ZFP36L1;DEAF1;UBTF;E2F1;POLR2F;POLR2G;PKNOX1;POLR2L;MEF2A;XBP1;SMAD4;KLF13;TAF12;SMARCA5;NFKB1;THAP1;TBPL1;TCEA1;TAF7;TP53;ATF4
GO_Biological_Process_2023,Nitrogen Compound Transport (GO:0071705),3.611175504467286e-05,0.0006181569125736481,0,0,2.8902911883220557,29.56447676397992,SLC36A1;SLC12A2;SLC43A2;ARRDC3;SLC43A1;CMTM6;HIKESHI;SNX33;SLC7A2;SLC6A6;SLC6A8;RACGAP1;CHMP2B;TOM1;PICK1;SNX7;SLC38A2;SLC25A11;SFXN5;SLC26A6;VAMP2;SLC29A2
GO_Biological_Process_2023,Positive Regulation Of Wnt Signaling Pathway (GO:0030177),3.6704631878368917e-05,0.0006257619629142166,0,0,3.4699811276244397,35.437555641551064,CSNK1G3;TGFB1;LRRK2;CSNK1E;CCAR2;NFKB1;SULF2;COL1A1;SKI;GPRC5B;SFRP2;PTK7;FAM53B;PIN1;CSNK1G2;LGR4;RNF220
GO_Biological_Process_2023,Cellular Response To UV (GO:0034644),3.813692757999503e-05,0.000647558879190964,0,0,4.079020196667256,41.501287431015605,CDKN1A;NPM1;EIF2AK4;NOC2L;TENT4A;MMP9;CRIP1;CDC25A;MYC;BMF;RPL26;TP53;PPID;ATF4
GO_Biological_Process_2023,Circulatory System Development (GO:0072359),3.900769941364519e-05,0.0006596844266299595,0,0,3.1746208095836153,32.22796159881826,MEF2A;CDKN1A;TGFB1;CDKN1B;TCF25;FN1;MICAL2;ECE1;SMG9;CACYBP;OXSR1;SRI;PKD1;CRIP1;TGFBR1;COL3A1;PDLIM2;DVL2;PLCE1
GO_Biological_Process_2023,Regulation Of Inflammatory Response (GO:0050727),3.951831977887197e-05,0.0006656465783553196,0,0,2.4910410073482567,25.256032551544102,SETD4;APP;IL20;MGST2;GATA3;PYCARD;LGALS1;MDK;SLC39A8;EXTL3;TRIM65;GSDMD;IL15;SPHK1;WNT5A;ARNT;NR1D2;IL16;KLF4;MMP9;GPRC5B;TNIP1;NINJ1;FBXL2;LETMD1;VAMP2;MYD88;PPARD
GO_Biological_Process_2023,Extracellular Structure Organization (GO:0043062),4.147626489111948e-05,0.0006958428344880643,0,0,3.4317503091388444,34.627696341115296,APP;POSTN;COL16A1;MMP9;TGFBR1;COL1A1;MMP11;ADAMTS2;MMP14;COL3A1;COL1A2;SPINT1;COL5A1;COL5A2;COL10A1;SLC39A8;COL9A2
GO_Biological_Process_2023,Response To Retinoic Acid (GO:0032526),4.275255518334142e-05,0.0007144087693533757,0,0,4.683734498721602,47.11875122175852,RET;NDUFA13;RARG;SNW1;PTK7;WNT5A;TWF2;PTK2B;PTK6;ZNF35;AQP3;BRINP3
GO_Biological_Process_2023,Regulation Of Mitotic Spindle Assembly (GO:1901673),4.293522768796896e-05,0.0007146254695416494,0,0,9.861465356185525,99.16509995515395,PDCD6IP;PLK1;CHMP2B;CEP97;HSPA1B;EML3;HSPA1A
GO_Biological_Process_2023,Positive Regulation Of Cell-Matrix Adhesion (GO:0001954),4.451559491298321e-05,0.0007380124810180012,0,0,5.729111581173982,57.40381306654913,COL16A1;CSF1;ROCK1;PLEKHA2;PTK2B;CD3E;FUT1;RIN2;FERMT2;S100A10
GO_Biological_Process_2023,Golgi To Plasma Membrane Protein Transport (GO:0043001),4.763389190156862e-05,0.0007866130148921783,0,0,7.71396001890622,76.76906810620486,ARFRP1;GOLGA4;KRT18;RAB26;RAB34;GOLPH3L;GOLGA7;VAMP2
GO_Biological_Process_2023,Negative Regulation Of Cell Motility (GO:2000146),4.8418198113102864e-05,0.0007964415322432662,0,0,3.117750872931532,30.976834135794647,PTPRU;CD74;TCAF1;LIMCH1;TPM1;CHRD;LDLRAD4;GATA3;MAPK15;ING2;SFRP2;CDH11;TP53INP1;PIN1;EMILIN1;EPPK1;NF2;RBBP7;ARPIN
GO_Biological_Process_2023,Protein Localization To Nucleus (GO:0034504),5.3964940348909674e-05,0.0008818599209649953,0,0,3.210875023846475,31.553833893244498,NUP188;PPP1R10;PLK1;RPL11;CHCHD10;SIX1;HIKESHI;PEX2;LMNB2;LMNB1;BMP4;COL1A1;NUAK2;RRS1;FAM53B;RANGRF;TNPO2;BBS4
GO_Biological_Process_2023,Endomembrane System Organization (GO:0010256),5.402988829469693e-05,0.0008818599209649953,0,0,2.660025290292764,26.13733715409734,RAB2A;ARFGEF1;TMED9;PLEKHF1;UBXN2B;LRRK2;RAB1B;GBF1;GOLPH3L;SNX33;HOOK3;MAPK15;LMNB2;LMNB1;RAB30;HOOK2;VPS51;GORASP1;CHMP2B;PLEKHM2;TMED1;SQSTM1;PLEKHJ1;CLASP2
GO_Biological_Process_2023,Positive Regulation Of miRNA Transcription (GO:1902895),5.5317955699472454e-05,0.0008993973415076391,0,0,5.555341890614233,54.45575560103024,SREBF1;SMAD3;TGFB1;MYC;GATA3;FOS;KLF4;HIF1A;TEAD1;TP53
GO_Biological_Process_2023,Heart Development (GO:0007507),5.764320872510773e-05,0.0009335982766978025,0,0,2.790222238534804,27.236023678079572,MEF2A;CDKN1A;TGFB1;CDKN1B;TCF25;CHD7;FN1;MICAL2;ECE1;SMG9;CACYBP;OXSR1;SRI;PKD1;CRIP1;TGFBR1;BMP4;COL3A1;SCUBE1;PDLIM2;DVL2;PLCE1
GO_Biological_Process_2023,Vesicle Organization (GO:0016050),5.879254715546553e-05,0.0009485648125351162,0,0,3.671792152704136,35.76874658618079,TRAPPC2;PLEKHF1;TRAPPC2B;SNX33;HOOK3;TRAPPC9;CORO1A;HOOK2;CHMP2B;STX5;STX4;SQSTM1;VAMP2;PLEKHJ1;S100A10
GO_Biological_Process_2023,Negative Regulation Of Apoptotic Signaling Pathway (GO:2001234),5.91951922215968e-05,0.0009514158566608554,0,0,3.8932729520964817,37.89972831122191,NDUFA13;PRELID1;PELI3;MAZ;NOC2L;MMP9;THBS1;SH3RF1;TGFBR1;BMP4;SLC25A5;SLC25A4;SLC25A6;HSPA1A
GO_Biological_Process_2023,Proton Motive Force-Driven Mitochondrial ATP Synthesis (GO:0042776),6.054057139470401e-05,0.0009693397191752798,0,0,4.919976771196283,47.783782732571694,NDUFA13;NDUFS8;ATP5F1B;NDUFA11;NDUFB10;NDUFA2;NDUFB2;ATP5PO;NDUFC1;SDHB;NDUFV1
GO_Biological_Process_2023,Ribosomal Large Subunit Assembly (GO:0000027),6.151548502886235e-05,0.0009812185888505279,0,0,9.156810982048574,88.78646866711921,RPL5;DHX30;RPL10;RPL11;RPLP0;RRS1;RPL6
GO_Biological_Process_2023,Positive Regulation Of Fibroblast Proliferation (GO:0048146),6.365735769480667e-05,0.0010115514462370977,0,0,7.328050713153724,70.80359406579285,CD74;CDKN1A;MYC;SPHK1;WNT5A;E2F1;FN1;BMI1
GO_Biological_Process_2023,Negative Regulation Of Endoplasmic Reticulum Stress-Induced Intrinsic Apoptotic Signaling Pathway (GO:1902236),6.490990153977763e-05,0.001023728821662935,0,0,12.204397537379068,117.6810299332976,PTPN1;CREB3;XBP1;LRRK2;CREB3L1;HSPA1A
GO_Biological_Process_2023,Ribosomal Small Subunit Assembly (GO:0000028),6.490990153977763e-05,0.001023728821662935,0,0,12.204397537379068,117.6810299332976,RPS14;RPS28;RPS27;PRKDC;RPS27L;RPSA
GO_Biological_Process_2023,Positive Regulation Of Cell-Substrate Adhesion (GO:0010811),6.627295386620823e-05,0.0010413261519798614,0,0,4.112598626534191,39.57030815282889,CSF1;PLEKHA2;FN1;CD3E;FBLN2;FUT1;MDK;AGR2;RAC3;FLNA;PTK2B;FERMT2;S100A10
GO_Biological_Process_2023,Phosphate-Containing Compound Metabolic Process (GO:0006796),6.974508884223895e-05,0.0010918088071177256,0,0,2.677457839608525,25.625048153824842,DUSP4;PFKFB3;TGFB1;CERK;PLPPR2;TNK2;LRRK2;SPHK1;LIMD1;PLAAT4;AGPAT2;PPP1CA;INPP4B;PPP3CA;PAK1;PPA2;PPIP5K2;INPP5J;MLST8;ENPP1;ALDOA;PLCD1;IP6K2
GO_Biological_Process_2023,"DNA Damage Response, Signal Transduction By P53 Class Mediator (GO:0030330)",7.08453246820422e-05,0.0010968002288091166,0,0,6.108703312191684,58.36873090490013,CDKN1A;MUC1;CDKN1B;CRADD;PLK2;SESN2;RPS27L;RPL26;TP53
GO_Biological_Process_2023,Establishment Of Protein Localization To Plasma Membrane (GO:0061951),7.08453246820422e-05,0.0010968002288091166,0,0,6.108703312191684,58.36873090490013,ARFRP1;GOLGA4;KRT18;RAB26;GORASP1;RAB34;GOLPH3L;GOLGA7;VAMP2
GO_Biological_Process_2023,Regulation Of Intracellular Protein Transport (GO:0033157),7.08453246820422e-05,0.0010968002288091166,0,0,6.108703312191684,58.36873090490013,BMP4;PTPN1;TGFB1;IFI27;B3GAT3;PCNT;ERGIC3;OAZ1;VAMP2
GO_Biological_Process_2023,Positive Regulation Of Apoptotic Signaling Pathway (GO:2001235),7.141964122083674e-05,0.0011016414255712217,0,0,4.402329274748544,42.02876305378466,PYCARD;FIS1;PLEKHF1;TNFRSF12A;CRADD;TNFSF12;RACK1;RPS3;PMAIP1;TRAF2;TP53;TGFBR1
GO_Biological_Process_2023,Organelle Disassembly (GO:1903008),7.283460408739286e-05,0.0011193668533285084,0,0,4.802695893172084,45.75681768243678,KIF9;RB1CC1;GBF1;STX5;EIF2D;PLIN2;ASCC2;SNX33;MAP4;SNX7;PNPLA2
GO_Biological_Process_2023,Negative Regulation Of Canonical Wnt Signaling Pathway (GO:0090090),7.454236528243615e-05,0.0011414469098339588,0,0,3.252543347487615,30.912636869312568,OTUD5;PTPRU;IGFBP4;TPBG;IGFBP2;WNT5A;JADE1;SOX13;TMEM131L;MCC;LIMD1;MAD2L2;SFRP2;APC;MDK;IGFBP6;EMD
GO_Biological_Process_2023,Negative Regulation Of Inclusion Body Assembly (GO:0090084),7.604560598480865e-05,0.001151703308733439,0,0,18.299050632911392,173.55144097016552,DNAJB1;HSPA2;SORL1;HSPA1B;HSPA1A
GO_Biological_Process_2023,Regulation Of Microtubule Nucleation (GO:0010968),7.604560598480865e-05,0.001151703308733439,0,0,18.299050632911392,173.55144097016552,PAK1;PDE4DIP;RANGRF;HSPA1B;HSPA1A
GO_Biological_Process_2023,Peptidyl-Lysine Modification (GO:0018205),7.630615605239361e-05,0.001151703308733439,0,0,3.5762143476883668,33.90521899835431,PIAS3;CBX4;ATPSCKMT;PLOD2;P3H4;PLOD1;P3H3;RANGAP1;SIRT2;LOXL2;HINT1;NSMCE4A;ZMIZ1;BLOC1S1;EEF1AKMT1
GO_Biological_Process_2023,Positive Regulation Of Protein Catabolic Process (GO:0045732),7.630615605239361e-05,0.001151703308733439,0,0,3.5762143476883668,33.90521899835431,NDUFA13;HSP90AA1;CDKN1B;EGLN2;PLK2;TNFSF12;WNT5A;SNX33;OAZ1;SORL1;PSMC6;APC;PSMC3;ADAM9;STX5
GO_Biological_Process_2023,Cellular Response To Organonitrogen Compound (GO:0071417),8.12647941920902e-05,0.001222164458367471,0,0,3.376981005518461,31.803723848665555,XBP1;ZFP36L1;RAP1B;LARP1;P2RX4;SESN2;AKAP9;NEURL1;RAPGEF1;RAPGEF2;CTNNB1;NSMF;LAMTOR4;LAMTOR3;SLC26A6;RAPGEF3
GO_Biological_Process_2023,Protein Maturation (GO:0051604),8.341870735908249e-05,0.0012500931554772113,0,0,3.2189189484973846,30.230921402615518,NAA10;PTCH1;F12;ECE1;AEBP1;PCSK6;SORL1;LMF2;TSPAN15;CASP7;MMP14;BMP1;CASP3;BOLA2;CNTN1;CIAO2A;AASDHPPT
GO_Biological_Process_2023,Regulation Of Spindle Assembly (GO:0090169),8.391620334791564e-05,0.0012530891216243714,0,0,6.978894674615752,65.50175477342027,DYNC1H1;PDCD6IP;PLK1;CHMP2B;CEP97;HSPA1B;EML3;HSPA1A
GO_Biological_Process_2023,Ceramide Metabolic Process (GO:0006672),8.720412553211004e-05,0.0012975850622463441,0,0,4.690869939707149,43.84677587251071,SMPD2;ABCA2;ASAH1;CERK;DEGS1;SGMS2;DEGS2;CLN6;CERS2;NSMAF;ST6GALNAC6
GO_Biological_Process_2023,Regulation Of Cellular Component Biogenesis (GO:0044087),8.932177678090401e-05,0.0013200956394252515,0,0,5.8903654485049834,54.917439430362144,RAP1B;HSPA8;HSP90AA1;ROCK1;FAM110C;RAPGEF1;RAPGEF2;TRAF2;NF2
GO_Biological_Process_2023,Cellular Response To Reactive Oxygen Species (GO:0034614),8.934392240232645e-05,0.0013200956394252515,0,0,3.9752824858757063,37.06162754241445,TRPA1;ERCC6L2;TPM1;PXN;MPV17L2;PEX2;FOS;MMP9;CAMKK2;MAPK9;PRDX5;RPS3;SQSTM1
GO_Biological_Process_2023,Protein Modification By Small Protein Conjugation (GO:0032446),9.781692700710598e-05,0.0014402345441500814,0,0,2.0936697084767553,19.32962326281202,ANAPC16;MGRN1;CCNF;MYCBP2;UBE2D3;DCUN1D2;ARRB2;SH3RF1;ANKRD9;NUB1;TRIM7;CAND1;ZMIZ1;ARIH2;RACK1;ELOC;HERC6;PIAS3;FBXW5;TRIM41;CBX4;PLK1;UBE2E1;UBE2E2;RANGAP1;COPS4;COPS6;COPS5;NSMCE4A;TSPAN17;TRIM13;UBE2V2;FBXL3;FBXL2;PDZRN3;RNF220
GO_Biological_Process_2023,Positive Regulation Of Epithelial Cell Migration (GO:0010634),9.821679800579996e-05,0.0014410834020990371,0,0,3.485475925205042,32.16513354033253,SCARB1;IQSEC1;WNT5A;GATA3;MMP9;FUT1;HIF1A;THBS1;BMP4;NELL2;ADAM9;PTK2B;RIN2;SASH1;CLASP2
GO_Biological_Process_2023,"Nuclear-Transcribed mRNA Catabolic Process, Exonucleolytic (GO:0000291)",9.92870975224606e-05,0.001451729054399589,0,0,10.983641160949867,101.2416567103805,EXOSC7;EXOSC4;EXOSC8;POLR2G;CNOT8;DCPS
GO_Biological_Process_2023,Macropinocytosis (GO:0044351),9.9994540154378e-05,0.0014519896847933992,0,0,36.581971534001056,336.9344066797919,PYCARD;MAPKAPK3;RAB34;SNX33
GO_Biological_Process_2023,Transepithelial Chloride Transport (GO:0030321),9.9994540154378e-05,0.0014519896847933992,0,0,36.581971534001056,336.9344066797919,CLCN7;SLC12A2;OSTM1;SLC26A6
GO_Biological_Process_2023,Regulation Of Osteoblast Differentiation (GO:0045667),0.00010261103779233892,0.0014848628183626775,0,0,3.6703762586115527,33.710809505898105,FBN2;ZHX3;PTCH1;CHRD;LIMD1;SMAD6;BMP4;SKI;PPP3CA;SUFU;TMEM119;FERMT2;ATF4;BMPR1A
GO_Biological_Process_2023,Negative Regulation Of Wnt Signaling Pathway (GO:0030178),0.00010939721587117893,0.0015776427261422414,0,0,2.909227771873893,26.533684965541834,OTUD5;PTPRU;LRP1;IGFBP4;TPBG;IGFBP2;WNT5A;JADE1;SOX13;TMEM131L;MCC;LIMD1;MAD2L2;SFRP2;APC;MDK;RACK1;IGFBP6;EMD
GO_Biological_Process_2023,Negative Regulation Of Translation (GO:0017148),0.00011527110503999882,0.0016404399613160815,0,0,3.2641320365458295,29.59987971850671,BTG2;ROCK1;YTHDF3;CNOT10;EIF2AK4;SYNCRIP;FXR2;LARP1;UNK;EIF6;EIF4EBP1;RACK1;RPS3;EIF4EBP3;PAIP2;TNRC6A
GO_Biological_Process_2023,Positive Regulation Of DNA Biosynthetic Process (GO:2000573),0.00011530995691036811,0.0016404399613160815,0,0,4.152781245942248,37.65695015145145,PDGFRB;CCT2;GINS2;HSP90AA1;TNIP1;NVL;MYC;GINS4;NEK7;CTNNB1;KLF4;MAPK15
GO_Biological_Process_2023,Regulation Of Neurogenesis (GO:0050767),0.00011530995691036811,0.0016404399613160815,0,0,4.152781245942248,37.65695015145145,HES6;SNW1;SERPINF1;BHLHE40;CTNNB1;NAP1L1;HOOK3;NF2;ASCL2;SORL1;TGM2;S100A10
GO_Biological_Process_2023,Regulation Of Translational Initiation (GO:0006446),0.00011530995691036811,0.0016404399613160815,0,0,4.152781245942248,37.65695015145145,NPM1;LARP1;YTHDF3;RPS6KB2;EIF4EBP1;HSPB1;EIF4EBP3;POLR2G;EIF2AK4;PAIP2;EIF1B;EIF4B
GO_Biological_Process_2023,Nuclear-Transcribed mRNA Catabolic Process (GO:0000956),0.00011703540827838683,0.0016593808224252085,0,0,3.6185763228016747,32.759094605287395,CNOT6L;SMG9;CNOT10;PNRC1;ZFP36L1;EXOSC7;CNOT6;EXOSC4;CNOT2;MAGOH;EXOSC8;POLR2G;CNOT8;DCPS
GO_Biological_Process_2023,Regulation Of GTPase Activity (GO:0043087),0.00011783243604626301,0.0016596998872949018,0,0,2.4595082266285075,22.24931885809671,RTN4R;DOCK9;LRRK2;ASAP3;RASGRP1;FGD3;ALS2CL;SH3BP1;RACK1;EVI5L;TBC1D10B;S100A10;TGM2;ARFGEF1;RRP1B;VAV2;RAPGEF1;RGS10;RAPGEF2;PIN1;PLXNB1;RGS11;RAPGEF6;FERMT2;RAPGEF3
GO_Biological_Process_2023,Positive Regulation Of Signal Transduction (GO:0009967),0.0001178461805512172,0.0016596998872949018,0,0,2.28174537950179,20.640966102279283,TEDC1;SMARCB1;LRRK2;GATA3;RBPJ;NID1;HIF1A;AGPAT2;CDKN2AIP;DSTYK;ZMIZ1;RPS3;FLNA;PTK2B;SASH1;CD74;XBP1;TGFB1;CRADD;LAMB2;ARNT;SORL1;TGFBR1;SULF2;SKI;SNW1;GKAP1;RAB34;CNTN1
GO_Biological_Process_2023,Negative Regulation Of Phosphorylation (GO:0042326),0.00011905377346319417,0.0016711181335117022,0,0,3.8468254510661564,34.759665844207554,PRNP;CDKN1A;CDKN2B;CDKN1B;CDKN2C;TGFB1;ROCK1;PRKDC;CDKN2A;LRRK2;IRS2;UXT;BMP4
GO_Biological_Process_2023,Positive Regulation Of Response To External Stimulus (GO:0032103),0.00012471496311360184,0.001744766477313546,0,0,2.784463454319914,25.03087775253474,PDGFRB;GSDMD;SETD4;APP;LRSAM1;TGFB1;IL15;WNT5A;MGST2;IL16;THBS1;PYCARD;GPRC5B;LGALS1;TNIP1;MDK;NINJ1;EMILIN1;STX4;SASH1
GO_Biological_Process_2023,Mitochondrial Respiratory Chain Complex Assembly (GO:0033108),0.00013318421713465228,0.0018544685920907909,0,0,3.568215274097627,31.841958453296368,NDUFA13;NDUFA11;NDUFB10;UQCC3;NDUFA2;NDUFB2;NDUFC1;ECSIT;TTC19;TMEM223;NDUFS8;STMP1;CHCHD7;NDUFAF3
GO_Biological_Process_2023,Intracellular Copper Ion Homeostasis (GO:0006878),0.00013343718437509134,0.0018544685920907909,0,0,15.248769338959212,136.0476859184342,ANKRD9;APP;PRNP;MT2A;CCDC22
GO_Biological_Process_2023,DNA Duplex Unwinding (GO:0032508),0.000138524899177682,0.0019125519686466195,0,0,5.497357293868922,48.84105357255485,RECQL4;GINS2;MCM7;ASCC1;MCM9;GINS4;MCM4;ASCC2;SSBP1
GO_Biological_Process_2023,Regulation Of Mitotic Spindle Organization (GO:0060236),0.000138524899177682,0.0019125519686466195,0,0,5.497357293868922,48.84105357255485,DYNC1H1;PDCD6IP;PLK1;CHMP2B;CEP97;RAE1;HSPA1B;EML3;HSPA1A
GO_Biological_Process_2023,Regulation Of Transcription By RNA Polymerase I (GO:0006356),0.00014055872530075093,0.0019342901707237326,0,0,6.371666781506236,56.5159527753162,PRR7;CARM1;UBTF;SMARCA5;FLNA;MAF1;POLR2L;ATF4
GO_Biological_Process_2023,Mitochondrial Translation (GO:0032543),0.00014132406599529822,0.001938487432919221,0,0,3.357667537438895,29.76389267084766,MRPS25;MRPL17;MRPS2;GATB;MRPL37;MRPL23;MRPS6;MRPL21;MRPS18C;TUFM;MRPL11;MRPL22;MRPL4;LARS2;MRPL42
GO_Biological_Process_2023,Positive Regulation Of Cysteine-Type Endopeptidase Activity Involved In Apoptotic Process (GO:0043280),0.00014432141899609223,0.0019731736863394297,0,0,3.1929881213239533,28.237087219733134,FIS1;NDUFA13;PRR7;SMAD3;HIP1;CRADD;BAD;RPS27L;PYCARD;MYC;CNTN1;RACK1;RPS3;PMAIP1;PDCD2;CTSD
GO_Biological_Process_2023,Regulation Of Intrinsic Apoptotic Signaling Pathway (GO:2001242),0.0001489184768517376,0.0020294359418209285,0,0,4.823680035625817,42.506806492614956,PYCARD;FIS1;NDUFA13;PLEKHF1;DAPK2;RACK1;PMAIP1;NOC2L;MMP9;TP53
GO_Biological_Process_2023,Skin Development (GO:0043588),0.00015598436459107528,0.002118871481590381,0,0,4.001540016362674,35.07651853666891,COL1A1;PPP3CA;ASAH1;COL3A1;COL1A2;COL5A1;ITGB4;CASP3;WNT5A;COL5A2;ADAM9;PKD1
GO_Biological_Process_2023,Regulation Of Endoplasmic Reticulum Stress-Induced Intrinsic Apoptotic Signaling Pathway (GO:1902235),0.00015959695412003867,0.0021609735491944786,0,0,7.5402509472638055,65.92335053677381,PTPN1;CREB3;XBP1;LRRK2;CREB3L1;PMAIP1;HSPA1A
GO_Biological_Process_2023,External Encapsulating Structure Organization (GO:0045229),0.00016110133060219566,0.002174351612711045,0,0,3.158563646216594,27.58524298359746,APP;POSTN;COL16A1;MMP9;COL1A1;MMP11;ADAMTS2;MMP14;COL3A1;COL1A2;SPINT1;COL5A1;COL5A2;COL10A1;SLC39A8;COL9A2
GO_Biological_Process_2023,Regulation Of Cytokine-Mediated Signaling Pathway (GO:0001959),0.00017055537530379764,0.002294596438991348,0,0,5.319869740162313,46.157586637895996,IKBKB;PYCARD;SIGIRR;CD74;PTPN1;SPHK1;HIPK1;AGPAT2;IKBKE
GO_Biological_Process_2023,Regulation Of Signal Transduction (GO:0009966),0.00017132751087490378,0.0022976437843764963,0,0,2.5023882891909435,21.700544997635475,APP;PRNP;PTPN1;IGFBP4;PTCH1;LRRK2;IGFBP2;PXN;GATA3;CD3E;KAZALD1;CDKN2AIP;SNX3;TSPAN15;RIC8B;SNW1;RGS3;LURAP1L;GRK6;UBTF;PLCE1;IGFBP6;RGS11
GO_Biological_Process_2023,Transmembrane Receptor Protein Tyrosine Kinase Signaling Pathway (GO:0007169),0.00017213369529395296,0.002301126955183606,0,0,2.1918505510167723,18.99729276396635,RET;FLT1;CSF1;MVP;PXN;PIK3R2;IRS2;CD3E;EFNA4;IGF1R;UXT;PAK1;CASP3;PTK2B;ZNF106;SAMD10;PDGFRB;CHURC1;GAB1;PTK6;MMP9;VAV2;SULF2;CNKSR1;DOK4;MAPKAPK3;DDIT4;RAPGEF1;RAPGEF2;ROR2
GO_Biological_Process_2023,Regulation Of Cell Adhesion (GO:0030155),0.00017546012198581382,0.002330796762404612,0,0,2.792454835281615,24.14942521519333,RET;ROCK1;LAMB2;TPM1;TFE3;CHRD;FUT2;NID1;FUT1;RND1;PPP3CA;ADGRG1;NUAK1;MDK;LPXN;PTK2B;PLXNB1;STX4;TGM2
GO_Biological_Process_2023,Regulation Of Cold-Induced Thermogenesis (GO:0120161),0.00017546012198581382,0.002330796762404612,0,0,2.792454835281615,24.14942521519333,DYNC1H1;PRKAB2;CEBPB;HDAC3;ACSL1;IL15;ARRDC3;TFE3;LNPEP;RBPJ;PRKAB1;ADIPOR2;IGF1R;GADD45G;MUC1;APC;MFAP2;LGR4;ATF4
GO_Biological_Process_2023,Fatty Acid Beta-Oxidation (GO:0006635),0.0001784609751994748,0.002347134818745885,0,0,4.699860337089317,40.56515540258761,ACOT8;ACOX2;ECI1;IVD;ECHDC2;PEX2;ACAA1;CRAT;PPARD;ACAT1
GO_Biological_Process_2023,Purine Ribonucleoside Triphosphate Metabolic Process (GO:0009205),0.00017891956229338144,0.002347134818745885,0,0,6.106004578270823,52.686113726588836,HSPA8;BAD;LRRK2;ENTPD7;ENPP1;ATP1B1;HSPA1B;HSPA1A
GO_Biological_Process_2023,Regulation Of G0 To G1 Transition (GO:0070316),0.00017891956229338144,0.002347134818745885,0,0,6.106004578270823,52.686113726588836,SMARCD1;CDKN2B;SMARCC1;SMARCB1;SMARCD3;PHF10;BCL7C;ARID1B
GO_Biological_Process_2023,Regulation Of Metaphase/Anaphase Transition Of Cell Cycle (GO:1902099),0.00017891956229338144,0.002347134818745885,0,0,6.106004578270823,52.686113726588836,SMARCD1;SMARCC1;SMARCB1;SMARCD3;PHF10;BCL7C;PLK1;ARID1B
GO_Biological_Process_2023,Negative Regulation Of Protein Metabolic Process (GO:0051248),0.0001922356672937625,0.002513988804267186,0,0,2.7702123711688005,23.704121373460467,PRNP;BTG2;ROCK1;CNOT10;NFKB1;SIRT2;SNX3;MAD2L2;SYNCRIP;DNAJC1;FXR2;LARP1;RACK1;RPS3;PIN1;PFDN1;FLNA;PAIP2;MAD2L1
GO_Biological_Process_2023,Cytoskeleton Organization (GO:0007010),0.00019981618007380777,0.0025951341266972905,0,0,3.091888873377077,26.33705792159358,MAST3;TPM1;RHOG;MICAL2;LIMD1;PLD2;NCKIPSD;FGD3;MDK;DPYSL2;MICAL1;PACSIN2;MLST8;PLCE1;RAC3;MARK1
GO_Biological_Process_2023,Hemopoiesis (GO:0030097),0.00019999131476619556,0.0025951341266972905,0,0,3.238880918220947,27.5863151597237,CEBPB;TGFB1;WNT5A;BMI1;HIPK1;EPOR;BMP4;SNRK;SFRP2;KAT6A;MKNK2;SBDS;ARIH2;TP53;ATF4
GO_Biological_Process_2023,Chordate Embryonic Development (GO:0043009),0.00020090565787302703,0.0025951341266972905,0,0,4.20163139329806,35.76712304155367,COL1A1;TGFB1;DEAF1;PTCH1;CHD7;WNT5A;XYLT1;GATA3;PKD1;TGFBR1;SULF2
GO_Biological_Process_2023,Endocytic Recycling (GO:0032456),0.00020090565787302703,0.0025951341266972905,0,0,4.20163139329806,35.76712304155367,SNX3;EHD4;VPS51;CMTM6;RAB13;PTPN23;SNX33;CCDC22;SNX7;ANKRD50;VPS39
GO_Biological_Process_2023,Cellular Response To Glucose Starvation (GO:0042149),0.00020852159042099942,0.0026852734472869377,0,0,5.153475158562368,43.67811364525825,NUAK1;XBP1;NUAK2;SESN2;PMAIP1;PICK1;PLIN2;TP53;ATF4
GO_Biological_Process_2023,Negative Regulation Of Response To Endoplasmic Reticulum Stress (GO:1903573),0.000211757549577971,0.002702154670523745,0,0,7.121142790097384,60.2453563138521,PTPN1;CREB3;XBP1;LRRK2;CREB3L1;RACK1;HSPA1A
GO_Biological_Process_2023,Negative Regulation Of Smoothened Signaling Pathway (GO:0045879),0.000211757549577971,0.002702154670523745,0,0,7.121142790097384,60.2453563138521,MGRN1;SUFU;PTCH1;RACK1;ENPP1;KCTD6;GLIS2
GO_Biological_Process_2023,Protein Localization To Chromatin (GO:0071168),0.000211757549577971,0.002702154670523745,0,0,7.121142790097384,60.2453563138521,MRNIP;MCM9;RAD21;PLK1;TONSL;LRWD1;ESR1
GO_Biological_Process_2023,Positive Regulation Of Fat Cell Differentiation (GO:0045600),0.00021277833101011944,0.0027069774981378033,0,0,4.5822316234796405,38.74395807800328,CEBPB;XBP1;SFRP2;CARM1;TFE3;SOX13;SIX1;VSTM2A;PPARD;ZFP36L1
GO_Biological_Process_2023,Positive Regulation Of Binding (GO:0051099),0.00021857777147029492,0.0027604873783149413,0,0,3.3800239868351323,28.48808828549318,APP;CDT1;LRP1;NVL;LRRK2;RPL11;EDF1;PKD1;MMP9;SIRT2;BMP4;SKI;RAPGEF2;PIN1
GO_Biological_Process_2023,Regulation Of Intrinsic Apoptotic Signaling Pathway In Response To DNA Damage By P53 Class Mediator (GO:1902165),0.00021895102929403714,0.0027604873783149413,0,0,13.069996986136227,110.13645300350899,CD74;ING2;MUC1;RPL26;TAF9B
GO_Biological_Process_2023,Regulation Of Transcription From RNA Polymerase II Promoter In Response To Stress (GO:0043618),0.00021895102929403714,0.0027604873783149413,0,0,13.069996986136227,110.13645300350899,MUC1;ARNT;HIF1A;TP53;ATF4
GO_Biological_Process_2023,Defense Response To Virus (GO:0051607),0.00022298223277018788,0.0027785313255314233,0,0,2.511769508692016,21.12000911257696,SETD2;IFITM2;TRIM41;ATAD3A;RNASE1;PQBP1;PYCARD;UBE2W;TRIM7;EXOSC4;IFI27;TRAF3;IRF1;DDIT4;G3BP1;IRF2;TRIM13;PMAIP1;TBKBP1;AZI2;IKBKE;MYD88
GO_Biological_Process_2023,DNA Dealkylation (GO:0035510),0.00022368133919618916,0.0027785313255314233,0,0,24.38727815849587,204.9820991854803,ALKBH2;ASCC1;MPG;ASCC2
GO_Biological_Process_2023,DNA Dealkylation Involved In DNA Repair (GO:0006307),0.00022368133919618916,0.0027785313255314233,0,0,24.38727815849587,204.9820991854803,ALKBH2;ASCC1;MPG;ASCC2
GO_Biological_Process_2023,Peptidyl-Lysine Hydroxylation (GO:0017185),0.00022368133919618916,0.0027785313255314233,0,0,24.38727815849587,204.9820991854803,P3H4;PLOD2;P3H3;PLOD1
GO_Biological_Process_2023,Positive Regulation Of Microtubule Nucleation (GO:0090063),0.00022368133919618916,0.0027785313255314233,0,0,24.38727815849587,204.9820991854803,PAK1;PDE4DIP;HSPA1B;HSPA1A
GO_Biological_Process_2023,Negative Regulation Of Cell Cycle Process (GO:0010948),0.00022547974672701678,0.002784443441253571,0,0,5.861595351294242,49.22145868941977,BMP4;NME6;PPP1R10;ZFYVE19;SMARCA5;CCP110;TERF1;TP53
GO_Biological_Process_2023,Transcription Initiation-Coupled Chromatin Remodeling (GO:0045815),0.00022547974672701678,0.002784443441253571,0,0,5.861595351294242,49.22145868941977,SMARCD1;TRMT112;RBM14;SMARCB1;VPS72;NOC2L;ARID1B;TP53
GO_Biological_Process_2023,Macromolecule Modification (GO:0043412),0.00023292050990365984,0.0028679189099541274,0,0,3.5592350746268657,29.77233696772203,CSNK1G3;MANBA;PRKDC;UBE2D3;ARAF;PLOD2;RABGGTB;FBXW2;LOXL2;ST3GAL4;FBXL2;B4GALT7;LCMT1
GO_Biological_Process_2023,Negative Regulation Of Supramolecular Fiber Organization (GO:1902904),0.0002396838147941115,0.002942590507574354,0,0,3.794235227542396,31.62946553977059,ARFGEF1;HSPA8;SMAD4;CKAP2;TWF2;PFDN1;BMERB1;EMILIN1;CORO1A;SSH3;ARPIN;CLASP2
GO_Biological_Process_2023,Positive Regulation Of MAP Kinase Activity (GO:0043406),0.00024612825859586225,0.003012924700427837,0,0,3.3360312183841594,27.72127777315758,PDGFRB;PTPN1;FLT1;TGFB1;LRRK2;WNT5A;TRAF2;RASGRP1;THBS1;PAK1;DVL2;RPS3;ADAM9;SASH1
GO_Biological_Process_2023,Negative Regulation Of I-kappaB kinase/NF-kappaB Signaling (GO:0043124),0.0002532507184856928,0.003091126885632616,0,0,4.997165097059389,41.3821766874661,PYCARD;MAPKBP1;PER1;TNIP1;CARD19;SLC39A8;ARRB2;CCDC22;ESR1
GO_Biological_Process_2023,Central Nervous System Development (GO:0007417),0.00026983797525120215,0.003284068536944544,0,0,2.1608381777916192,17.757095845141095,APP;CNTNAP2;RTN1;ITGAM;ROGDI;CHD7;SMG9;SPATA5;NPAS1;PKD1;GLIS2;DHX30;ADGRG1;DHX37;RBBP7;BRINP3;MNX1;SH3GL1;SEMA6B;EMX1;KDM4B;UTP3;PTCH1;THOC6;NFASC;PITPNM1;ADORA2A;DDIT4;CNTN1
GO_Biological_Process_2023,Negative Regulation Of Cellular Response To Growth Factor Stimulus (GO:0090288),0.0002749539662662723,0.0033212442006173002,0,0,3.729818485253609,30.580434401499442,SKI;PTPN1;CREB3L1;UBE2D3;CHRD;EMILIN1;LEMD3;SMAD6;NBL1;THBS1;SORL1;SULF2
GO_Biological_Process_2023,Negative Regulation Of Amide Metabolic Process (GO:0034249),0.0002766092649679434,0.0033212442006173002,0,0,3.293166469637058,26.980598860536976,PRNP;BTG2;RTN1;ROCK1;SPHK1;CNOT10;SORL1;SYNCRIP;FXR2;LARP1;RACK1;RPS3;PIN1;PAIP2
GO_Biological_Process_2023,Positive Regulation Of Cellular Component Biogenesis (GO:0044089),0.0002766092649679434,0.0033212442006173002,0,0,3.293166469637058,26.980598860536976,PDCD6IP;SMAD3;TGFB1;BIK;RHOC;SPIDR;RACK1;RPS3;EMILIN1;SLX1A;BMF;FNIP1;FNIP2;CRB3
GO_Biological_Process_2023,Positive Regulation Of Protein Kinase B Signaling (GO:0051897),0.0002766092649679434,0.0033212442006173002,0,0,3.293166469637058,26.980598860536976,RET;HSP90AA1;HIP1;TGFB1;MAZ;GATA3;THBS1;TGFBR1;IGF1R;MYDGF;P2RX4;FAM110C;CNTN1;FERMT2
GO_Biological_Process_2023,Regulation Of Nucleotide-Excision Repair (GO:2000819),0.00027683607561545295,0.0033212442006173002,0,0,6.746151281053743,55.26504479639985,SMARCD1;SMARCC1;SMARCB1;SMARCD3;PHF10;BCL7C;ARID1B
GO_Biological_Process_2023,Establishment Of Mitotic Spindle Localization (GO:0040001),0.0002815162765199393,0.0033582579048880012,0,0,5.635986834085091,46.075997526653914,HDAC3;UBXN2B;SAPCD2;PLK1;NUSAP1;CLASP2;ENKD1;MAD2L1
GO_Biological_Process_2023,Negative Regulation Of Mitotic Cell Cycle (GO:0045930),0.0002815162765199393,0.0033582579048880012,0,0,5.635986834085091,46.075997526653914,BMP4;BTG2;CDKN1B;NME6;CTNNB1;BRINP3;ZFP36L1;MAD2L1
GO_Biological_Process_2023,Regulation Of Neuron Projection Development (GO:0010975),0.0002902711531400868,0.0034529147623528406,0,0,2.5222048393825616,20.542589298165108,RTN4R;RET;CAMK2B;LRRK2;WNT5A;MYCBP2;TWF2;MBOAT1;PTK6;SRCIN1;SNX3;PAK1;PTK7;MDK;RAPGEF1;RAPGEF2;PTK2B;ROR2;CAMK2G;DBN1;MARK1
GO_Biological_Process_2023,Negative Regulation Of Signal Transduction (GO:0009968),0.0002924871057738785,0.0034694738096163447,0,0,2.1831015229804445,17.764093517244362,LRP1;MGRN1;MAZ;GATA3;THBS1;GLIS2;CREB3L1;SUFU;RACK1;PIP4K2A;ENPP1;EMILIN1;TNS2;PTPN1;GPR108;PTCH1;SMAD5;KCTD6;SULF2;SIGIRR;TSPAN15;MMP14;SFRP2;TCIM;CILP;NEURL1;TRIB1;LGR4
GO_Biological_Process_2023,Positive Regulation Of Cytokine-Mediated Signaling Pathway (GO:0001961),0.0003056449330581353,0.003615367452550022,0,0,4.850049745056585,39.251872015270564,CD74;TRIM41;CSF1;WNT5A;AGPAT2;HIF1A;IKBKE;HSPA1B;HSPA1A
GO_Biological_Process_2023,Regulation Of Peptidyl-Serine Phosphorylation (GO:0033135),0.0003102714736464996,0.003659812816597787,0,0,3.251386904402541,26.264907998392367,APP;HSP90AA1;TGFB1;ARAF;MAD2L2;TCL1B;PAK1;SFRP2;NSD1;RACK1;INPP5J;GPD1L;FNIP1;FNIP2
GO_Biological_Process_2023,Autophagosome Assembly (GO:0000045),0.0003163382643316437,0.003720950924861876,0,0,3.954134246291109,31.865175561859726,AP4M1;MAP1LC3A;UBXN2B;ATG16L2;RB1CC1;RAB1B;TP53INP1;TOM1;ARFIP2;ATG12;GABARAP
GO_Biological_Process_2023,Regulation Of Protein Binding (GO:0043393),0.00033370073252148393,0.003914244525481807,0,0,2.936870026525199,23.510425702388208,APP;CDKN1A;LRP1;ROCK1;NVL;LRRK2;PLK1;RPL11;CSNK1E;PKD1;SORL1;PPP1CA;BMP4;RACK1;PIN1;RAPGEF2
GO_Biological_Process_2023,Regulation Of Cysteine-Type Endopeptidase Activity Involved In Apoptotic Process (GO:0043281),0.0003384259999860173,0.0039586441276142185,0,0,3.4064013317191284,27.221251698338012,FIS1;NDUFA13;BAD;DELE1;KLF4;THBS1;SH3RF1;PYCARD;MYC;PMAIP1;SFN;FNIP1;CTSD
GO_Biological_Process_2023,Negative Regulation Of Translational Initiation (GO:0045947),0.0003405753387180212,0.00396177555619223,0,0,11.435917721518987,91.31436434232191,LARP1;EIF4EBP1;EIF4EBP3;EIF2AK4;PAIP2
GO_Biological_Process_2023,Protein Hydroxylation (GO:0018126),0.0003405753387180212,0.00396177555619223,0,0,11.435917721518987,91.31436434232191,P3H4;PLOD2;P3H3;PLOD1;JMJD7
GO_Biological_Process_2023,Cellular Response To Heat (GO:0034605),0.00034842791115855914,0.0040419557407402,0,0,5.427090058891433,43.21092089504566,DNAJB1;HSP90AA1;TCIM;HIKESHI;RBBP7;THBS1;HSPA1B;HSPA1A
GO_Biological_Process_2023,Negative Regulation Of Protein Modification By Small Protein Conjugation Or Removal (GO:1903321),0.0003505612567661313,0.0040555314622037885,0,0,4.262172100402149,33.90973509035052,RPL5;PIAS3;CAMLG;RPL11;RPS3;CTNNB1;ARRB2;SQSTM1;HSPA1B;HSPA1A
GO_Biological_Process_2023,Cell Surface Receptor Signaling Pathway Involved In Cell-Cell Signaling (GO:1905114),0.0003570572658413911,0.004096915930403537,0,0,6.408658922914467,50.86946322643395,BMP4;ITGAM;FZD2;WNT5A;RAC3;GPC4;FERMT2
GO_Biological_Process_2023,Positive Regulation Of Ubiquitin-Protein Transferase Activity (GO:0051443),0.0003570572658413911,0.004096915930403537,0,0,6.408658922914467,50.86946322643395,CDC20;FZR1;PLK1;DCUN1D2;PIN1;RPS2;BMI1
GO_Biological_Process_2023,Regulation Of SMAD Protein Signal Transduction (GO:0060390),0.0003570572658413911,0.004096915930403537,0,0,6.408658922914467,50.86946322643395,BMP4;SMAD4;TGFB1;LRP1;CILP;TGFBR1;BMPR1A
GO_Biological_Process_2023,Cellular Response To Decreased Oxygen Levels (GO:0036294),0.00035883161657422,0.004106086786396849,0,0,3.6073210736880474,28.61564189956831,EGLN2;TGFB1;BAD;MYC;MLST8;PICK1;PMAIP1;AQP3;TP53;HIF1A;SIRT2;ZFP36L1
GO_Biological_Process_2023,Positive Regulation Of Chemotaxis (GO:0050921),0.0003666836777555293,0.00418456630631039,0,0,4.711340984596799,37.27147033054372,PDGFRB;EDN2;TGFB1;P2RX4;MDK;CNTN1;HSPB1;STX4;THBS1
GO_Biological_Process_2023,DNA Unwinding Involved In DNA Replication (GO:0006268),0.0004016115520760076,0.004558453492700992,0,0,7.844553335846212,61.344604964163025,RECQL4;GINS2;MCM7;GINS4;MCM4;SSBP1
GO_Biological_Process_2023,Regulation Of Meiotic Cell Cycle (GO:0051445),0.0004016115520760076,0.004558453492700992,0,0,7.844553335846212,61.344604964163025,CDC20;FZR1;ANAPC15;ANAPC16;CDC26;ANAPC10
GO_Biological_Process_2023,Positive Regulation Of Cell Projection Organization (GO:0031346),0.0004057475086941935,0.004593018169653895,0,0,2.8791179071097934,22.48527598481677,RET;CAMK2B;NCOA2;METRN;WNT5A;TWF2;PTK6;SNX3;PTK7;MDK;DVL2;RAPGEF1;RAPGEF2;PTK2B;PLXNB1;ROR2
GO_Biological_Process_2023,Regulation Of BMP Signaling Pathway (GO:0030510),0.00040829339744472763,0.00459712164876938,0,0,3.5490360149592717,27.694989602762544,BMP4;SKI;SMAD4;FOXD1;UBE2D3;CHRD;PCSK6;RBPJ;LEMD3;SMAD6;NBL1;SORL1
GO_Biological_Process_2023,Regulation Of TOR Signaling (GO:0032006),0.00040829339744472763,0.00459712164876938,0,0,3.5490360149592717,27.694989602762544,TBCK;NUAK1;ENDOG;HDAC3;NUAK2;DDIT4;ARAF;MLST8;FAM83D;FNIP1;LAMTOR4;LAMTOR3
GO_Biological_Process_2023,Positive Regulation Of T Cell Differentiation (GO:0045582),0.0004208473725831674,0.004713266717946058,0,0,3.804702006588799,29.574863063920056,SMARCD1;SMARCC1;XBP1;SMARCB1;SMARCD3;PHF10;MDK;ZMIZ1;NKAP;GATA3;ARID1B
GO_Biological_Process_2023,Positive Regulation Of Cell Cycle (GO:0045787),0.0004208473725831674,0.004713266717946058,0,0,3.804702006588799,29.574863063920056,APP;RPS15A;CCND1;CCDC57;SPHK1;USP22;USP2;EIF4EBP1;PTK6;PKD1;USP19
GO_Biological_Process_2023,Mitochondrion Disassembly (GO:0061726),0.00042773759467941257,0.0047706848657560865,0,0,5.233114481925893,40.59327242184396,FIS1;MAP1LC3A;RB1CC1;SNX33;SNX7;SQSTM1;GABARAP;ATG12
GO_Biological_Process_2023,Positive Regulation Of Extracellular Matrix Assembly (GO:1901203),0.00042891354965713296,0.0047706848657560865,0,0,18.28993147074328,141.82479576278485,SMAD3;TGFB1;EMILIN1;CLASP2
GO_Biological_Process_2023,Macromolecule Catabolic Process (GO:0009057),0.00042937296702008,0.0047706848657560865,0,0,3.3115878060263655,25.675351677721473,RNASEH2C;UVRAG;LRSAM1;TGFB1;CLN6;EXOSC7;CASP7;EXOSC4;CASP3;EXOSC8;SLC16A3;SQSTM1;DNASE1L1
GO_Biological_Process_2023,Positive Regulation Of TOR Signaling (GO:0032008),0.00043742561341635945,0.004847366468674446,0,0,4.580338266384778,35.427102186892945,OTUD5;HDAC3;SESN2;MLST8;SIK3;KLHL22;FNIP1;LAMTOR4;LAMTOR3
GO_Biological_Process_2023,Double-Strand Break Repair (GO:0006302),0.00044247908643924564,0.004890497199463684,0,0,2.49924956691874,19.30199770953836,DCLRE1B;FEN1;KDM2A;WDR48;PRKDC;MCM9;TONSL;TENT4A;SPIDR;POLB;RECQL4;MAD2L2;HPF1;NSMCE4A;MTA1;PAXX;EME2;RAD21;UBE2V2;SLX1A
GO_Biological_Process_2023,Glycerophospholipid Biosynthetic Process (GO:0046474),0.0004690045904873664,0.005170100341733769,0,0,2.9595833475866313,22.684904486918544,MTMR1;CHKB;SLC44A1;SACM1L;ABHD5;DGKZ;AGPAT2;PLD2;INPP4B;MUC1;PITPNM1;ETNK2;INPP5J;PMPCA;PI4KB
GO_Biological_Process_2023,Canonical Wnt Signaling Pathway (GO:0060070),0.0004830867146404751,0.005297599362893335,0,0,3.7341367822849305,28.51130829683874,RARG;SFRP2;FZD2;LRRK2;WNT5A;DVL2;CTNNB1;CSNK1E;GATA3;NID1;PPP1CA
GO_Biological_Process_2023,Regulation Of Cell-Matrix Adhesion (GO:0001952),0.0004830867146404751,0.005297599362893335,0,0,3.7341367822849305,28.51130829683874,CSF1;LDB1;ROCK1;LIMCH1;CDKN2A;PLEKHA2;PTK2B;NF2;CD3E;FUT1;THBS1
GO_Biological_Process_2023,Defense Response To Symbiont (GO:0140546),0.0005002550257026533,0.00545744537107221,0,0,2.623017980426371,19.935966285915136,SETD2;IFITM2;TRIM41;RNASE1;PQBP1;PYCARD;EXOSC4;IFI27;TRAF3;IRF1;DDIT4;G3BP1;IRF2;PMAIP1;TBKBP1;AZI2;IKBKE;MYD88
GO_Biological_Process_2023,Positive Regulation Of Protein Kinase Activity (GO:0045860),0.0005002550257026533,0.00545744537107221,0,0,2.623017980426371,19.935966285915136,PRNP;PTPN1;CDKN1A;HSP90AA1;CSF1;LRRK2;PRKAG1;SRCIN1;CAMKK2;TCL1B;GPRC5B;MRNIP;DOK7;TAOK2;UNC119;RAPGEF2;PTK2B;TAB1
GO_Biological_Process_2023,Copper Ion Homeostasis (GO:0055070),0.0005071515815427824,0.005490013650068527,0,0,10.164967182372246,77.11856284161625,ANKRD9;APP;PRNP;MT2A;CCDC22
GO_Biological_Process_2023,Negative Regulation Of Smooth Muscle Cell Migration (GO:0014912),0.0005071515815427824,0.005490013650068527,0,0,10.164967182372246,77.11856284161625,BMP4;LRP1;TPM1;TRIB1;BMPR1A
GO_Biological_Process_2023,Regulation Of Cell Fate Specification (GO:0042659),0.0005071515815427824,0.005490013650068527,0,0,10.164967182372246,77.11856284161625,MBD3;MTA1;RBBP7;MTA2;GATAD2B
GO_Biological_Process_2023,Autophagy Of Mitochondrion (GO:0000422),0.0005190102198694203,0.005597773633510414,0,0,4.456416776184218,33.70649592152732,FIS1;MAP1LC3A;RB1CC1;ARFIP2;SNX33;SNX7;SQSTM1;ATG12;GABARAP
GO_Biological_Process_2023,Aortic Valve Morphogenesis (GO:0003180),0.0005210941021933228,0.005597773633510414,0,0,5.052516530957976,38.19490248312431,BMP4;TGFB1;ROCK1;CDH11;EMILIN1;NFATC1;GATA3;SMAD6
GO_Biological_Process_2023,Regulation Of Ossification (GO:0030278),0.0005210941021933228,0.005597773633510414,0,0,5.052516530957976,38.19490248312431,BMP4;ANKH;MDK;WNT5A;ENPP1;SGMS2;RBPJ;SMAD6
GO_Biological_Process_2023,Wnt Signaling Pathway (GO:0016055),0.000524610608184774,0.005621209341135073,0,0,3.4379301217575438,25.966185197543915,RARG;SFRP2;FZD2;LRRK2;WNT5A;DVL2;RAC3;CTNNB1;CSNK1E;GPC4;NID1;FERMT2
GO_Biological_Process_2023,Anaphase-Promoting Complex-Dependent Catabolic Process (GO:0031145),0.0005376507040139544,0.005728952226324672,0,0,7.3213720316622695,55.11749573833157,CDC20;FZR1;ANAPC15;ANAPC16;CDC26;ANAPC10
GO_Biological_Process_2023,Cytoskeleton-Dependent Intracellular Transport (GO:0030705),0.0005376507040139544,0.005728952226324672,0,0,7.3213720316622695,55.11749573833157,TUBA1C;TUBA1B;TUBA1A;HOOK2;KIF1C;HOOK3
GO_Biological_Process_2023,Positive Regulation Of Defense Response (GO:0031349),0.0005387473478092069,0.005728952226324672,0,0,2.7966148793735,21.048061439408155,GSDMD;SETD4;APP;LRSAM1;IL15;WNT5A;MGST2;IL16;GRPR;PYCARD;GPRC5B;LGALS1;TNIP1;MDK;NINJ1;EMILIN1
GO_Biological_Process_2023,Positive Regulation Of DNA Repair (GO:0045739),0.000540249211688345,0.005730451965792496,0,0,3.2218993357764543,24.239895284768966,SMARCD1;SMARCC1;INO80E;SMARCB1;SMARCD3;PHF10;MGMT;ARID1B;SPIDR;BCL7C;UBE2V2;RPS3;NFRKB
GO_Biological_Process_2023,Peptidyl-Threonine Modification (GO:0018210),0.0005528373463696572,0.005792677064773394,0,0,3.666137566137566,27.497669516869294,GALNT6;SBK1;GALNT16;ROCK1;PRKDC;LRRK2;CDC42BPG;CDK10;OXSR1;HIPK1;TGFBR1
GO_Biological_Process_2023,Regulation Of Endocytosis (GO:0030100),0.0005528373463696572,0.005792677064773394,0,0,3.666137566137566,27.497669516869294,SCARB1;PTPN1;LRSAM1;HIP1;CD151;LRP1;ROCK1;SPHK1;PACSIN2;SNX33;LETMD1
GO_Biological_Process_2023,Cellular Response To Peptide (GO:1901653),0.0005557448430701617,0.005792677064773394,0,0,3.9838594716391142,29.85982862865477,APP;PRNP;XBP1;TRIM41;LRP1;LDOC1;TP53;RPL17;IGF1R;ZFP36L1
GO_Biological_Process_2023,Mitotic DNA Damage Checkpoint Signaling (GO:0044773),0.0005557448430701617,0.005792677064773394,0,0,3.9838594716391142,29.85982862865477,CDKN1A;FZR1;MRNIP;CCND1;EME2;PRKDC;PLK1;TAOK2;RPS27L;TP53
GO_Biological_Process_2023,Myeloid Cell Differentiation (GO:0030099),0.0005557448430701617,0.005792677064773394,0,0,3.9838594716391142,29.85982862865477,ATP5IF1;SLC25A38;RPS14;CEBPB;CDKN2B;SNRK;RACGAP1;CASP3;KAT6A;SLC25A5
GO_Biological_Process_2023,post-Golgi Vesicle-Mediated Transport (GO:0006892),0.0005557448430701617,0.005792677064773394,0,0,3.9838594716391142,29.85982862865477,AP4M1;MON2;RABEP1;OSBPL5;ARL3;GBF1;CCDC22;CORO7;GOLGA7;SORL1
GO_Biological_Process_2023,Regulation Of Stem Cell Population Maintenance (GO:2000036),0.0005557448430701617,0.005792677064773394,0,0,3.9838594716391142,29.85982862865477,SMARCD1;ING2;SMARCC1;SMARCB1;PHF10;BCL7C;MYC;CNOT2;RBBP7;LOXL2
GO_Biological_Process_2023,Regulation Of JNK Cascade (GO:0046328),0.0005715991152166832,0.005927320173574926,0,0,2.897108890997377,21.632922592476923,APP;MAPKBP1;HDAC3;TRAF2;RASGRP1;SH3RF1;IGF1R;GADD45G;PYCARD;PER1;COPS5;TRAF3;TAOK2;PTK2B;FKTN
GO_Biological_Process_2023,"Maturation Of SSU-rRNA From Tricistronic rRNA Transcript (SSU-rRNA, 5.8S rRNA, LSU-rRNA) (GO:0000462)",0.0005728851367003075,0.005927320173574926,0,0,5.825717577037535,43.487964081220035,RPS14;UTP3;BMS1;DHX37;RRS1;TSR2;KRI1
GO_Biological_Process_2023,Positive Regulation Of Microtubule Polymerization (GO:0031116),0.0005728851367003075,0.005927320173574926,0,0,5.825717577037535,43.487964081220035,PAK1;RPS3;TOGARAM1;PDE4DIP;SLAIN2;HSPA1B;HSPA1A
GO_Biological_Process_2023,Epigenetic Regulation Of Gene Expression (GO:0040029),0.0005924931314556209,0.0061151680798029896,0,0,3.384941157307489,25.154077504218282,TRMT112;SMARCD1;RBM14;SMARCB1;MTA1;VPS72;BMI1;NOC2L;ARID1B;TP53;SIRT2;PHF19
GO_Biological_Process_2023,Response To UV (GO:0009411),0.000595117884613294,0.0061272406163975085,0,0,3.0213535334642603,22.438840516932395,FEN1;NPM1;TP53I13;EIF2AK4;NOC2L;TENT4A;CCAR2;CDC25A;CCND1;MYC;BMF;RPL26;TP53;ATF4
GO_Biological_Process_2023,Cellular Response To Chemical Stress (GO:0062197),0.0006041935971130415,0.006205510335226872,0,0,3.178848870056497,23.560406785664284,VKORC1L1;LRRK2;FANCC;SIRT2;PRDX5;SESN2;MLST8;STX4;HSPA1B;ATF4;RBM11;SLC25A24;HSPA1A
GO_Biological_Process_2023,Positive Regulation Of Epithelial To Mesenchymal Transition (GO:0010718),0.0006126590329828775,0.006261910650220624,0,0,4.339017469678424,32.09875822892699,COL1A1;SMAD4;SMAD3;TGFB1;MDK;CTNNB1;TGFBR1;FERMT2;LOXL2
GO_Biological_Process_2023,Regulation Of Tumor Necrosis Factor-Mediated Signaling Pathway (GO:0010803),0.0006126590329828775,0.006261910650220624,0,0,4.339017469678424,32.09875822892699,IKBKB;PYCARD;PELI3;SPHK1;PYDC1;HIPK1;IKBKE;HSPA1B;HSPA1A
GO_Biological_Process_2023,Regulation Of Protein Import Into Nucleus (GO:0042306),0.0006302728876415554,0.0064006275845194345,0,0,4.883958443387921,35.99163665076924,BMP4;HDAC3;SMAD3;TGFB1;SUFU;FLNA;PIK3R2;RBM22
GO_Biological_Process_2023,Response To Transforming Growth Factor Beta (GO:0071559),0.0006302728876415554,0.0064006275845194345,0,0,4.883958443387921,35.99163665076924,SMAD4;SMAD3;TGFB1;ROCK1;WNT5A;MXRA5;TGFBR1;ZFP36L1
GO_Biological_Process_2023,Extrinsic Apoptotic Signaling Pathway (GO:0097191),0.0006307908923238103,0.0064006275845194345,0,0,3.6005668934240362,26.530907283270217,SMAD3;TGFB1;IFI27;CRADD;SIVA1;BAD;TNFSF12;DELE1;HIPK1;GABARAP;MCL1
GO_Biological_Process_2023,Protein Ubiquitination (GO:0016567),0.0006383380903850459,0.006461638698585164,0,0,1.8421900161030595,13.552333352174497,LRSAM1;ANAPC16;MGRN1;UHRF1;UBE2D3;CCNF;MYCBP2;ARRB2;SH3RF1;ANKRD9;NUB1;TRIM7;CAND1;RACK1;ARIH2;ELOC;SASH1;HERC6;FBXW5;TRIM41;PLK1;UBE2E1;KLHL22;LNPEP;FANCC;TRAF2;PEX2;FANCE;UBE2W;TSPAN17;NEURL1;TRIM13;UBE2V2;CTNNB1;FBXL3;FBXL2;PDZRN3;RNF220
GO_Biological_Process_2023,RNA Catabolic Process (GO:0006401),0.000642991727409915,0.006477603263452517,0,0,3.8989839891085434,28.655109878948988,EXOSC7;RNASEH2C;FEN1;RNH1;EXOSC4;LSM6;EXOSC8;CNOT10;HSPA1B;HSPA1A
GO_Biological_Process_2023,Positive Regulation Of Mitochondrion Organization (GO:0010822),0.000642991727409915,0.006477603263452517,0,0,3.8989839891085434,28.655109878948988,PYCARD;FIS1;BAD;BIK;PMAIP1;CHCHD10;BMF;MMP9;TP53;CAMKK2
GO_Biological_Process_2023,Regulation Of Organelle Organization (GO:0033043),0.0006594410177642516,0.006627460920776285,0,0,2.9861352460531667,21.870806979463318,FIS1;INO80E;TMED9;PDE4DIP;RBSN;MAPK15;ATG12;AKAP9;TOM1;STX5;PLXNB1;NF2;NFRKB;SQSTM1
GO_Biological_Process_2023,Protein Stabilization (GO:0050821),0.0006674648729922224,0.006677520537902256,0,0,2.2967003725385844,16.793527771243745,RPL5;CCT2;CRTAP;HSP90AA1;HIP1;CAMLG;RPL11;USP2;ATP1B1;USP19;PDRG1;UXT;PER3;FLNA;PIN1;PFDN1;TAF9B;PPIB;GOLGA7;RPL17;HSPA1B;HSPA1A
GO_Biological_Process_2023,Negative Regulation Of Protein Serine/Threonine Kinase Activity (GO:0071901),0.0006675934805169437,0.006677520537902256,0,0,3.33355791905289,24.374412572112966,PYCARD;BMP4;PTPN1;CDKN1A;CDKN1B;APC;CDKN2A;PRKAR2A;PLK1;NR2F2;PKIG;SORL1
GO_Biological_Process_2023,Cellular Lipid Catabolic Process (GO:0044242),0.0007069526582513572,0.007024848430597902,0,0,6.863588390501319,49.79222357757416,ACOT8;MGST2;SIRT2;LPIN3;PLD2;PPARD
GO_Biological_Process_2023,Cellular Response To Cadmium Ion (GO:0071276),0.0007069526582513572,0.007024848430597902,0,0,6.863588390501319,49.79222357757416,MAPK9;MT1G;SLC39A8;FOS;MMP9;MT1E
GO_Biological_Process_2023,Negative Regulation Of Macromolecule Metabolic Process (GO:0010605),0.0007096866360154446,0.007024848430597902,0,0,2.3379593810444876,16.95181179138807,APP;SMAD3;TGFB1;LRP1;AP1AR;CNPY2;CD3E;KLF4;HIF1A;ESR1;SMAD5;NFKB1;BMP4;SFRP2;CILP;CREB3L1;TCEAL1;RACK1;EMILIN1;MARK1;BMPR1A
GO_Biological_Process_2023,Cellular Response To cAMP (GO:0071320),0.0007139955184744483,0.007024848430597902,0,0,5.572264817960608,40.369018445571854,RAP1B;AKAP9;RAPGEF1;RAPGEF2;RAPGEF3;SLC26A6;ZFP36L1
GO_Biological_Process_2023,Negative Regulation Of Epithelial To Mesenchymal Transition (GO:0010719),0.0007139955184744483,0.007024848430597902,0,0,5.572264817960608,40.369018445571854,MAD2L2;SPRED1;SFRP2;GATA3;LDLRAD4;VASN;MARK1
GO_Biological_Process_2023,Negative Regulation Of Peptidyl-Tyrosine Phosphorylation (GO:0050732),0.0007139955184744483,0.007024848430597902,0,0,5.572264817960608,40.369018445571854,SOCS3;SFRP2;MVP;SH3BP5;PTK6;NF2;SRCIN1
GO_Biological_Process_2023,Positive Regulation Of JUN Kinase Activity (GO:0043507),0.0007139955184744483,0.007024848430597902,0,0,5.572264817960608,40.369018445571854,PTPN1;PAK1;WNT5A;DVL2;RPS3;TRAF2;SASH1
GO_Biological_Process_2023,"Retrograde Vesicle-Mediated Transport, Golgi To Endoplasmic Reticulum (GO:0006890)",0.0007196765019573278,0.007064237178886498,0,0,4.227638640429338,30.59418954000993,UVRAG;GBF1;GOLPH3L;KIF1C;PICK1;KDELR3;ERGIC3;ATP9A;COPZ1
GO_Biological_Process_2023,Mitotic Chromosome Condensation (GO:0007076),0.0007282736625191777,0.007077882479036829,0,0,9.148206751054852,66.09427215834661,NCAPH2;PLK1;NUSAP1;NCAPD3;TENT4A
GO_Biological_Process_2023,Protein Catabolic Process (GO:0030163),0.0007295534838236611,0.007077882479036829,0,0,2.9517265744446273,21.320550918708225,HSPA8;LRSAM1;HSP90AA1;MANBA;NGLY1;CLN6;NEU4;CASP7;CASP3;PMAIP1;STT3B;SLC16A3;SQSTM1;CTSD
GO_Biological_Process_2023,"DNA Damage Response, Signal Transduction Resulting In Transcription (GO:0042772)",0.0007402632628369446,0.007077882479036829,0,0,14.631523458091724,105.47140524188227,MAD2L2;MUC1;RPS27L;TP53
GO_Biological_Process_2023,Rap Protein Signal Transduction (GO:0032486),0.0007402632628369446,0.007077882479036829,0,0,14.631523458091724,105.47140524188227,RAP1B;RAPGEF1;RAPGEF2;RAPGEF3
GO_Biological_Process_2023,Chloride Ion Homeostasis (GO:0055064),0.0007402632628369446,0.007077882479036829,0,0,14.631523458091724,105.47140524188227,SLC12A2;SLC12A4;SLC12A5;SLC12A7
GO_Biological_Process_2023,Embryonic Eye Morphogenesis (GO:0048048),0.0007402632628369446,0.007077882479036829,0,0,14.631523458091724,105.47140524188227,FBN2;RARG;EFEMP1;MFAP2
GO_Biological_Process_2023,Monoatomic Anion Homeostasis (GO:0055081),0.0007402632628369446,0.007077882479036829,0,0,14.631523458091724,105.47140524188227,SLC12A2;SLC12A4;SLC12A5;SLC12A7
GO_Biological_Process_2023,Pinocytosis (GO:0006907),0.0007402632628369446,0.007077882479036829,0,0,14.631523458091724,105.47140524188227,PYCARD;MAPKAPK3;RAB34;SNX33
GO_Biological_Process_2023,Positive Regulation Of RNA Biosynthetic Process (GO:1902680),0.0007402632628369446,0.007077882479036829,0,0,14.631523458091724,105.47140524188227,GINS2;TOP2B;ZMIZ1;GINS4
GO_Biological_Process_2023,Protein Localization To Nuclear Envelope (GO:0090435),0.0007402632628369446,0.007077882479036829,0,0,14.631523458091724,105.47140524188227,PLK1;NUP54;LMNB2;LMNB1
GO_Biological_Process_2023,Positive Regulation Of Protein Binding (GO:0032092),0.0007412363270613255,0.007077882479036829,0,0,3.817644985016746,27.514496781864892,BMP4;APP;LRP1;NVL;LRRK2;RPL11;RAPGEF2;PIN1;PKD1;MMP9
GO_Biological_Process_2023,Positive Regulation Of Proteolysis (GO:0045862),0.0007412363270613255,0.007077882479036829,0,0,3.817644985016746,27.514496781864892,CYFIP2;ATP5IF1;NDUFA13;ASPH;TNIP1;BAD;PLK1;ADAM9;SNX33;CLN6
GO_Biological_Process_2023,Positive Regulation Of Catabolic Process (GO:0009896),0.0007505018328420894,0.007150143027371128,0,0,3.283708508805891,23.62552242653006,NDUFA13;HSP90AA1;CDKN1B;EGLN2;APC;PLK2;TNFSF12;WNT5A;STX5;CCDC22;OAZ1;SORL1
GO_Biological_Process_2023,"Nuclear-Transcribed mRNA Catabolic Process, Deadenylation-Dependent Decay (GO:0000288)",0.0007571761166485217,0.00719744611107658,0,0,4.726275071144966,33.96260941921687,EXOSC7;CNOT6;CNOT6L;CNOT2;EXOSC8;CNOT10;CNOT8;DCPS
GO_Biological_Process_2023,Response To Cytokine (GO:0034097),0.0007728563142939544,0.007329950314170815,0,0,2.693675321830969,19.301308040548104,APP;CD74;SETD2;IFITM2;SHMT2;SPHK1;NFKB1;NFKB2;NUB1;COL3A1;MAPKAPK3;CASP3;ADAM9;IKBKE;MYD88;MCL1
GO_Biological_Process_2023,Brain Development (GO:0007420),0.0007853778318690281,0.0074153050448441185,0,0,2.439686243618231,17.44216021242411,CNTNAP2;EMX1;KDM4B;RTN1;UTP3;PTCH1;ROGDI;SMG9;SPATA5;ADGRG1;NFASC;PITPNM1;VPS51;DDIT4;DHX37;CNTN1;RAPGEF2;RBBP7;BBS4
GO_Biological_Process_2023,Protein Autophosphorylation (GO:0046777),0.0007853778318690281,0.0074153050448441185,0,0,2.439686243618231,17.44216021242411,PDGFRB;CAMK2B;FLT1;DAPK2;LRRK2;PTK6;EIF2AK4;OXSR1;MAPK15;IGF1R;CAMKK2;STK10;PAK1;MAPKAPK3;RB1CC1;MKNK2;TAOK2;PTK2B;PIM3
GO_Biological_Process_2023,Mitochondrial Gene Expression (GO:0140053),0.0008058633327571731,0.0075917013293969925,0,0,2.918099918099918,20.787366048571002,MRPS25;MRPL17;MRPS2;GATB;MRPL37;MRPL23;MRPS6;MRPL21;MRPS18C;MRPL11;MRPL22;MRPL4;LARS2;MRPL42
GO_Biological_Process_2023,Regulation Of Cilium Assembly (GO:1902017),0.0008142806108787469,0.007653874224130364,0,0,3.4762087210363073,24.726987065088977,RABEP2;CCP110;CDK10;TBC1D2B;EVI5L;CEP97;KCTD17;MAPK15;BBS4;TBC1D10B;TBC1D16
GO_Biological_Process_2023,Positive Regulation Of Neuron Projection Development (GO:0010976),0.0008355705696416491,0.007836498148688162,0,0,3.0563206214689265,21.661353781805968,RET;CAMK2B;WNT5A;TWF2;PTK6;SNX3;MDK;PTK7;RAPGEF1;RAPGEF2;PTK2B;ROR2;DBN1
GO_Biological_Process_2023,Negative Regulation Of Kinase Activity (GO:0033673),0.0008515082824391733,0.007968225283003021,0,0,3.7396259402756344,26.433550936384542,SPRED1;DBNDD2;CDKN1B;HSPB1;PYDC1;TAF7;IRS2;SFN;TRIB1;RTRAF
GO_Biological_Process_2023,Endodermal Cell Differentiation (GO:0035987),0.0008812486329027063,0.00819191609967615,0,0,5.339933122140091,37.56200140224177,SETD2;MMP14;COL12A1;COL6A1;FN1;PEX2;MMP9
GO_Biological_Process_2023,Negative Regulation Of Developmental Growth (GO:0048640),0.0008812486329027063,0.00819191609967615,0,0,5.339933122140091,37.56200140224177,RTN4R;CDKN1A;CDKN1B;WWC1;PTCH1;WWC2;WWC3
GO_Biological_Process_2023,Positive Regulation Of Extrinsic Apoptotic Signaling Pathway (GO:2001238),0.0008812486329027063,0.00819191609967615,0,0,5.339933122140091,37.56200140224177,RET;PYCARD;TNFRSF12A;TNFSF12;PMAIP1;TRAF2;THBS1
GO_Biological_Process_2023,Macroautophagy (GO:0016236),0.0008887981229237261,0.008225777792597387,0,0,2.8852289169539667,20.270580933266757,UVRAG;TGFB1;VPS37C;VPS37D;ATG12;GABARAP;MAP1LC3A;ATG16L2;CHMP2B;TOM1;PIP4K2A;SQSTM1;VPS39;UBXN6
GO_Biological_Process_2023,Positive Regulation Of T Cell Activation (GO:0050870),0.0008887981229237261,0.008225777792597387,0,0,2.8852289169539667,20.270580933266757,SMARCD1;SMARCC1;XBP1;SMARCB1;SMARCD3;PHF10;IL15;HLA-A;GATA3;CD3E;ARID1B;PYCARD;ZMIZ1;MDK
GO_Biological_Process_2023,Aortic Valve Development (GO:0003176),0.0009038318799097955,0.008310122371834386,0,0,4.578446909667195,32.08972631908218,BMP4;TGFB1;ROCK1;EMILIN1;NFATC1;GATA3;RBPJ;SMAD6
GO_Biological_Process_2023,Positive Regulation Of Wound Healing (GO:0090303),0.0009038318799097955,0.008310122371834386,0,0,4.578446909667195,32.08972631908218,ARFGEF1;XBP1;CLDN4;F12;ST3GAL4;EMILIN1;THBS1;FERMT2
GO_Biological_Process_2023,Regulation Of Release Of Cytochrome C From Mitochondria (GO:0090199),0.0009038318799097955,0.008310122371834386,0,0,4.578446909667195,32.08972631908218,PYCARD;PRELID1;BAD;BIK;PMAIP1;BMF;MMP9;TP53
GO_Biological_Process_2023,Cell-Cell Signaling By Wnt (GO:0198738),0.0009146991758898357,0.008355310693431883,0,0,6.459661648300481,45.1977055248807,FZD2;WNT5A;RAC3;GPC4;PKD1;FERMT2
GO_Biological_Process_2023,Potassium Ion Homeostasis (GO:0055075),0.0009146991758898357,0.008355310693431883,0,0,6.459661648300481,45.1977055248807,SLC12A2;SLC12A4;SLC12A5;KCNMA1;ATP1B1;SLC12A7
GO_Biological_Process_2023,Regulation Of Cell Junction Assembly (GO:1901888),0.0009146991758898357,0.008355310693431883,0,0,6.459661648300481,45.1977055248807,RAP1B;PRKCH;ROCK1;RAPGEF1;RAPGEF2;CRB3
GO_Biological_Process_2023,Negative Regulation Of Epithelial Cell Proliferation (GO:0050680),0.0009214091809507293,0.008398385413384245,0,0,3.4171912832929783,23.884821863415237,ATP5IF1;CDKN2B;SFRP2;TGFB1;MAGED1;PEX2;EPPK1;GATA3;NR2F2;MCC;THBS1
GO_Biological_Process_2023,Positive Regulation Of DNA-binding Transcription Factor Activity (GO:0051091),0.0009327067598404035,0.008482998198030106,0,0,2.1078666301519924,14.7074701600042,APP;SMARCB1;CRTC1;RPS6KA4;IKBKB;PYCARD;RPS3;DVL2;IKBKE;NPM1;PRKCH;FZD2;SMAD3;TAF12;SPHK1;WNT5A;TRAF2;ESR1;COPS5;TRIM13;CTNNB1;HSPA1B;MYD88;RNF220;HSPA1A
GO_Biological_Process_2023,Regulation Of Cell Division (GO:0051302),0.0009422619087141724,0.00855143296895556,0,0,3.1883444196377195,22.2139202418233,UVRAG;SETD2;SFRP2;MYC;PLK1;RACK1;CDK2AP2;CCP110;PIN1;SFN;BBS4;SIRT2
GO_Biological_Process_2023,Regulation Of Extrinsic Apoptotic Signaling Pathway (GO:2001236),0.0009748957055998823,0.008828571647916355,0,0,3.664727657324167,25.408216723867337,PYCARD;BMP4;TNFRSF12A;PELI3;TNFSF12;TRAF2;STX4;THBS1;SH3RF1;TGFBR1
GO_Biological_Process_2023,Positive Regulation Of Kinase Activity (GO:0033674),0.0009788052295349914,0.008831847974673603,0,0,2.853088382500147,19.769556919997882,PDGFRB;RET;CD74;CDKN1A;FLT1;CSF1;LRRK2;PRKAG1;IGF1R;DSTYK;MRNIP;RAPGEF2;PTK2B;ROR2
GO_Biological_Process_2023,SMAD Protein Signal Transduction (GO:0060395),0.000979452150124097,0.008831847974673603,0,0,4.021180322796885,27.86081692263434,BMP4;SKI;SMAD4;SMAD3;TGFB1;ZMIZ1;FOS;SMAD6;SMAD5
GO_Biological_Process_2023,Negative Regulation Of Amyloid-Beta Formation (GO:1902430),0.001014178113699126,0.009086604333589404,0,0,8.316311852704258,57.32996553752189,PRNP;RTN1;ROCK1;PIN1;SORL1
GO_Biological_Process_2023,Nucleosome Disassembly (GO:0006337),0.001014178113699126,0.009086604333589404,0,0,8.316311852704258,57.32996553752189,SMARCD1;SMARCC1;SMARCB1;SMARCD3;SSRP1
GO_Biological_Process_2023,Regulation Of Establishment Of Cell Polarity (GO:2000114),0.001014178113699126,0.009086604333589404,0,0,8.316311852704258,57.32996553752189,ARFGEF1;RAP1B;ROCK1;RACK1;PTK2B
GO_Biological_Process_2023,Sphingolipid Metabolic Process (GO:0006665),0.0010278601748942647,0.009189637359829615,0,0,2.979740466101695,20.50143722587599,ELOVL1;ABCA2;CERK;SPHK1;SGMS2;SMPD2;GLB1;DEGS1;DEGS2;CSNK1G2;CERS2;NSMAF;ST6GALNAC6
GO_Biological_Process_2023,Negative Regulation Of Catabolic Process (GO:0009895),0.0010399263502890018,0.009258202666103565,0,0,3.360141093474427,23.079483210229075,SNX3;MAD2L2;RPL5;RPL11;SGTA;FLNA;PIN1;CBFA2T3;RPL17;SIRT2;MAD2L1
GO_Biological_Process_2023,Protein Targeting To Membrane (GO:0006612),0.0010399263502890018,0.009258202666103565,0,0,3.360141093474427,23.079483210229075,PEX16;RABGEF1;NACA;RAB3IP;SGTA;TAOK2;VPS37C;ZDHHC23;VPS37D;GOLGA7;SIL1
GO_Biological_Process_2023,Positive Regulation Of Protein Ubiquitination (GO:0031398),0.0010524538831359885,0.009349964771910649,0,0,3.1427058912500945,21.54837404029147,HDAC3;MTA1;PEF1;LRRK2;SPHK1;ARRDC3;MYCBP2;PLK1;DCUN1D2;PIN1;RPS2;BMI1
GO_Biological_Process_2023,Positive Regulation Of Stress-Activated MAPK Cascade (GO:0032874),0.0010763521195081265,0.009535805720559917,0,0,2.8216542334189394,19.283686219513754,APP;MAPKBP1;SPHK1;TRAF2;RASGRP1;SH3RF1;GADD45G;PYCARD;BMP4;TRAF3;TAOK2;PTK2B;IGFBP6;SASH1
GO_Biological_Process_2023,Positive Regulation Of Nitrogen Compound Metabolic Process (GO:0051173),0.0010779015727823606,0.009535805720559917,0,0,5.126187961985217,35.02590500413546,APP;TGFB1;CSF1;UHRF1;GATA3;KLF4;NFKB1
GO_Biological_Process_2023,Positive Regulation Of Protein Serine/Threonine Kinase Activity (GO:0071902),0.0010943760523417926,0.009641040912994328,0,0,2.697741875116961,18.39204648552307,PDGFRB;TGFB1;FLT1;LRRK2;WNT5A;RASGRP1;PKD1;THBS1;TCL1B;CCND1;TCIM;ADAM9;RAPGEF2;TAB1;FERMT2
GO_Biological_Process_2023,Regulation Of Small GTPase Mediated Signal Transduction (GO:0051056),0.0010943760523417926,0.009641040912994328,0,0,2.697741875116961,18.39204648552307,TRIO;FAM13B;ARHGAP19;ARHGAP1;ARHGEF19;VAV2;FGD3;OBSCN;RACGAP1;SH3BP1;MCF2L;PLCE1;TNFRSF25;SQSTM1;TGM2
GO_Biological_Process_2023,Regulation Of Pathway-Restricted SMAD Protein Phosphorylation (GO:0060393),0.0011125453570397519,0.009780644046961159,0,0,3.592766561939424,24.434781817646783,BMP4;SMAD4;TGFB1;LRP1;PIN1;EMILIN1;LDLRAD4;SMAD6;TGFBR1;BMPR1A
GO_Biological_Process_2023,Endosome Organization (GO:0007032),0.0011352359447954936,0.009934056244769222,0,0,3.925324675324675,26.61729206314963,SNX3;ATP6V0B;PLEKHF1;HOOK2;CHMP2B;SNX33;HOOK3;SQSTM1;PLEKHJ1
GO_Biological_Process_2023,Positive Regulation Of Protein Localization To Plasma Membrane (GO:1903078),0.0011352359447954936,0.009934056244769222,0,0,3.925324675324675,26.61729206314963,PRKCH;LRP1;ARHGEF16;RACK1;RHOG;AGR2;RANGRF;STX4;SQSTM1
GO_Biological_Process_2023,Regulation Of Protein Metabolic Process (GO:0051246),0.0011370731678885693,0.009934056244769222,0,0,2.942868539443398,19.950581963755756,APP;TGFB1;CSF1;RPL10;UHRF1;ODC1;KLF4;ELP6;NFKB1;TCOF1;TRAF3;PKP3;FAM83D
GO_Biological_Process_2023,Negative Regulation Of Intrinsic Apoptotic Signaling Pathway In Response To DNA Damage (GO:1902230),0.0011664010176221553,0.010003895380952171,0,0,6.10061565523307,41.202535210219736,CD74;ING2;MUC1;SFRP2;TAF9B;CCAR2
GO_Biological_Process_2023,Regulation Of Keratinocyte Differentiation (GO:0045616),0.0011664010176221553,0.010003895380952171,0,0,6.10061565523307,41.202535210219736,IL20;PRKCH;ROCK1;AQP3;PLAAT4;ZFP36L1
GO_Biological_Process_2023,Cellular Response To Hypoxia (GO:0071456),0.0011707355520400046,0.010003895380952171,0,0,3.3049614016827134,22.30889613933677,EGLN2;TGFB1;BAD;MYC;MLST8;PMAIP1;AQP3;TP53;HIF1A;SIRT2;ZFP36L1
GO_Biological_Process_2023,Positive Regulation Of Protein Localization To Nucleus (GO:1900182),0.0011707355520400046,0.010003895380952171,0,0,3.3049614016827134,22.30889613933677,CCT2;HDAC3;SMAD3;TGFB1;SESN2;PLK1;FLNA;LARP7;PIK3R2;FERMT2;RBM22
GO_Biological_Process_2023,Nervous System Development (GO:0007399),0.0011723295694327698,0.010003895380952171,0,0,1.7760067136952298,11.985847375525024,UNC119B;APP;LDB1;SHOX2;ROGDI;CHD7;WDR62;TRAK1;NPAS1;PKD1;GLIS2;DHX30;TMEM223;MDK;PCDH1;BRINP3;MNX1;FKTN;SH3GL1;SEMA6B;EMX1;TGFB1;FN1;GFRA1;TGFBR1;THOC6;NFASC;ADORA2A;APC;ADGRB2;ARTN;NINJ1;NEURL1;PMP22;UNC119;DCHS1;EVL;NBL1
GO_Biological_Process_2023,mRNA Metabolic Process (GO:0016071),0.0011731350111406807,0.010003895380952171,0,0,3.098352955211417,20.90792002968199,ATXN2L;SF3B4;RNH1;LSM6;PCF11;CNOT10;TP53;PRPF8;HNRNPAB;HSPA1B;HNRNPA0;HSPA1A
GO_Biological_Process_2023,Regulation Of Kinase Activity (GO:0043549),0.0011731350111406807,0.010003895380952171,0,0,3.098352955211417,20.90792002968199,RET;PDGFRB;CD74;DSTYK;CDKN1B;FLT1;LDB1;PLCE1;IRS2;ROR2;IGF1R;CAMKK2
GO_Biological_Process_2023,Non-Membrane-Bounded Organelle Assembly (GO:0140694),0.0011825449751143257,0.010003895380952171,0,0,2.5751593838708176,17.356796752385982,DYNC1H1;RBM14;NPM1;HDAC3;YTHDF3;NEK7;LIMD1;LSM4;EDC3;MRPL22;ATXN2L;G3BP1;DHX37;RPS3;SAC3D1;DLGAP5
GO_Biological_Process_2023,TORC1 Signaling (GO:0038202),0.0011830776299487488,0.010003895380952171,0,0,12.192584782990687,82.17358424948205,LARP1;MLST8;LAMTOR4;LAMTOR3
GO_Biological_Process_2023,Negative Regulation Of Mitochondrial Outer Membrane Permeabilization Involved In Apoptotic Signaling Pathway (GO:1901029),0.0011830776299487488,0.010003895380952171,0,0,12.192584782990687,82.17358424948205,SLC25A5;SLC25A4;HSPA1A;SLC25A6
GO_Biological_Process_2023,Negative Regulation Of Pathway-Restricted SMAD Protein Phosphorylation (GO:0060394),0.0011830776299487488,0.010003895380952171,0,0,12.192584782990687,82.17358424948205,LRP1;EMILIN1;LDLRAD4;SMAD6
GO_Biological_Process_2023,Positive Regulation Of Lipid Localization (GO:1905954),0.0011830776299487488,0.010003895380952171,0,0,12.192584782990687,82.17358424948205,LRP1;VSTM2A;IKBKE;NFKB1
GO_Biological_Process_2023,Positive Regulation Of Transcription From RNA Polymerase II Promoter In Response To Endoplasmic Reticulum Stress (GO:1990440),0.0011830776299487488,0.010003895380952171,0,0,12.192584782990687,82.17358424948205,CEBPB;CREB3L1;TP53;ATF4
GO_Biological_Process_2023,Purine Ribonucleoside Triphosphate Biosynthetic Process (GO:0009206),0.0011830776299487488,0.010003895380952171,0,0,12.192584782990687,82.17358424948205,ATP5F1B;TGFB1;IMPDH2;ATP5PO
GO_Biological_Process_2023,Regulation Of Inclusion Body Assembly (GO:0090083),0.0011830776299487488,0.010003895380952171,0,0,12.192584782990687,82.17358424948205,DNAJB1;HSPA2;HSPA1B;HSPA1A
GO_Biological_Process_2023,Response To Sterol (GO:0036314),0.0011830776299487488,0.010003895380952171,0,0,12.192584782990687,82.17358424948205,TGFB1;PMVK;RORC;TGFBR1
GO_Biological_Process_2023,Phosphatidylinositol Biosynthetic Process (GO:0006661),0.0012557940009023322,0.010597492059718881,0,0,2.90689592806945,19.41802769707034,MTMR1;CISH;SACM1L;PIK3R2;PIGW;DPM2;INPP4B;SOCS3;PITPNM1;INPP5J;PMPCA;PI4KB;IP6K2
GO_Biological_Process_2023,SMAD Protein Complex Assembly (GO:0007183),0.0012923972951034972,0.010798184543017512,0,0,27.422023182297156,182.39090765676707,SMAD4;SMAD3;TGFB1
GO_Biological_Process_2023,Cellular Heat Acclimation (GO:0070370),0.0012923972951034972,0.010798184543017512,0,0,27.422023182297156,182.39090765676707,RBBP7;HSPA1B;HSPA1A
GO_Biological_Process_2023,Heat Acclimation (GO:0010286),0.0012923972951034972,0.010798184543017512,0,0,27.422023182297156,182.39090765676707,RBBP7;HSPA1B;HSPA1A
GO_Biological_Process_2023,Medium-Chain Fatty Acid Biosynthetic Process (GO:0051792),0.0012923972951034972,0.010798184543017512,0,0,27.422023182297156,182.39090765676707,ACOT7;ABHD2;OXSM
GO_Biological_Process_2023,Regulation Of Non-Motile Cilium Assembly (GO:1902855),0.0012923972951034972,0.010798184543017512,0,0,27.422023182297156,182.39090765676707,WRAP73;MAP4;SEPTIN9
GO_Biological_Process_2023,Cellular Response To Amino Acid Stimulus (GO:0071230),0.001307400644148852,0.010798936559038443,0,0,4.928884737226871,32.726386739426374,XBP1;SESN2;NEURL1;KLHL22;NSMF;LAMTOR4;LAMTOR3
GO_Biological_Process_2023,Embryonic Skeletal System Development (GO:0048706),0.001307400644148852,0.010798936559038443,0,0,4.928884737226871,32.726386739426374,COL1A1;DEAF1;WNT5A;SIX1;XYLT1;OXSR1;SULF2
GO_Biological_Process_2023,Regulation Of Amyloid-Beta Formation (GO:1902003),0.001307400644148852,0.010798936559038443,0,0,4.928884737226871,32.726386739426374,PRNP;RTN1;ROCK1;CASP3;SLC2A13;PIN1;SORL1
GO_Biological_Process_2023,NADH Dehydrogenase Complex Assembly (GO:0010257),0.0013104385138134988,0.010798936559038443,0,0,3.833927430060475,25.447284828981896,NDUFA13;NDUFS8;NDUFA11;NDUFB10;NDUFA2;NDUFB2;NDUFAF3;NDUFC1;ECSIT
GO_Biological_Process_2023,Cell Cycle G1/S Phase Transition (GO:0044843),0.0013104385138134988,0.010798936559038443,0,0,3.833927430060475,25.447284828981896,CDKN1A;CDKN1B;CCND1;CCNE2;MYC;PLK2;E2F1;EIF4EBP1;CDC25A
GO_Biological_Process_2023,Mitochondrial Respiratory Chain Complex I Assembly (GO:0032981),0.0013104385138134988,0.010798936559038443,0,0,3.833927430060475,25.447284828981896,NDUFA13;NDUFS8;NDUFA11;NDUFB10;NDUFA2;NDUFB2;NDUFAF3;NDUFC1;ECSIT
GO_Biological_Process_2023,Negative Regulation Of Protein Ubiquitination (GO:0031397),0.0013104385138134988,0.010798936559038443,0,0,3.833927430060475,25.447284828981896,CDC20;CAMLG;RPS3;ARRB2;BUB3;SQSTM1;HSPA1B;HSPA1A;MAD2L1
GO_Biological_Process_2023,Positive Regulation Of MAPK Cascade (GO:0043410),0.0013410316653119645,0.011029461606696645,0,0,1.9321658615136876,12.779955691781494,RET;APP;FLT1;ROCK1;WWC1;LRRK2;ARRB2;RASGRP1;THBS1;IGF1R;PYCARD;MYDGF;DSTYK;PLCE1;PTK2B;IGFBP6;PDGFRB;CD74;TGFB1;ADRA2C;TGFBR1;BMP4;GAREM1;DOK4;TAOK2;RAPGEF2;ADAM9;ROR2;FERMT2
GO_Biological_Process_2023,DNA Modification (GO:0006304),0.0013756288578797942,0.011182959692146359,0,0,7.623066104078762,50.22719565777016,EXOSC4;MPG;NTHL1;OGG1;NEIL1
GO_Biological_Process_2023,Hippo Signaling (GO:0035329),0.0013756288578797942,0.011182959692146359,0,0,7.623066104078762,50.22719565777016,AMOTL2;DCHS1;AMOTL1;TEAD1;SAV1
GO_Biological_Process_2023,Negative Regulation Of Fibroblast Proliferation (GO:0048147),0.0013756288578797942,0.011182959692146359,0,0,7.623066104078762,50.22719565777016,SKI;MYC;PEX2;EMD;TP53
GO_Biological_Process_2023,Positive Regulation Of SMAD Protein Signal Transduction (GO:0060391),0.0013756288578797942,0.011182959692146359,0,0,7.623066104078762,50.22719565777016,BMP4;SMAD4;TGFB1;TGFBR1;BMPR1A
GO_Biological_Process_2023,Regulation Of Cell Cycle G2/M Phase Transition (GO:1902749),0.0013756288578797942,0.011182959692146359,0,0,7.623066104078762,50.22719565777016,CDKN1A;NPM1;ATF5;CCNQ;TP53
GO_Biological_Process_2023,Regulation Of Epithelial Cell Differentiation (GO:0030856),0.0013756288578797942,0.011182959692146359,0,0,7.623066104078762,50.22719565777016,CEBPB;MAFG;MAFF;GATA3;OXSR1
GO_Biological_Process_2023,Phosphatidylinositol Metabolic Process (GO:0046488),0.001435511102594614,0.011624879332742153,0,0,3.4569909102700977,22.630272555009352,PDGFRB;INPP4B;MTMR1;PITPNM1;SACM1L;INPP5J;PMPCA;PI4KB;PIGW;PLCD1
GO_Biological_Process_2023,Regulation Of Cellular Catabolic Process (GO:0031329),0.001435511102594614,0.011624879332742153,0,0,3.4569909102700977,22.630272555009352,UVRAG;ROCK1;LRRK2;DAPK2;HSPB1;PIP4K2A;PIK3R2;FBXL2;MAPK15;TPCN2
GO_Biological_Process_2023,Calcium-Mediated Signaling (GO:0019722),0.0014490058192202608,0.011689202116353482,0,0,3.0132925299317606,19.697524440033188,PPP3CA;FIS1;PRNP;EDN2;P2RX4;LRRK2;SPHK1;PLCE1;STIMATE;ATP1B1;TPCN2;CAMKK2
GO_Biological_Process_2023,Negative Regulation Of Angiogenesis (GO:0016525),0.0014490058192202608,0.011689202116353482,0,0,3.0132925299317606,19.697524440033188,SLC12A2;SPRED1;ROCK1;CREB3L1;SERPINF1;STAB1;E2F2;CTNNB1;EMILIN1;THBS2;KLF4;THBS1
GO_Biological_Process_2023,Metanephros Development (GO:0001656),0.0014678686143111813,0.01175132078871556,0,0,5.779363977225385,37.70424609106024,BMP4;FOXD1;PTCH1;SIX1;OXSR1;PKD1
GO_Biological_Process_2023,Positive Regulation Of Release Of Cytochrome C From Mitochondria (GO:0090200),0.0014678686143111813,0.01175132078871556,0,0,5.779363977225385,37.70424609106024,PYCARD;BIK;PMAIP1;BMF;MMP9;TP53
GO_Biological_Process_2023,Regulation Of Biomineral Tissue Development (GO:0070167),0.0014678686143111813,0.01175132078871556,0,0,5.779363977225385,37.70424609106024,CEBPB;TGFB1;ROCK1;ANKH;ENPP1;SGMS2
GO_Biological_Process_2023,Regulation Of Cell Cycle Phase Transition (GO:1901987),0.0014678686143111813,0.01175132078871556,0,0,5.779363977225385,37.70424609106024,CDKN1A;CDKN1B;TCIM;PLK1;CCNQ;TP53
GO_Biological_Process_2023,Response To Lipopolysaccharide (GO:0032496),0.001486542356904905,0.011878235037811298,0,0,2.3597602609817163,15.365112701598274,OTUD5;SCARB1;XBP1;TRIM41;WNT5A;LDOC1;PEX2;SMAD6;NFKB1;PYCARD;UXT;CASP7;MAPKAPK3;TNIP1;ADAM9;TRIB1;MYD88;HNRNPA0
GO_Biological_Process_2023,Purine Ribonucleotide Biosynthetic Process (GO:0009152),0.001506777679541136,0.012017122743461598,0,0,3.7466846050355564,24.34513939440786,ACOT7;ATP5F1B;TGFB1;IMPDH2;ATP5PO;AMPD2;ALDOA;PPCDC;PAPSS1
GO_Biological_Process_2023,Negative Regulation Of Macromolecule Biosynthetic Process (GO:0010558),0.0015243013059118855,0.012133899431370415,0,0,2.8375201775625505,18.404777668726293,BTG2;CDKN1A;TGFB1;CNOT10;SYNCRIP;FXR2;LARP1;RACK1;RPS3;ENPP1;TSPO;TAF7;PAIP2
GO_Biological_Process_2023,Fatty Acid Metabolic Process (GO:0006631),0.0015430334979973006,0.012259837849182326,0,0,2.5956401688709256,16.804187421561064,GGT5;ACOT8;XBP1;ACSL1;OXSM;PEX2;ALKBH7;ADIPOR2;ACOX2;TSPO;ACAA1;SLC27A3;CRAT;LPIN3;PPARD
GO_Biological_Process_2023,Apoptotic Mitochondrial Changes (GO:0008637),0.001573371643681751,0.012407243429857403,0,0,4.746196566154327,30.6344890934541,FIS1;BAD;BIK;NAIF1;SFN;CCAR2;MCL1
GO_Biological_Process_2023,Nucleosome Assembly (GO:0006334),0.001573371643681751,0.012407243429857403,0,0,4.746196566154327,30.6344890934541,NPM1;CHAF1A;SMARCA5;DNAJC9;NAP1L1;SSRP1;CABIN1
GO_Biological_Process_2023,Positive Regulation Of Carbohydrate Metabolic Process (GO:0045913),0.001573371643681751,0.012407243429857403,0,0,4.746196566154327,30.6344890934541,APP;MLST8;PMAIP1;ARNT;IRS2;HIF1A;NFKB1
GO_Biological_Process_2023,Regulation Of Metal Ion Transport (GO:0010959),0.001573371643681751,0.012407243429857403,0,0,4.746196566154327,30.6344890934541,CAMK2B;NKAIN1;PER1;P2RX4;IL16;SRI;CAMK2G
GO_Biological_Process_2023,Organonitrogen Compound Catabolic Process (GO:1901565),0.0016465980249435264,0.012960419220630261,0,0,3.1497685185185187,20.187004781133073,SMPD2;LRSAM1;CASP7;GNPDA1;CASP3;ERAP1;LNPEP;PLA2G6;SLC16A3;SQSTM1;CLN6
GO_Biological_Process_2023,Cytosolic Transport (GO:0016482),0.0016765429620721661,0.013146969112264229,0,0,2.5713075192515435,16.433281294958896,MON2;GBF1;HOOK3;PTPN23;RBSN;AP4M1;ARFRP1;SNX1;HOOK2;VPS51;PIP4K2A;STX5;CORO7;PLEKHJ1;TBC1D10B
GO_Biological_Process_2023,Positive Regulation Of Epithelial Cell Proliferation (GO:0050679),0.0016765429620721661,0.013146969112264229,0,0,2.5713075192515435,16.433281294958896,XBP1;BAD;TNFSF12;WNT5A;ARNT;OXSR1;HIF1A;TGFBR1;BMP4;NELL2;NR4A1;MYDGF;MDK;MYC;CNTN1
GO_Biological_Process_2023,ERBB Signaling Pathway (GO:0038127),0.0017260508195667203,0.013438262152520312,0,0,3.6633192389006344,23.305741159963905,EFEMP1;GAREM1;TGFB1;MVP;GAB1;REPS2;PLCE1;PTK2B;PTK6
GO_Biological_Process_2023,Regulation Of Myoblast Differentiation (GO:0045661),0.0017260508195667203,0.013438262152520312,0,0,3.6633192389006344,23.305741159963905,BMP4;SMARCD1;SMARCC1;SMARCB1;SMARCD3;TGFB1;PHF10;ARID1B;ZFP36L1
GO_Biological_Process_2023,Bone Development (GO:0060348),0.001732836938688798,0.013438262152520312,0,0,4.069261020132653,25.872342703365437,VKORC1;SKI;SBDS;RPL13;PPIB;TP53;TGM2;SULF2
GO_Biological_Process_2023,Establishment Of Protein Localization To Mitochondrion (GO:0072655),0.001732836938688798,0.013438262152520312,0,0,4.069261020132653,25.872342703365437,FIS1;PAM16;TIMM13;AIP;TOMM34;TIMM17B;TSPO;TIMM44
GO_Biological_Process_2023,Mitotic Spindle Assembly (GO:0090307),0.001732836938688798,0.013438262152520312,0,0,4.069261020132653,25.872342703365437,WRAP73;RACGAP1;KIFC2;BCCIP;FLNA;BIRC5;KIF11;CLASP2
GO_Biological_Process_2023,Positive Regulation Of Nucleocytoplasmic Transport (GO:0046824),0.001732836938688798,0.013438262152520312,0,0,4.069261020132653,25.872342703365437,HDAC3;SMAD3;TGFB1;FLNA;PIK3R2;EMD;RAPGEF3;RBM22
GO_Biological_Process_2023,Regulation Of Protein Kinase B Signaling (GO:0051896),0.0017622597615241122,0.013478793048187093,0,0,2.4666027684283263,15.64111871176659,RET;HSP90AA1;TGFB1;HIP1;MAZ;GATA3;ARRB2;THBS1;TGFBR1;IGF1R;MYDGF;P2RX4;FAM110C;CNTN1;RACK1;FERMT2
GO_Biological_Process_2023,Regulation Of Endothelial Cell Migration (GO:0010594),0.0017762870625530405,0.013478793048187093,0,0,2.9327686606670196,18.5738985033714,BMP4;NELL2;SCARB1;SH3BP1;WNT5A;PTK2B;GATA3;NR2F2;RIN2;FUT1;THBS1;SASH1
GO_Biological_Process_2023,Regulation Of Vesicle-Mediated Transport (GO:0060627),0.0017762870625530405,0.013478793048187093,0,0,2.9327686606670196,18.5738985033714,PTPN1;HIP1;RAB26;LRRK2;SPHK1;RAB13;PACSIN2;STX4;VAMP2;ATP9A;TPCN2;PLD2
GO_Biological_Process_2023,P-body Assembly (GO:0033962),0.001782875261895087,0.013478793048187093,0,0,10.45048572934709,66.14664101571586,DYNC1H1;LIMD1;LSM4;EDC3
GO_Biological_Process_2023,"Base-Excision Repair, AP Site Formation (GO:0006285)",0.001782875261895087,0.013478793048187093,0,0,10.45048572934709,66.14664101571586,MPG;NTHL1;OGG1;NEIL1
GO_Biological_Process_2023,Double-Strand Break Repair Via Break-Induced Replication (GO:0000727),0.001782875261895087,0.013478793048187093,0,0,10.45048572934709,66.14664101571586,GINS2;MCM7;GINS4;MCM4
GO_Biological_Process_2023,"Mitochondrial Electron Transport, Ubiquinol To Cytochrome C (GO:0006122)",0.001782875261895087,0.013478793048187093,0,0,10.45048572934709,66.14664101571586,UQCC3;UQCRQ;UQCRC1;UQCRC2
GO_Biological_Process_2023,Mitochondrion Distribution (GO:0048311),0.001782875261895087,0.013478793048187093,0,0,10.45048572934709,66.14664101571586,ARMC1;MEF2A;LRRK2;TRAK1
GO_Biological_Process_2023,Negative Regulation Of Intrinsic Apoptotic Signaling Pathway In Response To DNA Damage By P53 Class Mediator (GO:1902166),0.001782875261895087,0.013478793048187093,0,0,10.45048572934709,66.14664101571586,CD74;ING2;MUC1;TAF9B
GO_Biological_Process_2023,Positive Regulation Of Coagulation (GO:0050820),0.001782875261895087,0.013478793048187093,0,0,10.45048572934709,66.14664101571586,F12;ST3GAL4;EMILIN1;THBS1
GO_Biological_Process_2023,Positive Regulation Of Hemostasis (GO:1900048),0.001782875261895087,0.013478793048187093,0,0,10.45048572934709,66.14664101571586,F12;ST3GAL4;EMILIN1;THBS1
GO_Biological_Process_2023,Positive Regulation Of Lipid Transport (GO:0032370),0.001782875261895087,0.013478793048187093,0,0,10.45048572934709,66.14664101571586,PRELID1;LRP1;ABCA3;TSPO
GO_Biological_Process_2023,Regulation Of Phospholipase C Activity (GO:1900274),0.001782875261895087,0.013478793048187093,0,0,10.45048572934709,66.14664101571586,PDGFRB;FLT1;ESR1;RASGRP1
GO_Biological_Process_2023,Skeletal Muscle Fiber Development (GO:0048741),0.001782875261895087,0.013478793048187093,0,0,10.45048572934709,66.14664101571586,SKI;PPP3CA;SELENON;SIX1
GO_Biological_Process_2023,Enzyme-Linked Receptor Protein Signaling Pathway (GO:0007167),0.0018195619260103488,0.013555259178504938,0,0,2.5474254742547426,16.072113648913284,PDGFRB;RET;PTPRU;TRIO;FLT1;CSF1;LRP1;PTK6;CD3E;UXT;CNKSR1;DOK4;RAPGEF1;ROR2;SAMD10
GO_Biological_Process_2023,ncRNA-mediated Post-Transcriptional Gene Silencing (GO:0035194),0.0018237995180087126,0.013555259178504938,0,0,7.036473547549497,44.37786573170357,CNOT6;EIF6;LIMD1;CNOT8;TNRC6A
GO_Biological_Process_2023,Negative Regulation Of Amyloid Precursor Protein Catabolic Process (GO:1902992),0.0018237995180087126,0.013555259178504938,0,0,7.036473547549497,44.37786573170357,PRNP;RTN1;ROCK1;PIN1;SORL1
GO_Biological_Process_2023,Regulation Of Mitochondrial Membrane Permeability (GO:0046902),0.0018237995180087126,0.013555259178504938,0,0,7.036473547549497,44.37786573170357,BAD;NAIF1;PMAIP1;SLC25A5;SLC25A4
GO_Biological_Process_2023,Regulation Of Mitochondrial Outer Membrane Permeabilization Involved In Apoptotic Signaling Pathway (GO:1901028),0.0018237995180087126,0.013555259178504938,0,0,7.036473547549497,44.37786573170357,CHCHD10;SLC25A5;SLC25A4;HSPA1A;SLC25A6
GO_Biological_Process_2023,Response To Cholesterol (GO:0070723),0.0018237995180087126,0.013555259178504938,0,0,7.036473547549497,44.37786573170357,GRAMD1A;TGFB1;PTCH1;PMVK;TGFBR1
GO_Biological_Process_2023,Cellular Response To Acid Chemical (GO:0071229),0.001825179756402826,0.013555259178504938,0,0,5.49023746701847,34.6218591180195,XBP1;SESN2;NEURL1;NSMF;LAMTOR4;LAMTOR3
GO_Biological_Process_2023,Mitotic Spindle Assembly Checkpoint Signaling (GO:0007094),0.001825179756402826,0.013555259178504938,0,0,5.49023746701847,34.6218591180195,CDC20;MAD2L2;PLK1;KLHL22;BUB3;MAD2L1
GO_Biological_Process_2023,Mitotic Spindle Checkpoint Signaling (GO:0071174),0.001825179756402826,0.013555259178504938,0,0,5.49023746701847,34.6218591180195,CDC20;MAD2L2;PLK1;KLHL22;BUB3;MAD2L1
GO_Biological_Process_2023,Spindle Assembly Checkpoint Signaling (GO:0071173),0.001825179756402826,0.013555259178504938,0,0,5.49023746701847,34.6218591180195,CDC20;MAD2L2;PLK1;KLHL22;BUB3;MAD2L1
GO_Biological_Process_2023,Cellular Response To Light Stimulus (GO:0071482),0.001830744895149778,0.01356734956098213,0,0,3.3310898514494496,20.995967089178915,NPM1;MYC;BMF;RPL26;EIF2AK4;NOC2L;TENT4A;TP53;CDC25A;ATF4
GO_Biological_Process_2023,Embryonic Organ Development (GO:0048568),0.0018364733435668047,0.01356734956098213,0,0,3.1012210012210013,19.537407639209412,COL18A1;COL2A1;TGFB1;RPL10;TFEB;GATA3;RBPJ;PKD1;TEAD1;ATF4;BMPR1A
GO_Biological_Process_2023,Transcription Initiation At RNA Polymerase II Promoter (GO:0006367),0.0018364733435668047,0.01356734956098213,0,0,3.1012210012210013,19.537407639209412,MED22;GTF2A2;TAF12;MED10;MAZ;E2F2;TAF7;ELOB;POLR2G;ELOC;ESR1
GO_Biological_Process_2023,Regulation Of Protein Ubiquitination (GO:0031396),0.0018487317026717916,0.013633991593609307,0,0,2.646660001420462,16.656107454742394,HSP90AA1;HDAC3;CAMLG;LRRK2;SPHK1;MYCBP2;ARRB2;TGFBR1;RPS3;CTNNB1;SQSTM1;SASH1;HSPA1B;HSPA1A
GO_Biological_Process_2023,Endoderm Formation (GO:0001706),0.0018796086486913333,0.013813319406002103,0,0,4.576557550158395,28.725640741137543,DUSP4;SETD2;MMP14;COL12A1;COL6A1;FN1;MMP9
GO_Biological_Process_2023,Establishment Of Spindle Orientation (GO:0051294),0.0018796086486913333,0.013813319406002103,0,0,4.576557550158395,28.725640741137543,HDAC3;UBXN2B;SAPCD2;PLK1;MAP4;ENKD1;MAD2L1
GO_Biological_Process_2023,Regulation Of MAPK Cascade (GO:0043408),0.001896704837224402,0.01391467607935881,0,0,2.1421985815602835,13.426523508092576,RET;DUSP4;CD74;FLT1;ROCK1;WWC1;FN1;PIK3R2;ADRA2C;RASGRP1;TGFBR1;IGF1R;BMP4;MYDGF;PAK1;SPRED1;DOK4;TAOK2;PLCE1;IGFBP6;FAM83D
GO_Biological_Process_2023,ERAD Pathway (GO:0036503),0.0019613549326664074,0.014363940211231725,0,0,2.894096012928032,18.042141119523265,XBP1;PSMC6;RHBDD2;JKAMP;FAF2;SGTA;TRIM13;TMUB1;MAN1B1;STT3B;UBXN6;USP19
GO_Biological_Process_2023,Positive Regulation Of mRNA Catabolic Process (GO:0061014),0.0020129267664951993,0.014690527926709331,0,0,3.9591667737468055,24.57916262604685,BTG2;FXR2;ROCK1;YTHDF3;POLR2G;CNOT8;TNRC6A;ZFP36L1
GO_Biological_Process_2023,Regulation Of Stem Cell Differentiation (GO:2000736),0.0020129267664951993,0.014690527926709331,0,0,3.9591667737468055,24.57916262604685,MBD3;MTA1;PRKDC;CHD3;RBBP7;MTA2;GATAD2B;BMPR1A
GO_Biological_Process_2023,Positive Regulation Of Endothelial Cell Proliferation (GO:0001938),0.0020438039354529476,0.014864349520194062,0,0,3.0541446208112877,18.91414212486162,BMP4;NELL2;MYDGF;NR4A1;MDK;TNFSF12;WNT5A;CNTN1;ARNT;HIF1A;TGFBR1
GO_Biological_Process_2023,Positive Regulation Of Growth (GO:0045927),0.0020438039354529476,0.014864349520194062,0,0,3.0541446208112877,18.91414212486162,MMP14;SFRP2;EXOSC4;SPHK1;MLST8;AGR2;KLHL22;TAF9B;TEAD1;TGFBR1;CDKN2AIP
GO_Biological_Process_2023,Intracellular Monoatomic Cation Homeostasis (GO:0030003),0.0021962167346268693,0.01594529080950646,0,0,2.1596772680364014,13.21942573194031,SLC12A2;APP;PRNP;SLC46A1;SMAD4;EDN2;TRPA1;SLC41A1;CYBRD1;ATP1B1;TPCN2;ANKRD9;MT2A;MYC;BOLA2;KCNMA1;SLC39A8;CCDC22;LETMD1;SLC39A4
GO_Biological_Process_2023,Base-Excision Repair (GO:0006284),0.0022300614503879277,0.01610769942981743,0,0,4.418617776644941,26.97887005119899,POLB;FEN1;MPG;NTHL1;OGG1;APEX2;NEIL1
GO_Biological_Process_2023,Negative Regulation Of Organelle Assembly (GO:1902116),0.0022300614503879277,0.01610769942981743,0,0,4.418617776644941,26.97887005119899,RBM14;SMAD4;LRRK2;CCP110;CDK10;EVI5L;CEP97
GO_Biological_Process_2023,Regulation Of Erythrocyte Differentiation (GO:0045646),0.0022300614503879277,0.01610769942981743,0,0,4.418617776644941,26.97887005119899,LDB1;PRKDC;ARNT;HIF1A;HSPA1B;ZFP36L1;HSPA1A
GO_Biological_Process_2023,Dorsal/Ventral Pattern Formation (GO:0009953),0.002244644850507783,0.016130033217556784,0,0,5.228646814926498,31.890604305351047,BMP1;PTCH1;CHRD;LMX1B;NBL1;BMPR1A
GO_Biological_Process_2023,Positive Regulation Of Mitotic Cell Cycle (GO:0045931),0.002244644850507783,0.016130033217556784,0,0,5.228646814926498,31.890604305351047,PPP1R10;CCDC57;SPHK1;USP22;USP2;EIF4EBP1
GO_Biological_Process_2023,Regulation Of Chemotaxis (GO:0050920),0.002244644850507783,0.016130033217556784,0,0,5.228646814926498,31.890604305351047,PDGFRB;TGFB1;P2RX4;MYCBP2;STX4;THBS1
GO_Biological_Process_2023,Regulation Of Organelle Assembly (GO:1902115),0.0022697495242165362,0.016282649482923055,0,0,3.008473505488431,18.315844814396048,KIF9;NPM1;PDCD6IP;RABEP2;RAB1B;PLK2;TBC1D2B;NF2;MAPK15;TBC1D10B;TBC1D16
GO_Biological_Process_2023,Regulation Of Signal Transduction By P53 Class Mediator (GO:1901796),0.0023274364746338405,0.016668086725651534,0,0,3.854866961381266,23.372011521602214,RPL5;NUAK1;KAT6A;RPL11;USP2;RRS1;RPS20;RPL17
GO_Biological_Process_2023,Inositol Phosphate-Mediated Signaling (GO:0048016),0.002370155741559684,0.016830903588040184,0,0,6.5336799276672695,39.49478589336718,PPP3CA;EDN2;NFATC2;PLCE1;NFATC1
GO_Biological_Process_2023,Negative Regulation Of Cyclin-Dependent Protein Serine/Threonine Kinase Activity (GO:0045736),0.002370155741559684,0.016830903588040184,0,0,6.5336799276672695,39.49478589336718,CDKN1A;CDKN1B;CDKN2A;PLK1;NR2F2
GO_Biological_Process_2023,Positive Regulation Of Activated T Cell Proliferation (GO:0042104),0.002370155741559684,0.016830903588040184,0,0,6.5336799276672695,39.49478589336718,PYCARD;PPP3CA;IGFBP2;RPS3;ICOSLG
GO_Biological_Process_2023,Regulation Of Smooth Muscle Cell Migration (GO:0014910),0.002370155741559684,0.016830903588040184,0,0,6.5336799276672695,39.49478589336718,PDGFRB;LRP1;TRIB1;SORL1;BMPR1A
GO_Biological_Process_2023,Regulation Of Transcription Involved In G1/S Transition Of Mitotic Cell Cycle (GO:0000083),0.002370155741559684,0.016830903588040184,0,0,6.5336799276672695,39.49478589336718,CDK17;CDK18;E2F1;E2F2;CDK16
GO_Biological_Process_2023,Regulation Of Phosphatidylinositol 3-Kinase Signaling (GO:0014066),0.0023789278380221958,0.01686475610422806,0,0,2.8197255365069025,17.03425911160553,PDGFRB;MYDGF;FLT1;UNC5B;MAZ;FN1;PLXNB1;ROR2;FBXL2;EXTL3;RAPGEF3;IGF1R
GO_Biological_Process_2023,Lysosomal Transport (GO:0007041),0.002409172919123202,0.016993345330699836,0,0,2.6777221005522756,16.142572111080508,PLEKHF1;LRP1;MGRN1;HOOK3;TRAK1;RBSN;SORL1;AP4M1;HOOK2;VPS51;CHMP2B;VPS39;HSPA1A
GO_Biological_Process_2023,Positive Regulation Of Inflammatory Response (GO:0050729),0.002409172919123202,0.016993345330699836,0,0,2.6777221005522756,16.142572111080508,GSDMD;SETD4;APP;IL15;WNT5A;MGST2;IL16;PYCARD;GPRC5B;LGALS1;TNIP1;MDK;NINJ1
GO_Biological_Process_2023,Regulation Of RNA Splicing (GO:0043484),0.002409172919123202,0.016993345330699836,0,0,2.6777221005522756,16.142572111080508,SF3B5;TAF12;USP22;LARP7;RRP1B;CLK3;QKI;PQBP1;RPS26;SLC38A2;RBM22;FAM50A;HSPA1A
GO_Biological_Process_2023,Antigen Processing And Presentation Of Exogenous Peptide Antigen Via MHC Class I (GO:0042590),0.00248480731567091,0.017323714579950664,0,0,18.28082191780822,109.64032925199095,IKBKB;LNPEP;HLA-A
GO_Biological_Process_2023,Glycogen Catabolic Process (GO:0005980),0.00248480731567091,0.017323714579950664,0,0,18.28082191780822,109.64032925199095,RB1CC1;STBD1;PYGL
GO_Biological_Process_2023,Positive Regulation Of Autophagosome Maturation (GO:1901098),0.00248480731567091,0.017323714579950664,0,0,18.28082191780822,109.64032925199095,FYCO1;UVRAG;TOM1
GO_Biological_Process_2023,Positive Regulation Of Kidney Development (GO:0090184),0.00248480731567091,0.017323714579950664,0,0,18.28082191780822,109.64032925199095,PPP3CA;FOXD1;MYC
GO_Biological_Process_2023,Protein Localization To Perinuclear Region Of Cytoplasm (GO:1905719),0.00248480731567091,0.017323714579950664,0,0,18.28082191780822,109.64032925199095,HOOK2;HOOK3;SQSTM1
GO_Biological_Process_2023,Regulation Of Extracellular Matrix Assembly (GO:1901201),0.00248480731567091,0.017323714579950664,0,0,18.28082191780822,109.64032925199095,SMAD3;TGFB1;EMILIN1
GO_Biological_Process_2023,Regulation Of Transforming Growth Factor Beta2 Production (GO:0032909),0.00248480731567091,0.017323714579950664,0,0,18.28082191780822,109.64032925199095,SMAD4;SMAD3;HIF1A
GO_Biological_Process_2023,Positive Regulation Of Protein Localization To Membrane (GO:1905477),0.0025155108024349972,0.01750878675876657,0,0,2.9641456582633054,17.74123992830819,FIS1;PRNP;TCAF1;ITGAM;PRKCH;LRP1;ARHGEF16;RHOG;RANGRF;STX4;SQSTM1
GO_Biological_Process_2023,Negative Regulation Of Protein-Containing Complex Assembly (GO:0031333),0.0025405964126537874,0.01756186223625582,0,0,3.4340644820295982,20.519759240403943,HSPA8;PRRT2;PYDC1;LDLRAD4;FBXL2;SMAD6;LCMT1;SORL1;JAM3
GO_Biological_Process_2023,Regulation Of Neuron Death (GO:1901214),0.0025405964126537874,0.01756186223625582,0,0,3.4340644820295982,20.519759240403943,PRNP;ITGAM;EGLN2;CSF1;LRRK2;WNT5A;TRAF2;NSMF;SORL1
GO_Biological_Process_2023,Regulation Of Type I Interferon Production (GO:0032479),0.0025405964126537874,0.01756186223625582,0,0,3.4340644820295982,20.519759240403943,OTUD5;TRAF3;IRF1;G3BP1;KLHL22;IKBKE;ATG12;MYD88;PQBP1
GO_Biological_Process_2023,Cellular Component Maintenance (GO:0043954),0.0025648409582753103,0.01756186223625582,0,0,9.14391143911439,54.55128458812261,PRNP;PICK1;IGF1R;TPRN
GO_Biological_Process_2023,Early Endosome To Golgi Transport (GO:0034498),0.0025648409582753103,0.01756186223625582,0,0,9.14391143911439,54.55128458812261,SNX1;TMED9;STX5;RBSN
GO_Biological_Process_2023,Exonucleolytic Catabolism Of Deadenylated mRNA (GO:0043928),0.0025648409582753103,0.01756186223625582,0,0,9.14391143911439,54.55128458812261,EXOSC7;EXOSC8;CNOT8;DCPS
GO_Biological_Process_2023,Negative Regulation Of Hippo Signaling (GO:0035331),0.0025648409582753103,0.01756186223625582,0,0,9.14391143911439,54.55128458812261,WWC1;WWC2;WWC3;LIMD1
GO_Biological_Process_2023,Negative Regulation Of Mitochondrial Membrane Permeability (GO:0035795),0.0025648409582753103,0.01756186223625582,0,0,9.14391143911439,54.55128458812261,SLC25A5;SLC25A4;HSPA1A;SLC25A6
GO_Biological_Process_2023,Positive Regulation Of Protein Localization To Cell Surface (GO:2000010),0.0025648409582753103,0.01756186223625582,0,0,9.14391143911439,54.55128458812261,RANGRF;STX4;GPD1L;SNX33
GO_Biological_Process_2023,Pyrimidine Deoxyribonucleotide Catabolic Process (GO:0009223),0.0025648409582753103,0.01756186223625582,0,0,9.14391143911439,54.55128458812261,DUT;NTHL1;OGG1;NEIL1
GO_Biological_Process_2023,Maturation Of SSU-rRNA (GO:0030490),0.0026288217640452103,0.017883632388359258,0,0,4.271207321365717,25.3761803613632,RPS14;RPS28;LSM6;UTP3;TSR3;DHX37;TSR2
GO_Biological_Process_2023,Negative Regulation Of Transferase Activity (GO:0051348),0.0026288217640452103,0.017883632388359258,0,0,4.271207321365717,25.3761803613632,CDC20;CDKN1B;IRS2;BUB3;TERF1;TP53;MAD2L1
GO_Biological_Process_2023,Positive Regulation Of Signaling (GO:0023056),0.0026288217640452103,0.017883632388359258,0,0,4.271207321365717,25.3761803613632,RIMS4;CLSTN2;CLSTN1;ECE1;GATA3;PTPN23;CDKN2AIP
GO_Biological_Process_2023,Response To cAMP (GO:0051591),0.0026288217640452103,0.017883632388359258,0,0,4.271207321365717,25.3761803613632,RAP1B;AKAP9;RAPGEF1;RAPGEF2;RAPGEF3;SLC26A6;ZFP36L1
GO_Biological_Process_2023,"Negative Regulation Of Gene Expression, Epigenetic (GO:0045814)",0.002679186725033497,0.018196863385671058,0,0,3.7559158573421647,22.243442606221375,UHRF1;SMARCA5;BMI1;ZNF445;LMNB2;SIRT2;LMNB1;PHF19
GO_Biological_Process_2023,Establishment Of Endothelial Barrier (GO:0061028),0.002732770284677783,0.018471421619226557,0,0,4.990837131206525,29.458113862010524,RAP1B;RAB1B;RAPGEF1;RAPGEF2;RAPGEF6;RAPGEF3
GO_Biological_Process_2023,Negative Regulation Of Mitotic Metaphase/Anaphase Transition (GO:0045841),0.002732770284677783,0.018471421619226557,0,0,4.990837131206525,29.458113862010524,CDC20;MAD2L2;PLK1;KLHL22;BUB3;MAD2L1
GO_Biological_Process_2023,Positive Regulation Of Protein Import Into Nucleus (GO:0042307),0.002732770284677783,0.018471421619226557,0,0,4.990837131206525,29.458113862010524,HDAC3;SMAD3;TGFB1;FLNA;PIK3R2;RBM22
GO_Biological_Process_2023,Protein O-linked Glycosylation (GO:0006493),0.002866234593588113,0.019251860627093068,0,0,2.749073583906829,16.095155331751773,DPM2;GALNT6;GALNT14;GALNT16;GALNT18;ST3GAL4;PLOD2;PLOD1;TRAK1;POMGNT1;GALNT10;FKTN
GO_Biological_Process_2023,Autophagosome Organization (GO:1905037),0.0028710920146792795,0.019251860627093068,0,0,3.363884454416016,19.68902706004985,AP4M1;MAP1LC3A;UBXN2B;ATG16L2;RB1CC1;RAB1B;TP53INP1;ATG12;GABARAP
GO_Biological_Process_2023,Peptidyl-Threonine Phosphorylation (GO:0018107),0.0028710920146792795,0.019251860627093068,0,0,3.363884454416016,19.68902706004985,SBK1;ROCK1;PRKDC;LRRK2;CDC42BPG;CDK10;OXSR1;HIPK1;TGFBR1
GO_Biological_Process_2023,Regulation Of Bone Mineralization (GO:0030500),0.0028710920146792795,0.019251860627093068,0,0,3.363884454416016,19.68902706004985,FBN2;BMP4;ANKH;TMEM119;ENPP1;PTK2B;OXSR1;SGMS2;BMPR1A
GO_Biological_Process_2023,Regulation Of Phagocytosis (GO:0050764),0.0028710920146792795,0.019251860627093068,0,0,3.363884454416016,19.68902706004985,PYCARD;SNX3;SCARB1;IL15RA;IL15;SPHK1;RACK1;LETMD1;TGM2
GO_Biological_Process_2023,Positive Regulation Of Phosphatidylinositol 3-Kinase Signaling (GO:0014068),0.002883893484044661,0.019306956218302175,0,0,3.1048947288225226,18.15933075980712,PDGFRB;MYDGF;FLT1;UNC5B;MAZ;FN1;PLXNB1;ROR2;EXTL3;IGF1R
GO_Biological_Process_2023,Positive Regulation Of Peptidyl-Tyrosine Phosphorylation (GO:0050731),0.0029074649244691846,0.01940306623920719,0,0,2.4129318524306527,14.092665114390684,PRNP;CD74;PTPN1;TGFB1;IL20;IL15;TNK2;PTK6;SRCIN1;GPRC5B;DOK7;UNC119;PTK2B;TNFRSF14;TP53
GO_Biological_Process_2023,Protein Homooligomerization (GO:0051260),0.0029074649244691846,0.01940306623920719,0,0,2.4129318524306527,14.092665114390684,GSDMD;PDCD6IP;TRPA1;SHMT2;THG1L;COMP;PYCARD;EHD4;PEG10;NINJ1;ALOX5AP;TK1;SSBP1;ALDOA;ASIC1
GO_Biological_Process_2023,Negative Regulation Of Cyclin-Dependent Protein Kinase Activity (GO:1904030),0.0030263395742380758,0.02000614748369943,0,0,6.097925457102672,35.37041566985056,CDKN1A;CDKN1B;CDKN2A;PLK1;NR2F2
GO_Biological_Process_2023,Negative Regulation Of miRNA Transcription (GO:1902894),0.0030263395742380758,0.02000614748369943,0,0,6.097925457102672,35.37041566985056,NCOR2;TGFB1;ESR1;HIF1A;PPARD
GO_Biological_Process_2023,Nuclear-Transcribed mRNA poly(A) Tail Shortening (GO:0000289),0.0030263395742380758,0.02000614748369943,0,0,6.097925457102672,35.37041566985056,CNOT6;CNOT6L;CNOT2;CNOT10;CNOT8
GO_Biological_Process_2023,Positive Regulation Of Lipid Storage (GO:0010884),0.0030263395742380758,0.02000614748369943,0,0,6.097925457102672,35.37041566985056,SCARB1;PLIN2;VSTM2A;IKBKE;NFKB1
GO_Biological_Process_2023,Regulation Of Actin Nucleation (GO:0051125),0.0030263395742380758,0.02000614748369943,0,0,6.097925457102672,35.37041566985056,RNH1;ARFIP2;PICK1;CORO1A;ARPIN
GO_Biological_Process_2023,Regulation Of Macrophage Chemotaxis (GO:0010758),0.0030263395742380758,0.02000614748369943,0,0,6.097925457102672,35.37041566985056,UXT;CSF1;MDK;PTK2B;THBS1
GO_Biological_Process_2023,Regulation Of DNA Binding (GO:0051101),0.0030710898727702098,0.020234534012499084,0,0,3.6619123085050185,21.18680943592289,SKI;CDT1;TGFB1;E2F1;EDF1;MMP9;SIRT2;RNF220
GO_Biological_Process_2023,Histone H4 Acetylation (GO:0043967),0.0030801083595373814,0.020234534012499084,0,0,4.133307218039991,23.902049717979533,VPS72;KANSL2;MORF4L2;JADE1;YEATS4;JADE2;BRD8
GO_Biological_Process_2023,Lysosome Organization (GO:0007040),0.0030801083595373814,0.020234534012499084,0,0,4.133307218039991,23.902049717979533,HOOK2;LRRK2;TFEB;HOOK3;PI4KB;CORO1A;TPCN2
GO_Biological_Process_2023,Tumor Necrosis Factor-Mediated Signaling Pathway (GO:0033209),0.0030801083595373814,0.020234534012499084,0,0,4.133307218039991,23.902049717979533,IKBKB;PYCARD;TRAF3;PTK2B;PYDC1;TRAF2;TP53
GO_Biological_Process_2023,Actin Filament Organization (GO:0007015),0.003174259548600626,0.020820571587472327,0,0,2.310691534910921,13.292671028346016,HIP1;NEBL;TPM1;RHOG;CORO1A;RND1;MAD2L2;SH3BP1;MYO5C;RAC3;FLNA;EVL;VILL;GAS2L1;ALDOA;DBN1
GO_Biological_Process_2023,Positive Regulation Of Protein Transport (GO:0051222),0.003210975009564096,0.0210286403814532,0,0,3.0530583465538514,17.52815949236802,TGFB1;B3GAT3;RACK1;GOLPH3L;ADAM9;ERGIC3;PCNT;OAZ1;PPID;VAMP2
GO_Biological_Process_2023,Phospholipid Transport (GO:0015914),0.00323461803243302,0.021150584681017777,0,0,3.296511627906977,18.901684840841607,SCARB1;PRELID1;ATP8A2;PITPNM1;OSBPL5;ABCA3;ATP10D;PLTP;ATP9A
GO_Biological_Process_2023,Positive Regulation Of Cell Cycle Process (GO:0090068),0.003280867556443341,0.021288932711506052,0,0,2.4680200562553503,14.116204479754266,PDGFRB;DYNC1H1;FEN1;UBXN2B;NCAPH2;SIRT2;USP19;DYNC1LI1;RACGAP1;RAD21;NUSAP1;BIRC5;NCAPD3;MAD2L1
GO_Biological_Process_2023,Establishment Of Mitotic Spindle Orientation (GO:0000132),0.0032962204055810847,0.021288932711506052,0,0,4.773706550418722,27.28163172611993,HDAC3;UBXN2B;SAPCD2;PLK1;ENKD1;MAD2L1
GO_Biological_Process_2023,Integrated Stress Response Signaling (GO:0140467),0.0032962204055810847,0.021288932711506052,0,0,4.773706550418722,27.28163172611993,CREB3;CEBPB;QRICH1;EIF2AK4;FOS;JUNB
GO_Biological_Process_2023,Negative Regulation Of Plasma Membrane Bounded Cell Projection Assembly (GO:0120033),0.0032962204055810847,0.021288932711506052,0,0,4.773706550418722,27.28163172611993,UXT;CCP110;CDK10;EVL;EVI5L;CEP97
GO_Biological_Process_2023,Protein K11-linked Ubiquitination (GO:0070979),0.0032962204055810847,0.021288932711506052,0,0,4.773706550418722,27.28163172611993,UBE2W;FZR1;CDC26;UBE2D3;UBE2E2;ANAPC10
GO_Biological_Process_2023,Regulation Of Establishment Of Planar Polarity (GO:0090175),0.0032962204055810847,0.021288932711506052,0,0,4.773706550418722,27.28163172611993,FZD2;DAAM1;SAPCD2;WNT5A;DVL2;CELSR3
GO_Biological_Process_2023,Response To Amino Acid (GO:0043200),0.0032962204055810847,0.021288932711506052,0,0,4.773706550418722,27.28163172611993,XBP1;SESN2;NEURL1;NSMF;LAMTOR4;LAMTOR3
GO_Biological_Process_2023,Response To Steroid Hormone (GO:0048545),0.0032962204055810847,0.021288932711506052,0,0,4.773706550418722,27.28163172611993,HSPA8;TGFB1;ABHD2;THBS1;HSPA1B;HSPA1A
GO_Biological_Process_2023,Monoatomic Cation Transmembrane Transport (GO:0098655),0.003336201355529579,0.021514156061462567,0,0,1.8730875816993464,10.682073197890524,KCNK5;SLC46A1;KCNC3;SLC41A1;PKD1;ATP5F1B;TRPM7;SLC39A8;ATP6V0E2;SLC12A7;SLC39A4;ASIC1;CCDC51;SLC36A1;SLC12A2;ATP6V0B;SLC12A4;TRPA1;KCNK15;ATP1B1;TPCN2;SLC6A6;SLC4A8;SLC6A8;P2RX4;ATP5PO
GO_Biological_Process_2023,Response To Calcium Ion (GO:0051592),0.003387685799018146,0.02181275978542112,0,0,2.5622551029706577,14.573103251657379,MEF2A;PEF1;CPNE7;WNT5A;SYT9;AQP3;THBS1;CDKN2AIP;PPP3CA;KCNMA1;ALOX5AP;ADAM9;SLC25A24
GO_Biological_Process_2023,Nucleocytoplasmic Transport (GO:0006913),0.003506142642939163,0.022541017815903536,0,0,3.572494298635538,20.196163410160842,NPM1;CDKN1B;CDAN1;NUP188;NUP54;RANGAP1;RAE1;NUP37
GO_Biological_Process_2023,Generation Of Neurons (GO:0048699),0.0035504240265406745,0.022603321769398152,0,0,2.158445534347568,12.175118339105653,EMX1;RTN1;FZD2;LDB1;IRX5;WNT5A;SIX1;ASCL2;SH3RF1;NRBP2;RACGAP1;ARTN;CASP3;DDIT4;PIN1;RAPGEF2;LMX1B;MARK1
GO_Biological_Process_2023,Cytoplasmic Sequestering Of Protein (GO:0051220),0.003553407506849104,0.022603321769398152,0,0,8.127686991155626,45.83892145504233,SUFU;FLNA;PKD1;DBN1
GO_Biological_Process_2023,Negative Regulation Of Fibroblast Growth Factor Receptor Signaling Pathway (GO:0040037),0.003553407506849104,0.022603321769398152,0,0,8.127686991155626,45.83892145504233,CREB3L1;GATA3;THBS1;SULF2
GO_Biological_Process_2023,Positive Regulation Of Brown Fat Cell Differentiation (GO:0090336),0.003553407506849104,0.022603321769398152,0,0,8.127686991155626,45.83892145504233,TFE3;SOX13;SIX1;VSTM2A
GO_Biological_Process_2023,Positive Regulation Of Protein Deacetylation (GO:0090312),0.003553407506849104,0.022603321769398152,0,0,8.127686991155626,45.83892145504233,ING2;NNMT;FNTA;SMARCA5
GO_Biological_Process_2023,Positive Regulation Of Protein-Containing Complex Disassembly (GO:0043243),0.003553407506849104,0.022603321769398152,0,0,8.127686991155626,45.83892145504233,UVRAG;FYCO1;TOM1;IGF1R
GO_Biological_Process_2023,Regulation Of Phosphate Metabolic Process (GO:0019220),0.003553407506849104,0.022603321769398152,0,0,8.127686991155626,45.83892145504233,IKBKB;SRPX2;MCM7;SIRT2
GO_Biological_Process_2023,Endothelial Cell Migration (GO:0043542),0.0035882512530309983,0.022619949141487326,0,0,4.004025871172122,22.54302726351641,NR4A1;TNFSF12;PXN;RAB13;LPXN;TNFRSF25;LOXL2
GO_Biological_Process_2023,Odontogenesis (GO:0042476),0.0035882512530309983,0.022619949141487326,0,0,4.004025871172122,22.54302726351641,BMP4;COL1A1;COL1A2;TUFT1;ROGDI;OXSR1;AQP3
GO_Biological_Process_2023,Positive Regulation Of Intracellular Transport (GO:0032388),0.0035882512530309983,0.022619949141487326,0,0,4.004025871172122,22.54302726351641,DYNC1H1;B3GAT3;PCNT;ERGIC3;OAZ1;SORL1;VAMP2
GO_Biological_Process_2023,Positive Regulation Of Intrinsic Apoptotic Signaling Pathway (GO:2001244),0.0035882512530309983,0.022619949141487326,0,0,4.004025871172122,22.54302726351641,FIS1;PLEKHF1;MYC;RACK1;RPS3;PMAIP1;TP53
GO_Biological_Process_2023,protein-DNA Complex Assembly (GO:0065004),0.0035882512530309983,0.022619949141487326,0,0,4.004025871172122,22.54302726351641,NPM1;CHAF1A;SMARCA5;DNAJC9;NAP1L1;SSRP1;CABIN1
GO_Biological_Process_2023,Regulation Of Mitochondrial Membrane Potential (GO:0051881),0.0035882512530309983,0.022619949141487326,0,0,4.004025871172122,22.54302726351641,ATP5IF1;PRELID1;RTL10;PPA2;BAD;LRRK2;PMAIP1
GO_Biological_Process_2023,Positive Regulation Of Cell Junction Assembly (GO:1901890),0.0036333935624337263,0.02287028444156715,0,0,3.231780873025743,18.154814102905227,CNTNAP2;COL16A1;SRPX2;CLSTN2;ROCK1;CLSTN1;FERMT2;S100A10;CRB3
GO_Biological_Process_2023,Neuron Differentiation (GO:0030182),0.003777645106408822,0.023626675866951805,0,0,2.144367581436089,11.962685753210275,EMX1;XBP1;ATP8A2;RTN1;FZD2;LDB1;IRX5;WNT5A;BCCIP;ASCL2;TGFBR1;NRBP2;CASP3;DDIT4;PIN1;CTNNB1;LMX1B;BRINP3
GO_Biological_Process_2023,Chromosome Condensation (GO:0030261),0.0038040575250043516,0.023626675866951805,0,0,5.7166402953586495,31.85133048691142,NCAPH2;PLK1;NUSAP1;NCAPD3;TENT4A
GO_Biological_Process_2023,"Maturation Of 5.8S rRNA From Tricistronic rRNA Transcript (SSU-rRNA, 5.8S rRNA, LSU-rRNA) (GO:0000466)",0.0038040575250043516,0.023626675866951805,0,0,5.7166402953586495,31.85133048691142,EXOSC7;ERI3;EXOSC8;RRS1;KRI1
GO_Biological_Process_2023,Negative Regulation Of Biomineral Tissue Development (GO:0070168),0.0038040575250043516,0.023626675866951805,0,0,5.7166402953586495,31.85133048691142,TGFB1;ROCK1;ENPP1;PTK2B;ASPN
GO_Biological_Process_2023,Negative Regulation Of miRNA Metabolic Process (GO:2000629),0.0038040575250043516,0.023626675866951805,0,0,5.7166402953586495,31.85133048691142,NCOR2;TGFB1;ESR1;HIF1A;PPARD
GO_Biological_Process_2023,Positive Regulation Of Blood Coagulation (GO:0030194),0.0038040575250043516,0.023626675866951805,0,0,5.7166402953586495,31.85133048691142,F12;CNTN1;ST3GAL4;EMILIN1;THBS1
GO_Biological_Process_2023,Positive Regulation Of Signal Transduction By P53 Class Mediator (GO:1901798),0.0038040575250043516,0.023626675866951805,0,0,5.7166402953586495,31.85133048691142,SPRED1;MYC;PMAIP1;RPS20;RPL17
GO_Biological_Process_2023,Positive Regulation Of Translational Initiation (GO:0045948),0.0038040575250043516,0.023626675866951805,0,0,5.7166402953586495,31.85133048691142,SH3BGRL;LARP1;YTHDF3;RPS6KB2;POLR2G
GO_Biological_Process_2023,Response To Cadmium Ion (GO:0046686),0.0038040575250043516,0.023626675866951805,0,0,5.7166402953586495,31.85133048691142,MAPK9;MT1G;FOS;MMP9;MT1E
GO_Biological_Process_2023,Inorganic Cation Transmembrane Transport (GO:0098662),0.0038419685745423654,0.02382699509189676,0,0,1.851146253229974,10.29565042640437,KCNK5;SLC46A1;KCNC3;SLC41A1;PKD1;ATP5F1B;TRPM7;SLC39A8;ATP6V0E2;SLC12A7;SLC39A4;ASIC1;CCDC51;SLC36A1;SLC12A2;ATP6V0B;SLC12A4;TRPA1;KCNK15;ATP1B1;TPCN2;SLC6A6;SLC4A8;SLC6A8;P2RX4;ATP5PO
GO_Biological_Process_2023,'De Novo' Post-Translational Protein Folding (GO:0051084),0.003941778597164168,0.024302825289397235,0,0,4.57467018469657,25.325937910798128,DNAJB1;CCT2;HSPA8;HSPA2;HSPA1B;HSPA1A
GO_Biological_Process_2023,Phospholipid Dephosphorylation (GO:0046839),0.003941778597164168,0.024302825289397235,0,0,4.57467018469657,25.325937910798128,MTMR1;PLPP5;PLPPR2;SACM1L;INPP5J;PMPCA
GO_Biological_Process_2023,Positive Regulation Of Cell Communication (GO:0010647),0.003941778597164168,0.024302825289397235,0,0,4.57467018469657,25.325937910798128,RIMS4;CLSTN2;CLSTN1;GATA3;PTPN23;CDKN2AIP
GO_Biological_Process_2023,Regulation Of Centrosome Duplication (GO:0010824),0.003941778597164168,0.024302825289397235,0,0,4.57467018469657,25.325937910798128,NPM1;FBXW5;PDCD6IP;PLK2;CCNF;CHMP2B
GO_Biological_Process_2023,Ubiquitin-Dependent ERAD Pathway (GO:0030433),0.003953362167047085,0.024338608312039874,0,0,2.9544020061070264,16.347264328977587,PSMC6;RHBDD2;JKAMP;FAF2;SGTA;TRIM13;TMUB1;MAN1B1;STT3B;USP19
GO_Biological_Process_2023,Plasma Membrane Bounded Cell Projection Morphogenesis (GO:0120039),0.0039874182708022066,0.0244767031171255,0,0,3.4873342892360326,19.266166447107924,CNTNAP2;PAK1;SNX1;TRIO;LRRK2;PLXNB1;NBL1;MNX1
GO_Biological_Process_2023,Regulation Of Smoothened Signaling Pathway (GO:0008589),0.0039874182708022066,0.0244767031171255,0,0,3.4873342892360326,19.266166447107924,TEDC1;MGRN1;SUFU;RAB34;PTCH1;RACK1;KCTD6;GLIS2
GO_Biological_Process_2023,Fatty Acid Catabolic Process (GO:0009062),0.004069695270990947,0.024865480157580055,0,0,3.1695397625630184,17.445740046215583,ACOT8;ECI1;ABHD2;ECHDC2;PEX2;ACAA1;LPIN3;PPARD;ACAT1
GO_Biological_Process_2023,Negative Regulation Of Autophagy (GO:0010507),0.004069695270990947,0.024865480157580055,0,0,3.1695397625630184,17.445740046215583,CTSA;NRBP2;LRRK2;MLST8;WDR6;KLHL22;BMF;SIRT2;MCL1
GO_Biological_Process_2023,Positive Regulation Of Type I Interferon Production (GO:0032481),0.004069695270990947,0.024865480157580055,0,0,3.1695397625630184,17.445740046215583,SETD2;HSP90AA1;TRAF3;IRF1;G3BP1;IKBKE;TRIM65;MYD88;PQBP1
GO_Biological_Process_2023,Negative Regulation Of Mitotic Cell Cycle Phase Transition (GO:1901991),0.0041576751096034864,0.024865480157580055,0,0,3.8825797574477616,21.287405299957438,AVEN;CDKN1A;APC;JADE1;CDK2AP2;KLF4;ZFP36L1
GO_Biological_Process_2023,Positive Regulation Of Stem Cell Population Maintenance (GO:1902459),0.0041576751096034864,0.024865480157580055,0,0,3.8825797574477616,21.287405299957438,SMARCD1;ING2;SMARCC1;SMARCB1;PHF10;BCL7C;RBBP7
GO_Biological_Process_2023,Protein Localization To Chromosome (GO:0034502),0.0041576751096034864,0.024865480157580055,0,0,3.8825797574477616,21.287405299957438,MRNIP;BOD1;MCM9;RAD21;PLK1;TONSL;ESR1
GO_Biological_Process_2023,Regulation Of Glycolytic Process (GO:0006110),0.0041576751096034864,0.024865480157580055,0,0,3.8825797574477616,21.287405299957438,APP;EIF6;PRKAG1;MLST8;ARNT;HIF1A;CBFA2T3
GO_Biological_Process_2023,Neuron Development (GO:0048666),0.00417153767081485,0.024865480157580055,0,0,2.2398768906797337,12.273339492023087,APP;CNTNAP2;XBP1;BTG2;ATP8A2;ROCK1;ARL3;WNT5A;PQBP1;UNK;BLOC1S1;RAB13;RAPGEF2;MAP4;FRYL;CDK16
GO_Biological_Process_2023,ADP Transport (GO:0015866),0.004180660164228611,0.024865480157580055,0,0,13.710221285563751,75.0948046246434,SLC25A5;SLC25A4;SLC25A24
GO_Biological_Process_2023,U4 snRNA 3'-End Processing (GO:0034475),0.004180660164228611,0.024865480157580055,0,0,13.710221285563751,75.0948046246434,EXOSC7;EXOSC4;EXOSC8
GO_Biological_Process_2023,Dendritic Spine Maintenance (GO:0097062),0.004180660164228611,0.024865480157580055,0,0,13.710221285563751,75.0948046246434,PRNP;PICK1;IGF1R
GO_Biological_Process_2023,Depyrimidination (GO:0045008),0.004180660164228611,0.024865480157580055,0,0,13.710221285563751,75.0948046246434,NTHL1;OGG1;NEIL1
GO_Biological_Process_2023,Negative Regulation Of Transcription By RNA Polymerase I (GO:0016479),0.004180660164228611,0.024865480157580055,0,0,13.710221285563751,75.0948046246434,SMARCA5;FLNA;MAF1
GO_Biological_Process_2023,"Nuclear-Transcribed mRNA Catabolic Process, Exonucleolytic, 3'-5' (GO:0034427)",0.004180660164228611,0.024865480157580055,0,0,13.710221285563751,75.0948046246434,EXOSC7;EXOSC4;EXOSC8
GO_Biological_Process_2023,Peptidyl-Proline Hydroxylation To 4-hydroxy-L-proline (GO:0018401),0.004180660164228611,0.024865480157580055,0,0,13.710221285563751,75.0948046246434,EGLN2;P4HA2;P4HTM
GO_Biological_Process_2023,Phosphatidylserine Acyl-Chain Remodeling (GO:0036150),0.004180660164228611,0.024865480157580055,0,0,13.710221285563751,75.0948046246434,OSBPL5;MBOAT1;OSBPL10
GO_Biological_Process_2023,Positive Regulation Of Neuron Projection Arborization (GO:0150012),0.004180660164228611,0.024865480157580055,0,0,13.710221285563751,75.0948046246434,NCOA2;WNT5A;DVL2
GO_Biological_Process_2023,Positive Regulation Of Plasminogen Activation (GO:0010756),0.004180660164228611,0.024865480157580055,0,0,13.710221285563751,75.0948046246434,F12;ENO1;S100A10
GO_Biological_Process_2023,rRNA Pseudouridine Synthesis (GO:0031118),0.004180660164228611,0.024865480157580055,0,0,13.710221285563751,75.0948046246434,TNIP1;RPUSD1;TSR3
GO_Biological_Process_2023,Regulation Of Alpha-Beta T Cell Proliferation (GO:0046640),0.004180660164228611,0.024865480157580055,0,0,13.710221285563751,75.0948046246434,IRF1;TNFRSF14;SH3RF1
GO_Biological_Process_2023,Regulation Of Transcription From RNA Polymerase II Promoter In Response To Hypoxia (GO:0061418),0.004180660164228611,0.024865480157580055,0,0,13.710221285563751,75.0948046246434,RBPJ;HIF1A;SIRT2
GO_Biological_Process_2023,Telomeric D-loop Disassembly (GO:0061820),0.004180660164228611,0.024865480157580055,0,0,13.710221285563751,75.0948046246434,RECQL4;SLX1A;TERF1
GO_Biological_Process_2023,DNA Replication (GO:0006260),0.004372185123781431,0.025967942956620037,0,0,2.9074227963704433,15.794552147534112,POLB;RECQL4;FEN1;DUT;MCM7;MCM9;MCM4;CDK2AP1;NAP1L1;PTMS
GO_Biological_Process_2023,Positive Regulation Of Protein Localization (GO:1903829),0.004478354542584027,0.02656105771664977,0,0,2.723337623337623,14.729170418230142,TGFB1;APC;SESN2;WNT5A;PLK1;CEP250;RANGRF;STX4;SNX33;GPD1L;FERMT2
GO_Biological_Process_2023,Rho Protein Signal Transduction (GO:0007266),0.0045180581645142045,0.02672126816119286,0,0,3.4061352105062714,18.392016286469847,COL1A2;ROCK1;RACGAP1;ARHGAP1;RHOG;TNFRSF25;EPS8L2;CTNNAL1
GO_Biological_Process_2023,Negative Regulation Of Protein Catabolic Process (GO:0042177),0.0045180581645142045,0.02672126816119286,0,0,3.4061352105062714,18.392016286469847,SNX3;CTSA;MAD2L2;ROCK1;FLNA;PIN1;SIRT2;MAD2L1
GO_Biological_Process_2023,Protein-Containing Complex Disassembly (GO:0032984),0.004545852875763994,0.02684794734900726,0,0,3.1096473732498304,16.772007237045994,HSPA8;UVRAG;MAP1LC3A;MYC;CHMP2B;PEX2;SEPTIN9;RPL17;PPP1CA
GO_Biological_Process_2023,Chromosome Organization (GO:0051276),0.004676307905899649,0.027499659256340528,0,0,4.39155672823219,23.56178387999676,TOP2B;LDB1;NAA10;MYC;KAT6A;RAE1
GO_Biological_Process_2023,Regulation Of Protein Localization To Cell Surface (GO:2000008),0.004676307905899649,0.027499659256340528,0,0,4.39155672823219,23.56178387999676,GBF1;CTNNB1;RANGRF;STX4;SNX33;GPD1L
GO_Biological_Process_2023,Vesicle Budding From Membrane (GO:0006900),0.004676307905899649,0.027499659256340528,0,0,4.39155672823219,23.56178387999676,SNX3;TRAPPC2;GOLPH3L;TRAPPC2B;TRAPPC9;S100A10
GO_Biological_Process_2023,ATP Biosynthetic Process (GO:0006754),0.004714973636446892,0.027499659256340528,0,0,5.380212211466866,28.82186113368179,ATP5F1B;TGFB1;ATP5PO;ALDOA;ATP5MC1
GO_Biological_Process_2023,Inositol Phosphate Metabolic Process (GO:0043647),0.004714973636446892,0.027499659256340528,0,0,5.380212211466866,28.82186113368179,INPP4B;PPIP5K2;INPP5J;NUDT3;IP6K2
GO_Biological_Process_2023,Positive Regulation Of Cilium Assembly (GO:0045724),0.004714973636446892,0.027499659256340528,0,0,5.380212211466866,28.82186113368179,WRAP73;CCP110;SEPTIN9;KCTD17;BBS4
GO_Biological_Process_2023,Protein Peptidyl-Prolyl Isomerization (GO:0000413),0.004714973636446892,0.027499659256340528,0,0,5.380212211466866,28.82186113368179,PIN1;PPIH;PPIB;PPID;NKTR
GO_Biological_Process_2023,Regulation Of Protein Export From Nucleus (GO:0046825),0.004714973636446892,0.027499659256340528,0,0,5.380212211466866,28.82186113368179,IFI27;RANGAP1;EMD;RAPGEF3;RBM22
GO_Biological_Process_2023,Response To Copper Ion (GO:0046688),0.004714973636446892,0.027499659256340528,0,0,5.380212211466866,28.82186113368179,PRNP;MT2A;MT1G;LOXL2;MT1E
GO_Biological_Process_2023,Cellular Response To Zinc Ion (GO:0071294),0.004771914373290541,0.027526755377981466,0,0,7.314707432788613,39.097167686649456,MT2A;P2RX4;MT1G;MT1E
GO_Biological_Process_2023,Embryonic Cranial Skeleton Morphogenesis (GO:0048701),0.004771914373290541,0.027526755377981466,0,0,7.314707432788613,39.097167686649456,IRX5;MTHFD1L;SIX1;TGFBR1
GO_Biological_Process_2023,Establishment Of Spindle Localization (GO:0051293),0.004771914373290541,0.027526755377981466,0,0,7.314707432788613,39.097167686649456,DYNC1H1;NUSAP1;MAP4;CLASP2
GO_Biological_Process_2023,Medium-Chain Fatty Acid Metabolic Process (GO:0051791),0.004771914373290541,0.027526755377981466,0,0,7.314707432788613,39.097167686649456,ACOT7;ABHD2;OXSM;CRAT
GO_Biological_Process_2023,Myotube Cell Development (GO:0014904),0.004771914373290541,0.027526755377981466,0,0,7.314707432788613,39.097167686649456,SKI;PPP3CA;SELENON;SIX1
GO_Biological_Process_2023,Negative Regulation Of Cilium Assembly (GO:1902018),0.004771914373290541,0.027526755377981466,0,0,7.314707432788613,39.097167686649456,CDK10;EVI5L;MAP4;CEP97
GO_Biological_Process_2023,Regulation Of Nuclear-Transcribed mRNA poly(A) Tail Shortening (GO:0060211),0.004771914373290541,0.027526755377981466,0,0,7.314707432788613,39.097167686649456,BTG2;POLR2G;TENT4A;TNRC6A
GO_Biological_Process_2023,Transcription By RNA Polymerase I (GO:0006360),0.004771914373290541,0.027526755377981466,0,0,7.314707432788613,39.097167686649456,TCOF1;UBTF;POLR2F;POLR2L
GO_Biological_Process_2023,Ceramide Biosynthetic Process (GO:0046513),0.004792882001740532,0.027572166816023744,0,0,3.7682775327660103,20.124951086210483,SMPD2;ASAH1;DEGS1;SGMS2;DEGS2;CERS2;ST6GALNAC6
GO_Biological_Process_2023,Regulation Of Primary Metabolic Process (GO:0080090),0.004792882001740532,0.027572166816023744,0,0,3.7682775327660103,20.124951086210483,NCOA2;IRS2;EDF1;NR1D2;BBS4;CERS2;PPARD
GO_Biological_Process_2023,Cellular Response To Insulin Stimulus (GO:0032869),0.004831088165582275,0.027716229244232917,0,0,2.5568345500880247,13.634789528990737,XBP1;PRKDC;RAB13;GAB1;ENPP1;IRS2;PIK3R2;ZNF106;VAMP2;LPIN3;IGF1R;ZFP36L1
GO_Biological_Process_2023,Positive Regulation Of Cold-Induced Thermogenesis (GO:0120162),0.004831088165582275,0.027716229244232917,0,0,2.5568345500880247,13.634789528990737,DYNC1H1;PRKAB2;CEBPB;MUC1;HDAC3;APC;ACSL1;MFAP2;PRKAB1;ADIPOR2;IGF1R;GADD45G
GO_Biological_Process_2023,Double-Strand Break Repair Via Homologous Recombination (GO:0000724),0.005040524084873707,0.028878431185582556,0,0,2.431176496022138,12.86151983027678,GINS2;FEN1;WDR48;MCM7;MCM9;GINS4;TONSL;SPIDR;RECQL4;NSMCE4A;RAD21;MCM4;SLX1A
GO_Biological_Process_2023,Positive Regulation Of Interleukin-1 Production (GO:0032732),0.005064244339611757,0.02897490885068629,0,0,3.051973220577872,16.131358108913382,PYCARD;GSDMD;APP;STMP1;WNT5A;HSPB1;PYDC1;IL16;MYD88
GO_Biological_Process_2023,Positive Regulation Of Telomere Maintenance (GO:0032206),0.005101263132731024,0.029147108618630044,0,0,3.3286269989914996,17.569382366407662,INO80E;TNIP1;PPP1R10;NEK7;SLX1A;TERF1;NFRKB;MAPK15
GO_Biological_Process_2023,Protein Polyubiquitination (GO:0000209),0.005498320603299285,0.031001019613096835,0,0,1.9366005559713462,10.076738031884432,LRSAM1;PELI3;FBXO38;MYCBP2;UBE2D3;UBE2E1;UBE2E2;LNPEP;TRAF2;NT5C2;ANAPC10;UBE2W;FZR1;IFI27;TRAF3;CDC26;ARIH2;UBE2V2;CTNNB1;TRIM65;SASH1
GO_Biological_Process_2023,Branching Morphogenesis Of An Epithelial Tube (GO:0048754),0.005498433659259428,0.031001019613096835,0,0,3.660506863780359,19.046686140759498,BMP4;PAK1;SFRP2;MYC;SIX1;CTNNB1;PKD1
GO_Biological_Process_2023,Cardiac Ventricle Morphogenesis (GO:0003208),0.005498433659259428,0.031001019613096835,0,0,3.660506863780359,19.046686140759498,BMP4;TGFB1;SFRP2;TPM1;GATA3;RBPJ;BMPR1A
GO_Biological_Process_2023,Phosphatidylinositol Phosphate Biosynthetic Process (GO:0046854),0.005498433659259428,0.031001019613096835,0,0,3.660506863780359,19.046686140759498,SOCS3;UVRAG;CISH;PIP4K2A;PIK3R2;PI4KB;IP6K2
GO_Biological_Process_2023,Regulation Of Cellular Component Size (GO:0032535),0.005498433659259428,0.031001019613096835,0,0,3.660506863780359,19.046686140759498,RAP1GAP2;RARG;BLOC1S1;KXD1;LAMTOR4;PPP1CA;VAV2
GO_Biological_Process_2023,Regulation Of Ubiquitin-Dependent Protein Catabolic Process (GO:2000058),0.005498433659259428,0.031001019613096835,0,0,3.660506863780359,19.046686140759498,RPL5;NUB1;RPL11;SGTA;PTK2B;CCDC22;RPL17
GO_Biological_Process_2023,Glycolipid Metabolic Process (GO:0006664),0.005506711629208367,0.031001019613096835,0,0,4.22252892226507,21.964698734073746,CERK;GLB1;ST3GAL4;FUT2;PIGW;ST6GALNAC6
GO_Biological_Process_2023,Lytic Vacuole Organization (GO:0080171),0.005506711629208367,0.031001019613096835,0,0,4.22252892226507,21.964698734073746,HOOK2;LRRK2;TFEB;HOOK3;PI4KB;TPCN2
GO_Biological_Process_2023,Negative Regulation Of Osteoblast Differentiation (GO:0045668),0.005506711629208367,0.031001019613096835,0,0,4.22252892226507,21.964698734073746,SKI;SUFU;PTCH1;CHRD;LIMD1;SMAD6
GO_Biological_Process_2023,Positive Regulation Of DNA Binding (GO:0043388),0.005506711629208367,0.031001019613096835,0,0,4.22252892226507,21.964698734073746,SKI;TGFB1;EDF1;GATA3;MMP9;SIRT2
GO_Biological_Process_2023,Regulation Of Type I Interferon-Mediated Signaling Pathway (GO:0060338),0.005506711629208367,0.031001019613096835,0,0,4.22252892226507,21.964698734073746,PTPN1;TRIM41;YTHDF3;WNT5A;TTLL12;IKBKE
GO_Biological_Process_2023,Positive Regulation Of Cysteine-Type Endopeptidase Activity (GO:2001056),0.005627290797869437,0.0315953620664376,0,0,2.996396309821257,15.521713909152021,CYFIP2;PYCARD;FIS1;NDUFA13;ASPH;BAD;MYC;PMAIP1;CTSD
GO_Biological_Process_2023,Response To Metal Ion (GO:0010038),0.005627290797869437,0.0315953620664376,0,0,2.996396309821257,15.521713909152021,PPP3CA;PEF1;KCNMA1;AQP3;CRIP1;HIF1A;THBS1;LOXL2;PPP1CA
GO_Biological_Process_2023,Activation Of GTPase Activity (GO:0090630),0.005684132100360766,0.03182962802475956,0,0,2.49858029741566,12.917852099261392,RAP1GAP2;TBC1D8B;TBCK;ARHGEF16;ARHGEF19;RHOG;TBC1D2B;EVI5L;RANGAP1;RASGRP1;TBC1D10B;TBC1D16
GO_Biological_Process_2023,Negative Regulation Of MAPK Cascade (GO:0043409),0.005684132100360766,0.03182962802475956,0,0,2.49858029741566,12.917852099261392,BMP4;DUSP4;PTPN1;SMAD4;SPRED1;TNIP1;MYC;PIN1;PIK3R2;EMILIN1;SORL1;IGF1R
GO_Biological_Process_2023,Actin Polymerization Or Depolymerization (GO:0008154),0.005740284236160173,0.03205880227913858,0,0,3.2545635968773845,16.79435057703946,INF2;PSTPIP2;MICAL1;TWF2;MICAL2;EVL;VILL;CORO7
GO_Biological_Process_2023,Regulation Of Lipid Metabolic Process (GO:0019216),0.005740284236160173,0.03205880227913858,0,0,3.2545635968773845,16.79435057703946,NCOA2;RORC;IRS2;EDF1;NR1D2;BBS4;CERS2;PPARD
GO_Biological_Process_2023,Glial Cell Development (GO:0021782),0.005770608577827895,0.032100439526067726,0,0,5.081165025785279,26.193292556798156,APP;NSUN5;MDK;MXRA8;PICK1
GO_Biological_Process_2023,Positive Regulation Of Cell-Substrate Junction Organization (GO:0150117),0.005770608577827895,0.032100439526067726,0,0,5.081165025785279,26.193292556798156,COL16A1;ROCK1;IQSEC1;FERMT2;S100A10
GO_Biological_Process_2023,Regulation Of Cardiac Muscle Hypertrophy (GO:0010611),0.005770608577827895,0.032100439526067726,0,0,5.081165025785279,26.193292556798156,MEF2A;SMAD4;P2RX4;ROCK1;LMCD1
GO_Biological_Process_2023,Cellular Response To Peptide Hormone Stimulus (GO:0071375),0.005836072707450297,0.03240702715448652,0,0,2.6170068027210887,13.46109053726307,NR4A1;XBP1;PRKDC;RAB13;ENPP1;IRS2;PIK3R2;VAMP2;NFKB1;LPIN3;ZFP36L1
GO_Biological_Process_2023,Negative Regulation Of Cellular Component Organization (GO:0051129),0.005841114607042334,0.03240702715448652,0,0,2.7750268416582538,14.271501401460064,DNAJB1;HSPA8;LRSAM1;SNX33;HSPA2;LCMT1;SORL1;RAPGEF3;HSPA1B;HSPA1A
GO_Biological_Process_2023,Golgi Organization (GO:0007030),0.005913726152235181,0.03276671161455572,0,0,2.2912029676735557,11.754969085280555,RAB2A;TMED9;UBXN2B;LRRK2;RAB1B;GBF1;GOLPH3L;RAB30;VPS51;GORASP1;PLEKHM2;STX5;TMED1;CLASP2
GO_Biological_Process_2023,Plasma Membrane Bounded Cell Projection Assembly (GO:0120031),0.00607304005702569,0.0336052190277729,0,0,1.8282374319398174,9.33113365407474,UNC119B;CCDC57;SPAG6;ARL3;RAB3IP;GBF1;SEPTIN6;PTPN23;TTC39C;CCDC28B;FGD3;RAP1B;EHD4;WDR90;PMP22;ARFIP2;RAPGEF2;FLNA;CEP250;TOGARAM1;PCNT;RAPGEF6;CCNO;BBS4
GO_Biological_Process_2023,Positive Regulation Of Cell Growth (GO:0030307),0.00615325246028882,0.03364565099084028,0,0,2.4704349843267646,12.576427376729022,GOLGA4;MMP14;SFRP2;EXOSC4;SPHK1;TWF2;MLST8;KLHL22;TAF9B;TEAD1;CDKN2AIP;TGFBR1
GO_Biological_Process_2023,Golgi To Endosome Transport (GO:0006895),0.006242334086941152,0.03364565099084028,0,0,6.64954233957924,33.75574414120465,AP4M1;MON2;GBF1;CORO7
GO_Biological_Process_2023,Folic Acid-Containing Compound Metabolic Process (GO:0006760),0.006242334086941152,0.03364565099084028,0,0,6.64954233957924,33.75574414120465,SLC46A1;MTHFD1L;SHMT2;FPGS
GO_Biological_Process_2023,Negative Regulation Of Intrinsic Apoptotic Signaling Pathway By P53 Class Mediator (GO:1902254),0.006242334086941152,0.03364565099084028,0,0,6.64954233957924,33.75574414120465,CD74;ING2;MUC1;TAF9B
GO_Biological_Process_2023,Neurotrophin Signaling Pathway (GO:0038179),0.006242334086941152,0.03364565099084028,0,0,6.64954233957924,33.75574414120465,CASP3;DDIT4;RAPGEF1;RAPGEF2
GO_Biological_Process_2023,Positive Regulation Of Autophagosome Assembly (GO:2000786),0.006242334086941152,0.03364565099084028,0,0,6.64954233957924,33.75574414120465,LRSAM1;PIP4K2A;SNX33;SNX7
GO_Biological_Process_2023,Positive Regulation Of Glucose Metabolic Process (GO:0010907),0.006242334086941152,0.03364565099084028,0,0,6.64954233957924,33.75574414120465,NNMT;PMAIP1;IRS2;ARPP19
GO_Biological_Process_2023,Regulation Of Monocyte Differentiation (GO:0045655),0.006242334086941152,0.03364565099084028,0,0,6.64954233957924,33.75574414120465,CD74;CSF1;MYC;ZFP36L1
GO_Biological_Process_2023,Negative Regulation Of BMP Signaling Pathway (GO:0030514),0.006278933365973342,0.03364565099084028,0,0,3.5587234541827995,18.044703570452764,SKI;UBE2D3;CHRD;LEMD3;SMAD6;SORL1;NBL1
GO_Biological_Process_2023,Positive Regulation Of Osteoblast Differentiation (GO:0045669),0.006278933365973342,0.03364565099084028,0,0,3.5587234541827995,18.044703570452764,FBN2;BMP4;PPP3CA;ZHX3;TMEM119;FERMT2;BMPR1A
GO_Biological_Process_2023,Regulation Of JUN Kinase Activity (GO:0043506),0.006278933365973342,0.03364565099084028,0,0,3.5587234541827995,18.044703570452764,PTPN1;PAK1;WNT5A;DVL2;RPS3;TRAF2;SASH1
GO_Biological_Process_2023,Positive Regulation Of JNK Cascade (GO:0046330),0.00640787851123454,0.03364565099084028,0,0,2.7335296021215973,13.804945079338433,PYCARD;APP;MAPKBP1;TRAF3;TAOK2;PTK2B;TRAF2;RASGRP1;SH3RF1;GADD45G
GO_Biological_Process_2023,Positive Regulation Of Synaptic Transmission (GO:0050806),0.00640787851123454,0.03364565099084028,0,0,2.7335296021215973,13.804945079338433,APP;RIMS4;CLSTN2;PLK2;CLSTN1;PTK2B;STX4;EIF2AK4;SQSTM1;VAMP2
GO_Biological_Process_2023,Spindle Assembly (GO:0051225),0.00640787851123454,0.03364565099084028,0,0,2.7335296021215973,13.804945079338433,WRAP73;HDAC3;KIFC2;NEK7;BCCIP;RPS3;FLNA;KIF11;SAC3D1;CLASP2
GO_Biological_Process_2023,"DNA Damage Response, Signal Transduction By P53 Class Mediator Resulting In Transcription Of P21 Class Mediator (GO:0006978)",0.006431717409080409,0.03364565099084028,0,0,10.967860906217071,55.3494601389446,MUC1;RPS27L;TP53
GO_Biological_Process_2023,Autophagosome-Lysosome Fusion (GO:0061909),0.006431717409080409,0.03364565099084028,0,0,10.967860906217071,55.3494601389446,TOM1;PIP4K2A;VPS39
GO_Biological_Process_2023,Endothelial Cell Chemotaxis (GO:0035767),0.006431717409080409,0.03364565099084028,0,0,10.967860906217071,55.3494601389446,NR4A1;RAB13;TNFRSF25
GO_Biological_Process_2023,Exonucleolytic Trimming Involved In rRNA Processing (GO:0000459),0.006431717409080409,0.03364565099084028,0,0,10.967860906217071,55.3494601389446,EXOSC7;ERI3;EXOSC8
GO_Biological_Process_2023,"Exonucleolytic Trimming To Generate Mature 3'-End Of 5.8S rRNA From Tricistronic rRNA Transcript (SSU-rRNA, 5.8S rRNA, LSU-rRNA) (GO:0000467)",0.006431717409080409,0.03364565099084028,0,0,10.967860906217071,55.3494601389446,EXOSC7;ERI3;EXOSC8
GO_Biological_Process_2023,Mitochondrial Respiratory Chain Complex III Assembly (GO:0034551),0.006431717409080409,0.03364565099084028,0,0,10.967860906217071,55.3494601389446,UQCC3;STMP1;TTC19
GO_Biological_Process_2023,Monocyte Activation (GO:0042117),0.006431717409080409,0.03364565099084028,0,0,10.967860906217071,55.3494601389446,CSF1;ADAM9;MT1G
GO_Biological_Process_2023,Negative Regulation Of Transcription By Competitive Promoter Binding (GO:0010944),0.006431717409080409,0.03364565099084028,0,0,10.967860906217071,55.3494601389446,MAD2L2;MUC1;KDM2A
GO_Biological_Process_2023,Oligosaccharide Catabolic Process (GO:0009313),0.006431717409080409,0.03364565099084028,0,0,10.967860906217071,55.3494601389446,MANBA;NEU4;PGD
GO_Biological_Process_2023,Positive Regulation Of Synapse Maturation (GO:0090129),0.006431717409080409,0.03364565099084028,0,0,10.967860906217071,55.3494601389446,CAMK2B;CDC20;NEURL1
GO_Biological_Process_2023,Positive Regulation Of Ubiquitin Protein Ligase Activity (GO:1904668),0.006431717409080409,0.03364565099084028,0,0,10.967860906217071,55.3494601389446,CDC20;FZR1;PLK1
GO_Biological_Process_2023,Purine Nucleobase Transport (GO:0006863),0.006431717409080409,0.03364565099084028,0,0,10.967860906217071,55.3494601389446,SLC43A3;VDAC3;SLC29A2
GO_Biological_Process_2023,Regulation Of Macrophage Migration (GO:1905521),0.006431717409080409,0.03364565099084028,0,0,10.967860906217071,55.3494601389446,CSF1;PTK2B;EMILIN1
GO_Biological_Process_2023,Regulation Of miRNA Metabolic Process (GO:2000628),0.006431717409080409,0.03364565099084028,0,0,10.967860906217071,55.3494601389446,SMAD3;TGFB1;NFKB1
GO_Biological_Process_2023,Regulation Of Nephron Tubule Epithelial Cell Differentiation (GO:0072182),0.006431717409080409,0.03364565099084028,0,0,10.967860906217071,55.3494601389446,CTNNB1;GATA3;OXSR1
GO_Biological_Process_2023,Regulation Of Organ Growth (GO:0046620),0.006431717409080409,0.03364565099084028,0,0,10.967860906217071,55.3494601389446,WWC1;WWC2;WWC3
GO_Biological_Process_2023,Regulation Of Sister Chromatid Cohesion (GO:0007063),0.006431717409080409,0.03364565099084028,0,0,10.967860906217071,55.3494601389446,FEN1;RAD21;CTNNB1
GO_Biological_Process_2023,Respiratory Chain Complex III Assembly (GO:0017062),0.006431717409080409,0.03364565099084028,0,0,10.967860906217071,55.3494601389446,UQCC3;STMP1;TTC19
GO_Biological_Process_2023,Skin Morphogenesis (GO:0043589),0.006431717409080409,0.03364565099084028,0,0,10.967860906217071,55.3494601389446,COL1A1;COL1A2;ITGB4
GO_Biological_Process_2023,tRNA Transcription (GO:0009304),0.006431717409080409,0.03364565099084028,0,0,10.967860906217071,55.3494601389446,POLR2F;POLR2L;ZFP36L1
GO_Biological_Process_2023,Vitamin K Metabolic Process (GO:0042373),0.006431717409080409,0.03364565099084028,0,0,10.967860906217071,55.3494601389446,VKORC1;CBR1;VKORC1L1
GO_Biological_Process_2023,Regulation Of Focal Adhesion Assembly (GO:0051893),0.006438413326893256,0.03364565099084028,0,0,3.183720342681274,16.063375496662598,COL16A1;LDB1;ROCK1;LIMCH1;THBS1;FERMT2;CLASP2;S100A10
GO_Biological_Process_2023,Cellular Response To Vascular Endothelial Growth Factor Stimulus (GO:0035924),0.006439894252818158,0.03364565099084028,0,0,4.066021694517737,20.51406814011783,NR4A1;FLT1;SPHK1;GAB1;HSPB1;MT1G
GO_Biological_Process_2023,Negative Regulation Of Epithelial Cell Migration (GO:0010633),0.006439894252818158,0.03364565099084028,0,0,4.066021694517737,20.51406814011783,EPPK1;EVL;PTPN23;NR2F2;MCC;THBS1
GO_Biological_Process_2023,Positive Regulation Of Chromosome Organization (GO:2001252),0.006439894252818158,0.03364565099084028,0,0,4.066021694517737,20.51406814011783,FEN1;PPP1R10;RAD21;NCAPH2;NCAPD3;TERF1
GO_Biological_Process_2023,Positive Regulation Of Small Molecule Metabolic Process (GO:0062013),0.006439894252818158,0.03364565099084028,0,0,4.066021694517737,20.51406814011783,APP;MLST8;PMAIP1;ARNT;IRS2;HIF1A
GO_Biological_Process_2023,Regulation Of NLRP3 Inflammasome Complex Assembly (GO:1900225),0.006439894252818158,0.03364565099084028,0,0,4.066021694517737,20.51406814011783,HSPA8;STMP1;NEK7;PYDC1;FBXL2;MYD88
GO_Biological_Process_2023,Regulation Of Activated T Cell Proliferation (GO:0046006),0.006439894252818158,0.03364565099084028,0,0,4.066021694517737,20.51406814011783,PYCARD;PPP3CA;PRNP;IGFBP2;RPS3;ICOSLG
GO_Biological_Process_2023,Regulation Of Cell Adhesion Mediated By Integrin (GO:0033628),0.006439894252818158,0.03364565099084028,0,0,4.066021694517737,20.51406814011783,RET;MUC1;SFRP2;RAC3;ADAM9;JAM3
GO_Biological_Process_2023,Signal Transduction By P53 Class Mediator (GO:0072331),0.006439894252818158,0.03364565099084028,0,0,4.066021694517737,20.51406814011783,PYCARD;HINT1;PPP1R13B;SESN2;PMAIP1;TP53
GO_Biological_Process_2023,Ventricular Cardiac Muscle Tissue Morphogenesis (GO:0055010),0.006439894252818158,0.03364565099084028,0,0,4.066021694517737,20.51406814011783,SMAD4;TGFB1;TPM1;RBPJ;TGFBR1;BMPR1A
GO_Biological_Process_2023,Activation Of Cysteine-Type Endopeptidase Activity Involved In Apoptotic Process (GO:0006919),0.006897216987019154,0.03599031069682486,0,0,2.8910926894403026,14.38791966963853,PYCARD;HIP1;SMAD3;CRADD;BAD;RACK1;CNTN1;RPS27L;PDCD2
GO_Biological_Process_2023,Regulation Of ERK1 And ERK2 Cascade (GO:0070372),0.006952075127197838,0.036120682869712546,0,0,1.860549414704851,9.24453994233603,DUSP4;PDGFRB;APP;CD74;PTPN1;SMAD4;TGFB1;FN1;ARRB2;RASGRP1;PYCARD;DSTYK;SPRED1;GAREM1;TNIP1;RAPGEF2;PIN1;PTK2B;EMILIN1;ROR2;FAM83D;FERMT2
GO_Biological_Process_2023,Negative Regulation Of Ossification (GO:0030279),0.006982245513166947,0.036120682869712546,0,0,4.81359649122807,23.89654480762133,MDK;ENPP1;PTK2B;RBPJ;SMAD6
GO_Biological_Process_2023,Outflow Tract Septum Morphogenesis (GO:0003148),0.006982245513166947,0.036120682869712546,0,0,4.81359649122807,23.89654480762133,BMP4;NELL2;SMAD4;SMAD6;BMPR1A
GO_Biological_Process_2023,Positive Regulation Of ERBB Signaling Pathway (GO:1901186),0.006982245513166947,0.036120682869712546,0,0,4.81359649122807,23.89654480762133,HIP1;AGR2;PTK6;RBPJ;MMP9
GO_Biological_Process_2023,Positive Regulation Of Cellular Response To Transforming Growth Factor Beta Stimulus (GO:1903846),0.006982245513166947,0.036120682869712546,0,0,4.81359649122807,23.89654480762133,CDKN2B;SMAD4;ING2;SNW1;THBS1
GO_Biological_Process_2023,Positive Regulation Of Transforming Growth Factor Beta Receptor Signaling Pathway (GO:0030511),0.006982245513166947,0.036120682869712546,0,0,4.81359649122807,23.89654480762133,CDKN2B;SMAD4;ING2;SNW1;THBS1
GO_Biological_Process_2023,Response To Zinc Ion (GO:0010043),0.006982245513166947,0.036120682869712546,0,0,4.81359649122807,23.89654480762133,MT2A;P2RX4;MT1G;CRIP1;MT1E
GO_Biological_Process_2023,Response To Insulin (GO:0032868),0.007016428053521814,0.03620855212424063,0,0,2.6932528696301365,13.35719033983916,XBP1;EIF6;PRKDC;RAB13;ENPP1;IRS2;PIK3R2;VAMP2;LPIN3;ZFP36L1
GO_Biological_Process_2023,Vesicle Fusion (GO:0006906),0.007016428053521814,0.03620855212424063,0,0,2.6932528696301365,13.35719033983916,UVRAG;RAB34;CHMP2B;RAB13;TOM1;PIP4K2A;STX5;STX4;VPS39;VAMP2
GO_Biological_Process_2023,Negative Regulation Of Cold-Induced Thermogenesis (GO:0120163),0.007139007623790592,0.03675105269411025,0,0,3.4624418505094323,17.112016060335243,IL15;ARRDC3;TFE3;LNPEP;RBPJ;LGR4;ATF4
GO_Biological_Process_2023,Regulation Of Nervous System Development (GO:0051960),0.007139007623790592,0.03675105269411025,0,0,3.4624418505094323,17.112016060335243,HES6;NSUN5;BHLHE40;CTNNB1;ASCL2;SIRT2;S100A10
GO_Biological_Process_2023,Selective Autophagy (GO:0061912),0.0071989733148055905,0.03701450137807857,0,0,3.1158916950467006,15.373238973638665,TGFB1;RB1CC1;STBD1;ARFIP2;PEX2;SNX33;SNX7;SQSTM1
GO_Biological_Process_2023,Embryonic Limb Morphogenesis (GO:0030326),0.007482723068533647,0.03828644816718735,0,0,3.9206935544666415,19.192416405112176,SKI;RARG;PTCH1;CTNNB1;ECE1;OXSR1
GO_Biological_Process_2023,Microtubule Polymerization (GO:0046785),0.007482723068533647,0.03828644816718735,0,0,3.9206935544666415,19.192416405112176,CCDC57;SSNA1;PIN1;SLAIN2;MAP4;CLASP2
GO_Biological_Process_2023,"Mitochondrial Electron Transport, NADH To Ubiquinone (GO:0006120)",0.007482723068533647,0.03828644816718735,0,0,3.9206935544666415,19.192416405112176,NDUFS8;NDUFB10;NDUFA2;NDUFB2;NDUFC1;NDUFV1
GO_Biological_Process_2023,Positive Regulation Of Cell Development (GO:0010720),0.007482723068533647,0.03828644816718735,0,0,3.9206935544666415,19.192416405112176,BMP4;SNW1;BAD;SERPINF1;NAP1L1;TGM2
GO_Biological_Process_2023,Sulfur Compound Biosynthetic Process (GO:0044272),0.0076091059541735905,0.03888585579250605,0,0,2.8411642487424364,13.860362937820744,GGT5;CHPF2;B3GAT3;DSE;ST3GAL4;XYLT1;MAT2B;EXTL3;PAPSS1
GO_Biological_Process_2023,Glycoprotein Biosynthetic Process (GO:0009101),0.007668736107159706,0.039143088178484275,0,0,2.6541435786601677,12.927280900542279,ARFGEF1;TNIP1;MGAT4B;ST3GAL4;XYLT1;ALG1;FUT2;B4GALT7;FUT1;FKTN
GO_Biological_Process_2023,Cell Surface Receptor Signaling Pathway Involved In Heart Development (GO:0061311),0.007985058029970672,0.04012539303604594,0,0,6.095238095238095,29.441116830286692,BMP4;TGFB1;RBPJ;BMPR1A
GO_Biological_Process_2023,Glycoprotein Catabolic Process (GO:0006516),0.007985058029970672,0.04012539303604594,0,0,6.095238095238095,29.441116830286692,MANBA;NEU4;NGLY1;STT3B
GO_Biological_Process_2023,Leukotriene Biosynthetic Process (GO:0019370),0.007985058029970672,0.04012539303604594,0,0,6.095238095238095,29.441116830286692,GGT5;ALOX5AP;MGST2;LTC4S
GO_Biological_Process_2023,Negative Regulation Of Natural Killer Cell Mediated Cytotoxicity (GO:0045953),0.007985058029970672,0.04012539303604594,0,0,6.095238095238095,29.441116830286692,TGFB1;HLA-B;HLA-A;HLA-F
GO_Biological_Process_2023,Nuclear Chromosome Segregation (GO:0098813),0.007985058029970672,0.04012539303604594,0,0,6.095238095238095,29.441116830286692,TOP2B;KLHDC8B;KIF22;FAM83D
GO_Biological_Process_2023,Nuclear Migration (GO:0007097),0.007985058029970672,0.04012539303604594,0,0,6.095238095238095,29.441116830286692,DYNC1H1;HOOK3;LMNB2;LMNB1
GO_Biological_Process_2023,Pharyngeal System Development (GO:0060037),0.007985058029970672,0.04012539303604594,0,0,6.095238095238095,29.441116830286692,PTCH1;GATA3;TGFBR1;BMPR1A
GO_Biological_Process_2023,Phosphatidylinositol Dephosphorylation (GO:0046856),0.007985058029970672,0.04012539303604594,0,0,6.095238095238095,29.441116830286692,MTMR1;SACM1L;INPP5J;PMPCA
GO_Biological_Process_2023,Positive Regulation By Host Of Viral Transcription (GO:0043923),0.007985058029970672,0.04012539303604594,0,0,6.095238095238095,29.441116830286692,SMARCB1;SNW1;RRP1B;CHD1
GO_Biological_Process_2023,Positive Regulation Of Epidermal Cell Differentiation (GO:0045606),0.007985058029970672,0.04012539303604594,0,0,6.095238095238095,29.441116830286692,IL20;PRKCH;SFN;PLAAT4
GO_Biological_Process_2023,Regulation Of Autophagosome Maturation (GO:1901096),0.007985058029970672,0.04012539303604594,0,0,6.095238095238095,29.441116830286692,UVRAG;FYCO1;TOM1;ATG12
GO_Biological_Process_2023,Regulation Of Plasminogen Activation (GO:0010755),0.007985058029970672,0.04012539303604594,0,0,6.095238095238095,29.441116830286692,F12;ENO1;THBS1;S100A10
GO_Biological_Process_2023,Regulation Of Transforming Growth Factor Beta Production (GO:0071634),0.007985058029970672,0.04012539303604594,0,0,6.095238095238095,29.441116830286692,SMAD4;SMAD3;FN1;HIF1A
GO_Biological_Process_2023,Endosome To Lysosome Transport (GO:0008333),0.008025308229020863,0.04013607239003189,0,0,3.0508892410635675,14.721014092557697,PLEKHF1;HOOK2;MGRN1;HOOK3;TRAK1;UBXN6;VPS39;TPCN2
GO_Biological_Process_2023,Positive Regulation Of Cellular Metabolic Process (GO:0031325),0.008025308229020863,0.04013607239003189,0,0,3.0508892410635675,14.721014092557697,PDGFRB;CBR1;CDKN1A;PRELID1;GATA3;TP53;THBS1;YPEL3
GO_Biological_Process_2023,Positive Regulation Of Interleukin-1 Beta Production (GO:0032731),0.008025308229020863,0.04013607239003189,0,0,3.0508892410635675,14.721014092557697,PYCARD;GSDMD;APP;STMP1;WNT5A;HSPB1;PYDC1;MYD88
GO_Biological_Process_2023,Regulation Of Mitotic Nuclear Division (GO:0007088),0.008025308229020863,0.04013607239003189,0,0,3.0508892410635675,14.721014092557697,PDGFRB;BMP4;NME6;NUSAP1;PIN1;MKI67;PKMYT1;LCMT1
GO_Biological_Process_2023,Negative Regulation Of Response To External Stimulus (GO:0032102),0.008081683463830145,0.04018739626746499,0,0,2.131433574194185,10.269577500344948,RTN4R;MAPKBP1;PRKDC;ARNT;GATA3;KLF4;ATG12;SIGIRR;SLC39A8;EPPK1;TRIB1;TRIM65;EXTL3;CERS2;PPARD
GO_Biological_Process_2023,I-kappaB kinase/NF-kappaB Signaling (GO:0007249),0.0080832877317841,0.04018739626746499,0,0,3.371227699660979,16.242428717741806,IKBKB;PRDX4;ROCK1;TBKBP1;AZI2;NFKB1;NFKB2
GO_Biological_Process_2023,Epidermal Growth Factor Receptor Signaling Pathway (GO:0007173),0.0080832877317841,0.04018739626746499,0,0,3.371227699660979,16.242428717741806,EFEMP1;TGFB1;GAREM1;REPS2;GAB1;PLCE1;PTK2B
GO_Biological_Process_2023,Epithelial Cell Migration (GO:0010631),0.0080832877317841,0.04018739626746499,0,0,3.371227699660979,16.242428717741806,SMAD4;ROCK1;TNFSF12;PXN;LPXN;TNFRSF25;LOXL2
GO_Biological_Process_2023,Positive Regulation Of Blood Vessel Endothelial Cell Migration (GO:0043536),0.0080832877317841,0.04018739626746499,0,0,3.371227699660979,16.242428717741806,ATP5F1B;SRPX2;TGFB1;P2RX4;HSPB1;HIF1A;THBS1
GO_Biological_Process_2023,Chaperone Cofactor-Dependent Protein Refolding (GO:0051085),0.008360843310566876,0.04125133413043729,0,0,4.572784810126582,21.87709871745967,DNAJB1;HSPA8;HSPA2;HSPA1B;HSPA1A
GO_Biological_Process_2023,Negative Regulation Of Response To Wounding (GO:1903035),0.008360843310566876,0.04125133413043729,0,0,4.572784810126582,21.87709871745967,RTN4R;MDK;EPPK1;EXTL3;CERS2
GO_Biological_Process_2023,Nucleic Acid Phosphodiester Bond Hydrolysis (GO:0090305),0.008360843310566876,0.04125133413043729,0,0,4.572784810126582,21.87709871745967,FEN1;C11ORF80;ENPP1;RNASE1;EDC3
GO_Biological_Process_2023,Organophosphate Ester Transport (GO:0015748),0.008360843310566876,0.04125133413043729,0,0,4.572784810126582,21.87709871745967,SCARB1;PRELID1;OSBPL5;PITPNM1;PLTP
GO_Biological_Process_2023,Positive Regulation Of T Cell Migration (GO:2000406),0.008360843310566876,0.04125133413043729,0,0,4.572784810126582,21.87709871745967,PYCARD;APP;WNT5A;TNFRSF14;OXSR1
GO_Biological_Process_2023,Regulation Of Protein Localization To Plasma Membrane (GO:1903076),0.008366795579998525,0.04125133413043729,0,0,2.616151696003626,12.514320599996875,MMP14;PRKCH;TGFB1;LRP1;ARHGEF16;RHOG;AGR2;RANGRF;STX4;SQSTM1
GO_Biological_Process_2023,Wound Healing (GO:0042060),0.008366795579998525,0.04125133413043729,0,0,2.616151696003626,12.514320599996875,SCARB1;PPP3CA;PAK1;COL3A1;SMAD3;TPM1;WNT5A;CHMP2B;EPPK1;TGFBR1
GO_Biological_Process_2023,Establishment Of Protein Localization To Membrane (GO:0090150),0.00837565677547468,0.04125133413043729,0,0,2.7929282975597522,13.356972301419264,RABGEF1;NACA;GORASP1;RAB3IP;TAOK2;VPS37C;ZDHHC23;VPS37D;GOLGA7
GO_Biological_Process_2023,Neuron Projection Morphogenesis (GO:0048812),0.008593614528507052,0.04227536306021402,0,0,2.114976751774207,10.060385733263573,MEF2A;APP;CNTNAP2;TRIO;ROCK1;SPAG6;LRRK2;SSNA1;EIF2AK4;PAK1;TAOK2;CTNNB1;PLXNB1;NBL1;MNX1
GO_Biological_Process_2023,Membrane Lipid Biosynthetic Process (GO:0046467),0.008920773133653121,0.043782489120994514,0,0,2.9885399484675013,14.104033732002309,ELOVL1;SPHK1;ST3GAL4;DEGS1;SGMS2;DEGS2;CSNK1G2;CERS2
GO_Biological_Process_2023,Muscle Organ Development (GO:0007517),0.008920773133653121,0.043782489120994514,0,0,2.9885399484675013,14.104033732002309,MEF2A;TAGLN;SMTN;COL6A3;ZBTB42;SRI;EMD;FKTN
GO_Biological_Process_2023,Positive Regulation Of DNA Metabolic Process (GO:0051054),0.008976346848769428,0.04400395410962521,0,0,2.3386909656127863,11.022630065105307,PDGFRB;CDT1;GINS2;INO80E;PPP1R10;MYC;GINS4;SMARCA5;RPS3;TERF1;NFRKB;HNRNPAB
GO_Biological_Process_2023,T Cell Differentiation (GO:0030217),0.00911639138729248,0.04419384707731911,0,0,3.284691197573985,15.430432199695698,TGFB1;CHD7;SOX13;PIK3R2;GATA3;GPR89B;ZFP36L1
GO_Biological_Process_2023,Negative Regulation Of ERK1 And ERK2 Cascade (GO:0070373),0.00911639138729248,0.04419384707731911,0,0,3.284691197573985,15.430432199695698,DUSP4;PTPN1;SPRED1;SMAD4;TNIP1;PIN1;EMILIN1
GO_Biological_Process_2023,Regulation Of mRNA Catabolic Process (GO:0061013),0.00911639138729248,0.04419384707731911,0,0,3.284691197573985,15.430432199695698,CARHSP1;FXR2;YTHDF3;MAGOH;PKP3;CNOT8;ZFP36L1
GO_Biological_Process_2023,DNA-templated DNA Replication (GO:0006261),0.009199422768119647,0.04419384707731911,0,0,2.7463002114164903,12.876343101055202,POLB;RECQL4;GINS2;MCM7;GINS4;MCM4;CDK2AP1;LRWD1;SSBP1
GO_Biological_Process_2023,Negative Regulation Of Extrinsic Apoptotic Signaling Pathway (GO:2001237),0.009199422768119647,0.04419384707731911,0,0,2.7463002114164903,12.876343101055202,BMP4;UNC5B;PELI3;THBS1;SH3RF1;TGFBR1;HSPA1B;MCL1;HSPA1A
GO_Biological_Process_2023,Protein K48-linked Ubiquitination (GO:0070936),0.009199422768119647,0.04419384707731911,0,0,2.7463002114164903,12.876343101055202,IFI27;FBXO38;UBE2D3;MYCBP2;ARIH2;UBE2E1;UBE2E2;NT5C2;TRIM65
GO_Biological_Process_2023,Alpha-Linolenic Acid Metabolic Process (GO:0036109),0.009277454480254119,0.04419384707731911,0,0,9.139620653319284,42.77496076736342,ELOVL1;ACOT8;ACAA1
GO_Biological_Process_2023,Aminoglycan Metabolic Process (GO:0006022),0.009277454480254119,0.04419384707731911,0,0,9.139620653319284,42.77496076736342,XYLT1;B4GALT7;CLN6
GO_Biological_Process_2023,Autophagy Of Peroxisome (GO:0030242),0.009277454480254119,0.04419384707731911,0,0,9.139620653319284,42.77496076736342,RB1CC1;PEX2;SQSTM1
GO_Biological_Process_2023,Chondroitin Sulfate Proteoglycan Metabolic Process (GO:0050654),0.009277454480254119,0.04419384707731911,0,0,9.139620653319284,42.77496076736342,B3GAT3;DSE;XYLT1
GO_Biological_Process_2023,Endothelial Tube Morphogenesis (GO:0061154),0.009277454480254119,0.04419384707731911,0,0,9.139620653319284,42.77496076736342,BMP4;CTNNB1;RBPJ
GO_Biological_Process_2023,Histone Ubiquitination (GO:0016574),0.009277454480254119,0.04419384707731911,0,0,9.139620653319284,42.77496076736342,UHRF1;UBE2E1;RNF40
GO_Biological_Process_2023,Mitochondrial Respirasome Assembly (GO:0097250),0.009277454480254119,0.04419384707731911,0,0,9.139620653319284,42.77496076736342,STMP1;COX7A2;HIGD2A
GO_Biological_Process_2023,Mitochondrial Ribosome Assembly (GO:0061668),0.009277454480254119,0.04419384707731911,0,0,9.139620653319284,42.77496076736342,DHX30;MPV17L2;MRPS2
GO_Biological_Process_2023,Mitral Valve Morphogenesis (GO:0003183),0.009277454480254119,0.04419384707731911,0,0,9.139620653319284,42.77496076736342,DCHS1;SMAD6;BMPR1A
GO_Biological_Process_2023,Negative Regulation Of Cell Cycle Phase Transition (GO:1901988),0.009277454480254119,0.04419384707731911,0,0,9.139620653319284,42.77496076736342,APC;ATF5;ZFP36L1
GO_Biological_Process_2023,Negative Regulation Of Centrosome Duplication (GO:0010826),0.009277454480254119,0.04419384707731911,0,0,9.139620653319284,42.77496076736342,NPM1;RBM14;CCNF
GO_Biological_Process_2023,Nuclear mRNA Surveillance (GO:0071028),0.009277454480254119,0.04419384707731911,0,0,9.139620653319284,42.77496076736342,EXOSC7;EXOSC4;EXOSC8
GO_Biological_Process_2023,Piecemeal Microautophagy Of The Nucleus (GO:0034727),0.009277454480254119,0.04419384707731911,0,0,9.139620653319284,42.77496076736342,RB1CC1;SNX33;SNX7
GO_Biological_Process_2023,Positive Regulation Of Monocyte Differentiation (GO:0045657),0.009277454480254119,0.04419384707731911,0,0,9.139620653319284,42.77496076736342,CD74;CSF1;ZFP36L1
GO_Biological_Process_2023,Quinone Metabolic Process (GO:1901661),0.009277454480254119,0.04419384707731911,0,0,9.139620653319284,42.77496076736342,VKORC1;CBR1;VKORC1L1
GO_Biological_Process_2023,rRNA 3'-End Processing (GO:0031125),0.009277454480254119,0.04419384707731911,0,0,9.139620653319284,42.77496076736342,EXOSC7;ERI3;EXOSC8
GO_Biological_Process_2023,"Regulation Of CD8-positive, Alpha-Beta T Cell Activation (GO:2001185)",0.009277454480254119,0.04419384707731911,0,0,9.139620653319284,42.77496076736342,IRF1;HLA-A;SH3RF1
GO_Biological_Process_2023,Regulation Of Endoplasmic Reticulum Unfolded Protein Response (GO:1900101),0.009277454480254119,0.04419384707731911,0,0,9.139620653319284,42.77496076736342,XBP1;COPS5;RACK1
GO_Biological_Process_2023,Telomeric Loop Disassembly (GO:0090657),0.009277454480254119,0.04419384707731911,0,0,9.139620653319284,42.77496076736342,RECQL4;SLX1A;TERF1
GO_Biological_Process_2023,Positive Regulation Of Transmembrane Receptor Protein Serine/Threonine Kinase Signaling Pathway (GO:0090100),0.009507499460922116,0.045238508734398906,0,0,2.4274048575253393,11.301206592596602,BMP4;ING2;CDKN2B;SMAD4;FOXD1;TGFB1;SNW1;RBPJ;THBS1;TGFBR1;BMPR1A
GO_Biological_Process_2023,mRNA Transport (GO:0051028),0.009888723930846461,0.04636141709679372,0,0,2.928684627575277,13.519863059008408,MCM3AP;PEG10;SARNP;MAGOH;THOC3;RAE1;THOC6;ZFP36L1
GO_Biological_Process_2023,Positive Regulation Of I-kappaB kinase/NF-kappaB Signaling (GO:0043123),0.009899445725740958,0.04636141709679372,0,0,1.972688059340482,9.104500863227948,CD74;PLK2;SHISA5;ZDHHC13;TRAF2;RHOC;CXXC5;IKBKB;GPRC5B;LGALS1;TRIM13;FLNA;S100A4;TNFRSF25;CCDC22;IKBKE;MYD88
GO_Biological_Process_2023,"Wnt Signaling Pathway, Planar Cell Polarity Pathway (GO:0060071)",0.009916957450765969,0.04636141709679372,0,0,4.354907574844284,20.091405784219965,FZD2;DAAM1;WNT5A;DVL2;CELSR3
GO_Biological_Process_2023,miRNA-mediated Gene Silencing (GO:0035195),0.009916957450765969,0.04636141709679372,0,0,4.354907574844284,20.091405784219965,CNOT6;EIF6;LIMD1;CNOT8;TNRC6A
GO_Biological_Process_2023,Peptidyl-Lysine Methylation (GO:0018022),0.009916957450765969,0.04636141709679372,0,0,4.354907574844284,20.091405784219965,SETD4;SETD2;ATPSCKMT;SMYD3;EEF1AKMT1
GO_Biological_Process_2023,Positive Regulation Of Erythrocyte Differentiation (GO:0045648),0.009916957450765969,0.04636141709679372,0,0,4.354907574844284,20.091405784219965,PRKDC;ARNT;HIF1A;HSPA1B;HSPA1A
GO_Biological_Process_2023,Protein Localization To Cell Surface (GO:0034394),0.009916957450765969,0.04636141709679372,0,0,4.354907574844284,20.091405784219965,PTPRU;FLNA;CTNNB1;STX4;JAM3
GO_Biological_Process_2023,Regulation Of Transcription Regulatory Region DNA Binding (GO:2000677),0.009916957450765969,0.04636141709679372,0,0,4.354907574844284,20.091405784219965,MAD2L2;TGFB1;NSD1;GATA3;RNF220
GO_Biological_Process_2023,Positive Regulation Of Double-Strand Break Repair Via Homologous Recombination (GO:1905168),0.00992437946454522,0.04636141709679372,0,0,3.6591029023746704,16.87856707826995,WDR48;MRNIP;VPS72;MORF4L2;YEATS4;BRD8
GO_Biological_Process_2023,Aorta Morphogenesis (GO:0035909),0.010018734162451266,0.04636141709679372,0,0,5.6262114269494345,25.899130748378173,PDGFRB;LRP1;RBPJ;BMPR1A
GO_Biological_Process_2023,Carbohydrate Derivative Catabolic Process (GO:1901136),0.010018734162451266,0.04636141709679372,0,0,5.6262114269494345,25.899130748378173,MANBA;NEU4;NGLY1;STT3B
GO_Biological_Process_2023,Cellular Response To Alkaloid (GO:0071312),0.010018734162451266,0.04636141709679372,0,0,5.6262114269494345,25.899130748378173,CASP7;CASP3;SPIDR;TGM2
GO_Biological_Process_2023,"mRNA Cis Splicing, Via Spliceosome (GO:0045292)",0.010018734162451266,0.04636141709679372,0,0,5.6262114269494345,25.899130748378173,PRPF39;DDX23;DCPS;RBM22
GO_Biological_Process_2023,Negative Regulation Of Vascular Associated Smooth Muscle Cell Proliferation (GO:1904706),0.010018734162451266,0.04636141709679372,0,0,5.6262114269494345,25.899130748378173,BMP4;CDKN1A;CDKN1B;TPM1
GO_Biological_Process_2023,Polyol Metabolic Process (GO:0019751),0.010018734162451266,0.04636141709679372,0,0,5.6262114269494345,25.899130748378173,INPP4B;PPIP5K2;INPP5J;IP6K2
GO_Biological_Process_2023,Positive Regulation Of Cartilage Development (GO:0061036),0.010018734162451266,0.04636141709679372,0,0,5.6262114269494345,25.899130748378173,BMP4;BMP1;MDK;LOXL2
GO_Biological_Process_2023,Positive Regulation Of Cell Adhesion Mediated By Integrin (GO:0033630),0.010018734162451266,0.04636141709679372,0,0,5.6262114269494345,25.899130748378173,RET;SFRP2;RAC3;CD3E
GO_Biological_Process_2023,Positive Regulation Of Cell Cycle Phase Transition (GO:1901989),0.010018734162451266,0.04636141709679372,0,0,5.6262114269494345,25.899130748378173,PAGR1;NPM1;PEX2;FAM83D
GO_Biological_Process_2023,Positive Regulation Of Macrophage Derived Foam Cell Differentiation (GO:0010744),0.010018734162451266,0.04636141709679372,0,0,5.6262114269494345,25.899130748378173,MAPK9;PRKCH;CSF1;NFKB1
GO_Biological_Process_2023,Prostaglandin Biosynthetic Process (GO:0001516),0.010018734162451266,0.04636141709679372,0,0,5.6262114269494345,25.899130748378173,CBR1;CD74;EDN2;PTGES2
GO_Biological_Process_2023,Regulation Of Brown Fat Cell Differentiation (GO:0090335),0.010018734162451266,0.04636141709679372,0,0,5.6262114269494345,25.899130748378173,TFE3;SOX13;SIX1;VSTM2A
GO_Biological_Process_2023,Regulation Of Establishment Or Maintenance Of Cell Polarity (GO:0032878),0.010018734162451266,0.04636141709679372,0,0,5.6262114269494345,25.899130748378173,RAP1B;ROCK1;RACK1;PTK2B
GO_Biological_Process_2023,Regulation Of Mitotic Cell Cycle Spindle Assembly Checkpoint (GO:0090266),0.010018734162451266,0.04636141709679372,0,0,5.6262114269494345,25.899130748378173,DYNC1LI1;BIRC5;LCMT1;MAD2L1
GO_Biological_Process_2023,Regulation Of Synaptic Vesicle Exocytosis (GO:2000300),0.010018734162451266,0.04636141709679372,0,0,5.6262114269494345,25.899130748378173,RAP1B;SLC4A8;RIMS4;LRRK2
GO_Biological_Process_2023,Transepithelial Transport (GO:0070633),0.010018734162451266,0.04636141709679372,0,0,5.6262114269494345,25.899130748378173,SLC12A2;CLCN7;OSTM1;SLC26A6
GO_Biological_Process_2023,Negative Regulation Of Protein Binding (GO:0032091),0.010082965791266746,0.04655632559980731,0,0,2.701200914982844,12.417171648077614,CDKN1A;ROCK1;LRRK2;RACK1;PIN1;ARRB2;CSNK1E;SORL1;PPP1CA
GO_Biological_Process_2023,Regulation Of Cellular Biosynthetic Process (GO:0031326),0.010082965791266746,0.04655632559980731,0,0,2.701200914982844,12.417171648077614,APP;RPL10;TCOF1;EIF6;JADE1;JADE2;PKP3;MFSD12;ELP6
GO_Biological_Process_2023,Myelination (GO:0042552),0.010242904438439716,0.04719132449701274,0,0,3.2024815205913413,14.671112469513083,SKI;CMTM8;NFASC;MARVELD1;PMP22;DEGS1;SIRT2
GO_Biological_Process_2023,Oligosaccharide Metabolic Process (GO:0009311),0.010242904438439716,0.04719132449701274,0,0,3.2024815205913413,14.671112469513083,NEU4;MANBA;ST3GAL4;MAN1B1;FUT2;FUT1;ST6GALNAC6
GO_Biological_Process_2023,Cell-Matrix Adhesion (GO:0007160),0.010353224614464461,0.047595446344443064,0,0,2.2898358920063524,10.465597055857454,TIMM10B;COL3A1;ITGAM;ITGB4;CDH11;TAOK2;FN1;ADAM9;EMILIN1;ITGAE;PKD1;FERMT2
GO_Biological_Process_2023,Positive Regulation Of Metabolic Process (GO:0009893),0.010353224614464461,0.047595446344443064,0,0,2.2898358920063524,10.465597055857454,DYNC1H1;PRKAB2;CEBPB;MUC1;HDAC3;APC;ACSL1;MFAP2;PRKAB1;ADIPOR2;IGF1R;GADD45G
GO_Biological_Process_2023,Vascular Transport (GO:0010232),0.010755631471882313,0.049391454883420303,0,0,2.508421289018639,11.368982534831224,SLC12A2;SLC4A8;SLC6A6;SLC44A1;LRP1;ABCC5;SLC2A13;SLC38A2;SLC7A2;SLC29A2
GO_Biological_Process_2023,Axon Guidance (GO:0007411),0.01090380266141439,0.05001733443051851,0,0,2.05160570424653,9.270475154613374,CYFIP2;SEMA6B;RET;LYPLA2;TRIO;UNC5B;WNT5A;MYCBP2;EFNA4;NELL2;NFASC;TUBB3;CNTN1;RAC3;PLXNB1
GO_Biological_Process_2023,Histone Acetylation (GO:0016573),0.010932507130705631,0.050094436917738204,0,0,2.871176574169023,12.966275392522943,SF3B5;TAF12;VPS72;MORF4L2;USP22;TAF7;YEATS4;BRD8
GO_Biological_Process_2023,Regulation Of Double-Strand Break Repair Via Homologous Recombination (GO:0010569),0.011028850019335247,0.050480964599370355,0,0,2.6575564345631864,11.978246552328285,MAD2L2;SETD2;WDR48;MRNIP;VPS72;MORF4L2;YEATS4;BRD8;SPIDR
GO_Biological_Process_2023,Cellular Response To Salt (GO:1902075),0.011100160129839132,0.050752197944356765,0,0,2.2661638460321014,10.199540594915169,MEF2A;SLC12A2;CDKN1B;P2RX4;CPNE7;WNT5A;NEK7;ALOX5AP;SYT9;CDKN2AIP;TGM2;SLC25A24
GO_Biological_Process_2023,Heterochromatin Organization (GO:0070828),0.011336425811270144,0.05144147531385622,0,0,3.540965188526683,15.862582907590657,UHRF1;SMARCA5;LMNB2;SIRT2;LMNB1;LOXL2
GO_Biological_Process_2023,Positive Regulation Of Protein Tyrosine Kinase Activity (GO:0061098),0.011336425811270144,0.05144147531385622,0,0,3.540965188526683,15.862582907590657,PRNP;PTPN1;GPRC5B;DOK7;UNC119;SRCIN1
GO_Biological_Process_2023,Regulation Of Intracellular Transport (GO:0032386),0.011336425811270144,0.05144147531385622,0,0,3.540965188526683,15.862582907590657,DYNC1H1;GRIPAP1;PTPN1;LRRK2;WWC1;ATP9A
GO_Biological_Process_2023,Regulation Of p38MAPK Cascade (GO:1900744),0.011336425811270144,0.05144147531385622,0,0,3.540965188526683,15.862582907590657,BMP4;PER1;SPHK1;RASGRP1;SASH1;GADD45G
GO_Biological_Process_2023,Regulation Of Vascular Associated Smooth Muscle Cell Proliferation (GO:1904705),0.011336425811270144,0.05144147531385622,0,0,3.540965188526683,15.862582907590657,BMP4;CDKN1A;CDKN1B;TPM1;MMP9;BMPR1A
GO_Biological_Process_2023,Translational Elongation (GO:0006414),0.011336425811270144,0.05144147531385622,0,0,3.540965188526683,15.862582907590657,EEF1G;TCF25;RACK1;PTRH1;ASCC2;TUFM
GO_Biological_Process_2023,Type I Interferon-Mediated Signaling Pathway (GO:0060337),0.011336425811270144,0.05144147531385622,0,0,3.540965188526683,15.862582907590657,IFITM2;IFI27;TRAF3;TBKBP1;IKBKE;MYD88
GO_Biological_Process_2023,Interferon-Mediated Signaling Pathway (GO:0140888),0.011467362905513305,0.05186795402268156,0,0,3.1242820717541915,13.960074262566527,IFITM2;IFI27;TRAF3;IRF1;TBKBP1;IKBKE;MYD88
GO_Biological_Process_2023,Positive Regulation Of Nervous System Development (GO:0051962),0.011467362905513305,0.05186795402268156,0,0,3.1242820717541915,13.960074262566527,SRPX2;SNW1;CLSTN2;SERPINF1;CLSTN1;NAP1L1;TGM2
GO_Biological_Process_2023,Positive Regulation Of Reactive Oxygen Species Metabolic Process (GO:2000379),0.011467362905513305,0.05186795402268156,0,0,3.1242820717541915,13.960074262566527,PDGFRB;CBR1;CDKN1A;ITGAM;TGFB1;THBS1;TP53
GO_Biological_Process_2023,Cortical Cytoskeleton Organization (GO:0030865),0.011660668804897304,0.05242174005021652,0,0,4.156837360951285,18.504301767268462,IKBKB;ROCK1;RAB13;RHOG;RAC3
GO_Biological_Process_2023,Negative Regulation Of Cytoskeleton Organization (GO:0051494),0.011660668804897304,0.05242174005021652,0,0,4.156837360951285,18.504301767268462,SMAD4;TWF2;CORO1A;SSH3;ARPIN
GO_Biological_Process_2023,Negative Regulation Of Neurogenesis (GO:0050768),0.011660668804897304,0.05242174005021652,0,0,4.156837360951285,18.504301767268462,GDI1;GORASP1;RAPGEF2;HOOK3;SORL1
GO_Biological_Process_2023,Peptidyl-Proline Modification (GO:0018208),0.011660668804897304,0.05242174005021652,0,0,4.156837360951285,18.504301767268462,PIN1;PPIH;PPIB;PPID;NKTR
GO_Biological_Process_2023,Regulation Of Extrinsic Apoptotic Signaling Pathway In Absence Of Ligand (GO:2001239),0.011660668804897304,0.05242174005021652,0,0,4.156837360951285,18.504301767268462,RET;UNC5B;HSPA1B;MCL1;HSPA1A
GO_Biological_Process_2023,Cellular Response To Lipopolysaccharide (GO:0071222),0.011676939483995036,0.05242174005021652,0,0,2.1652060862865947,9.635468840948342,XBP1;TGFB1;TRIM41;WNT5A;LDOC1;PEX2;NFKB1;PYCARD;UXT;CASP7;TNIP1;ADAM9;MYD88
GO_Biological_Process_2023,Organonitrogen Compound Biosynthetic Process (GO:1901566),0.011676939483995036,0.05242174005021652,0,0,2.1652060862865947,9.635468840948342,ELOVL1;SLC44A1;SPHK1;SGMS2;MUC1;TNIP1;ST3GAL4;DEGS1;LCMT2;DEGS2;NAGS;CSNK1G2;CERS2
GO_Biological_Process_2023,MAPK Cascade (GO:0000165),0.011907904463725093,0.053401688707930106,0,0,2.3425249169435216,10.378680467400217,MEF2A;IKBKB;PAK1;TGFB1;MYC;LRRK2;TAOK2;RAPGEF2;RCE1;ZFP36L1;CAMKK2
GO_Biological_Process_2023,Branching Involved In Ureteric Bud Morphogenesis (GO:0001658),0.012360149968958463,0.05490357755198744,0,0,5.224188568416296,22.951311104863482,BMP4;FOXD1;MYC;SIX1
GO_Biological_Process_2023,Cellular Response To Copper Ion (GO:0071280),0.012360149968958463,0.05490357755198744,0,0,5.224188568416296,22.951311104863482,PRNP;MT2A;MT1G;MT1E
GO_Biological_Process_2023,Icosanoid Biosynthetic Process (GO:0046456),0.012360149968958463,0.05490357755198744,0,0,5.224188568416296,22.951311104863482,PYCARD;ALOX5AP;MGST2;LTC4S
GO_Biological_Process_2023,Positive Regulation Of Extracellular Matrix Organization (GO:1903055),0.012360149968958463,0.05490357755198744,0,0,5.224188568416296,22.951311104863482,SMAD3;TGFB1;EMILIN1;CLASP2
GO_Biological_Process_2023,Positive Regulation Of Focal Adhesion Assembly (GO:0051894),0.012360149968958463,0.05490357755198744,0,0,5.224188568416296,22.951311104863482,COL16A1;ROCK1;FERMT2;S100A10
GO_Biological_Process_2023,Positive Regulation Of Macrophage Migration (GO:1905523),0.012360149968958463,0.05490357755198744,0,0,5.224188568416296,22.951311104863482,P2RX4;CSF1;MDK;THBS1
GO_Biological_Process_2023,Positive Regulation Of Triglyceride Metabolic Process (GO:0090208),0.012360149968958463,0.05490357755198744,0,0,5.224188568416296,22.951311104863482,SCARB1;SREBF1;ABHD5;PNPLA2
GO_Biological_Process_2023,Regulation Of Collagen Biosynthetic Process (GO:0032965),0.012360149968958463,0.05490357755198744,0,0,5.224188568416296,22.951311104863482,BMP4;TGFB1;CREB3L1;EMILIN1
GO_Biological_Process_2023,Ureteric Bud Morphogenesis (GO:0060675),0.012360149968958463,0.05490357755198744,0,0,5.224188568416296,22.951311104863482,BMP4;MYC;SIX1;GATA3
GO_Biological_Process_2023,Regulation Of Anatomical Structure Morphogenesis (GO:0022603),0.01244309414269208,0.05521377179649774,0,0,2.145637692777523,9.41203176815172,RNH1;TGFB1;LRRK2;TSPAN12;SRCIN1;CLDN4;PAK1;INF2;CTNNB1;NSMF;FERMT2;RAPGEF3;CLASP2
GO_Biological_Process_2023,Transport Across Blood-Brain Barrier (GO:0150104),0.01261403079991975,0.05530742152458861,0,0,2.441389035783536,10.676061268624672,SLC12A2;SLC4A8;SLC6A6;SLC44A1;LRP1;ABCC5;SLC2A13;SLC38A2;SLC7A2;SLC29A2
GO_Biological_Process_2023,T Cell Activation (GO:0042110),0.01271792049172129,0.05530742152458861,0,0,2.2202544235365833,9.690840436900137,NCOR2;PPP3CA;CD74;MDK;CHD7;PIK3R2;GATA3;EIF2AK4;CD3E;RASGRP1;GPR89B;ICOSLG
GO_Biological_Process_2023,Actin Filament Depolymerization (GO:0030042),0.01274648365646171,0.05530742152458861,0,0,7.833734758392293,34.174666607098956,MICAL1;TWF2;MICAL2
GO_Biological_Process_2023,Ammonium Transmembrane Transport (GO:0072488),0.01274648365646171,0.05530742152458861,0,0,7.833734758392293,34.174666607098956,SLC12A2;SLC12A4;SLC12A7
GO_Biological_Process_2023,calcineurin-NFAT Signaling Cascade (GO:0033173),0.01274648365646171,0.05530742152458861,0,0,7.833734758392293,34.174666607098956,PPP3CA;NFATC2;NFATC1
GO_Biological_Process_2023,Establishment Of Endothelial Intestinal Barrier (GO:0090557),0.01274648365646171,0.05530742152458861,0,0,7.833734758392293,34.174666607098956,RAB1B;RAPGEF2;RAPGEF6
GO_Biological_Process_2023,Lipoprotein Catabolic Process (GO:0042159),0.01274648365646171,0.05530742152458861,0,0,7.833734758392293,34.174666607098956,LYPLA2;LYPLA1;CTSD
GO_Biological_Process_2023,Mitotic G1/S Transition Checkpoint Signaling (GO:0044819),0.01274648365646171,0.05530742152458861,0,0,7.833734758392293,34.174666607098956,PRKDC;RPS27L;TP53
GO_Biological_Process_2023,Negative Regulation Of Sprouting Angiogenesis (GO:1903671),0.01274648365646171,0.05530742152458861,0,0,7.833734758392293,34.174666607098956,CREB3L1;E2F2;THBS1
GO_Biological_Process_2023,Nuclear RNA Surveillance (GO:0071027),0.01274648365646171,0.05530742152458861,0,0,7.833734758392293,34.174666607098956,EXOSC7;EXOSC4;EXOSC8
GO_Biological_Process_2023,Peptidyl-Proline Hydroxylation (GO:0019511),0.01274648365646171,0.05530742152458861,0,0,7.833734758392293,34.174666607098956,EGLN2;P4HA2;P4HTM
GO_Biological_Process_2023,Positive Regulation Of DNA-templated DNA Replication (GO:2000105),0.01274648365646171,0.05530742152458861,0,0,7.833734758392293,34.174666607098956,CDT1;ENDOG;SSBP1
GO_Biological_Process_2023,Positive Regulation Of Autophagy Of Mitochondrion (GO:1903599),0.01274648365646171,0.05530742152458861,0,0,7.833734758392293,34.174666607098956,SLC25A5;SLC25A4;CAMKK2
GO_Biological_Process_2023,Protein Deneddylation (GO:0000338),0.01274648365646171,0.05530742152458861,0,0,7.833734758392293,34.174666607098956,COPS4;COPS6;COPS5
GO_Biological_Process_2023,Protein Prenylation (GO:0018342),0.01274648365646171,0.05530742152458861,0,0,7.833734758392293,34.174666607098956,FNTA;RCE1;RABGGTB
GO_Biological_Process_2023,Regulation Of B Cell Apoptotic Process (GO:0002902),0.01274648365646171,0.05530742152458861,0,0,7.833734758392293,34.174666607098956,IRS2;FNIP1;NOC2L
GO_Biological_Process_2023,Regulation Of Dendritic Cell Differentiation (GO:2001198),0.01274648365646171,0.05530742152458861,0,0,7.833734758392293,34.174666607098956,LGALS1;TMEM176B;HLA-B
GO_Biological_Process_2023,Regulation Of Epithelial Cell Apoptotic Process (GO:1904035),0.01274648365646171,0.05530742152458861,0,0,7.833734758392293,34.174666607098956,MDK;CARM1;ZFP36L1
GO_Biological_Process_2023,Regulation Of Synapse Maturation (GO:0090128),0.01274648365646171,0.05530742152458861,0,0,7.833734758392293,34.174666607098956,CAMK2B;CDC20;NEURL1
GO_Biological_Process_2023,Regulation Of Triglyceride Catabolic Process (GO:0010896),0.01274648365646171,0.05530742152458861,0,0,7.833734758392293,34.174666607098956,ABHD5;SORL1;PNPLA2
GO_Biological_Process_2023,Cell Chemotaxis (GO:0060326),0.012794235352951473,0.05530742152458861,0,0,3.049806406195002,13.293375917236629,PDGFRB;NR4A1;ARHGEF16;RAB13;RHOG;TNFRSF25;ARRB2
GO_Biological_Process_2023,Positive Regulation Of Cell Death (GO:0010942),0.012794235352951473,0.05530742152458861,0,0,3.049806406195002,13.293375917236629,BMP4;PRNP;SLC6A6;RARG;ITGAM;LRRK2;WNT5A
GO_Biological_Process_2023,Proton Transmembrane Transport (GO:1902600),0.012794235352951473,0.05530742152458861,0,0,3.049806406195002,13.293375917236629,SLC36A1;SLC46A1;ATP6V0B;ATP5F1B;ATP5PO;ATP1B1;ATP6V0E2
GO_Biological_Process_2023,G2/M Transition Of Mitotic Cell Cycle (GO:0000086),0.012884488367518744,0.05530742152458861,0,0,3.4302110817941953,14.927356392635271,CCDC57;PLK1;PKMYT1;ARPP19;LCMT1;CDC25A
GO_Biological_Process_2023,Cellular Response To Type I Interferon (GO:0071357),0.012884488367518744,0.05530742152458861,0,0,3.4302110817941953,14.927356392635271,IFITM2;IFI27;TRAF3;TBKBP1;IKBKE;MYD88
GO_Biological_Process_2023,Connective Tissue Development (GO:0061448),0.012884488367518744,0.05530742152458861,0,0,3.4302110817941953,14.927356392635271,XBP1;PGRMC2;COL2A1;RORC;PKD1;SULF2
GO_Biological_Process_2023,Import Into Cell (GO:0098657),0.012884488367518744,0.05530742152458861,0,0,3.4302110817941953,14.927356392635271,SLC36A1;NEURL1B;SLC6A6;LRSAM1;SLC46A1;SLC29A2
GO_Biological_Process_2023,Neuron Projection Extension (GO:1990138),0.012884488367518744,0.05530742152458861,0,0,3.4302110817941953,14.927356392635271,NELL2;HSP90AA1;SPAG6;SSNA1;CTNNB1;EIF2AK4
GO_Biological_Process_2023,Nuclear Transport (GO:0051169),0.012884488367518744,0.05530742152458861,0,0,3.4302110817941953,14.927356392635271,NPM1;NUP188;NUP54;RANGAP1;RAE1;NUP37
GO_Biological_Process_2023,Positive Regulation Of ATP-dependent Activity (GO:0032781),0.012884488367518744,0.05530742152458861,0,0,3.4302110817941953,14.927356392635271,DNAJB1;UHRF1;TPM1;DNAJC9;SSBP1;ATP1B1
GO_Biological_Process_2023,Positive Regulation Of Myoblast Differentiation (GO:0045663),0.012884488367518744,0.05530742152458861,0,0,3.4302110817941953,14.927356392635271,SMARCD1;SMARCC1;SMARCB1;SMARCD3;PHF10;ARID1B
GO_Biological_Process_2023,Regulation Of Protein Dephosphorylation (GO:0035304),0.012884488367518744,0.05530742152458861,0,0,3.4302110817941953,14.927356392635271,PTPA;TGFB1;TIPRL;PIN1;NSMF;ARPP19
GO_Biological_Process_2023,Positive Regulation Of Secretion By Cell (GO:1903532),0.01311787257834755,0.05625189554727244,0,0,2.5743591437632136,11.156705293887049,SLC12A2;GRK2;TGFB1;P2RX4;GOLPH3L;ADAM9;PPID;CLASP2;S100A10
GO_Biological_Process_2023,Response To Endoplasmic Reticulum Stress (GO:0034976),0.013591516501380869,0.05767976080477004,0,0,2.197988353626257,9.447634149932526,XBP1;CEBPB;TMX1;CREB3L1;PIK3R2;TRAF2;QRICH1;TP53;THBS1;UBXN6;USP19;ATF4
GO_Biological_Process_2023,Apoptotic Cell Clearance (GO:0043277),0.013601520417747958,0.05767976080477004,0,0,3.975990643918547,17.08711281108537,SCARB1;LRP1;RAC3;THBS1;TGM2
GO_Biological_Process_2023,Cell-Substrate Junction Assembly (GO:0007044),0.013601520417747958,0.05767976080477004,0,0,3.975990643918547,17.08711281108537,ITGB4;CDH11;TAOK2;FN1;FERMT2
GO_Biological_Process_2023,Glycosaminoglycan Metabolic Process (GO:0030203),0.013601520417747958,0.05767976080477004,0,0,3.975990643918547,17.08711281108537,B3GAT3;XYLT1;B4GALT7;CLN6;SGSH
GO_Biological_Process_2023,Positive Regulation Of Dephosphorylation (GO:0035306),0.013601520417747958,0.05767976080477004,0,0,3.975990643918547,17.08711281108537,PTPA;TGFB1;ROCK1;PIN1;NSMF
GO_Biological_Process_2023,Primary Neural Tube Formation (GO:0014020),0.013601520417747958,0.05767976080477004,0,0,3.975990643918547,17.08711281108537,SKI;TGFB1;MTHFD1L;DEAF1;DVL2
GO_Biological_Process_2023,Protein Insertion Into Mitochondrial Membrane (GO:0051204),0.013601520417747958,0.05767976080477004,0,0,3.975990643918547,17.08711281108537,TIMM10B;NDUFA13;HSP90AA1;HSPA4;TIMM13
GO_Biological_Process_2023,Regulation Of Protein Targeting To Membrane (GO:0090313),0.013601520417747958,0.05767976080477004,0,0,3.975990643918547,17.08711281108537,FIS1;PRNP;TCAF1;ITGAM;GDI1
GO_Biological_Process_2023,Transcription By RNA Polymerase III (GO:0006383),0.013601520417747958,0.05767976080477004,0,0,3.975990643918547,17.08711281108537,GTF3C1;SNAPC4;POLR2F;ZFP36L1;POLR2L
GO_Biological_Process_2023,Vascular Endothelial Growth Factor Receptor Signaling Pathway (GO:0048010),0.013601520417747958,0.05767976080477004,0,0,3.975990643918547,17.08711281108537,FLT1;MAPKAPK3;HSPB1;PTK2B;VAV2
GO_Biological_Process_2023,Vesicle Coating (GO:0006901),0.013601520417747958,0.05767976080477004,0,0,3.975990643918547,17.08711281108537,AP3M2;TRAPPC2;PEF1;TRAPPC2B;TRAPPC9
GO_Biological_Process_2023,Negative Regulation Of Neuron Death (GO:1901215),0.013629080609966376,0.057738489384877675,0,0,2.4091959141640458,10.348820277898726,NRBP2;CSF1;MDK;UNC5B;SIX1;PTK2B;TRAF2;SORL1;IL27RA;ATF4
GO_Biological_Process_2023,Amide Biosynthetic Process (GO:0043604),0.014227905726994538,0.060033778573521046,0,0,2.978794725080425,12.66747365945404,SMPD2;ASAH1;DEGS1;SGMS2;DEGS2;NAGS;CERS2
GO_Biological_Process_2023,Mitotic Metaphase Plate Congression (GO:0007080),0.014227905726994538,0.060033778573521046,0,0,2.978794725080425,12.66747365945404,CDT1;PDCD6IP;BOD1;CHMP2B;RRS1;KIF22;EML3
GO_Biological_Process_2023,Positive Regulation Of Leukocyte Mediated Cytotoxicity (GO:0001912),0.014227905726994538,0.060033778573521046,0,0,2.978794725080425,12.66747365945404,UXT;ITGAM;CADM1;HLA-B;HLA-A;HLA-F;RASGRP1
GO_Biological_Process_2023,Regulation Of Stress-Activated MAPK Cascade (GO:0032872),0.014227905726994538,0.060033778573521046,0,0,2.978794725080425,12.66747365945404,PER1;COPS5;MYC;TAOK2;IGFBP6;RASGRP1;IGF1R
GO_Biological_Process_2023,Positive Regulation Of Neurogenesis (GO:0050769),0.01426609406890762,0.06007452212416999,0,0,2.5346804358432267,10.772061333109567,SMARCD3;SNW1;METRN;SERPINF1;NEURL1;CTNNB1;NAP1L1;PLXNB1;TGM2
GO_Biological_Process_2023,Positive Regulation Of Response To Stimulus (GO:0048584),0.01426609406890762,0.06007452212416999,0,0,2.5346804358432267,10.772061333109567,SELENON;INO80E;IL15;WNT5A;RPS3;GATA3;NFRKB;EXTL3;CDKN2AIP
GO_Biological_Process_2023,Phosphatidylinositol-Mediated Signaling (GO:0048015),0.014551961047367659,0.061008082406189934,0,0,2.7114319813738725,11.469437307930173,PDGFRB;PLCE1;PIK3R2;GATA3;PI4KB;PLCD1;IGF1R;ZFP36L1
GO_Biological_Process_2023,Carboxylic Acid Transmembrane Transport (GO:1905039),0.014574716433300184,0.061008082406189934,0,0,3.3261693451667065,14.064597321183832,SLC46A1;SLC6A8;ABCC5;SLC16A3;SLC38A2;SLC25A11
GO_Biological_Process_2023,Negative Regulation Of Ubiquitin-Dependent Protein Catabolic Process (GO:2000059),0.014574716433300184,0.061008082406189934,0,0,3.3261693451667065,14.064597321183832,RPL5;CAMLG;RPL11;SGTA;RPL17;CCAR2
GO_Biological_Process_2023,Regulation Of Autophagosome Assembly (GO:2000785),0.014574716433300184,0.061008082406189934,0,0,3.3261693451667065,14.064597321183832,LRSAM1;LRRK2;RAB1B;PIP4K2A;SNX33;SNX7
GO_Biological_Process_2023,Regulation Of Protein Targeting To Mitochondrion (GO:1903214),0.014574716433300184,0.061008082406189934,0,0,3.3261693451667065,14.064597321183832,ATP5IF1;SREBF1;LRRK2;UBE2D3;ARIH2;PIN1
GO_Biological_Process_2023,Response To Amino Acid Starvation (GO:1990928),0.014574716433300184,0.061008082406189934,0,0,3.3261693451667065,14.064597321183832,CDKN1A;LARP1;SESN2;TFEB;PEX2;EIF2AK4
GO_Biological_Process_2023,Organic Substance Transport (GO:0071702),0.014656468105744686,0.06128936166165926,0,0,1.8435398167075598,7.785035497219443,ABCA2;ABCA3;ARRDC3;CMTM6;HIKESHI;SNX33;AQP3;MFSD12;PKD1;CACNB3;CHMP2B;TOM1;PICK1;TRPM7;SNX7;PLTP;VAMP2;SLC29A2
GO_Biological_Process_2023,Bicarbonate Transport (GO:0015701),0.015024154581515105,0.062393210002722,0,0,4.875768757687577,20.468945648161384,SLC4A7;SLC4A8;SLC39A8;SLC26A6
GO_Biological_Process_2023,Cellular Response To Catecholamine Stimulus (GO:0071870),0.015024154581515105,0.062393210002722,0,0,4.875768757687577,20.468945648161384,LRRK2;SIRT2;SULT1A3;TGM2
GO_Biological_Process_2023,Positive Regulation Of Histone Methylation (GO:0031062),0.015024154581515105,0.062393210002722,0,0,4.875768757687577,20.468945648161384,SMAD4;KANSL2;SMARCA5;CTNNB1
GO_Biological_Process_2023,Regulation Of Fibroblast Growth Factor Receptor Signaling Pathway (GO:0040036),0.015024154581515105,0.062393210002722,0,0,4.875768757687577,20.468945648161384,DSTYK;CREB3L1;THBS1;SULF2
GO_Biological_Process_2023,Regulation Of Granulocyte Chemotaxis (GO:0071622),0.015024154581515105,0.062393210002722,0,0,4.875768757687577,20.468945648161384,CSF1;MDK;THBS1;JAM3
GO_Biological_Process_2023,Regulation Of Insulin-Like Growth Factor Receptor Signaling Pathway (GO:0043567),0.015024154581515105,0.062393210002722,0,0,4.875768757687577,20.468945648161384,IGFBP4;CILP;IGFBP2;IGFBP6
GO_Biological_Process_2023,Rescue Of Stalled Ribosome (GO:0072344),0.015024154581515105,0.062393210002722,0,0,4.875768757687577,20.468945648161384,TCF25;RACK1;PTRH1;ASCC2
GO_Biological_Process_2023,Regulation Of Endothelial Cell-Matrix Adhesion Via Fibronectin (GO:1904904),0.01507998443419571,0.06250178587834462,0,0,18.27172195892575,76.63867211329504,FUT1;RIN2
GO_Biological_Process_2023,Regulation Of Protein Autoubiquitination (GO:1902498),0.01507998443419571,0.06250178587834462,0,0,18.27172195892575,76.63867211329504,MTA1;SASH1
GO_Biological_Process_2023,RNA Biosynthetic Process (GO:0032774),0.01574846217565122,0.0646725000867059,0,0,3.8102144866385372,15.816248183162545,TAF12;SMARCA5;TAF7;TBPL1;ZFP36L1
GO_Biological_Process_2023,Embryonic Skeletal System Morphogenesis (GO:0048704),0.01574846217565122,0.0646725000867059,0,0,3.8102144866385372,15.816248183162545,COL2A1;IRX5;SIX1;OXSR1;TGFBR1
GO_Biological_Process_2023,Heterochromatin Formation (GO:0031507),0.01574846217565122,0.0646725000867059,0,0,3.8102144866385372,15.816248183162545,UHRF1;SMARCA5;LMNB2;SIRT2;LMNB1
GO_Biological_Process_2023,Regulation Of Developmental Growth (GO:0048638),0.01574846217565122,0.0646725000867059,0,0,3.8102144866385372,15.816248183162545,APP;MYCBP2;AGR2;SIX1;EPPK1
GO_Biological_Process_2023,Regulation Of Muscle Contraction (GO:0006937),0.01574846217565122,0.0646725000867059,0,0,3.8102144866385372,15.816248183162545,TNNT1;TPM1;PLCE1;ENO1;SRI
GO_Biological_Process_2023,Regulation Of Neuron Migration (GO:2001222),0.01574846217565122,0.0646725000867059,0,0,3.8102144866385372,15.816248183162545,CAMK2B;COL3A1;MDK;RAPGEF2;NSMF
GO_Biological_Process_2023,Tube Closure (GO:0060606),0.01574846217565122,0.0646725000867059,0,0,3.8102144866385372,15.816248183162545,SKI;TGFB1;MTHFD1L;DEAF1;DVL2
GO_Biological_Process_2023,Metaphase Plate Congression (GO:0051310),0.015772656753513883,0.0646725000867059,0,0,2.911010847652875,12.079173791498539,PDCD6IP;BOD1;CHMP2B;RRS1;KIF22;FAM83D;EML3
GO_Biological_Process_2023,Negative Regulation Of Metabolic Process (GO:0009892),0.015772656753513883,0.0646725000867059,0,0,2.911010847652875,12.079173791498539,IL15;ARRDC3;TFE3;LNPEP;RBPJ;LGR4;ATF4
GO_Biological_Process_2023,Positive Regulation Of DNA Recombination (GO:0045911),0.015772656753513883,0.0646725000867059,0,0,2.911010847652875,12.079173791498539,MAD2L2;WDR48;MRNIP;VPS72;MORF4L2;YEATS4;BRD8
GO_Biological_Process_2023,Positive Regulation Of Protein Localization To Cell Periphery (GO:1904377),0.015772656753513883,0.0646725000867059,0,0,2.911010847652875,12.079173791498539,PRKCH;LRP1;ARHGEF16;RHOG;RANGRF;STX4;SQSTM1
GO_Biological_Process_2023,Negative Regulation Of Cell Death (GO:0060548),0.01593199468421979,0.06526228561794702,0,0,2.6620563799644623,11.019385252445895,CSF1;XPNPEP1;CHMP2B;TMEM109;AGR3;TRAF2;SORL1;HSPA1B
GO_Biological_Process_2023,Cell Cycle G2/M Phase Transition (GO:0044839),0.016413021075178374,0.06710216674521954,0,0,3.2282477106937764,13.267065991682449,CCDC57;PLK1;PKMYT1;ARPP19;LCMT1;CDC25A
GO_Biological_Process_2023,Regulation Of Microtubule Cytoskeleton Organization (GO:0070507),0.016413021075178374,0.06710216674521954,0,0,3.2282477106937764,13.267065991682449,ROCK1;CDK2AP2;TRIM36;GAS2L1;SKA1;CLASP2
GO_Biological_Process_2023,Cellular Response To Molecule Of Bacterial Origin (GO:0071219),0.01648780582211262,0.06734253183018064,0,0,2.13378424912755,8.759470722942114,PYCARD;UXT;XBP1;CASP7;TRIM41;TNIP1;WNT5A;ADAM9;LDOC1;PEX2;NFKB1;MYD88
GO_Biological_Process_2023,Negative Regulation Of Blood Vessel Morphogenesis (GO:2000181),0.016782502746253494,0.06780171595272569,0,0,2.4588763371304156,10.050456478411286,SPRED1;ROCK1;SERPINF1;STAB1;CTNNB1;EMILIN1;THBS2;KLF4;THBS1
GO_Biological_Process_2023,Sphingolipid Biosynthetic Process (GO:0030148),0.016782502746253494,0.06780171595272569,0,0,2.4588763371304156,10.050456478411286,SMPD2;ELOVL1;ASAH1;SPHK1;DEGS1;SGMS2;DEGS2;CSNK1G2;CERS2
GO_Biological_Process_2023,Calcineurin-Mediated Signaling (GO:0097720),0.016857847685230066,0.06780171595272569,0,0,6.854320337197049,27.98577177258289,PPP3CA;NFATC2;NFATC1
GO_Biological_Process_2023,Cellular Response To Leucine Starvation (GO:1990253),0.016857847685230066,0.06780171595272569,0,0,6.854320337197049,27.98577177258289,SESN2;EIF2AK4;ATF4
GO_Biological_Process_2023,Fatty Acid Beta-Oxidation Using acyl-CoA Oxidase (GO:0033540),0.016857847685230066,0.06780171595272569,0,0,6.854320337197049,27.98577177258289,ACOT8;ACOX2;CRAT
GO_Biological_Process_2023,Ganglion Development (GO:0061548),0.016857847685230066,0.06780171595272569,0,0,6.854320337197049,27.98577177258289,NELL2;TUBB3;CTNNB1
GO_Biological_Process_2023,Lipoprotein Transport (GO:0042953),0.016857847685230066,0.06780171595272569,0,0,6.854320337197049,27.98577177258289,UNC119B;LRP1;UNC119
GO_Biological_Process_2023,Lysosomal Microautophagy (GO:0016237),0.016857847685230066,0.06780171595272569,0,0,6.854320337197049,27.98577177258289,RB1CC1;SNX33;SNX7
GO_Biological_Process_2023,Negative Regulation Of Myotube Differentiation (GO:0010832),0.016857847685230066,0.06780171595272569,0,0,6.854320337197049,27.98577177258289,XBP1;HDAC3;TMEM119
GO_Biological_Process_2023,Positive Regulation Of Cytoplasmic Transport (GO:1903651),0.016857847685230066,0.06780171595272569,0,0,6.854320337197049,27.98577177258289,NF2;PTPN23;SORL1
GO_Biological_Process_2023,Positive Regulation Of Keratinocyte Differentiation (GO:0045618),0.016857847685230066,0.06780171595272569,0,0,6.854320337197049,27.98577177258289,IL20;PRKCH;PLAAT4
GO_Biological_Process_2023,Positive Regulation Of Mitotic Cell Cycle Spindle Assembly Checkpoint (GO:0090267),0.016857847685230066,0.06780171595272569,0,0,6.854320337197049,27.98577177258289,DYNC1LI1;BIRC5;MAD2L1
GO_Biological_Process_2023,Positive Regulation Of Myeloid Leukocyte Mediated Immunity (GO:0002888),0.016857847685230066,0.06780171595272569,0,0,6.854320337197049,27.98577177258289,UXT;ITGAM;STX4
GO_Biological_Process_2023,Positive Regulation Of Spindle Checkpoint (GO:0090232),0.016857847685230066,0.06780171595272569,0,0,6.854320337197049,27.98577177258289,DYNC1LI1;BIRC5;MAD2L1
GO_Biological_Process_2023,Regulation Of Endocytic Recycling (GO:2001135),0.016857847685230066,0.06780171595272569,0,0,6.854320337197049,27.98577177258289,ARHGAP1;SORL1;ATP9A
GO_Biological_Process_2023,Regulation Of Keratinocyte Migration (GO:0051547),0.016857847685230066,0.06780171595272569,0,0,6.854320337197049,27.98577177258289,IQSEC1;EPPK1;MMP9
GO_Biological_Process_2023,Positive Regulation Of Peptidyl-Serine Phosphorylation (GO:0033138),0.017041843362214714,0.06841106043687908,0,0,2.317506643728789,9.437080761820328,MAD2L2;APP;TCL1B;HSP90AA1;PAK1;SFRP2;TGFB1;ARAF;FNIP1;FNIP2
GO_Biological_Process_2023,"Retrograde Transport, Endosome To Golgi (GO:0042147)",0.017041843362214714,0.06841106043687908,0,0,2.317506643728789,9.437080761820328,SNX3;ARFRP1;TMED9;SNX1;VPS51;GBF1;STX5;RBSN;PLEKHJ1;TBC1D10B
GO_Biological_Process_2023,Fatty Acid Biosynthetic Process (GO:0006633),0.017404097409272998,0.06958190115457137,0,0,2.6144441928911024,10.591243146781192,ELOVL1;XBP1;ACOT7;OXSM;ABHD2;SCD5;DEGS1;LTC4S
GO_Biological_Process_2023,Fatty Acid Oxidation (GO:0019395),0.01743265393447466,0.06958190115457137,0,0,2.8462395869998827,11.52559152584816,ECI1;ECHDC2;PEX2;ACAA1;ADIPOR2;PPARD;ACAT1
GO_Biological_Process_2023,Negative Regulation Of Cysteine-Type Endopeptidase Activity (GO:2000117),0.01743265393447466,0.06958190115457137,0,0,2.8462395869998827,11.52559152584816,CAST;CST1;SFN;FNIP1;KLF4;THBS1;SH3RF1
GO_Biological_Process_2023,Positive Regulation Of Transcription Initiation By RNA Polymerase II (GO:0060261),0.01743265393447466,0.06958190115457137,0,0,2.8462395869998827,11.52559152584816,MED22;GTF2A2;PSMC6;TAF12;MED10;TAF7;TP53
GO_Biological_Process_2023,Regulation Of Protein Localization To Nucleus (GO:1900180),0.01743265393447466,0.06958190115457137,0,0,2.8462395869998827,11.52559152584816,BMP4;TGFB1;NVL;SESN2;PLK1;PIN1;FERMT2
GO_Biological_Process_2023,Regulation Of Proteolysis (GO:0030162),0.01743265393447466,0.06958190115457137,0,0,2.8462395869998827,11.52559152584816,CYFIP2;DNAJC1;ASPH;TRAF3;BAD;PLK1;CLN6
GO_Biological_Process_2023,Regulation Of Macromolecule Metabolic Process (GO:0060255),0.01787435235722575,0.07086595840364018,0,0,1.921983107030827,7.7348065647944075,APP;MTMR1;SETD2;CHD7;ATXN7L3B;ATP1B1;BMI1;HIF1A;CRIP1;HNRNPAB;ZFP36L1;MYC;PIN1;HMG20B;TBC1D16
GO_Biological_Process_2023,Fc-gamma Receptor Signaling Pathway Involved In Phagocytosis (GO:0038096),0.01802361468779355,0.07086595840364018,0,0,4.570901423299947,18.357071295199276,PAK1;PLA2G6;PLD2;VAV2
GO_Biological_Process_2023,Adenine Nucleotide Transport (GO:0051503),0.01802361468779355,0.07086595840364018,0,0,4.570901423299947,18.357071295199276,ABCC5;SLC25A5;SLC25A4;SLC25A24
GO_Biological_Process_2023,Endothelial Cell Development (GO:0001885),0.01802361468779355,0.07086595840364018,0,0,4.570901423299947,18.357071295199276,RAP1B;RAPGEF1;RAPGEF2;RAPGEF3
GO_Biological_Process_2023,Histone H2A Acetylation (GO:0043968),0.01802361468779355,0.07086595840364018,0,0,4.570901423299947,18.357071295199276,VPS72;MORF4L2;YEATS4;BRD8
GO_Biological_Process_2023,Long-Term Synaptic Potentiation (GO:0060291),0.01802361468779355,0.07086595840364018,0,0,4.570901423299947,18.357071295199276,PLK2;PTK2B;STX4;VAMP2
GO_Biological_Process_2023,Modulation By Host Of Viral Genome Replication (GO:0044827),0.01802361468779355,0.07086595840364018,0,0,4.570901423299947,18.357071295199276,IFI27;EIF2AK4;FBXL2;PPIB
GO_Biological_Process_2023,Negative Regulation Of Myeloid Cell Differentiation (GO:0045638),0.01802361468779355,0.07086595840364018,0,0,4.570901423299947,18.357071295199276,LDB1;PTK2B;PEX2;ZFP36L1
GO_Biological_Process_2023,Negative Regulation Of Phosphoprotein Phosphatase Activity (GO:0032515),0.01802361468779355,0.07086595840364018,0,0,4.570901423299947,18.357071295199276,IKBKB;PTPA;ROCK1;TIPRL
GO_Biological_Process_2023,Peptide Catabolic Process (GO:0043171),0.01802361468779355,0.07086595840364018,0,0,4.570901423299947,18.357071295199276,XPNPEP1;ERAP1;ECE1;LNPEP
GO_Biological_Process_2023,Peripheral Nervous System Development (GO:0007422),0.01802361468779355,0.07086595840364018,0,0,4.570901423299947,18.357071295199276,NFASC;ADGRB2;ARTN;PMP22
GO_Biological_Process_2023,Positive Regulation Of Epithelial Cell Differentiation (GO:0030858),0.01802361468779355,0.07086595840364018,0,0,4.570901423299947,18.357071295199276,BMP4;IL20;BAD;SFN
GO_Biological_Process_2023,Positive Regulation Of Vacuole Organization (GO:0044090),0.01802361468779355,0.07086595840364018,0,0,4.570901423299947,18.357071295199276,LRSAM1;PIP4K2A;SNX33;SNX7
GO_Biological_Process_2023,Protein Deacylation (GO:0035601),0.01802361468779355,0.07086595840364018,0,0,4.570901423299947,18.357071295199276,LYPLA2;LYPLA1;HDAC3;SIRT2
GO_Biological_Process_2023,Pulmonary Valve Development (GO:0003177),0.01802361468779355,0.07086595840364018,0,0,4.570901423299947,18.357071295199276,BMP4;NFATC1;RBPJ;SMAD6
GO_Biological_Process_2023,Response To Fibroblast Growth Factor (GO:0071774),0.01802361468779355,0.07086595840364018,0,0,4.570901423299947,18.357071295199276,NR4A1;DSTYK;ELK1;ZFP36L1
GO_Biological_Process_2023,Artery Morphogenesis (GO:0048844),0.01810980327157883,0.07087396057306547,0,0,3.657700421940928,14.67214054286202,PDGFRB;BMP4;LRP1;TGFBR1;BMPR1A
GO_Biological_Process_2023,Mitochondrial Membrane Organization (GO:0007006),0.01810980327157883,0.07087396057306547,0,0,3.657700421940928,14.67214054286202,BAD;PMAIP1;MICOS13;SLC25A5;SLC25A4
GO_Biological_Process_2023,Mitotic G2 DNA Damage Checkpoint Signaling (GO:0007095),0.01810980327157883,0.07087396057306547,0,0,3.657700421940928,14.67214054286202,CDKN1A;FZR1;MRNIP;PLK1;TAOK2
GO_Biological_Process_2023,Positive Regulation Of Lipid Kinase Activity (GO:0090218),0.01810980327157883,0.07087396057306547,0,0,3.657700421940928,14.67214054286202,PDGFRB;FLT1;TGFB1;PTK2B;DGKZ
GO_Biological_Process_2023,Response To Estradiol (GO:0032355),0.01810980327157883,0.07087396057306547,0,0,3.657700421940928,14.67214054286202,TGFB1;NRIP1;CTNNB1;SSTR2;ESR1
GO_Biological_Process_2023,Monoatomic Cation Homeostasis (GO:0055080),0.01815561664973785,0.07098728106968068,0,0,2.422646437010322,9.711845218778516,SLC12A2;SELENON;SLC12A4;SLC12A5;CYBRD1;SLC39A8;LETMD1;SLC12A7;SLC39A4
GO_Biological_Process_2023,Regulation Of Peptidyl-Tyrosine Phosphorylation (GO:0050730),0.018308607062869083,0.07151905783092923,0,0,2.2884717080909573,9.154765601841705,APP;CD74;PRNP;SFRP2;TGFB1;IL15;TNK2;PTK2B;TNFRSF14;TP53
GO_Biological_Process_2023,SCF-dependent Proteasomal Ubiquitin-Dependent Protein Catabolic Process (GO:0031146),0.018405048237272185,0.07156385791980902,0,0,3.1359215981907274,12.528415367998115,FBXW5;FBXO38;CCNF;FBXL3;FBXL16;FBXL2
GO_Biological_Process_2023,Double-Strand Break Repair Via Nonhomologous End Joining (GO:0006303),0.018405048237272185,0.07156385791980902,0,0,3.1359215981907274,12.528415367998115,DCLRE1B;POLB;UVRAG;KDM2A;PAXX;PRKDC
GO_Biological_Process_2023,Non-Canonical Wnt Signaling Pathway (GO:0035567),0.018405048237272185,0.07156385791980902,0,0,3.1359215981907274,12.528415367998115,FZD2;SFRP2;DAAM1;WNT5A;DVL2;CELSR3
GO_Biological_Process_2023,Positive Regulation Of Ossification (GO:0045778),0.018405048237272185,0.07156385791980902,0,0,3.1359215981907274,12.528415367998115,FBN2;BMP4;WNT5A;TMEM119;OXSR1;BMPR1A
GO_Biological_Process_2023,Regulation Of Chemokine Production (GO:0032642),0.018405048237272185,0.07156385791980902,0,0,3.1359215981907274,12.528415367998115,PYCARD;SIGIRR;APP;CD74;WNT5A;HIF1A
GO_Biological_Process_2023,Cellular Response To Tumor Necrosis Factor (GO:0071356),0.01866204888278966,0.07249620649947164,0,0,2.09301973833472,8.332862646961656,PYCARD;IKBKB;ASAH1;TRAF3;LRRK2;RPS3;PYDC1;PTK2B;TRAF2;GATA3;TP53;ZFP36L1
GO_Biological_Process_2023,Plasma Membrane Bounded Cell Projection Organization (GO:0120036),0.01894133130148006,0.07351331438758758,0,0,2.017945633438667,8.003997526696375,APP;CNTNAP2;BTG2;ROCK1;TPM1;PQBP1;BLOC1S1;RAB13;ARFIP2;RAPGEF2;MAP4;FRYL;CDK16
GO_Biological_Process_2023,Carboxylic Acid Transport (GO:0046942),0.01921193026397891,0.07428965871590008,0,0,2.7842844681144117,11.004115410464642,SLC36A1;SLC6A6;SLC43A2;SLC43A1;SLC16A3;SLC38A2;SLC7A2
GO_Biological_Process_2023,Regulation Of Blood Vessel Endothelial Cell Migration (GO:0043535),0.01921193026397891,0.07428965871590008,0,0,2.7842844681144117,11.004115410464642,ATP5F1B;TGFB1;P2RX4;SH3BP1;HSPB1;HIF1A;THBS1
GO_Biological_Process_2023,Regulation Of Macromolecule Biosynthetic Process (GO:0010556),0.01921193026397891,0.07428965871590008,0,0,2.7842844681144117,11.004115410464642,RPL10;TCOF1;RB1CC1;JADE1;JADE2;PKP3;ELP6
GO_Biological_Process_2023,Regulation Of Smooth Muscle Cell Proliferation (GO:0048660),0.01921193026397891,0.07428965871590008,0,0,2.7842844681144117,11.004115410464642,PDGFRB;BMP4;TGFB1;PRKDC;CTNNB1;TRIB1;THBS1
GO_Biological_Process_2023,Lipid Transport (GO:0006869),0.019280880351225025,0.07441960326215269,0,0,2.1657677646924958,8.551840105702098,SCARB1;ABCA2;PRELID1;LYPLA1;OSBPL5;PITPNM1;ACSL1;ABCA3;SLC27A3;PLTP;PPARD
GO_Biological_Process_2023,Regulation Of Neuron Apoptotic Process (GO:0043523),0.019280880351225025,0.07441960326215269,0,0,2.1657677646924958,8.551840105702098,NRBP2;PRNP;EGLN2;UNC5B;MDK;SIX1;PTK2B;CTNNB1;NSMF;IL27RA;ATF4
GO_Biological_Process_2023,Cilium Organization (GO:0044782),0.019508080812857844,0.07522759002101134,0,0,1.7503003860962625,6.890803970520457,UNC119B;CCDC57;ARL3;RAB3IP;GBF1;CCP110;SEPTIN6;PTPN23;TTC39C;CCDC28B;EHD4;WDR90;FLNA;CEP250;TOGARAM1;MAP4;PCNT;CCNO;BBS4
GO_Biological_Process_2023,Amino Acid Transmembrane Transport (GO:0003333),0.0205561540635615,0.07905202261338583,0,0,3.04872471416007,11.843060522038526,SLC36A1;SLC6A6;SFXN3;SLC25A22;SLC38A2;MFSD12
GO_Biological_Process_2023,Energy Derivation By Oxidation Of Organic Compounds (GO:0015980),0.0205561540635615,0.07905202261338583,0,0,3.04872471416007,11.843060522038526,COX8A;UQCRQ;UQCRC1;COX7A2;CYC1;UQCRC2
GO_Biological_Process_2023,Stress-Activated MAPK Cascade (GO:0051403),0.0205561540635615,0.07905202261338583,0,0,3.04872471416007,11.843060522038526,IKBKB;MAPK9;LRRK2;TAOK2;TRIB1;ZFP36L1
GO_Biological_Process_2023,Glycosphingolipid Metabolic Process (GO:0006687),0.020693172253019917,0.0795063397422143,0,0,3.516918208373905,13.638438157030093,ABCA2;CERK;GLB1;CLN6;ST6GALNAC6
GO_Biological_Process_2023,Membrane Organization (GO:0061024),0.020828147006572716,0.07995198454391769,0,0,1.8823268786588998,7.287334367248417,HSPA8;PDCD6IP;UBXN2B;USO1;VPS37C;VPS37D;LMNB2;LMNB1;SNX3;RABEP1;CHMP2B;PICK1;EMD;VAMP2;S100A10
GO_Biological_Process_2023,Regulation Of Exocytosis (GO:0017157),0.021114371690033305,0.08097688450521881,0,0,2.7249657372666203,10.512376493414283,RAB26;RAB13;STX4;VAMP2;TPCN2;CLASP2;S100A10
GO_Biological_Process_2023,Regulation Of Neuron Differentiation (GO:0045664),0.021143677873216,0.08101549365251372,0,0,2.353292056780429,9.075269226207837,GPRC5B;ROCK1;LRRK2;SIX1;EIF2AK4;ADRA2C;GDPD5;NBL1;BRINP3
GO_Biological_Process_2023,Antigen Processing And Presentation Of Endogenous Peptide Antigen (GO:0002483),0.021369399345785283,0.08143578338923242,0,0,4.301900834134392,16.544230083845655,ERAP1;HLA-B;HLA-A;HLA-F
GO_Biological_Process_2023,Chaperone-Mediated Protein Complex Assembly (GO:0051131),0.021369399345785283,0.08143578338923242,0,0,4.301900834134392,16.544230083845655,CCT2;HSP90AA1;HSPA4;HSPA1A
GO_Biological_Process_2023,Macrophage Differentiation (GO:0030225),0.021369399345785283,0.08143578338923242,0,0,4.301900834134392,16.544230083845655,CSF1;IL15;GATA3;MMP9
GO_Biological_Process_2023,Porphyrin-Containing Compound Biosynthetic Process (GO:0006779),0.021369399345785283,0.08143578338923242,0,0,4.301900834134392,16.544230083845655,ATP5IF1;SLC25A38;RSAD1;TSPO
GO_Biological_Process_2023,Regulation Of Catabolic Process (GO:0009894),0.021369399345785283,0.08143578338923242,0,0,4.301900834134392,16.544230083845655,NUB1;ODC1;PTK2B;FAM83D
GO_Biological_Process_2023,snRNA 3'-End Processing (GO:0034472),0.021369399345785283,0.08143578338923242,0,0,4.301900834134392,16.544230083845655,EXOSC7;EXOSC4;EXOSC8;INTS5
GO_Biological_Process_2023,Adipose Tissue Development (GO:0060612),0.021622194330820063,0.08151393046292148,0,0,6.0925535651563045,23.35906346506267,XBP1;PGRMC2;RORC
GO_Biological_Process_2023,Alanine Transport (GO:0032328),0.021622194330820063,0.08151393046292148,0,0,6.0925535651563045,23.35906346506267,SLC36A1;SLC6A6;SLC38A2
GO_Biological_Process_2023,"Base-Excision Repair, Gap-Filling (GO:0006287)",0.021622194330820063,0.08151393046292148,0,0,6.0925535651563045,23.35906346506267,POLB;FEN1;NEIL1
GO_Biological_Process_2023,Folic Acid Metabolic Process (GO:0046655),0.021622194330820063,0.08151393046292148,0,0,6.0925535651563045,23.35906346506267,SLC46A1;SHMT2;FPGS
GO_Biological_Process_2023,Lipoprotein Localization (GO:0044872),0.021622194330820063,0.08151393046292148,0,0,6.0925535651563045,23.35906346506267,UNC119B;LRP1;UNC119
GO_Biological_Process_2023,Positive Regulation Of Cellular Extravasation (GO:0002693),0.021622194330820063,0.08151393046292148,0,0,6.0925535651563045,23.35906346506267,MDK;CD99;JAM3
GO_Biological_Process_2023,Positive Regulation Of Histone H3-K4 Methylation (GO:0051571),0.021622194330820063,0.08151393046292148,0,0,6.0925535651563045,23.35906346506267,SMAD4;KANSL2;CTNNB1
GO_Biological_Process_2023,Positive Regulation Of Integrin-Mediated Signaling Pathway (GO:2001046),0.021622194330820063,0.08151393046292148,0,0,6.0925535651563045,23.35906346506267,LAMB2;FLNA;NID1
GO_Biological_Process_2023,Positive Regulation Of Neuron Migration (GO:2001224),0.021622194330820063,0.08151393046292148,0,0,6.0925535651563045,23.35906346506267,MDK;RAPGEF2;NSMF
GO_Biological_Process_2023,Positive Regulation Of Nuclear-Transcribed mRNA poly(A) Tail Shortening (GO:0060213),0.021622194330820063,0.08151393046292148,0,0,6.0925535651563045,23.35906346506267,BTG2;POLR2G;TNRC6A
GO_Biological_Process_2023,Positive Regulation Of Protein Export From Nucleus (GO:0046827),0.021622194330820063,0.08151393046292148,0,0,6.0925535651563045,23.35906346506267,EMD;RAPGEF3;RBM22
GO_Biological_Process_2023,Protein Insertion Into Mitochondrial Inner Membrane (GO:0045039),0.021622194330820063,0.08151393046292148,0,0,6.0925535651563045,23.35906346506267,TIMM10B;NDUFA13;TIMM13
GO_Biological_Process_2023,Neuron Projection Development (GO:0031175),0.021805474958270912,0.08213135514246762,0,0,1.7904617224296557,6.84957997320752,APP;CNTNAP2;BTG2;TRIO;ROCK1;LRRK2;PQBP1;PAK1;BLOC1S1;RAB13;RAPGEF2;PLXNB1;MAP4;NBL1;MNX1;FRYL;CDK16
GO_Biological_Process_2023,Regulation Of Wnt Signaling Pathway (GO:0030111),0.021902124067169928,0.08227461592047508,0,0,2.1200501253132833,8.101075451314477,SNX3;SKI;APP;SFRP2;LRP1;LRRK2;RACK1;FAM53B;EMD;PPP1CA;SULF2
GO_Biological_Process_2023,Regulation Of Cellular Response To Stress (GO:0080135),0.021902124067169928,0.08227461592047508,0,0,2.1200501253132833,8.101075451314477,SF3B5;DNAJB1;INO80E;NPM1;TAF12;USP22;UBE2V2;TAF7;NFRKB;SLC38A2;USP19
GO_Biological_Process_2023,Response To Tumor Necrosis Factor (GO:0034612),0.021902124067169928,0.08227461592047508,0,0,2.1200501253132833,8.101075451314477,PYCARD;IKBKB;NUB1;ASAH1;LRRK2;CASP3;SPHK1;RPS3;ADAM9;GATA3;ZFP36L1
GO_Biological_Process_2023,Negative Regulation Of Cellular Catabolic Process (GO:0031330),0.022403210109216816,0.08408192314608913,0,0,2.4812914663300116,9.42531223516293,ROCK1;MLST8;WDR6;KLHL22;BMF;SORL1;SIRT2;MCL1
GO_Biological_Process_2023,Cellular Response To Hormone Stimulus (GO:0032870),0.022523652943107774,0.08438354318810216,0,0,2.2055647231973903,8.366124464430788,NCOA2;HSPA8;XBP1;NSMF;BRD8;GAS2L1;ESR1;HSPA1B;ZFP36L1;HSPA1A
GO_Biological_Process_2023,Regulation Of Macroautophagy (GO:0016241),0.022523652943107774,0.08438354318810216,0,0,2.2055647231973903,8.366124464430788,NRBP2;SCOC;ATP6V0B;LARP1;LRRK2;CASP3;SESN2;TRIM13;ATP6V0E2;ATG12
GO_Biological_Process_2023,mRNA Catabolic Process (GO:0006402),0.02287138250657116,0.0854582002974012,0,0,2.9662411752121516,11.206070054709294,RNH1;EXOSC4;LSM6;CNOT10;HSPA1B;HSPA1A
GO_Biological_Process_2023,mRNA Transcription (GO:0009299),0.02287138250657116,0.0854582002974012,0,0,2.9662411752121516,11.206070054709294,NCOA2;TAF12;TAF7;TP53;S100A10;ATF4
GO_Biological_Process_2023,Positive Regulation Of Biomineral Tissue Development (GO:0070169),0.02287138250657116,0.0854582002974012,0,0,2.9662411752121516,11.206070054709294,FBN2;BMP4;CEBPB;TMEM119;OXSR1;BMPR1A
GO_Biological_Process_2023,Eye Development (GO:0001654),0.023143703404595928,0.08639905588364667,0,0,2.6681186202041536,10.048221508538266,FBN2;SKI;EFEMP1;COL5A1;COL5A2;SMG9;HIPK1
GO_Biological_Process_2023,Monoatomic Ion Transport (GO:0006811),0.0233065024303453,0.08669714269410042,0,0,2.097905643738977,7.886075321358992,SLC36A1;SLC12A2;SLC12A4;SLC12A5;TRPA1;ATP10D;TSPO;PLP2;SLC12A7;SLC25A22;SLC26A6
GO_Biological_Process_2023,Inner Mitochondrial Membrane Organization (GO:0007007),0.023505484351503007,0.08669714269410042,0,0,3.3865643069229567,12.701382272695703,TIMM10B;NDUFA13;UQCC3;TIMM13;MICOS13
GO_Biological_Process_2023,Intracellular pH Reduction (GO:0051452),0.023505484351503007,0.08669714269410042,0,0,3.3865643069229567,12.701382272695703,SLC4A7;ATP6V0B;ATP6V0E2;GPR89B;TPCN2
GO_Biological_Process_2023,Negative Regulation Of G1/S Transition Of Mitotic Cell Cycle (GO:2000134),0.023505484351503007,0.08669714269410042,0,0,3.3865643069229567,12.701382272695703,CDKN1A;APC;JADE1;CDK2AP2;KLF4
GO_Biological_Process_2023,Neural Tube Closure (GO:0001843),0.023505484351503007,0.08669714269410042,0,0,3.3865643069229567,12.701382272695703,SKI;TGFB1;MTHFD1L;DEAF1;DVL2
GO_Biological_Process_2023,Positive Regulation Of Protein Dephosphorylation (GO:0035307),0.023505484351503007,0.08669714269410042,0,0,3.3865643069229567,12.701382272695703,PTPA;PDGFRB;TGFB1;PIN1;NSMF
GO_Biological_Process_2023,Positive Regulation Of Telomere Maintenance Via Telomerase (GO:0032212),0.023505484351503007,0.08669714269410042,0,0,3.3865643069229567,12.701382272695703,CCT2;TNIP1;NEK7;CTNNB1;MAPK15
GO_Biological_Process_2023,Positive Regulation Of Transcription By RNA Polymerase I (GO:0045943),0.023505484351503007,0.08669714269410042,0,0,3.3865643069229567,12.701382272695703,SMARCB1;CARM1;UBTF;SMARCA5;ATF4
GO_Biological_Process_2023,Protein Transmembrane Import Into Intracellular Organelle (GO:0044743),0.023505484351503007,0.08669714269410042,0,0,3.3865643069229567,12.701382272695703,PEX16;PAM16;TIMM17B;PEX2;TIMM44
GO_Biological_Process_2023,Regulation Of Cholesterol Efflux (GO:0010874),0.023505484351503007,0.08669714269410042,0,0,3.3865643069229567,12.701382272695703,ABCA2;LRP1;ABCA3;PTCH1;PLTP
GO_Biological_Process_2023,Regulation Of Sprouting Angiogenesis (GO:1903670),0.023505484351503007,0.08669714269410042,0,0,3.3865643069229567,12.701382272695703,CREB3L1;E2F2;KLF4;FUT1;THBS1
GO_Biological_Process_2023,Very Long-Chain Fatty Acid Metabolic Process (GO:0000038),0.023505484351503007,0.08669714269410042,0,0,3.3865643069229567,12.701382272695703,ELOVL1;ACOX2;ACSL1;PEX2;ACAA1
GO_Biological_Process_2023,COPI Coating Of Golgi Vesicle (GO:0048205),0.024271737310280473,0.08669714269410042,0,0,12.180796910654731,45.29359509902323,TMED9;GBF1
GO_Biological_Process_2023,COPI-coated Vesicle Budding (GO:0035964),0.024271737310280473,0.08669714269410042,0,0,12.180796910654731,45.29359509902323,TMED9;GBF1
GO_Biological_Process_2023,Golgi Disassembly (GO:0090166),0.024271737310280473,0.08669714269410042,0,0,12.180796910654731,45.29359509902323,GBF1;STX5
GO_Biological_Process_2023,Golgi Transport Vesicle Coating (GO:0048200),0.024271737310280473,0.08669714269410042,0,0,12.180796910654731,45.29359509902323,TMED9;GBF1
GO_Biological_Process_2023,ISG15-protein Conjugation (GO:0032020),0.024271737310280473,0.08669714269410042,0,0,12.180796910654731,45.29359509902323,UBE2E1;UBE2E2
GO_Biological_Process_2023,RNA Decapping (GO:0110154),0.024271737310280473,0.08669714269410042,0,0,12.180796910654731,45.29359509902323,DCPS;NUDT3
GO_Biological_Process_2023,Axo-Dendritic Transport (GO:0008088),0.024271737310280473,0.08669714269410042,0,0,12.180796910654731,45.29359509902323,APP;HSPA8
GO_Biological_Process_2023,Bradykinin Catabolic Process (GO:0010815),0.024271737310280473,0.08669714269410042,0,0,12.180796910654731,45.29359509902323,XPNPEP1;ECE1
GO_Biological_Process_2023,Embryonic Hindlimb Morphogenesis (GO:0035116),0.024271737310280473,0.08669714269410042,0,0,12.180796910654731,45.29359509902323,RARG;OXSR1
GO_Biological_Process_2023,"Establishment Of Mitochondrion Localization, Microtubule-Mediated (GO:0034643)",0.024271737310280473,0.08669714269410042,0,0,12.180796910654731,45.29359509902323,UXT;RHOT2
GO_Biological_Process_2023,Isoleucine Metabolic Process (GO:0006549),0.024271737310280473,0.08669714269410042,0,0,12.180796910654731,45.29359509902323,SDSL;ACAT1
GO_Biological_Process_2023,Leukocyte Chemotaxis Involved In Inflammatory Response (GO:0002232),0.024271737310280473,0.08669714269410042,0,0,12.180796910654731,45.29359509902323,MDK;NINJ1
GO_Biological_Process_2023,Lipid Droplet Disassembly (GO:1905691),0.024271737310280473,0.08669714269410042,0,0,12.180796910654731,45.29359509902323,PLIN2;PNPLA2
GO_Biological_Process_2023,Metanephric Collecting Duct Development (GO:0072205),0.024271737310280473,0.08669714269410042,0,0,12.180796910654731,45.29359509902323,PTCH1;PKD1
GO_Biological_Process_2023,Negative Regulation Of Amino Acid Transport (GO:0051956),0.024271737310280473,0.08669714269410042,0,0,12.180796910654731,45.29359509902323,SLC43A2;SLC43A1
GO_Biological_Process_2023,Negative Regulation Of Cardiac Muscle Cell Apoptotic Process (GO:0010667),0.024271737310280473,0.08669714269410042,0,0,12.180796910654731,45.29359509902323,MDK;PPP1R10
GO_Biological_Process_2023,Negative Regulation Of Endoplasmic Reticulum Calcium Ion Concentration (GO:0032471),0.024271737310280473,0.08669714269410042,0,0,12.180796910654731,45.29359509902323,FIS1;TGM2
GO_Biological_Process_2023,Negative Regulation Of Erythrocyte Differentiation (GO:0045647),0.024271737310280473,0.08669714269410042,0,0,12.180796910654731,45.29359509902323,LDB1;ZFP36L1
GO_Biological_Process_2023,Negative Regulation Of Gene Expression Via CpG Island Methylation (GO:0044027),0.024271737310280473,0.08669714269410042,0,0,12.180796910654731,45.29359509902323,UHRF1;ZNF445
GO_Biological_Process_2023,Notochord Development (GO:0030903),0.024271737310280473,0.08669714269410042,0,0,12.180796910654731,45.29359509902323,COL18A1;COL2A1
GO_Biological_Process_2023,"Nucleotide-Excision Repair, DNA Gap Filling (GO:0006297)",0.024271737310280473,0.08669714269410042,0,0,12.180796910654731,45.29359509902323,POLB;TENT4A
GO_Biological_Process_2023,Osmosensory Signaling Pathway (GO:0007231),0.024271737310280473,0.08669714269410042,0,0,12.180796910654731,45.29359509902323,PYCARD;OXSR1
GO_Biological_Process_2023,Pexophagy (GO:0000425),0.024271737310280473,0.08669714269410042,0,0,12.180796910654731,45.29359509902323,PEX2;SQSTM1
GO_Biological_Process_2023,Positive Regulation Of Animal Organ Morphogenesis (GO:0110110),0.024271737310280473,0.08669714269410042,0,0,12.180796910654731,45.29359509902323,SIX1;GATA3
GO_Biological_Process_2023,Positive Regulation Of Extrinsic Apoptotic Signaling Pathway Via Death Domain Receptors (GO:1902043),0.024271737310280473,0.08669714269410042,0,0,12.180796910654731,45.29359509902323,PMAIP1;THBS1
GO_Biological_Process_2023,Positive Regulation Of Hemoglobin Biosynthetic Process (GO:0046985),0.024271737310280473,0.08669714269410042,0,0,12.180796910654731,45.29359509902323,LDB1;KLF4
GO_Biological_Process_2023,Positive Regulation Of Intrinsic Apoptotic Signaling Pathway By P53 Class Mediator (GO:1902255),0.024271737310280473,0.08669714269410042,0,0,12.180796910654731,45.29359509902323,MYC;RPL26
GO_Biological_Process_2023,Positive Regulation Of Microglial Cell Migration (GO:1904141),0.024271737310280473,0.08669714269410042,0,0,12.180796910654731,45.29359509902323,P2RX4;CSF1
GO_Biological_Process_2023,Protein Geranylgeranylation (GO:0018344),0.024271737310280473,0.08669714269410042,0,0,12.180796910654731,45.29359509902323,FNTA;RABGGTB
GO_Biological_Process_2023,Protein Targeting To Vacuole Involved In Autophagy (GO:0071211),0.024271737310280473,0.08669714269410042,0,0,12.180796910654731,45.29359509902323,HSPA8;SQSTM1
GO_Biological_Process_2023,Regulation Of Basement Membrane Organization (GO:0110011),0.024271737310280473,0.08669714269410042,0,0,12.180796910654731,45.29359509902323,LAMB2;NID1
GO_Biological_Process_2023,Regulation Of Hepatocyte Proliferation (GO:2000345),0.024271737310280473,0.08669714269410042,0,0,12.180796910654731,45.29359509902323,XBP1;MDK
GO_Biological_Process_2023,Regulation Of Hyaluronan Biosynthetic Process (GO:1900125),0.024271737310280473,0.08669714269410042,0,0,12.180796910654731,45.29359509902323,TGFB1;NFKB1
GO_Biological_Process_2023,Regulation Of Long-Chain Fatty Acid Import Across Plasma Membrane (GO:0010746),0.024271737310280473,0.08669714269410042,0,0,12.180796910654731,45.29359509902323,IRS2;THBS1
GO_Biological_Process_2023,Regulation Of Neutrophil Extravasation (GO:2000389),0.024271737310280473,0.08669714269410042,0,0,12.180796910654731,45.29359509902323,MDK;CD99
GO_Biological_Process_2023,"Regulation Of Retrograde Transport, Endosome To Golgi (GO:1905279)",0.024271737310280473,0.08669714269410042,0,0,12.180796910654731,45.29359509902323,LRRK2;ATP9A
GO_Biological_Process_2023,Regulation Of Thymocyte Apoptotic Process (GO:0070243),0.024271737310280473,0.08669714269410042,0,0,12.180796910654731,45.29359509902323,BMP4;TP53
GO_Biological_Process_2023,Transmembrane Receptor Protein Tyrosine Phosphatase Signaling Pathway (GO:0007185),0.024271737310280473,0.08669714269410042,0,0,12.180796910654731,45.29359509902323,PTPRU;TRIO
GO_Biological_Process_2023,Telomere Maintenance (GO:0000723),0.024273552893931228,0.08669714269410042,0,0,2.4398661736221166,9.072320010523953,DCLRE1B;RECQL4;MAD2L2;INO80E;PRKDC;SLX1A;TERF1;NFRKB
GO_Biological_Process_2023,Negative Regulation Of Developmental Process (GO:0051093),0.02477543240180293,0.08841469986778995,0,0,2.0762177494136256,7.677651316368734,BMP4;SMARCD1;SMARCC1;ING2;TGFB1;ROCK1;BCL7C;RBBP7;ARPIN;RAPGEF3;LOXL2
GO_Biological_Process_2023,Modulation Of Chemical Synaptic Transmission (GO:0050804),0.02502856502334185,0.08849238050676225,0,0,1.9975937244333222,7.366601298248107,SLC12A2;APP;PPP3CA;SLC4A8;RIMS4;TRIO;CLSTN2;LRRK2;CLSTN1;AKAP9;TPRG1L;DGKZ
GO_Biological_Process_2023,Fc Receptor Mediated Stimulatory Signaling Pathway (GO:0002431),0.025070389443022412,0.08849238050676225,0,0,4.062789199320565,14.97571657868709,PAK1;PLA2G6;PLD2;VAV2
GO_Biological_Process_2023,Negative Regulation Of Extrinsic Apoptotic Signaling Pathway In Absence Of Ligand (GO:2001240),0.025070389443022412,0.08849238050676225,0,0,4.062789199320565,14.97571657868709,UNC5B;HSPA1B;HSPA1A;MCL1
GO_Biological_Process_2023,Negative Regulation Of Signal Transduction In Absence Of Ligand (GO:1901099),0.025070389443022412,0.08849238050676225,0,0,4.062789199320565,14.97571657868709,UNC5B;HSPA1B;HSPA1A;MCL1
GO_Biological_Process_2023,Oligosaccharide Biosynthetic Process (GO:0009312),0.025070389443022412,0.08849238050676225,0,0,4.062789199320565,14.97571657868709,ST3GAL4;FUT2;FUT1;ST6GALNAC6
GO_Biological_Process_2023,Placenta Development (GO:0001890),0.025070389443022412,0.08849238050676225,0,0,4.062789199320565,14.97571657868709,TFEB;PHLDA2;ASCL2;PKD1
GO_Biological_Process_2023,Positive Regulation Of Cholesterol Efflux (GO:0010875),0.025070389443022412,0.08849238050676225,0,0,4.062789199320565,14.97571657868709,LRP1;ABCA3;PTCH1;PLTP
GO_Biological_Process_2023,Protein Neddylation (GO:0045116),0.025070389443022412,0.08849238050676225,0,0,4.062789199320565,14.97571657868709,COPS4;COPS6;COPS5;DCUN1D2
GO_Biological_Process_2023,Regulation Of Cholesterol Transport (GO:0032374),0.025070389443022412,0.08849238050676225,0,0,4.062789199320565,14.97571657868709,ABCA2;LRP1;TSPO;NFKB1
GO_Biological_Process_2023,Regulation Of Mitochondrial Translation (GO:0070129),0.025070389443022412,0.08849238050676225,0,0,4.062789199320565,14.97571657868709,SHMT2;RMND1;RPUSD3;MPV17L2
GO_Biological_Process_2023,Regulation Of Mononuclear Cell Migration (GO:0071675),0.025070389443022412,0.08849238050676225,0,0,4.062789199320565,14.97571657868709,STK10;CSF1;MDK;THBS1
GO_Biological_Process_2023,Regulation Of Proteolysis Involved In Protein Catabolic Process (GO:1903050),0.025070389443022412,0.08849238050676225,0,0,4.062789199320565,14.97571657868709,ATP5IF1;NUB1;PTK2B;PKD1
GO_Biological_Process_2023,Response To Gamma Radiation (GO:0010332),0.025070389443022412,0.08849238050676225,0,0,4.062789199320565,14.97571657868709,MYC;TMEM109;RPL26;TP53
GO_Biological_Process_2023,Regulation Of Reactive Oxygen Species Metabolic Process (GO:2000377),0.025303476972757092,0.08912502488839875,0,0,2.6135917936340323,9.60968949345794,PDGFRB;CBR1;CDKN1A;EIF6;TP53;THBS1;SIRT2
GO_Biological_Process_2023,Nucleobase-Containing Compound Catabolic Process (GO:0034655),0.025355445218784543,0.08912502488839875,0,0,2.888098875156228,10.61307533579481,EXOSC7;RNASEH2C;EXOSC4;EXOSC8;ENTPD7;DNASE1L1
GO_Biological_Process_2023,Regulation Of Apoptotic Signaling Pathway (GO:2001233),0.025355445218784543,0.08912502488839875,0,0,2.888098875156228,10.61307533579481,PYCARD;CRADD;DAPK2;MAZ;RPS3;TGFBR1
GO_Biological_Process_2023,Regulation Of Cellular Metabolic Process (GO:0031323),0.025355445218784543,0.08912502488839875,0,0,2.888098875156228,10.61307533579481,NCOR2;ING2;NUAK1;EIF6;PRKAG1;HIF1A
GO_Biological_Process_2023,Regulation Of Insulin Receptor Signaling Pathway (GO:0046626),0.025355445218784543,0.08912502488839875,0,0,2.888098875156228,10.61307533579481,PTPN1;GKAP1;ENPP1;PIP4K2A;SORL1;TNS2
GO_Biological_Process_2023,Cellular Response To Cytokine Stimulus (GO:0071345),0.025408647882465794,0.08923754481489864,0,0,1.588970801782551,5.8357585542065005,SLC12A2;XBP1;ASAH1;NDUFA13;IFITM2;EDN2;SELPLG;LRRK2;WNT5A;GATA3;OXSR1;HIF1A;NFKB1;EPOR;IL27RA;ZFP36L1;IKBKB;PYCARD;SYNCRIP;MT2A;IRF1;RPS3;PLP2;SLC26A6
GO_Biological_Process_2023,RNA Processing (GO:0006396),0.025772731123065707,0.09044080896602474,0,0,1.7874619913307885,6.53931937172976,SF3B4;DDX23;DDX54;TENT4A;PRPF8;LSM4;CCAR2;EXOSC7;SYNCRIP;ARVCF;LSM6;EXOSC4;MAGOH;EXOSC8;RBM5;HNRNPA0
GO_Biological_Process_2023,Positive Regulation Of Protein Polymerization (GO:0032273),0.026250490367316814,0.09204064524294013,0,0,2.399799087232513,8.73543812604232,PYCARD;HSP90AA1;PAK1;RPS3;PTK2B;TOGARAM1;EVL;SLAIN2
GO_Biological_Process_2023,Epithelial Tube Morphogenesis (GO:0060562),0.02655291579888592,0.09233222826515987,0,0,3.265521398432791,11.849322262032416,BMP4;PAK1;CTNNB1;GATA3;PKD1
GO_Biological_Process_2023,Inositol Lipid-Mediated Signaling (GO:0048017),0.02655291579888592,0.09233222826515987,0,0,3.265521398432791,11.849322262032416,PDGFRB;PLCE1;PI4KB;PLCD1;IGF1R
GO_Biological_Process_2023,Negative Regulation Of Cell Cycle G1/S Phase Transition (GO:1902807),0.02655291579888592,0.09233222826515987,0,0,3.265521398432791,11.849322262032416,CDKN1A;APC;JADE1;CDK2AP2;KLF4
GO_Biological_Process_2023,Negative Regulation Of Endocytosis (GO:0045806),0.02655291579888592,0.09233222826515987,0,0,3.265521398432791,11.849322262032416,SNX3;LRSAM1;RACK1;UNC119;SNX33
GO_Biological_Process_2023,Phosphatidic Acid Metabolic Process (GO:0046473),0.02655291579888592,0.09233222826515987,0,0,3.265521398432791,11.849322262032416,ABHD5;PLA2G6;AGPAT2;DGKZ;PLD2
GO_Biological_Process_2023,Positive Regulation Of RNA Metabolic Process (GO:0051254),0.02655291579888592,0.09233222826515987,0,0,3.265521398432791,11.849322262032416,TRMT112;SLC38A2;NFKB1;HSPA1A;RBM22
GO_Biological_Process_2023,Positive Regulation Of Cytokine Production Involved In Immune Response (GO:0002720),0.02655291579888592,0.09233222826515987,0,0,3.265521398432791,11.849322262032416,WNT5A;TNFRSF14;TRAF2;HLA-A;HLA-F
GO_Biological_Process_2023,Positive Regulation Of Organelle Organization (GO:0010638),0.02655291579888592,0.09233222826515987,0,0,3.265521398432791,11.849322262032416,FYCO1;UVRAG;TMED9;TOM1;SORBS3
GO_Biological_Process_2023,Protein Targeting To Vacuole (GO:0006623),0.02655291579888592,0.09233222826515987,0,0,3.265521398432791,11.849322262032416,AP4M1;VPS37C;VPS37D;SORL1;SQSTM1
GO_Biological_Process_2023,Regulation Of Interleukin-17 Production (GO:0032660),0.02655291579888592,0.09233222826515987,0,0,3.265521398432791,11.849322262032416,PRNP;TGFB1;IL15;SPHK1;MYD88
GO_Biological_Process_2023,ATP Transport (GO:0015867),0.02704284150685155,0.09235799317546785,0,0,5.483140147523709,19.795961533193562,SLC25A5;SLC25A4;SLC25A24
GO_Biological_Process_2023,GTP Metabolic Process (GO:0046039),0.02704284150685155,0.09235799317546785,0,0,5.483140147523709,19.795961533193562,LRRK2;IMPDH2;ENTPD7
GO_Biological_Process_2023,Antigen Processing And Presentation Of Endogenous Peptide Antigen Via MHC Class I Via ER Pathway (GO:0002484),0.02704284150685155,0.09235799317546785,0,0,5.483140147523709,19.795961533193562,HLA-B;HLA-A;HLA-F
GO_Biological_Process_2023,"Antigen Processing And Presentation Of Endogenous Peptide Antigen Via MHC Class I Via ER Pathway, TAP-independent (GO:0002486)",0.02704284150685155,0.09235799317546785,0,0,5.483140147523709,19.795961533193562,HLA-B;HLA-A;HLA-F
GO_Biological_Process_2023,Antigen Processing And Presentation Of Endogenous Peptide Antigen Via MHC Class Ib (GO:0002476),0.02704284150685155,0.09235799317546785,0,0,5.483140147523709,19.795961533193562,HLA-B;HLA-A;HLA-F
GO_Biological_Process_2023,Antigen Processing And Presentation Of Peptide Antigen Via MHC Class Ib (GO:0002428),0.02704284150685155,0.09235799317546785,0,0,5.483140147523709,19.795961533193562,HLA-B;HLA-A;HLA-F
GO_Biological_Process_2023,Cardiac Left Ventricle Morphogenesis (GO:0003214),0.02704284150685155,0.09235799317546785,0,0,5.483140147523709,19.795961533193562,SMAD4;SFRP2;RBPJ
GO_Biological_Process_2023,"Endonucleolytic Cleavage Of Tricistronic rRNA Transcript (SSU-rRNA, 5.8S rRNA, LSU-rRNA) (GO:0000479)",0.02704284150685155,0.09235799317546785,0,0,5.483140147523709,19.795961533193562,BMS1;RRS1;KRI1
GO_Biological_Process_2023,Intracellular Potassium Ion Homeostasis (GO:0030007),0.02704284150685155,0.09235799317546785,0,0,5.483140147523709,19.795961533193562,SLC12A2;KCNMA1;ATP1B1
GO_Biological_Process_2023,Microvillus Organization (GO:0032528),0.02704284150685155,0.09235799317546785,0,0,5.483140147523709,19.795961533193562,RAP1B;RAPGEF2;RAPGEF6
GO_Biological_Process_2023,Mitochondrial Fission (GO:0000266),0.02704284150685155,0.09235799317546785,0,0,5.483140147523709,19.795961533193562,FIS1;MTFP1;MTFR1
GO_Biological_Process_2023,Negative Regulation Of NLRP3 Inflammasome Complex Assembly (GO:1900226),0.02704284150685155,0.09235799317546785,0,0,5.483140147523709,19.795961533193562,HSPA8;PYDC1;FBXL2
GO_Biological_Process_2023,Negative Regulation Of Viral Transcription (GO:0032897),0.02704284150685155,0.09235799317546785,0,0,5.483140147523709,19.795961533193562,TRIM13;LARP7;UBP1
GO_Biological_Process_2023,Positive Regulation Of Chromosome Separation (GO:1905820),0.02704284150685155,0.09235799317546785,0,0,5.483140147523709,19.795961533193562,NCAPH2;BIRC5;NCAPD3
GO_Biological_Process_2023,Positive Regulation Of Leukocyte Degranulation (GO:0043302),0.02704284150685155,0.09235799317546785,0,0,5.483140147523709,19.795961533193562,ITGAM;STX4;HLA-F
GO_Biological_Process_2023,Positive Regulation Of Macrophage Chemotaxis (GO:0010759),0.02704284150685155,0.09235799317546785,0,0,5.483140147523709,19.795961533193562,CSF1;MDK;THBS1
GO_Biological_Process_2023,Positive Regulation Of Response To Cytokine Stimulus (GO:0060760),0.02704284150685155,0.09235799317546785,0,0,5.483140147523709,19.795961533193562,CD74;WNT5A;AGPAT2
GO_Biological_Process_2023,Positive Regulation Of Type I Interferon-Mediated Signaling Pathway (GO:0060340),0.02704284150685155,0.09235799317546785,0,0,5.483140147523709,19.795961533193562,TRIM41;WNT5A;IKBKE
GO_Biological_Process_2023,Regulation Of cAMP-dependent Protein Kinase Activity (GO:2000479),0.02704284150685155,0.09235799317546785,0,0,5.483140147523709,19.795961533193562,PRKAR2A;RAPGEF2;PKIG
GO_Biological_Process_2023,Regulation Of Gastrulation (GO:0010470),0.02704284150685155,0.09235799317546785,0,0,5.483140147523709,19.795961533193562,RACK1;OXSR1;CLASP2
GO_Biological_Process_2023,Regulation Of Macrophage Cytokine Production (GO:0010935),0.02704284150685155,0.09235799317546785,0,0,5.483140147523709,19.795961533193562,GPRC5B;TGFB1;WNT5A
GO_Biological_Process_2023,Response To UV-A (GO:0070141),0.02704284150685155,0.09235799317546785,0,0,5.483140147523709,19.795961533193562,CCND1;MMP9;PPID
GO_Biological_Process_2023,Positive Regulation Of NF-kappaB Transcription Factor Activity (GO:0051092),0.027214408783100746,0.09286861862693456,0,0,1.8581292289732187,6.696713927879768,APP;NPM1;PRKCH;SPHK1;WNT5A;TRAF2;PYCARD;RPS6KA4;IKBKB;TRIM13;RPS3;MYD88;HSPA1B;HSPA1A
GO_Biological_Process_2023,Regulation Of Protein Localization (GO:0032880),0.02739996724628942,0.09342612313694312,0,0,2.1284419465522117,7.656460021051503,ABCA2;SETD2;HSP90AA1;GBF1;RACK1;PIN1;PLEKHM2;CTNNB1;CSNK1E;CTSD
GO_Biological_Process_2023,Post-Transcriptional Regulation Of Gene Expression (GO:0010608),0.027597058376735394,0.0938701234446145,0,0,2.561246040126716,9.19499133826806,PER1;LARP1;ZC3H7A;RPL10;TCOF1;PKP3;ELP6
GO_Biological_Process_2023,Renal System Development (GO:0072001),0.027597058376735394,0.0938701234446145,0,0,2.561246040126716,9.19499133826806,BMP4;ARL3;SIX1;GATA3;PKD1;TGFBR1;SULF2
GO_Biological_Process_2023,Response To Organic Cyclic Compound (GO:0014070),0.027597058376735394,0.0938701234446145,0,0,2.561246040126716,9.19499133826806,TP53I13;TGFB1;ADORA2A;PMAIP1;CTNNB1;AQP3;ESR1
GO_Biological_Process_2023,Neuron Projection Guidance (GO:0097485),0.02797508234926921,0.09482435340088126,0,0,1.961808969220298,7.016294190819095,CYFIP2;SEMA6B;RET;NELL2;LYPLA2;NFASC;TRIO;TUBB3;WNT5A;MYCBP2;CNTN1;EFNA4
GO_Biological_Process_2023,Regulation Of DNA Metabolic Process (GO:0051052),0.02797508234926921,0.09482435340088126,0,0,1.961808969220298,7.016294190819095,SF3B5;INO80E;NSMCE4A;TAF12;MYC;USP22;JADE1;UBE2V2;SMARCA5;TAF7;JADE2;NFRKB
GO_Biological_Process_2023,Hexose Metabolic Process (GO:0019318),0.028012703783114767,0.09482435340088126,0,0,2.8139638725390705,10.060194263579367,IRS2;FUOM;ALDOA;PGM1;GALK1;PPARD
GO_Biological_Process_2023,Mitotic Nuclear Division (GO:0140014),0.028012703783114767,0.09482435340088126,0,0,2.8139638725390705,10.060194263579367,DSN1;PLK1;NUSAP1;KLHL22;KLHDC8B;CLASP2
GO_Biological_Process_2023,Regulation Of Cytokine Production Involved In Inflammatory Response (GO:1900015),0.028012703783114767,0.09482435340088126,0,0,2.8139638725390705,10.060194263579367,PYCARD;MAPK9;PER1;HIF1A;EXTL3;MYD88
GO_Biological_Process_2023,Vacuolar Transport (GO:0007034),0.028012703783114767,0.09482435340088126,0,0,2.8139638725390705,10.060194263579367,LRP1;VPS51;CHMP2B;VPS37C;VPS37D;HSPA1A
GO_Biological_Process_2023,Kidney Development (GO:0001822),0.02833662497379514,0.09584379740132637,0,0,2.361024487500639,8.413747199777623,BMP4;ARL3;SIX1;OXSR1;GATA3;PKD1;TGFBR1;SULF2
GO_Biological_Process_2023,Microtubule Nucleation (GO:0007020),0.029133507879597387,0.09767611598804507,0,0,3.848847210276614,13.609009120480618,CCDC57;SSNA1;SLAIN2;CLASP2
GO_Biological_Process_2023,Negative Regulation Of Protein Tyrosine Kinase Activity (GO:0061099),0.029133507879597387,0.09767611598804507,0,0,3.848847210276614,13.609009120480618,MVP;SH3BP5;PTK6;SRCIN1
GO_Biological_Process_2023,Negative Regulation Of Proteolysis Involved In Protein Catabolic Process (GO:1903051),0.029133507879597387,0.09767611598804507,0,0,3.848847210276614,13.609009120480618,RPL5;RPL11;SGTA;RPL17
GO_Biological_Process_2023,Positive Regulation Of BMP Signaling Pathway (GO:0030513),0.029133507879597387,0.09767611598804507,0,0,3.848847210276614,13.609009120480618,BMP4;SMAD4;FOXD1;RBPJ
GO_Biological_Process_2023,Positive Regulation Of Interleukin-17 Production (GO:0032740),0.029133507879597387,0.09767611598804507,0,0,3.848847210276614,13.609009120480618,TGFB1;IL15;SPHK1;MYD88
GO_Biological_Process_2023,Positive Regulation Of Neuron Apoptotic Process (GO:0043525),0.029133507879597387,0.09767611598804507,0,0,3.848847210276614,13.609009120480618,PRNP;ITGAM;CTNNB1;MCL1
GO_Biological_Process_2023,Positive Regulation Of Neutrophil Migration (GO:1902624),0.029133507879597387,0.09767611598804507,0,0,3.848847210276614,13.609009120480618,CD74;MDK;DAPK2;CD99
GO_Biological_Process_2023,Positive Regulation Of Protein Targeting To Membrane (GO:0090314),0.029133507879597387,0.09767611598804507,0,0,3.848847210276614,13.609009120480618,FIS1;PRNP;TCAF1;ITGAM
GO_Biological_Process_2023,Regulation Of Centrosome Cycle (GO:0046605),0.029133507879597387,0.09767611598804507,0,0,3.848847210276614,13.609009120480618,NPM1;FBXW5;PDCD6IP;CHMP2B
GO_Biological_Process_2023,Regulation Of Myotube Differentiation (GO:0010830),0.029133507879597387,0.09767611598804507,0,0,3.848847210276614,13.609009120480618,XBP1;MMP14;HDAC3;TMEM119
GO_Biological_Process_2023,Response To BMP (GO:0071772),0.029133507879597387,0.09767611598804507,0,0,3.848847210276614,13.609009120480618,BMP4;SMAD4;VSTM2A;BMPR1A
GO_Biological_Process_2023,RNA Metabolic Process (GO:0016070),0.02958436401800437,0.0991087962448818,0,0,2.013756613756614,7.089448886377499,ATXN2L;EXOSC7;RNASEH2C;SYNCRIP;EXOSC4;EXOSC8;DDX54;RNASE1;LAGE3;NUDT3;RBM5
GO_Biological_Process_2023,Regulation Of Cellular Senescence (GO:2000772),0.02984088476327985,0.09957208061661764,0,0,3.15282627673505,11.072334472624945,FZR1;ING2;NUAK1;TP53;YPEL3
GO_Biological_Process_2023,Regulation Of Neuronal Synaptic Plasticity (GO:0048168),0.02984088476327985,0.09957208061661764,0,0,3.15282627673505,11.072334472624945,CAMK2B;APP;NSMF;SHISA9;DBN1
GO_Biological_Process_2023,Regulation Of Phosphatidylinositol 3-Kinase Activity (GO:0043551),0.02984088476327985,0.09957208061661764,0,0,3.15282627673505,11.072334472624945,PDGFRB;FLT1;TGFB1;PTK2B;PIK3R2
GO_Biological_Process_2023,Semaphorin-Plexin Signaling Pathway (GO:0071526),0.02984088476327985,0.09957208061661764,0,0,3.15282627673505,11.072334472624945,SEMA6B;NELL2;SH3BP1;FLNA;PLXNB1
GO_Biological_Process_2023,Sister Chromatid Segregation (GO:0000819),0.02984088476327985,0.09957208061661764,0,0,3.15282627673505,11.072334472624945,TOP2B;DSN1;PLK1;NUSAP1;KLHL22
GO_Biological_Process_2023,Establishment Of Protein Localization To Organelle (GO:0072594),0.030130433763288656,0.10037915868450042,0,0,2.196088794926004,7.691185066219358,NEURL1B;LRSAM1;NUP188;PPP1R10;TSPAN17;FAM53B;RANGRF;HIKESHI;TNPO2
GO_Biological_Process_2023,Negative Regulation Of Binding (GO:0051100),0.030130433763288656,0.10037915868450042,0,0,2.196088794926004,7.691185066219358,CDKN1A;ROCK1;LRRK2;RACK1;E2F1;PIN1;CSNK1E;SORL1;PPP1CA
GO_Biological_Process_2023,Myeloid Leukocyte Differentiation (GO:0002573),0.03053444009440461,0.10164468556327098,0,0,2.3234808274427925,8.106392372701205,BMP4;CSF1;OSTM1;IL15;MT1G;GATA3;CBFA2T3;MMP9
GO_Biological_Process_2023,Amino Acid Transport (GO:0006865),0.030847154246671987,0.10236199096354275,0,0,2.7435356200527705,9.543966930552788,SLC36A1;SLC6A6;SLC43A2;SLC43A1;SLC38A2;SLC7A2
GO_Biological_Process_2023,Cognition (GO:0050890),0.030847154246671987,0.10236199096354275,0,0,2.7435356200527705,9.543966930552788,C12ORF57;NSUN5;CHD7;CHMP2B;ST3GAL4;BBS4
GO_Biological_Process_2023,Positive Regulation Of Smooth Muscle Cell Proliferation (GO:0048661),0.030847154246671987,0.10236199096354275,0,0,2.7435356200527705,9.543966930552788,PDGFRB;BMP4;TGFB1;THBS1;MMP9;BMPR1A
GO_Biological_Process_2023,Response To Glucose (GO:0009749),0.030847154246671987,0.10236199096354275,0,0,2.7435356200527705,9.543966930552788,XBP1;RACK1;IRS2;THBS1;VAMP2;IGF1R
GO_Biological_Process_2023,Integrin-Mediated Signaling Pathway (GO:0007229),0.03220474673689612,0.10678282559769256,0,0,2.167130299321242,7.445482625618022,COL3A1;COL16A1;ITGAM;ITGB4;FN1;ADAM9;PTK2B;ITGAE;FERMT2
GO_Biological_Process_2023,Negative Regulation Of Cell Adhesion (GO:0007162),0.03284629309899351,0.10797327962820487,0,0,2.287110406761754,7.812577909733869,MUC1;TGFB1;MDK;LPXN;PLXNB1;NF2;RND1;JAM3
GO_Biological_Process_2023,Microvillus Assembly (GO:0030033),0.03311674176431621,0.10797327962820487,0,0,4.984529169460676,16.98586145304551,RAP1B;RAPGEF2;RAPGEF6
GO_Biological_Process_2023,Mitochondrion Transport Along Microtubule (GO:0047497),0.03311674176431621,0.10797327962820487,0,0,4.984529169460676,16.98586145304551,UXT;RHOT2;HIF1A
GO_Biological_Process_2023,Positive Regulation Of Histone Acetylation (GO:0035066),0.03311674176431621,0.10797327962820487,0,0,4.984529169460676,16.98586145304551,SMAD4;MUC1;SMARCA5
GO_Biological_Process_2023,Positive Regulation Of Long-Term Synaptic Potentiation (GO:1900273),0.03311674176431621,0.10797327962820487,0,0,4.984529169460676,16.98586145304551,APP;EIF2AK4;SQSTM1
GO_Biological_Process_2023,Positive Regulation Of Mitochondrial Translation (GO:0070131),0.03311674176431621,0.10797327962820487,0,0,4.984529169460676,16.98586145304551,RMND1;RPUSD3;MPV17L2
GO_Biological_Process_2023,Protein Transport To Vacuole Involved In Ubiquitin-Dependent Protein Catabolic Process Via The Multivesicular Body Sorting Pathway (GO:0043328),0.03311674176431621,0.10797327962820487,0,0,4.984529169460676,16.98586145304551,VPS37C;VPS37D;PTPN23
GO_Biological_Process_2023,Regulation Of MHC Class II Biosynthetic Process (GO:0045346),0.03311674176431621,0.10797327962820487,0,0,4.984529169460676,16.98586145304551,XBP1;RFX5;TAF7
GO_Biological_Process_2023,Regulation Of Carbohydrate Catabolic Process (GO:0043470),0.03311674176431621,0.10797327962820487,0,0,4.984529169460676,16.98586145304551,EIF6;PRKAG1;HIF1A
GO_Biological_Process_2023,Regulation Of Endothelial Cell Chemotaxis (GO:2001026),0.03311674176431621,0.10797327962820487,0,0,4.984529169460676,16.98586145304551,P2RX4;HSPB1;THBS1
GO_Biological_Process_2023,Regulation Of Extracellular Matrix Disassembly (GO:0010715),0.03311674176431621,0.10797327962820487,0,0,4.984529169460676,16.98586145304551,TGFB1;LRP1;CLASP2
GO_Biological_Process_2023,Regulation Of Histone H3-K4 Methylation (GO:0051569),0.03311674176431621,0.10797327962820487,0,0,4.984529169460676,16.98586145304551,SMAD4;KANSL2;CTNNB1
GO_Biological_Process_2023,Regulation Of Integrin Activation (GO:0033623),0.03311674176431621,0.10797327962820487,0,0,4.984529169460676,16.98586145304551,RAP1B;FERMT2;JAM3
GO_Biological_Process_2023,Regulation Of Neuron Projection Arborization (GO:0150011),0.03311674176431621,0.10797327962820487,0,0,4.984529169460676,16.98586145304551,NCOA2;WNT5A;DVL2
GO_Biological_Process_2023,Smooth Muscle Contraction (GO:0006939),0.03311674176431621,0.10797327962820487,0,0,4.984529169460676,16.98586145304551,SMTN;ROCK1;TPCN2
GO_Biological_Process_2023,Telomere Capping (GO:0016233),0.03311674176431621,0.10797327962820487,0,0,4.984529169460676,16.98586145304551,DCLRE1B;PRKDC;TERF1
GO_Biological_Process_2023,Regulation Of MAP Kinase Activity (GO:0043405),0.03313965866041751,0.10797327962820487,0,0,1.9741570702355016,6.726001637337666,PDGFRB;BMP4;PTPN1;TGFB1;FLT1;LRRK2;ADAM9;TRIB1;RASGRP1;THBS1;SORL1
GO_Biological_Process_2023,Adherens Junction Organization (GO:0034332),0.03337403848100403,0.10797327962820487,0,0,3.0476441631504922,10.36191997427704,CDH11;CTNNB1;DCHS1;FERMT2;JAM3
GO_Biological_Process_2023,Histone H3 Acetylation (GO:0043966),0.03337403848100403,0.10797327962820487,0,0,3.0476441631504922,10.36191997427704,SF3B5;LDB1;TAF12;USP22;TAF7
GO_Biological_Process_2023,Interstrand Cross-Link Repair (GO:0036297),0.03337403848100403,0.10797327962820487,0,0,3.0476441631504922,10.36191997427704,DCLRE1B;ERCC6L2;MCM9;FANCC;FANCE
GO_Biological_Process_2023,Neutral Amino Acid Transport (GO:0015804),0.03337403848100403,0.10797327962820487,0,0,3.0476441631504922,10.36191997427704,SLC36A1;SLC6A6;SLC43A2;SLC43A1;SLC38A2
GO_Biological_Process_2023,Positive Regulation Of Substrate Adhesion-Dependent Cell Spreading (GO:1900026),0.03337403848100403,0.10797327962820487,0,0,3.0476441631504922,10.36191997427704,MDK;FLNA;RAC3;FERMT2;S100A10
GO_Biological_Process_2023,Positive Regulation Of Telomere Maintenance Via Telomere Lengthening (GO:1904358),0.03337403848100403,0.10797327962820487,0,0,3.0476441631504922,10.36191997427704,CCT2;TNIP1;NEK7;CTNNB1;MAPK15
GO_Biological_Process_2023,Regulation Of mRNA Processing (GO:0050684),0.03337403848100403,0.10797327962820487,0,0,3.0476441631504922,10.36191997427704,SRPK3;MAGOH;LARP7;QKI;ZFP36L1
GO_Biological_Process_2023,Regulation Of Sodium Ion Transport (GO:0002028),0.03337403848100403,0.10797327962820487,0,0,3.0476441631504922,10.36191997427704,NKAIN1;PER1;P2RX4;RANGRF;GPD1L
GO_Biological_Process_2023,Response To Nutrient Levels (GO:0031667),0.03337403848100403,0.10797327962820487,0,0,3.0476441631504922,10.36191997427704,PRKAB2;PRKAG1;MLST8;PRKAB1;PPARD
GO_Biological_Process_2023,Fc-gamma Receptor Signaling Pathway (GO:0038094),0.0335637670466208,0.10797327962820487,0,0,3.6562994201370587,12.410606940980786,PAK1;PLA2G6;PLD2;VAV2
GO_Biological_Process_2023,Cardiac Conduction System Development (GO:0003161),0.0335637670466208,0.10797327962820487,0,0,3.6562994201370587,12.410606940980786,SMAD4;SHOX2;SMAD5;BMPR1A
GO_Biological_Process_2023,Natural Killer Cell Mediated Cytotoxicity (GO:0042267),0.0335637670466208,0.10797327962820487,0,0,3.6562994201370587,12.410606940980786,PLEKHM2;TUBB4B;CORO1A;VAMP2
GO_Biological_Process_2023,Negative Regulation Of Cell Junction Assembly (GO:1901889),0.0335637670466208,0.10797327962820487,0,0,3.6562994201370587,12.410606940980786,IKBKB;ROCK1;THBS1;CLASP2
GO_Biological_Process_2023,Neuromuscular Junction Development (GO:0007528),0.0335637670466208,0.10797327962820487,0,0,3.6562994201370587,12.410606940980786,CACNB3;LRRK2;DOK7;PDZRN3
GO_Biological_Process_2023,Peroxisome Organization (GO:0007031),0.0335637670466208,0.10797327962820487,0,0,3.6562994201370587,12.410606940980786,PEX16;FIS1;ACOT8;PEX2
GO_Biological_Process_2023,Positive Regulation Of p38MAPK Cascade (GO:1900745),0.0335637670466208,0.10797327962820487,0,0,3.6562994201370587,12.410606940980786,BMP4;SPHK1;SASH1;GADD45G
GO_Biological_Process_2023,Positive Regulation Of Vascular Endothelial Growth Factor Production (GO:0010575),0.0335637670466208,0.10797327962820487,0,0,3.6562994201370587,12.410606940980786,TGFB1;HIF1A;SULF2;ATF4
GO_Biological_Process_2023,Regulation Of Cell Size (GO:0008361),0.0335637670466208,0.10797327962820487,0,0,3.6562994201370587,12.410606940980786,RAP1GAP2;RARG;LAMTOR4;VAV2
GO_Biological_Process_2023,Regulation Of Cysteine-Type Endopeptidase Activity (GO:2000116),0.0335637670466208,0.10797327962820487,0,0,3.6562994201370587,12.410606940980786,PYCARD;CST1;DELE1;PSMB9
GO_Biological_Process_2023,Regulation Of Ruffle Assembly (GO:1900027),0.0335637670466208,0.10797327962820487,0,0,3.6562994201370587,12.410606940980786,UXT;P2RX4;EPS8L2;EVL
GO_Biological_Process_2023,Regulation Of Ryanodine-Sensitive Calcium-Release Channel Activity (GO:0060314),0.0335637670466208,0.10797327962820487,0,0,3.6562994201370587,12.410606940980786,SELENON;GSTO1;SRI;JPH1
GO_Biological_Process_2023,Stress Granule Assembly (GO:0034063),0.0335637670466208,0.10797327962820487,0,0,3.6562994201370587,12.410606940980786,ATXN2L;DYNC1H1;YTHDF3;G3BP1
GO_Biological_Process_2023,IRE1-mediated Unfolded Protein Response (GO:0036498),0.035165228284809544,0.10869582397724248,0,0,9.13533438651922,30.58233624659202,PTPN1;XBP1
GO_Biological_Process_2023,Antigen Processing And Presentation Of Endogenous Peptide Antigen Via MHC Class I (GO:0019885),0.035165228284809544,0.10869582397724248,0,0,9.13533438651922,30.58233624659202,ERAP1;HLA-A
GO_Biological_Process_2023,Clathrin Coat Disassembly (GO:0072318),0.035165228284809544,0.10869582397724248,0,0,9.13533438651922,30.58233624659202,HSPA8;SH3GL1
GO_Biological_Process_2023,Dorsal Aorta Development (GO:0035907),0.035165228284809544,0.10869582397724248,0,0,9.13533438651922,30.58233624659202,RBPJ;BMPR1A
GO_Biological_Process_2023,Dorsal Aorta Morphogenesis (GO:0035912),0.035165228284809544,0.10869582397724248,0,0,9.13533438651922,30.58233624659202,RBPJ;BMPR1A
GO_Biological_Process_2023,Glucan Catabolic Process (GO:0009251),0.035165228284809544,0.10869582397724248,0,0,9.13533438651922,30.58233624659202,STBD1;PYGL
GO_Biological_Process_2023,Hindlimb Morphogenesis (GO:0035137),0.035165228284809544,0.10869582397724248,0,0,9.13533438651922,30.58233624659202,RARG;OXSR1
GO_Biological_Process_2023,Histone H4-K12 Acetylation (GO:0043983),0.035165228284809544,0.10869582397724248,0,0,9.13533438651922,30.58233624659202,JADE1;JADE2
GO_Biological_Process_2023,Inositol Metabolic Process (GO:0006020),0.035165228284809544,0.10869582397724248,0,0,9.13533438651922,30.58233624659202,ISYNA1;PPIP5K2
GO_Biological_Process_2023,Ketone Body Metabolic Process (GO:1902224),0.035165228284809544,0.10869582397724248,0,0,9.13533438651922,30.58233624659202,ACSS3;ACAT1
GO_Biological_Process_2023,Locomotor Rhythm (GO:0045475),0.035165228284809544,0.10869582397724248,0,0,9.13533438651922,30.58233624659202,MTA1;USP2
GO_Biological_Process_2023,Long-Term Synaptic Depression (GO:0060292),0.035165228284809544,0.10869582397724248,0,0,9.13533438651922,30.58233624659202,PLK2;PICK1
GO_Biological_Process_2023,Macrophage Derived Foam Cell Differentiation (GO:0010742),0.035165228284809544,0.10869582397724248,0,0,9.13533438651922,30.58233624659202,TGFB1;WNT5A
GO_Biological_Process_2023,Maintenance Of Protein Location In Extracellular Region (GO:0071694),0.035165228284809544,0.10869582397724248,0,0,9.13533438651922,30.58233624659202,FBN2;NBL1
GO_Biological_Process_2023,Negative Regulation Of Actin Nucleation (GO:0051126),0.035165228284809544,0.10869582397724248,0,0,9.13533438651922,30.58233624659202,PICK1;CORO1A
GO_Biological_Process_2023,Negative Regulation Of Protein Sumoylation (GO:0033234),0.035165228284809544,0.10869582397724248,0,0,9.13533438651922,30.58233624659202,PIAS3;CTNNB1
GO_Biological_Process_2023,Negative Regulation Of Ruffle Assembly (GO:1900028),0.035165228284809544,0.10869582397724248,0,0,9.13533438651922,30.58233624659202,UXT;EVL
GO_Biological_Process_2023,"Neurotransmitter Receptor Transport, Endosome To Postsynaptic Membrane (GO:0098887)",0.035165228284809544,0.10869582397724248,0,0,9.13533438651922,30.58233624659202,GRIPAP1;NCOA2
GO_Biological_Process_2023,Neurotrophin TRK Receptor Signaling Pathway (GO:0048011),0.035165228284809544,0.10869582397724248,0,0,9.13533438651922,30.58233624659202,CASP3;DDIT4
GO_Biological_Process_2023,Nuclear Polyadenylation-Dependent ncRNA Catabolic Process (GO:0071046),0.035165228284809544,0.10869582397724248,0,0,9.13533438651922,30.58233624659202,EXOSC7;EXOSC8
GO_Biological_Process_2023,Nuclear Polyadenylation-Dependent rRNA Catabolic Process (GO:0071035),0.035165228284809544,0.10869582397724248,0,0,9.13533438651922,30.58233624659202,EXOSC7;EXOSC8
GO_Biological_Process_2023,Nuclear Polyadenylation-Dependent tRNA Catabolic Process (GO:0071038),0.035165228284809544,0.10869582397724248,0,0,9.13533438651922,30.58233624659202,EXOSC7;EXOSC8
GO_Biological_Process_2023,"Nuclear-Transcribed mRNA Catabolic Process, Deadenylation-Independent Decay (GO:0031086)",0.035165228284809544,0.10869582397724248,0,0,9.13533438651922,30.58233624659202,EDC3;ZFP36L1
GO_Biological_Process_2023,Placenta Blood Vessel Development (GO:0060674),0.035165228284809544,0.10869582397724248,0,0,9.13533438651922,30.58233624659202,RBPJ;PKD1
GO_Biological_Process_2023,Positive Regulation Of B Cell Receptor Signaling Pathway (GO:0050861),0.035165228284809544,0.10869582397724248,0,0,9.13533438651922,30.58233624659202,UXT;PRKCH
GO_Biological_Process_2023,Positive Regulation Of Amyloid-Beta Clearance (GO:1900223),0.035165228284809544,0.10869582397724248,0,0,9.13533438651922,30.58233624659202,LRP1;ROCK1
GO_Biological_Process_2023,Positive Regulation Of Gastrulation (GO:2000543),0.035165228284809544,0.10869582397724248,0,0,9.13533438651922,30.58233624659202,RACK1;OXSR1
GO_Biological_Process_2023,Positive Regulation Of Hormone Metabolic Process (GO:0032352),0.035165228284809544,0.10869582397724248,0,0,9.13533438651922,30.58233624659202,GATA3;HIF1A
GO_Biological_Process_2023,Positive Regulation Of Intracellular Estrogen Receptor Signaling Pathway (GO:0033148),0.035165228284809544,0.10869582397724248,0,0,9.13533438651922,30.58233624659202,PAGR1;PAK1
GO_Biological_Process_2023,Positive Regulation Of Lymphocyte Apoptotic Process (GO:0070230),0.035165228284809544,0.10869582397724248,0,0,9.13533438651922,30.58233624659202,PRELID1;FNIP1
GO_Biological_Process_2023,Positive Regulation Of Mitophagy (GO:1901526),0.035165228284809544,0.10869582397724248,0,0,9.13533438651922,30.58233624659202,SLC25A5;SLC25A4
GO_Biological_Process_2023,Positive Regulation Of Synaptic Plasticity (GO:0031915),0.035165228284809544,0.10869582397724248,0,0,9.13533438651922,30.58233624659202,CDC20;DBN1
GO_Biological_Process_2023,Positive Regulation Of Triglyceride Catabolic Process (GO:0010898),0.035165228284809544,0.10869582397724248,0,0,9.13533438651922,30.58233624659202,ABHD5;PNPLA2
GO_Biological_Process_2023,Protein Localization To Ciliary Membrane (GO:1903441),0.035165228284809544,0.10869582397724248,0,0,9.13533438651922,30.58233624659202,RABEP1;ARL3
GO_Biological_Process_2023,Protein Localization To Endoplasmic Reticulum Exit Site (GO:0070973),0.035165228284809544,0.10869582397724248,0,0,9.13533438651922,30.58233624659202,LRRK2;GBF1
GO_Biological_Process_2023,Proteoglycan Catabolic Process (GO:0030167),0.035165228284809544,0.10869582397724248,0,0,9.13533438651922,30.58233624659202,GLB1;SGSH
GO_Biological_Process_2023,rDNA Heterochromatin Formation (GO:0000183),0.035165228284809544,0.10869582397724248,0,0,9.13533438651922,30.58233624659202,SMARCA5;SIRT2
GO_Biological_Process_2023,Regulation Of MHC Class I Biosynthetic Process (GO:0045343),0.035165228284809544,0.10869582397724248,0,0,9.13533438651922,30.58233624659202,HSPH1;TAF7
GO_Biological_Process_2023,Regulation Of T-helper Cell Differentiation (GO:0045622),0.035165228284809544,0.10869582397724248,0,0,9.13533438651922,30.58233624659202,MYDGF;JUNB
GO_Biological_Process_2023,Regulation Of TORC2 Signaling (GO:1903939),0.035165228284809544,0.10869582397724248,0,0,9.13533438651922,30.58233624659202,OTUD5;SIK3
GO_Biological_Process_2023,Regulation Of Anion Channel Activity (GO:0010359),0.035165228284809544,0.10869582397724248,0,0,9.13533438651922,30.58233624659202,PRNP;TCAF1
GO_Biological_Process_2023,Regulation Of Hemoglobin Biosynthetic Process (GO:0046984),0.035165228284809544,0.10869582397724248,0,0,9.13533438651922,30.58233624659202,LDB1;KLF4
GO_Biological_Process_2023,Regulation Of Mammary Gland Epithelial Cell Proliferation (GO:0033599),0.035165228284809544,0.10869582397724248,0,0,9.13533438651922,30.58233624659202,DEAF1;GATA3
GO_Biological_Process_2023,Regulation Of Metallopeptidase Activity (GO:1905048),0.035165228284809544,0.10869582397724248,0,0,9.13533438651922,30.58233624659202,CLDN4;LRP1
GO_Biological_Process_2023,Regulation Of Microglial Cell Migration (GO:1904139),0.035165228284809544,0.10869582397724248,0,0,9.13533438651922,30.58233624659202,P2RX4;CSF1
GO_Biological_Process_2023,Regulation Of Myosin-Light-Chain-Phosphatase Activity (GO:0035507),0.035165228284809544,0.10869582397724248,0,0,9.13533438651922,30.58233624659202,NUAK1;ROCK1
GO_Biological_Process_2023,Regulation Of Nucleotide-Binding Oligomerization Domain Containing 2 Signaling Pathway (GO:0070432),0.035165228284809544,0.10869582397724248,0,0,9.13533438651922,30.58233624659202,HSPA1B;HSPA1A
GO_Biological_Process_2023,Regulation Of Oxidative Stress-Induced Neuron Intrinsic Apoptotic Signaling Pathway (GO:1903376),0.035165228284809544,0.10869582397724248,0,0,9.13533438651922,30.58233624659202,HIF1A;MCL1
GO_Biological_Process_2023,Regulation Of Phospholipid Transport (GO:2001138),0.035165228284809544,0.10869582397724248,0,0,9.13533438651922,30.58233624659202,PRELID1;TSPO
GO_Biological_Process_2023,Regulation Of Striated Muscle Tissue Development (GO:0016202),0.035165228284809544,0.10869582397724248,0,0,9.13533438651922,30.58233624659202,TGFB1;SIRT2
GO_Biological_Process_2023,Regulation Of Vascular Associated Smooth Muscle Cell Differentiation (GO:1905063),0.035165228284809544,0.10869582397724248,0,0,9.13533438651922,30.58233624659202,NFATC2;NFATC1
GO_Biological_Process_2023,Serine Transport (GO:0032329),0.035165228284809544,0.10869582397724248,0,0,9.13533438651922,30.58233624659202,SFXN3;SLC38A2
GO_Biological_Process_2023,Short-Chain Fatty Acid Metabolic Process (GO:0046459),0.035165228284809544,0.10869582397724248,0,0,9.13533438651922,30.58233624659202,OXSM;CRAT
GO_Biological_Process_2023,Positive Regulation Of Interleukin-6 Production (GO:0032755),0.035274408859533035,0.10869582397724248,0,0,2.251859075947824,7.531562324582651,SETD4;PYCARD;APP;CD74;XBP1;WNT5A;IL16;MYD88
GO_Biological_Process_2023,Protein Tetramerization (GO:0051262),0.035274408859533035,0.10869582397724248,0,0,2.251859075947824,7.531562324582651,TRPA1;SHMT2;KCNC3;TK1;SSBP1;ALDOA;PKD1;THG1L
GO_Biological_Process_2023,Regulation Of mRNA Stability (GO:0043488),0.035274408859533035,0.10869582397724248,0,0,2.251859075947824,7.531562324582651,CARHSP1;NPM1;FXR2;LARP1;ROCK1;YTHDF3;E2F1;ZFP36L1
GO_Biological_Process_2023,Regulation Of Plasma Membrane Bounded Cell Projection Assembly (GO:0120032),0.035274408859533035,0.10869582397724248,0,0,2.251859075947824,7.531562324582651,FXR2;P2RX4;RABEP2;TWF2;TBC1D2B;MAPK15;TBC1D10B;TBC1D16
GO_Biological_Process_2023,BMP Signaling Pathway (GO:0030509),0.03531130068887858,0.10869582397724248,0,0,2.4160606483234046,8.078224976840403,BMP4;SMAD4;TGFB1;CHRD;SMAD6;SMAD5;BMPR1A
GO_Biological_Process_2023,Telomere Organization (GO:0032200),0.03531130068887858,0.10869582397724248,0,0,2.4160606483234046,8.078224976840403,DCLRE1B;RECQL4;INO80E;PRKDC;TERF1;NFRKB;SIRT2
GO_Biological_Process_2023,Axonogenesis (GO:0007409),0.03643856723396956,0.11208386166708971,0,0,1.7039294306335204,5.643631569324863,CYFIP2;SEMA6B;RET;APP;LYPLA2;HSP90AA1;TRIO;SSNA1;WNT5A;MYCBP2;EFNA4;NELL2;NFASC;TUBB3;TAOK2;CNTN1
GO_Biological_Process_2023,Cellular Response To Mechanical Stimulus (GO:0071260),0.037061710592607426,0.1132983005931293,0,0,2.6127402940067848,8.609425790790658,CRADD;BAD;IRF1;TMEM150C;NFKB1;MYD88
GO_Biological_Process_2023,Erythrocyte Differentiation (GO:0030218),0.037061710592607426,0.1132983005931293,0,0,2.6127402940067848,8.609425790790658,ATP5IF1;SLC25A38;RPS14;RACGAP1;CASP3;SLC25A5
GO_Biological_Process_2023,Negative Regulation Of Cysteine-Type Endopeptidase Activity Involved In Apoptotic Process (GO:0043154),0.037061710592607426,0.1132983005931293,0,0,2.6127402940067848,8.609425790790658,SFN;FNIP1;KLF4;MMP9;THBS1;SH3RF1
GO_Biological_Process_2023,Nuclear Export (GO:0051168),0.037061710592607426,0.1132983005931293,0,0,2.6127402940067848,8.609425790790658,CDKN1B;TGFB1;NUP188;RANGAP1;PKD1;RAE1
GO_Biological_Process_2023,Visual Perception (GO:0007601),0.037123571222679494,0.1132983005931293,0,0,2.0112040260110065,6.6239068315321745,COL1A1;COL18A1;EFEMP1;COL2A1;LUM;E2F1;CEP250;UNC119;RABGGTB;DHRS3
GO_Biological_Process_2023,COPII-coated Vesicle Budding (GO:0090114),0.03715624628808158,0.1132983005931293,0,0,2.9492479923778414,9.710762907842014,TRAPPC2;SEC24B;PEF1;TRAPPC2B;SEC24D
GO_Biological_Process_2023,Positive Regulation Of RNA Splicing (GO:0033120),0.03715624628808158,0.1132983005931293,0,0,2.9492479923778414,9.710762907842014,SF3B4;SNW1;SLC38A2;HSPA1A;RBM22
GO_Biological_Process_2023,Positive Regulation Of Myeloid Cell Differentiation (GO:0045639),0.03715624628808158,0.1132983005931293,0,0,2.9492479923778414,9.710762907842014,PRKDC;ARNT;HIF1A;HSPA1B;HSPA1A
GO_Biological_Process_2023,Regulation Of Peptidyl-Threonine Phosphorylation (GO:0010799),0.03715624628808158,0.1132983005931293,0,0,2.9492479923778414,9.710762907842014,SPRED1;TGFB1;SPHK1;PLK1;SIRT2
GO_Biological_Process_2023,Regulation Of Phosphoprotein Phosphatase Activity (GO:0043666),0.03715624628808158,0.1132983005931293,0,0,2.9492479923778414,9.710762907842014,PTPA;PDGFRB;NUAK1;BOD1;TIPRL
GO_Biological_Process_2023,Substrate Adhesion-Dependent Cell Spreading (GO:0034446),0.03715624628808158,0.1132983005931293,0,0,2.9492479923778414,9.710762907842014,PXN;FN1;LPXN;SRCIN1;FERMT2
GO_Biological_Process_2023,tRNA Methylation (GO:0030488),0.03715624628808158,0.1132983005931293,0,0,2.9492479923778414,9.710762907842014,TRMT112;DALRD3;WDR6;BCDIN3D;LCMT2
GO_Biological_Process_2023,Carbohydrate Biosynthetic Process (GO:0016051),0.03836433062218151,0.11605761224856777,0,0,3.482089514772699,11.353795579682522,ST3GAL4;FUT2;FUT1;ST6GALNAC6
GO_Biological_Process_2023,Cellular Response To Hexose Stimulus (GO:0071331),0.03836433062218151,0.11605761224856777,0,0,3.482089514772699,11.353795579682522,XBP1;RACK1;SLC26A6;IGF1R
GO_Biological_Process_2023,Cellular Response To Steroid Hormone Stimulus (GO:0071383),0.03836433062218151,0.11605761224856777,0,0,3.482089514772699,11.353795579682522,BMP4;HSPA8;HSPA1B;HSPA1A
GO_Biological_Process_2023,Negative Regulation Of Intracellular Protein Transport (GO:0090317),0.03836433062218151,0.11605761224856777,0,0,3.482089514772699,11.353795579682522,GDI1;LRRK2;SUFU;RANGAP1
GO_Biological_Process_2023,Phosphatidylethanolamine Metabolic Process (GO:0046337),0.03836433062218151,0.11605761224856777,0,0,3.482089514772699,11.353795579682522,CHKB;ETNK2;PLA2G6;PLAAT4
GO_Biological_Process_2023,Regulation Of Actin Cytoskeleton Reorganization (GO:2000249),0.03836433062218151,0.11605761224856777,0,0,3.482089514772699,11.353795579682522,RNH1;MDK;PTK2B;RAPGEF3
GO_Biological_Process_2023,Regulation Of Chondrocyte Differentiation (GO:0032330),0.03836433062218151,0.11605761224856777,0,0,3.482089514772699,11.353795579682522,EFEMP1;MDK;TGFBR1;LOXL2
GO_Biological_Process_2023,Regulation Of Intracellular Estrogen Receptor Signaling Pathway (GO:0033146),0.03836433062218151,0.11605761224856777,0,0,3.482089514772699,11.353795579682522,PAGR1;PAK1;CARM1;CNOT2
GO_Biological_Process_2023,Regulation Of Neutrophil Chemotaxis (GO:0090022),0.03836433062218151,0.11605761224856777,0,0,3.482089514772699,11.353795579682522,CD74;MDK;DAPK2;JAM3
GO_Biological_Process_2023,Regulation Of Vascular Endothelial Growth Factor Production (GO:0010574),0.03836433062218151,0.11605761224856777,0,0,3.482089514772699,11.353795579682522,TGFB1;HIF1A;SULF2;ATF4
GO_Biological_Process_2023,"Wound Healing, Spreading Of Cells (GO:0044319)",0.03836433062218151,0.11605761224856777,0,0,3.482089514772699,11.353795579682522,CD151;COL5A1;FLNA;RHOC
GO_Biological_Process_2023,3'-Phosphoadenosine 5'-Phosphosulfate Metabolic Process (GO:0050427),0.039835354540166214,0.11813146335819713,0,0,4.569020021074816,14.725953611268695,ENPP1;SULT1A3;PAPSS1
GO_Biological_Process_2023,Alpha-Beta T Cell Activation (GO:0046631),0.039835354540166214,0.11813146335819713,0,0,4.569020021074816,14.725953611268695,NCOR2;HLA-A;CD3E
GO_Biological_Process_2023,Cardiac Myofibril Assembly (GO:0055003),0.039835354540166214,0.11813146335819713,0,0,4.569020021074816,14.725953611268695,MEF2A;PDGFRB;NEBL
GO_Biological_Process_2023,Cellular Response To Sterol (GO:0036315),0.039835354540166214,0.11813146335819713,0,0,4.569020021074816,14.725953611268695,GRAMD1A;PTCH1;RORC
GO_Biological_Process_2023,Epiboly Involved In Wound Healing (GO:0090505),0.039835354540166214,0.11813146335819713,0,0,4.569020021074816,14.725953611268695,CD151;FLNA;RHOC
GO_Biological_Process_2023,Glycosaminoglycan Catabolic Process (GO:0006027),0.039835354540166214,0.11813146335819713,0,0,4.569020021074816,14.725953611268695,TGFB1;GLB1;SGSH
GO_Biological_Process_2023,Histone H4-K5 Acetylation (GO:0043981),0.039835354540166214,0.11813146335819713,0,0,4.569020021074816,14.725953611268695,KANSL2;JADE1;JADE2
GO_Biological_Process_2023,Histone H4-K8 Acetylation (GO:0043982),0.039835354540166214,0.11813146335819713,0,0,4.569020021074816,14.725953611268695,KANSL2;JADE1;JADE2
GO_Biological_Process_2023,Negative Regulation Of Epithelial Cell Differentiation (GO:0030857),0.039835354540166214,0.11813146335819713,0,0,4.569020021074816,14.725953611268695,SPRED1;OXSR1;MMP9
GO_Biological_Process_2023,Negative Regulation Of Protein Processing (GO:0010955),0.039835354540166214,0.11813146335819713,0,0,4.569020021074816,14.725953611268695,PRNP;LRRK2;THBS1
GO_Biological_Process_2023,Neuron Projection Organization (GO:0106027),0.039835354540166214,0.11813146335819713,0,0,4.569020021074816,14.725953611268695,APP;PRNP;PICK1
GO_Biological_Process_2023,Nucleotide-Sugar Biosynthetic Process (GO:0009226),0.039835354540166214,0.11813146335819713,0,0,4.569020021074816,14.725953611268695,GNPDA1;UAP1L1;NANS
GO_Biological_Process_2023,Peptidyl-Lysine Trimethylation (GO:0018023),0.039835354540166214,0.11813146335819713,0,0,4.569020021074816,14.725953611268695,SETD4;SETD2;ATPSCKMT
GO_Biological_Process_2023,Polyol Biosynthetic Process (GO:0046173),0.039835354540166214,0.11813146335819713,0,0,4.569020021074816,14.725953611268695,ISYNA1;PPIP5K2;IP6K2
GO_Biological_Process_2023,"Positive Regulation Of DNA Damage Response, Signal Transduction By P53 Class Mediator (GO:0043517)",0.039835354540166214,0.11813146335819713,0,0,4.569020021074816,14.725953611268695,SPRED1;PMAIP1;RPL26
GO_Biological_Process_2023,Positive Regulation Of Collagen Biosynthetic Process (GO:0032967),0.039835354540166214,0.11813146335819713,0,0,4.569020021074816,14.725953611268695,BMP4;TGFB1;CREB3L1
GO_Biological_Process_2023,Positive Regulation Of Mitotic Sister Chromatid Separation (GO:1901970),0.039835354540166214,0.11813146335819713,0,0,4.569020021074816,14.725953611268695,CDC20;BIRC5;DLGAP5
GO_Biological_Process_2023,Positive Regulation Of Myeloid Leukocyte Cytokine Production Involved In Immune Response (GO:0061081),0.039835354540166214,0.11813146335819713,0,0,4.569020021074816,14.725953611268695,CD74;GPRC5B;WNT5A
GO_Biological_Process_2023,"Protein Localization To Chromosome, Centromeric Region (GO:0071459)",0.039835354540166214,0.11813146335819713,0,0,4.569020021074816,14.725953611268695,BOD1;KNL1;BUB3
GO_Biological_Process_2023,rRNA Transcription (GO:0009303),0.039835354540166214,0.11813146335819713,0,0,4.569020021074816,14.725953611268695,GTF3C1;TCOF1;ZFP36L1
GO_Biological_Process_2023,Regulation Of Rac Protein Signal Transduction (GO:0035020),0.039835354540166214,0.11813146335819713,0,0,4.569020021074816,14.725953611268695,SH3BP1;ARHGAP17;GABARAP
GO_Biological_Process_2023,Regulation Of Aerobic Respiration (GO:1903715),0.039835354540166214,0.11813146335819713,0,0,4.569020021074816,14.725953611268695,SHMT2;COX7A2;CBFA2T3
GO_Biological_Process_2023,Regulation Of Bicellular Tight Junction Assembly (GO:2000810),0.039835354540166214,0.11813146335819713,0,0,4.569020021074816,14.725953611268695,IKBKB;PRKCH;ROCK1
GO_Biological_Process_2023,Regulation Of Intrinsic Apoptotic Signaling Pathway In Response To DNA Damage (GO:1902229),0.039835354540166214,0.11813146335819713,0,0,4.569020021074816,14.725953611268695,SFRP2;RPS3;CCAR2
GO_Biological_Process_2023,Renal Filtration (GO:0097205),0.039835354540166214,0.11813146335819713,0,0,4.569020021074816,14.725953611268695,TBC1D8B;PPP3CA;SULF2
GO_Biological_Process_2023,Reticulophagy (GO:0061709),0.039835354540166214,0.11813146335819713,0,0,4.569020021074816,14.725953611268695,RB1CC1;SNX33;SNX7
GO_Biological_Process_2023,Sphingolipid Catabolic Process (GO:0030149),0.039835354540166214,0.11813146335819713,0,0,4.569020021074816,14.725953611268695,SMPD2;ASAH1;SPHK1
GO_Biological_Process_2023,Sympathetic Nervous System Development (GO:0048485),0.039835354540166214,0.11813146335819713,0,0,4.569020021074816,14.725953611268695,NELL2;CTNNB1;GATA3
GO_Biological_Process_2023,RNA Modification (GO:0009451),0.040447873580354364,0.11986347336162717,0,0,2.551905258636559,8.185851651804722,QTRT1;TSR3;BCDIN3D;LCMT2;HNRNPAB;THG1L
GO_Biological_Process_2023,Cell Junction Organization (GO:0034330),0.041175592045978066,0.12180730901215425,0,0,2.328069501775943,7.426331309635217,APP;SMAD3;TGFB1;SH3BP1;PTK7;PIN1;CBLN2
GO_Biological_Process_2023,Negative Regulation Of Smooth Muscle Cell Proliferation (GO:0048662),0.04119059796563943,0.12180730901215425,0,0,2.857001582278481,9.112535835674919,BMP4;CDKN1A;CDKN1B;TPM1;TRIB1
GO_Biological_Process_2023,Protein Acylation (GO:0043543),0.04119059796563943,0.12180730901215425,0,0,2.857001582278481,9.112535835674919,NAA10;SPHK1;KAT6A;ZDHHC23;ZDHHC13
GO_Biological_Process_2023,Positive Regulation Of Protein Secretion (GO:0050714),0.0432764710359239,0.12749135430468006,0,0,2.1523259065908453,6.758617986083527,PSMD9;TGFB1;BAD;GOLPH3L;ADAM9;IRS2;PTPN23;PPID
GO_Biological_Process_2023,Camera-Type Eye Development (GO:0043010),0.04353658691287816,0.12749135430468006,0,0,3.323716873532372,10.41703925753832,FBN2;C12ORF57;SKI;EFEMP1
GO_Biological_Process_2023,Cellular Response To Xenobiotic Stimulus (GO:0071466),0.04353658691287816,0.12749135430468006,0,0,3.323716873532372,10.41703925753832,MYC;TP53;VAV2;RBM22
GO_Biological_Process_2023,Negative Regulation Of Catalytic Activity (GO:0043086),0.04353658691287816,0.12749135430468006,0,0,3.323716873532372,10.41703925753832,ATP5IF1;CAND1;TP53;CCAR2
GO_Biological_Process_2023,Negative Regulation Of Insulin Receptor Signaling Pathway (GO:0046627),0.04353658691287816,0.12749135430468006,0,0,3.323716873532372,10.41703925753832,PTPN1;ENPP1;PIP4K2A;TNS2
GO_Biological_Process_2023,Nuclear Membrane Organization (GO:0071763),0.04353658691287816,0.12749135430468006,0,0,3.323716873532372,10.41703925753832,UBXN2B;PLK1;CHMP2B;EMD
GO_Biological_Process_2023,Organelle Fusion (GO:0048284),0.04353658691287816,0.12749135430468006,0,0,3.323716873532372,10.41703925753832,FIS1;STX4;THG1L;MCL1
GO_Biological_Process_2023,Peptide Cross-Linking (GO:0018149),0.04353658691287816,0.12749135430468006,0,0,3.323716873532372,10.41703925753832,COL3A1;FN1;THBS1;TGM2
GO_Biological_Process_2023,Plasma Membrane Invagination (GO:0099024),0.04353658691287816,0.12749135430468006,0,0,3.323716873532372,10.41703925753832,ITGAM;ALKBH4;SH3BP1;SNX33
GO_Biological_Process_2023,Positive Regulation Of TORC1 Signaling (GO:1904263),0.04353658691287816,0.12749135430468006,0,0,3.323716873532372,10.41703925753832,OTUD5;SESN2;SIK3;KLHL22
GO_Biological_Process_2023,Positive Regulation Of Microtubule Polymerization Or Depolymerization (GO:0031112),0.04353658691287816,0.12749135430468006,0,0,3.323716873532372,10.41703925753832,PAK1;RPS3;TOGARAM1;SLAIN2
GO_Biological_Process_2023,Positive Regulation Of Phosphatidylinositol 3-Kinase Activity (GO:0043552),0.04353658691287816,0.12749135430468006,0,0,3.323716873532372,10.41703925753832,PDGFRB;FLT1;TGFB1;PTK2B
GO_Biological_Process_2023,Regulation Of Potassium Ion Transmembrane Transporter Activity (GO:1901016),0.04353658691287816,0.12749135430468006,0,0,3.323716873532372,10.41703925753832,AKAP9;OXSR1;ATP1B1;VAMP2
GO_Biological_Process_2023,Telomere Maintenance Via Telomere Lengthening (GO:0010833),0.04353658691287816,0.12749135430468006,0,0,3.323716873532372,10.41703925753832,DCLRE1B;HSP90AA1;SLX1A;TERF1
GO_Biological_Process_2023,Dicarboxylic Acid Metabolic Process (GO:0043648),0.044023327386877184,0.12847001498692986,0,0,2.4938354521467976,7.7883369416617265,SLC46A1;ACOT8;SHMT2;FPGS;DGLUCY;NAGS
GO_Biological_Process_2023,Positive Regulation Of Transport (GO:0051050),0.044023327386877184,0.12847001498692986,0,0,2.4938354521467976,7.7883369416617265,DYNC1H1;CEBPB;CD151;LRP1;CHCHD10;KCTD7
GO_Biological_Process_2023,Regulation Of Cell Development (GO:0060284),0.044023327386877184,0.12847001498692986,0,0,2.4938354521467976,7.7883369416617265,HES6;KAT6A;BHLHE40;CTNNB1;ASCL2;S100A10
GO_Biological_Process_2023,Regulation Of Epithelial Cell Migration (GO:0010632),0.044023327386877184,0.12847001498692986,0,0,2.4938354521467976,7.7883369416617265,EVL;PTPN23;MCC;HIF1A;SASH1;CLASP2
GO_Biological_Process_2023,Sensory Perception (GO:0007600),0.044023327386877184,0.12847001498692986,0,0,2.4938354521467976,7.7883369416617265,P2RX4;ADORA2A;TRPA1;TMEM150C;BBS4;NIPSNAP1
GO_Biological_Process_2023,RNA Transport (GO:0050658),0.04547940716013824,0.1313706957961466,0,0,2.7703458637002942,8.561741827912444,NUP188;PEG10;RAE1;ZFP36L1;RTRAF
GO_Biological_Process_2023,Internal Peptidyl-Lysine Acetylation (GO:0018393),0.04547940716013824,0.1313706957961466,0,0,2.7703458637002942,8.561741827912444,TAF12;VPS72;MORF4L2;YEATS4;BRD8
GO_Biological_Process_2023,mRNA Transcription By RNA Polymerase II (GO:0042789),0.04547940716013824,0.1313706957961466,0,0,2.7703458637002942,8.561741827912444,NCOA2;TAF12;TAF7;S100A10;ATF4
GO_Biological_Process_2023,Negative Regulation Of Mitochondrion Organization (GO:0010823),0.04547940716013824,0.1313706957961466,0,0,2.7703458637002942,8.561741827912444,PRELID1;SLC25A5;SLC25A4;HSPA1A;SLC25A6
GO_Biological_Process_2023,Organelle Transport Along Microtubule (GO:0072384),0.04547940716013824,0.1313706957961466,0,0,2.7703458637002942,8.561741827912444,UXT;RHOT2;BLOC1S1;KXD1;TRAK1
GO_Biological_Process_2023,Positive Regulation Of Bone Mineralization (GO:0030501),0.04547940716013824,0.1313706957961466,0,0,2.7703458637002942,8.561741827912444,FBN2;BMP4;TMEM119;OXSR1;BMPR1A
GO_Biological_Process_2023,Chloride Transport (GO:0006821),0.04618903635336313,0.1313706957961466,0,0,2.1210715297396203,6.522322140625207,SLC12A2;CLCN7;SLC4A8;SLC12A4;SLC12A5;OSTM1;SLC12A7;SLC26A6
GO_Biological_Process_2023,Regulation Of Transcription Elongation By RNA Polymerase II (GO:0034243),0.04618903635336313,0.1313706957961466,0,0,2.1210715297396203,6.522322140625207,MED22;LDB1;SRCAP;MED10;INTS5;PWWP2A;LARP7;ELL2
GO_Biological_Process_2023,acetyl-CoA Metabolic Process (GO:0006084),0.047185433541019596,0.1313706957961466,0,0,4.217435357056011,12.878656018421523,PMVK;ACSS1;ACAT1
GO_Biological_Process_2023,Activation Of Cysteine-Type Endopeptidase Activity (GO:0097202),0.047185433541019596,0.1313706957961466,0,0,4.217435357056011,12.878656018421523,CYFIP2;ASPH;BAD
GO_Biological_Process_2023,Activin Receptor Signaling Pathway (GO:0032924),0.047185433541019596,0.1313706957961466,0,0,4.217435357056011,12.878656018421523,SMAD4;SMAD3;TGFBR1
GO_Biological_Process_2023,Cellular Response To Gamma Radiation (GO:0071480),0.047185433541019596,0.1313706957961466,0,0,4.217435357056011,12.878656018421523,TMEM109;RPL26;TP53
GO_Biological_Process_2023,Diol Biosynthetic Process (GO:0034312),0.047185433541019596,0.1313706957961466,0,0,4.217435357056011,12.878656018421523,ASAH1;SPR;SPHK1
GO_Biological_Process_2023,Maturation Of 5.8S rRNA (GO:0000460),0.047185433541019596,0.1313706957961466,0,0,4.217435357056011,12.878656018421523,EXOSC4;EIF6;PRKDC
GO_Biological_Process_2023,Mesonephric Tubule Development (GO:0072164),0.047185433541019596,0.1313706957961466,0,0,4.217435357056011,12.878656018421523,SIX1;OXSR1;PKD1
GO_Biological_Process_2023,Positive Regulation Of Collagen Metabolic Process (GO:0010714),0.047185433541019596,0.1313706957961466,0,0,4.217435357056011,12.878656018421523,BMP4;TGFB1;CREB3L1
GO_Biological_Process_2023,Positive Regulation Of Lymphocyte Migration (GO:2000403),0.047185433541019596,0.1313706957961466,0,0,4.217435357056011,12.878656018421523,PYCARD;APP;TNFRSF14
GO_Biological_Process_2023,Positive Regulation Of Macrophage Activation (GO:0043032),0.047185433541019596,0.1313706957961466,0,0,4.217435357056011,12.878656018421523,UXT;WNT5A;THBS1
GO_Biological_Process_2023,Positive Regulation Of Stem Cell Proliferation (GO:2000648),0.047185433541019596,0.1313706957961466,0,0,4.217435357056011,12.878656018421523,LTBP2;PDCD2;FERMT2
GO_Biological_Process_2023,Regulation Of B Cell Receptor Signaling Pathway (GO:0050855),0.047185433541019596,0.1313706957961466,0,0,4.217435357056011,12.878656018421523,UXT;PRKCH;LPXN
GO_Biological_Process_2023,Regulation Of Golgi Organization (GO:1903358),0.047185433541019596,0.1313706957961466,0,0,4.217435357056011,12.878656018421523,PDE4DIP;STX5;RBSN
GO_Biological_Process_2023,Regulation Of Cellular Respiration (GO:0043457),0.047185433541019596,0.1313706957961466,0,0,4.217435357056011,12.878656018421523,PRELID1;SHMT2;CBFA2T3
GO_Biological_Process_2023,Regulation Of Nucleocytoplasmic Transport (GO:0046822),0.047185433541019596,0.1313706957961466,0,0,4.217435357056011,12.878656018421523,BMP4;TGFB1;IFI27
GO_Biological_Process_2023,"Blood Coagulation, Intrinsic Pathway (GO:0007597)",0.04755907924184628,0.1313706957961466,0,0,7.308056872037914,22.25875222150369,F12;FLNA
GO_Biological_Process_2023,Cellular Response To Potassium Ion (GO:0035865),0.04755907924184628,0.1313706957961466,0,0,7.308056872037914,22.25875222150369,SLC12A2;NEK7
GO_Biological_Process_2023,Collecting Duct Development (GO:0072044),0.04755907924184628,0.1313706957961466,0,0,7.308056872037914,22.25875222150369,PTCH1;PKD1
GO_Biological_Process_2023,Coronary Vasculature Morphogenesis (GO:0060977),0.04755907924184628,0.1313706957961466,0,0,7.308056872037914,22.25875222150369,SPRED1;TGFBR1
GO_Biological_Process_2023,Diacylglycerol Biosynthetic Process (GO:0006651),0.04755907924184628,0.1313706957961466,0,0,7.308056872037914,22.25875222150369,PLCE1;PNPLA2
GO_Biological_Process_2023,"Endonucleolytic Cleavage In ITS1 To Separate SSU-rRNA From 5.8S rRNA And LSU-rRNA From Tricistronic rRNA Transcript (SSU-rRNA, 5.8S rRNA, LSU-rRNA) (GO:0000447)",0.04755907924184628,0.1313706957961466,0,0,7.308056872037914,22.25875222150369,RRS1;KRI1
GO_Biological_Process_2023,Foam Cell Differentiation (GO:0090077),0.04755907924184628,0.1313706957961466,0,0,7.308056872037914,22.25875222150369,TGFB1;WNT5A
GO_Biological_Process_2023,Kidney Mesenchyme Development (GO:0072074),0.04755907924184628,0.1313706957961466,0,0,7.308056872037914,22.25875222150369,SIX1;OXSR1
GO_Biological_Process_2023,Macromolecule Depalmitoylation (GO:0098734),0.04755907924184628,0.1313706957961466,0,0,7.308056872037914,22.25875222150369,LYPLA2;LYPLA1
GO_Biological_Process_2023,Mitochondrial Outer Membrane Permeabilization (GO:0097345),0.04755907924184628,0.1313706957961466,0,0,7.308056872037914,22.25875222150369,RHOT2;RTL10
GO_Biological_Process_2023,Mitral Valve Development (GO:0003174),0.04755907924184628,0.1313706957961466,0,0,7.308056872037914,22.25875222150369,SMAD6;BMPR1A
GO_Biological_Process_2023,Myoblast Migration (GO:0051451),0.04755907924184628,0.1313706957961466,0,0,7.308056872037914,22.25875222150369,ROCK1;SIX1
GO_Biological_Process_2023,Negative Regulation Of B Cell Apoptotic Process (GO:0002903),0.04755907924184628,0.1313706957961466,0,0,7.308056872037914,22.25875222150369,IRS2;NOC2L
GO_Biological_Process_2023,Negative Regulation Of RNA Catabolic Process (GO:1902369),0.04755907924184628,0.1313706957961466,0,0,7.308056872037914,22.25875222150369,TNIP1;PKP3
GO_Biological_Process_2023,Negative Regulation Of SMAD Protein Signal Transduction (GO:0060392),0.04755907924184628,0.1313706957961466,0,0,7.308056872037914,22.25875222150369,LRP1;CILP
GO_Biological_Process_2023,Negative Regulation Of cAMP-dependent Protein Kinase Activity (GO:2000480),0.04755907924184628,0.1313706957961466,0,0,7.308056872037914,22.25875222150369,PRKAR2A;PKIG
GO_Biological_Process_2023,Negative Regulation Of Macrophage Migration (GO:1905522),0.04755907924184628,0.1313706957961466,0,0,7.308056872037914,22.25875222150369,UXT;EMILIN1
GO_Biological_Process_2023,Negative Regulation Of miRNA-mediated Gene Silencing (GO:0060965),0.04755907924184628,0.1313706957961466,0,0,7.308056872037914,22.25875222150369,ELOB;ELOC
GO_Biological_Process_2023,Negative Regulation Of Mitochondrial Membrane Potential (GO:0010917),0.04755907924184628,0.1313706957961466,0,0,7.308056872037914,22.25875222150369,PRELID1;PMAIP1
GO_Biological_Process_2023,Negative Regulation Of Muscle Hypertrophy (GO:0014741),0.04755907924184628,0.1313706957961466,0,0,7.308056872037914,22.25875222150369,SMAD4;P2RX4
GO_Biological_Process_2023,Negative Regulation Of Neural Precursor Cell Proliferation (GO:2000178),0.04755907924184628,0.1313706957961466,0,0,7.308056872037914,22.25875222150369,WNT5A;SIRT2
GO_Biological_Process_2023,Negative Regulation Of Striated Muscle Cell Apoptotic Process (GO:0010664),0.04755907924184628,0.1313706957961466,0,0,7.308056872037914,22.25875222150369,MDK;PPP1R10
GO_Biological_Process_2023,Negative Regulation Of Vascular Associated Smooth Muscle Cell Differentiation (GO:1905064),0.04755907924184628,0.1313706957961466,0,0,7.308056872037914,22.25875222150369,NFATC2;NFATC1
GO_Biological_Process_2023,Neuron Projection Arborization (GO:0140058),0.04755907924184628,0.1313706957961466,0,0,7.308056872037914,22.25875222150369,ROCK1;SSNA1
GO_Biological_Process_2023,"Neurotransmitter Receptor Transport, Endosome To Plasma Membrane (GO:0099639)",0.04755907924184628,0.1313706957961466,0,0,7.308056872037914,22.25875222150369,GRIPAP1;NCOA2
GO_Biological_Process_2023,Nucleolar Chromatin Organization (GO:1990700),0.04755907924184628,0.1313706957961466,0,0,7.308056872037914,22.25875222150369,SMARCA5;SIRT2
GO_Biological_Process_2023,Positive Regulation Of Adipose Tissue Development (GO:1904179),0.04755907924184628,0.1313706957961466,0,0,7.308056872037914,22.25875222150369,NCOA2;SORL1
GO_Biological_Process_2023,Positive Regulation Of Chromosome Condensation (GO:1905821),0.04755907924184628,0.1313706957961466,0,0,7.308056872037914,22.25875222150369,NCAPH2;NCAPD3
GO_Biological_Process_2023,Positive Regulation Of Epithelial Tube Formation (GO:1905278),0.04755907924184628,0.1313706957961466,0,0,7.308056872037914,22.25875222150369,SIX1;GATA3
GO_Biological_Process_2023,Positive Regulation Of Execution Phase Of Apoptosis (GO:1900119),0.04755907924184628,0.1313706957961466,0,0,7.308056872037914,22.25875222150369,TP53;SIRT2
GO_Biological_Process_2023,Positive Regulation Of Fibroblast Migration (GO:0010763),0.04755907924184628,0.1313706957961466,0,0,7.308056872037914,22.25875222150369,TGFB1;THBS1
GO_Biological_Process_2023,Positive Regulation Of Glial Cell Migration (GO:1903977),0.04755907924184628,0.1313706957961466,0,0,7.308056872037914,22.25875222150369,P2RX4;CSF1
GO_Biological_Process_2023,Positive Regulation Of Intracellular Steroid Hormone Receptor Signaling Pathway (GO:0033145),0.04755907924184628,0.1313706957961466,0,0,7.308056872037914,22.25875222150369,PAGR1;PAK1
GO_Biological_Process_2023,Positive Regulation Of Isomerase Activity (GO:0010912),0.04755907924184628,0.1313706957961466,0,0,7.308056872037914,22.25875222150369,ITGAM;UHRF1
GO_Biological_Process_2023,Positive Regulation Of Leukocyte Differentiation (GO:1902107),0.04755907924184628,0.1313706957961466,0,0,7.308056872037914,22.25875222150369,LGALS1;PRKDC
GO_Biological_Process_2023,Postsynapse Organization (GO:0099173),0.04755907924184628,0.1313706957961466,0,0,7.308056872037914,22.25875222150369,WNT5A;PICK1
GO_Biological_Process_2023,Protein Depalmitoylation (GO:0002084),0.04755907924184628,0.1313706957961466,0,0,7.308056872037914,22.25875222150369,LYPLA2;LYPLA1
GO_Biological_Process_2023,rRNA Base Methylation (GO:0070475),0.04755907924184628,0.1313706957961466,0,0,7.308056872037914,22.25875222150369,TRMT112;NSUN5
GO_Biological_Process_2023,Regulation Of DNA-templated Transcription In Response To Stress (GO:0043620),0.04755907924184628,0.1313706957961466,0,0,7.308056872037914,22.25875222150369,MUC1;TCIM
GO_Biological_Process_2023,Regulation Of Alpha-Beta T Cell Differentiation (GO:0046637),0.04755907924184628,0.1313706957961466,0,0,7.308056872037914,22.25875222150369,NKAP;SH3RF1
GO_Biological_Process_2023,Regulation Of Chromosome Condensation (GO:0060623),0.04755907924184628,0.1313706957961466,0,0,7.308056872037914,22.25875222150369,NCAPH2;NCAPD3
GO_Biological_Process_2023,Regulation Of Defense Response To Bacterium (GO:1900424),0.04755907924184628,0.1313706957961466,0,0,7.308056872037914,22.25875222150369,MAPKBP1;EMILIN1
GO_Biological_Process_2023,Regulation Of Endodeoxyribonuclease Activity (GO:0032071),0.04755907924184628,0.1313706957961466,0,0,7.308056872037914,22.25875222150369,NPM1;RPS3
GO_Biological_Process_2023,Regulation Of Epithelial To Mesenchymal Transition Involved In Endocardial Cushion Formation (GO:1905005),0.04755907924184628,0.1313706957961466,0,0,7.308056872037914,22.25875222150369,TGFB1;TGFBR1
GO_Biological_Process_2023,Regulation Of Lipase Activity (GO:0060191),0.04755907924184628,0.1313706957961466,0,0,7.308056872037914,22.25875222150369,PCSK6;RHOC
GO_Biological_Process_2023,Regulation Of Mitophagy (GO:1901524),0.04755907924184628,0.1313706957961466,0,0,7.308056872037914,22.25875222150369,SLC25A5;SLC25A4
GO_Biological_Process_2023,Regulation Of Protein Localization To Cell Cortex (GO:1904776),0.04755907924184628,0.1313706957961466,0,0,7.308056872037914,22.25875222150369,SAPCD2;PLK1
GO_Biological_Process_2023,Regulation Of Vascular Wound Healing (GO:0061043),0.04755907924184628,0.1313706957961466,0,0,7.308056872037914,22.25875222150369,SLC12A2;XBP1
GO_Biological_Process_2023,"Regulation Of Wound Healing, Spreading Of Epidermal Cells (GO:1903689)",0.04755907924184628,0.1313706957961466,0,0,7.308056872037914,22.25875222150369,FERMT2;CLASP2
GO_Biological_Process_2023,Response To Potassium Ion (GO:0035864),0.04755907924184628,0.1313706957961466,0,0,7.308056872037914,22.25875222150369,SLC12A2;NEK7
GO_Biological_Process_2023,Stress-Induced Premature Senescence (GO:0090400),0.04755907924184628,0.1313706957961466,0,0,7.308056872037914,22.25875222150369,CDKN1A;TP53
GO_Biological_Process_2023,tRNA Surveillance (GO:0106354),0.04755907924184628,0.1313706957961466,0,0,7.308056872037914,22.25875222150369,EXOSC7;EXOSC8
GO_Biological_Process_2023,tRNA Transcription By RNA Polymerase III (GO:0042797),0.04755907924184628,0.1313706957961466,0,0,7.308056872037914,22.25875222150369,POLR2F;POLR2L
GO_Biological_Process_2023,Termination Of RNA Polymerase II Transcription (GO:0006369),0.04755907924184628,0.1313706957961466,0,0,7.308056872037914,22.25875222150369,PCF11;MAZ
GO_Biological_Process_2023,Translocation Of Molecules Into Host (GO:0044417),0.04755907924184628,0.1313706957961466,0,0,7.308056872037914,22.25875222150369,THOC3;THOC6
GO_Biological_Process_2023,Tyrosine Phosphorylation Of STAT Protein (GO:0007260),0.04755907924184628,0.1313706957961466,0,0,7.308056872037914,22.25875222150369,IL15;PTK6
GO_Biological_Process_2023,Ventricular Trabecula Myocardium Morphogenesis (GO:0003222),0.04755907924184628,0.1313706957961466,0,0,7.308056872037914,22.25875222150369,RBPJ;TGFBR1
GO_Biological_Process_2023,Viral mRNA Export From Host Cell Nucleus (GO:0046784),0.04755907924184628,0.1313706957961466,0,0,7.308056872037914,22.25875222150369,THOC3;THOC6
GO_Biological_Process_2023,RNA Export From Nucleus (GO:0006405),0.04763786570427829,0.1313706957961466,0,0,2.246253172530058,6.837880686067717,MCM3AP;NUP188;SARNP;MAGOH;THOC3;RAE1;THOC6
GO_Biological_Process_2023,Positive Regulation Of T Cell Proliferation (GO:0042102),0.04763786570427829,0.1313706957961466,0,0,2.246253172530058,6.837880686067717,PYCARD;PPP3CA;IL15;IGFBP2;RPS3;CD3E;ICOSLG
GO_Biological_Process_2023,Protein N-linked Glycosylation (GO:0006487),0.04763786570427829,0.1313706957961466,0,0,2.246253172530058,6.837880686067717,TMEM258;MGAT4B;SLC39A8;ALG12;MGAT1;STT3B;B4GALT7
GO_Biological_Process_2023,Negative Regulation Of TOR Signaling (GO:0032007),0.04779008709882904,0.13153206325043731,0,0,2.4383465259454704,7.414858276517877,NUAK1;ENDOG;NUAK2;SESN2;DDIT4;FNIP1
GO_Biological_Process_2023,Regulation Of Substrate Adhesion-Dependent Cell Spreading (GO:1900024),0.04779008709882904,0.13153206325043731,0,0,2.4383465259454704,7.414858276517877,MDK;RAC3;FLNA;AP1AR;FERMT2;S100A10
GO_Biological_Process_2023,Regulation Of Telomere Maintenance Via Telomerase (GO:0032210),0.04779008709882904,0.13153206325043731,0,0,2.4383465259454704,7.414858276517877,CCT2;TNIP1;NEK7;CTNNB1;TERF1;MAPK15
GO_Biological_Process_2023,Amino Acid Import Across Plasma Membrane (GO:0089718),0.04908023136665511,0.13420574953570436,0,0,3.179115766312943,9.582805300679563,SLC36A1;SLC6A6;SLC38A2;SLC7A2
GO_Biological_Process_2023,In Utero Embryonic Development (GO:0001701),0.04908023136665511,0.13420574953570436,0,0,3.179115766312943,9.582805300679563,CHD7;TFEB;PKD1;TGFBR1
GO_Biological_Process_2023,Monoubiquitinated Histone H2A Deubiquitination (GO:0035522),0.04908023136665511,0.13420574953570436,0,0,3.179115766312943,9.582805300679563,SF3B5;TAF12;USP22;TAF7
GO_Biological_Process_2023,Monoubiquitinated Histone Deubiquitination (GO:0035521),0.04908023136665511,0.13420574953570436,0,0,3.179115766312943,9.582805300679563,SF3B5;TAF12;USP22;TAF7
GO_Biological_Process_2023,Negative Regulation Of Notch Signaling Pathway (GO:0045746),0.04908023136665511,0.13420574953570436,0,0,3.179115766312943,9.582805300679563,TSPAN15;MMP14;TCIM;NEURL1
GO_Biological_Process_2023,Negative Regulation Of Cellular Response To Insulin Stimulus (GO:1900077),0.04908023136665511,0.13420574953570436,0,0,3.179115766312943,9.582805300679563,PTPN1;ENPP1;PIP4K2A;TNS2
GO_Biological_Process_2023,Positive Regulation Of Nitric Oxide Biosynthetic Process (GO:0045429),0.04908023136665511,0.13420574953570436,0,0,3.179115766312943,9.582805300679563,HSP90AA1;SMAD3;P2RX4;KLF4
GO_Biological_Process_2023,Regulation Of Chromatin Organization (GO:1902275),0.04908023136665511,0.13420574953570436,0,0,3.179115766312943,9.582805300679563,KANSL2;SSRP1;MKI67;ZNF445
GO_Biological_Process_2023,Regulation Of Insulin Secretion Involved In Cellular Response To Glucose Stimulus (GO:0061178),0.04908023136665511,0.13420574953570436,0,0,3.179115766312943,9.582805300679563,PIM3;STX4;PLA2G6;CDK16
GO_Biological_Process_2023,Ventricular Septum Morphogenesis (GO:0060412),0.04908023136665511,0.13420574953570436,0,0,3.179115766312943,9.582805300679563,BMP4;SMAD4;TGFBR1;BMPR1A
GO_Biological_Process_2023,Negative Regulation Of Protein Modification Process (GO:0031400),0.04922680799370628,0.13443196398281268,0,0,2.0907101350841444,6.295790817044733,PTPA;PRNP;CDKN1A;CRTAP;TGFB1;PRKDC;LRRK2;TSPO
GO_Biological_Process_2023,Protein Import Into Nucleus (GO:0006606),0.04922680799370628,0.13443196398281268,0,0,2.0907101350841444,6.295790817044733,NUP188;PPP1R10;FAM53B;RANGRF;HIKESHI;NUP54;TNPO2;RPL17
GO_Biological_Process_2023,Anterograde Axonal Transport (GO:0008089),0.05002421928754951,0.13634432842710095,0,0,2.688787540332589,8.053585516264901,AP3M2;BLOC1S1;HSPB1;KIF1C;TRAK1
GO_Biological_Process_2023,Nucleic Acid-Templated Transcription (GO:0097659),0.05002421928754951,0.13634432842710095,0,0,2.688787540332589,8.053585516264901,MEF2A;SMAD4;E2F1;TCEA1;THAP1
GO_Biological_Process_2023,Positive Regulation Of Lipid Biosynthetic Process (GO:0046889),0.05002421928754951,0.13634432842710095,0,0,2.688787540332589,8.053585516264901,SCARB1;SREBF1;MLST8;CGA;SIRT2
GO_Biological_Process_2023,Receptor-Mediated Endocytosis (GO:0006898),0.0503762158769746,0.13721490624705046,0,0,1.83015873015873,5.468946427352478,SNX1;GRK2;ITGAM;LRP1;STAB1;CLTB;GPR107;PI4KB;ARRB2;SORL1;TPCN2
GO_Biological_Process_2023,Proteolysis (GO:0006508),0.05081296256017524,0.13831505193335356,0,0,1.4711157596891076,4.383342090803837,CTSA;RET;GGT5;F12;PTCH1;ERAP1;HTRA1;LNPEP;ECE1;AEBP1;PCSK6;MMP9;WFDC2;FBXW2;MMP14;ADAMTS2;CASP7;BMP1;XPNPEP1;CASP3;ADAM12;CNTN1;FBXL2;CTSD
GO_Biological_Process_2023,Cellular Response To BMP Stimulus (GO:0071773),0.051097620751496785,0.1390000523156027,0,0,2.207460947456578,6.5650271428183125,BMP4;SMAD4;TGFB1;VSTM2A;SMAD6;SMAD5;BMPR1A
GO_Biological_Process_2023,Cartilage Development (GO:0051216),0.0517497558997186,0.14023051614782175,0,0,2.3852701617528966,7.06358535917784,BMP4;COL2A1;TGFB1;OXSR1;PKD1;SULF2
GO_Biological_Process_2023,Gonad Development (GO:0008406),0.0517497558997186,0.14023051614782175,0,0,2.3852701617528966,7.06358535917784,IRX5;BASP1;BIK;WNT5A;GATA3;NR2F2
GO_Biological_Process_2023,Positive Regulation Of B Cell Activation (GO:0050871),0.0517497558997186,0.14023051614782175,0,0,2.3852701617528966,7.06358535917784,MAD2L2;CD74;MMP14;XBP1;NFATC2;IRS2
GO_Biological_Process_2023,Positive Regulation Of NIK/NF-kappaB Signaling (GO:1901224),0.0517497558997186,0.14023051614782175,0,0,2.3852701617528966,7.06358535917784,PYCARD;APP;TCIM;SPHK1;RPS3;SASH1
GO_Biological_Process_2023,Protein K63-linked Ubiquitination (GO:0070534),0.0517497558997186,0.14023051614782175,0,0,2.3852701617528966,7.06358535917784,TRAF3;PELI3;UBE2V2;UBE2E2;TRAF2;TRIM65
GO_Biological_Process_2023,Sprouting Angiogenesis (GO:0002040),0.0517497558997186,0.14023051614782175,0,0,2.3852701617528966,7.06358535917784,BMP4;NR4A1;TGFB1;PTK2B;THBS1;LOXL2
GO_Biological_Process_2023,Peptidyl-Tyrosine Phosphorylation (GO:0018108),0.0547116255327799,0.14587659564847016,0,0,2.1699837130635546,6.305276234600521,PDGFRB;FLT1;EFEMP1;IL15;PTK2B;PTK6;IGF1R
GO_Biological_Process_2023,tRNA Modification (GO:0006400),0.0547116255327799,0.14587659564847016,0,0,2.1699837130635546,6.305276234600521,QTRT1;TRMT112;WDR6;BCDIN3D;LCMT2;PUSL1;THG1L
GO_Biological_Process_2023,L-alpha-amino Acid Transmembrane Transport (GO:1902475),0.05482582363309953,0.14587659564847016,0,0,2.611889692585895,7.583867140393619,SLC25A38;SLC43A1;SLC25A22;SLC38A2;SLC7A2
GO_Biological_Process_2023,Cellular Response To Amino Acid Starvation (GO:0034198),0.05482582363309953,0.14587659564847016,0,0,2.611889692585895,7.583867140393619,CDKN1A;SESN2;TFEB;EIF2AK4;ATF4
GO_Biological_Process_2023,Negative Regulation Of mRNA Catabolic Process (GO:1902373),0.05482582363309953,0.14587659564847016,0,0,2.611889692585895,7.583867140393619,SYNCRIP;LARP1;E2F1;PKP3;HNRNPAB
GO_Biological_Process_2023,Positive Regulation Of Insulin Secretion (GO:0032024),0.05482582363309953,0.14587659564847016,0,0,2.611889692585895,7.583867140393619,PSMD9;BAD;IRS2;STX4;PLA2G6
GO_Biological_Process_2023,Regulation Of Microtubule Polymerization (GO:0031113),0.05482582363309953,0.14587659564847016,0,0,2.611889692585895,7.583867140393619,PAK1;AKAP9;RPS3;TOGARAM1;SLAIN2
GO_Biological_Process_2023,Regulation Of Small Molecule Metabolic Process (GO:0062012),0.05482582363309953,0.14587659564847016,0,0,2.611889692585895,7.583867140393619,NCOR2;EIF6;PRKAG1;RORC;HIF1A
GO_Biological_Process_2023,Stem Cell Differentiation (GO:0048863),0.05482582363309953,0.14587659564847016,0,0,2.611889692585895,7.583867140393619,OTUD5;SETD2;CTNNB1;OXSR1;TP53
GO_Biological_Process_2023,Water-Soluble Vitamin Metabolic Process (GO:0006767),0.05482582363309953,0.14587659564847016,0,0,2.611889692585895,7.583867140393619,SLC46A1;NNMT;SHMT2;GSTO1;FPGS
GO_Biological_Process_2023,DNA Geometric Change (GO:0032392),0.054993356255675536,0.14587659564847016,0,0,3.0465647513617995,8.836691747977074,RECQL4;ASCC1;MCM9;ASCC2
GO_Biological_Process_2023,Cellular Response To Osmotic Stress (GO:0071470),0.054993356255675536,0.14587659564847016,0,0,3.0465647513617995,8.836691747977074,PYCARD;MLST8;OXSR1;ZFP36L1
GO_Biological_Process_2023,Hematopoietic Progenitor Cell Differentiation (GO:0002244),0.054993356255675536,0.14587659564847016,0,0,3.0465647513617995,8.836691747977074,BMP4;TGFB1;SBDS;TP53
GO_Biological_Process_2023,Lipid Droplet Organization (GO:0034389),0.054993356255675536,0.14587659564847016,0,0,3.0465647513617995,8.836691747977074,FAF2;PLIN2;PPID;PNPLA2
GO_Biological_Process_2023,Membrane Fusion (GO:0061025),0.054993356255675536,0.14587659564847016,0,0,3.0465647513617995,8.836691747977074,RABEP1;UBXN2B;USO1;VAMP2
GO_Biological_Process_2023,Negative Regulation Of Cation Channel Activity (GO:2001258),0.054993356255675536,0.14587659564847016,0,0,3.0465647513617995,8.836691747977074,PPP3CA;GSTO1;SRI;MMP9
GO_Biological_Process_2023,Positive Regulation Of Nitric Oxide Metabolic Process (GO:1904407),0.054993356255675536,0.14587659564847016,0,0,3.0465647513617995,8.836691747977074,HSP90AA1;SMAD3;P2RX4;KLF4
GO_Biological_Process_2023,Pyroptosis (GO:0070269),0.054993356255675536,0.14587659564847016,0,0,3.0465647513617995,8.836691747977074,PYCARD;GSDMD;IFI27;CASP3
GO_Biological_Process_2023,Regulation Of Protein Transport (GO:0051223),0.054993356255675536,0.14587659564847016,0,0,3.0465647513617995,8.836691747977074,SNX3;HSPA8;PTPN1;DNAJC1
GO_Biological_Process_2023,Response To Interferon-Beta (GO:0035456),0.054993356255675536,0.14587659564847016,0,0,3.0465647513617995,8.836691747977074,NDUFA13;IFITM2;IRF1;IKBKE
GO_Biological_Process_2023,Carbohydrate Derivative Transport (GO:1901264),0.055149736469333764,0.14587659564847016,0,0,3.91607707361132,11.347629505187994,SCARB1;PLTP;SLC29A2
GO_Biological_Process_2023,Facultative Heterochromatin Formation (GO:0140718),0.055149736469333764,0.14587659564847016,0,0,3.91607707361132,11.347629505187994,MBD3;SMARCA5;SIRT2
GO_Biological_Process_2023,Intracellular Estrogen Receptor Signaling Pathway (GO:0030520),0.055149736469333764,0.14587659564847016,0,0,3.91607707361132,11.347629505187994,EGLN2;DDX54;ESR1
GO_Biological_Process_2023,Mesenchyme Development (GO:0060485),0.055149736469333764,0.14587659564847016,0,0,3.91607707361132,11.347629505187994,BMP4;SFRP2;TGFBR1
GO_Biological_Process_2023,Negative Regulation Of Striated Muscle Cell Differentiation (GO:0051154),0.055149736469333764,0.14587659564847016,0,0,3.91607707361132,11.347629505187994,XBP1;HDAC3;TMEM119
GO_Biological_Process_2023,Neural Tube Development (GO:0021915),0.055149736469333764,0.14587659564847016,0,0,3.91607707361132,11.347629505187994,TGFB1;PTCH1;PKD1
GO_Biological_Process_2023,Neuron Maturation (GO:0042551),0.055149736469333764,0.14587659564847016,0,0,3.91607707361132,11.347629505187994,APP;PICK1;RND1
GO_Biological_Process_2023,Nuclear Envelope Organization (GO:0006998),0.055149736469333764,0.14587659564847016,0,0,3.91607707361132,11.347629505187994,EMD;LMNB2;LMNB1
GO_Biological_Process_2023,Positive Regulation Of Lymphocyte Chemotaxis (GO:0140131),0.055149736469333764,0.14587659564847016,0,0,3.91607707361132,11.347629505187994,WNT5A;PTK2B;OXSR1
GO_Biological_Process_2023,Positive Regulation Of Potassium Ion Transmembrane Transport (GO:1901381),0.055149736469333764,0.14587659564847016,0,0,3.91607707361132,11.347629505187994,AKAP9;FLNA;ATP1B1
GO_Biological_Process_2023,Receptor Recycling (GO:0001881),0.055149736469333764,0.14587659564847016,0,0,3.91607707361132,11.347629505187994,PEX2;SORL1;PLEKHJ1
GO_Biological_Process_2023,Regulation Of DNA-templated DNA Replication (GO:0090329),0.055149736469333764,0.14587659564847016,0,0,3.91607707361132,11.347629505187994,CDT1;MCM7;MCM4
GO_Biological_Process_2023,Regulation Of Leukocyte Chemotaxis (GO:0002688),0.055149736469333764,0.14587659564847016,0,0,3.91607707361132,11.347629505187994,EDN2;MDK;PTK2B
GO_Biological_Process_2023,Regulation Of Protein Deacetylation (GO:0090311),0.055149736469333764,0.14587659564847016,0,0,3.91607707361132,11.347629505187994,SPRED1;NNMT;CCAR2
GO_Biological_Process_2023,Regulation Of Protein Sumoylation (GO:0033233),0.055149736469333764,0.14587659564847016,0,0,3.91607707361132,11.347629505187994,PIAS3;ZMIZ1;CTNNB1
GO_Biological_Process_2023,Regulation Of Receptor Recycling (GO:0001919),0.055149736469333764,0.14587659564847016,0,0,3.91607707361132,11.347629505187994,AP1AR;ECE1;TBC1D16
GO_Biological_Process_2023,Regulation Of Telomere Maintenance Via Telomere Lengthening (GO:1904356),0.055149736469333764,0.14587659564847016,0,0,3.91607707361132,11.347629505187994,TNIP1;SLX1A;TERF1
GO_Biological_Process_2023,Regulation Of Viral Transcription (GO:0046782),0.055149736469333764,0.14587659564847016,0,0,3.91607707361132,11.347629505187994,TRIM13;LARP7;UBP1
GO_Biological_Process_2023,Cilium Assembly (GO:0060271),0.055345717334173365,0.1463030858092932,0,0,1.5550857223018266,4.500660669189973,UNC119B;CCDC57;ARL3;RAB3IP;GBF1;SEPTIN6;PTPN23;TTC39C;CCDC28B;EHD4;WDR90;FLNA;CEP250;TOGARAM1;PCNT;CCNO;BBS4;ENKD1
GO_Biological_Process_2023,"Regulation Of mRNA Splicing, Via Spliceosome (GO:0048024)",0.05542549098517954,0.14642204676197682,0,0,1.9371657754010696,5.60366978414289,SF3B4;FXR2;SNW1;MAGOH;LARP7;RBM5;QKI;HNRNPA0;RBM11
GO_Biological_Process_2023,Regulation Of Cytokinesis (GO:0032465),0.0556830895124158,0.1469182267774329,0,0,2.0325174619944826,5.870070547011584,UVRAG;SETD2;RACGAP1;ZFYVE19;PLK1;CCP110;PIN1;BBS4
GO_Biological_Process_2023,Regulation Of Interleukin-8 Production (GO:0032677),0.0556830895124158,0.1469182267774329,0,0,2.0325174619944826,5.870070547011584,PYCARD;MAPKBP1;CD74;CNTN1;KLF4;HSPA1B;MYD88;HSPA1A
GO_Biological_Process_2023,Epidermal Cell Differentiation (GO:0009913),0.0559035244357792,0.14731523241493505,0,0,2.3344523662493684,6.732859088358938,PPP3CA;ASAH1;CASP3;WNT5A;ADAM9;CTNNB1
GO_Biological_Process_2023,Protein Homotetramerization (GO:0051289),0.0559035244357792,0.14731523241493505,0,0,2.3344523662493684,6.732859088358938,TRPA1;SHMT2;TK1;SSBP1;ALDOA;THG1L
GO_Biological_Process_2023,Protein Secretion (GO:0009306),0.05848094355699999,0.15401079006787177,0,0,2.133755719816966,6.057848413321854,GSDMD;NECAB3;RAB13;AP1B1;MIA2;LTBP2;CAMK2G
GO_Biological_Process_2023,Regulation Of Defense Response (GO:0031347),0.05853650456306395,0.15406076294691393,0,0,1.914585279512267,5.4337934989679955,IL20;TRAF3;IRF1;WNT5A;ERAP1;NR1D2;FBXL2;LETMD1;MYD88
GO_Biological_Process_2023,Negative Regulation Of NF-kappaB Transcription Factor Activity (GO:0032088),0.059103746110377484,0.15496617977103616,0,0,2.0046168653076584,5.669980564562296,PYCARD;TRAF3;CDKN2A;LRRK2;PYDC1;ARRB2;CCDC22;KLF4
GO_Biological_Process_2023,O-glycan Processing (GO:0016266),0.059884269198652675,0.15496617977103616,0,0,2.5392639474917957,7.148894983098313,GALNT6;GALNT14;ST3GAL4;POMGNT1;GALNT10
GO_Biological_Process_2023,Keratinocyte Differentiation (GO:0030216),0.059884269198652675,0.15496617977103616,0,0,2.5392639474917957,7.148894983098313,PPP3CA;ASAH1;CASP3;WNT5A;ADAM9
GO_Biological_Process_2023,Lysosome Localization (GO:0032418),0.059884269198652675,0.15496617977103616,0,0,2.5392639474917957,7.148894983098313,BLOC1S1;RAB34;TFEB;KXD1;PLEKHM2
GO_Biological_Process_2023,Positive Regulation Of T Cell Mediated Immunity (GO:0002711),0.059884269198652675,0.15496617977103616,0,0,2.5392639474917957,7.148894983098313,FBXO38;HLA-B;TRAF2;HLA-A;HLA-F
GO_Biological_Process_2023,Regulation Of Amide Metabolic Process (GO:0034248),0.059884269198652675,0.15496617977103616,0,0,2.5392639474917957,7.148894983098313,ROCK1;RPL10;TCOF1;PKP3;ELP6
GO_Biological_Process_2023,Regulation Of Microtubule-Based Process (GO:0032886),0.059884269198652675,0.15496617977103616,0,0,2.5392639474917957,7.148894983098313,ROCK1;CDK2AP2;TRIM36;ATF5;CLASP2
GO_Biological_Process_2023,Negative Regulation Of Defense Response (GO:0031348),0.06016727611468742,0.15496617977103616,0,0,1.8297197250132204,5.142659040545348,MAPKBP1;PRKDC;ARNT;SLC39A8;GATA3;KLF4;TRIM65;EXTL3;ATG12;PPARD
GO_Biological_Process_2023,Protein Deubiquitination (GO:0016579),0.06016727611468742,0.15496617977103616,0,0,1.8297197250132204,5.142659040545348,OTUD5;COPS5;MINDY1;MINDY2;SHMT2;USP22;USP2;JOSD1;USP19;OTULINL
GO_Biological_Process_2023,Response To Lipid (GO:0033993),0.06016727611468742,0.15496617977103616,0,0,1.8297197250132204,5.142659040545348,OTUD5;RARG;TGFB1;MAPKAPK3;CTNNB1;TRIB1;SMAD6;AQP3;ESR1;HNRNPA0
GO_Biological_Process_2023,Phosphatidylcholine Metabolic Process (GO:0046470),0.060252172055044635,0.15496617977103616,0,0,2.285751978891821,6.421172531856567,MUC1;SLC44A1;MBOAT1;TSPO;PLA2G6;PLAAT4
GO_Biological_Process_2023,IMP Metabolic Process (GO:0046040),0.06126822125017689,0.15496617977103616,0,0,6.089871862383711,17.005930539036232,AMPD2;NT5C2
GO_Biological_Process_2023,Schwann Cell Development (GO:0014044),0.06126822125017689,0.15496617977103616,0,0,6.089871862383711,17.005930539036232,SKI;SIRT2
GO_Biological_Process_2023,T-helper 17 Cell Differentiation (GO:0072539),0.06126822125017689,0.15496617977103616,0,0,6.089871862383711,17.005930539036232,SOCS3;RORC
GO_Biological_Process_2023,UDP-N-acetylglucosamine Biosynthetic Process (GO:0006048),0.06126822125017689,0.15496617977103616,0,0,6.089871862383711,17.005930539036232,GNPDA1;UAP1L1
GO_Biological_Process_2023,Anoikis (GO:0043276),0.06126822125017689,0.15496617977103616,0,0,6.089871862383711,17.005930539036232,DAPK2;BMF
GO_Biological_Process_2023,Cellular Response To Muramyl Dipeptide (GO:0071225),0.06126822125017689,0.15496617977103616,0,0,6.089871862383711,17.005930539036232,TRIM41;LDOC1
GO_Biological_Process_2023,Cyclooxygenase Pathway (GO:0019371),0.06126822125017689,0.15496617977103616,0,0,6.089871862383711,17.005930539036232,CBR1;PTGES2
GO_Biological_Process_2023,Embryonic Placenta Development (GO:0001892),0.06126822125017689,0.15496617977103616,0,0,6.089871862383711,17.005930539036232,TFEB;PKD1
GO_Biological_Process_2023,Glucan Metabolic Process (GO:0044042),0.06126822125017689,0.15496617977103616,0,0,6.089871862383711,17.005930539036232,PHKG2;PYGL
GO_Biological_Process_2023,Integrin Activation (GO:0033622),0.06126822125017689,0.15496617977103616,0,0,6.089871862383711,17.005930539036232,FN1;FERMT2
GO_Biological_Process_2023,Membrane Lipid Catabolic Process (GO:0046466),0.06126822125017689,0.15496617977103616,0,0,6.089871862383711,17.005930539036232,SMPD2;MGST2
GO_Biological_Process_2023,Mitochondrial Fragmentation Involved In Apoptotic Process (GO:0043653),0.06126822125017689,0.15496617977103616,0,0,6.089871862383711,17.005930539036232,FIS1;CCAR2
GO_Biological_Process_2023,Negative Regulation Of Membrane Potential (GO:0045837),0.06126822125017689,0.15496617977103616,0,0,6.089871862383711,17.005930539036232,PRELID1;PMAIP1
GO_Biological_Process_2023,Negative Regulation Of Mitotic Nuclear Division (GO:0045839),0.06126822125017689,0.15496617977103616,0,0,6.089871862383711,17.005930539036232,BMP4;NME6
GO_Biological_Process_2023,Negative Regulation Of Oxidative Stress-Induced Neuron Death (GO:1903204),0.06126822125017689,0.15496617977103616,0,0,6.089871862383711,17.005930539036232,RACK1;HIF1A
GO_Biological_Process_2023,Negative Regulation Of Smooth Muscle Cell Differentiation (GO:0051151),0.06126822125017689,0.15496617977103616,0,0,6.089871862383711,17.005930539036232,NFATC2;NFATC1
GO_Biological_Process_2023,Negative Regulation Of Triglyceride Metabolic Process (GO:0090209),0.06126822125017689,0.15496617977103616,0,0,6.089871862383711,17.005930539036232,SREBF1;SORL1
GO_Biological_Process_2023,Neuronal Ion Channel Clustering (GO:0045161),0.06126822125017689,0.15496617977103616,0,0,6.089871862383711,17.005930539036232,CNTNAP2;PICK1
GO_Biological_Process_2023,Peripheral Nervous System Axon Ensheathment (GO:0032292),0.06126822125017689,0.15496617977103616,0,0,6.089871862383711,17.005930539036232,SKI;SIRT2
GO_Biological_Process_2023,Positive Regulation Of Adaptive Immune Response (GO:0002821),0.06126822125017689,0.15496617977103616,0,0,6.089871862383711,17.005930539036232,PYCARD;EIF2AK4
GO_Biological_Process_2023,Positive Regulation Of Early Endosome To Late Endosome Transport (GO:2000643),0.06126822125017689,0.15496617977103616,0,0,6.089871862383711,17.005930539036232,NF2;PTPN23
GO_Biological_Process_2023,Positive Regulation Of Epidermis Development (GO:0045684),0.06126822125017689,0.15496617977103616,0,0,6.089871862383711,17.005930539036232,IL20;SFN
GO_Biological_Process_2023,Positive Regulation Of Ligase Activity (GO:0051351),0.06126822125017689,0.15496617977103616,0,0,6.089871862383711,17.005930539036232,ANTKMT;ATPSCKMT
GO_Biological_Process_2023,Positive Regulation Of Macrophage Cytokine Production (GO:0060907),0.06126822125017689,0.15496617977103616,0,0,6.089871862383711,17.005930539036232,GPRC5B;WNT5A
GO_Biological_Process_2023,Positive Regulation Of Mitochondrial Calcium Ion Concentration (GO:0051561),0.06126822125017689,0.15496617977103616,0,0,6.089871862383711,17.005930539036232,FIS1;TGM2
GO_Biological_Process_2023,Positive Regulation Of Mitochondrial Membrane Permeability Involved In Apoptotic Process (GO:1902110),0.06126822125017689,0.15496617977103616,0,0,6.089871862383711,17.005930539036232,RHOT2;RTL10
GO_Biological_Process_2023,Positive Regulation Of Protein Localization To Early Endosome (GO:1902966),0.06126822125017689,0.15496617977103616,0,0,6.089871862383711,17.005930539036232,NF2;SORL1
GO_Biological_Process_2023,Positive Regulation Of Protein Localization To Endosome (GO:1905668),0.06126822125017689,0.15496617977103616,0,0,6.089871862383711,17.005930539036232,NF2;SORL1
GO_Biological_Process_2023,Positive Regulation Of Tumor Necrosis Factor-Mediated Signaling Pathway (GO:1903265),0.06126822125017689,0.15496617977103616,0,0,6.089871862383711,17.005930539036232,HSPA1B;HSPA1A
GO_Biological_Process_2023,"Regulation Of CD8-positive, Alpha-Beta T Cell Proliferation (GO:2000564)",0.06126822125017689,0.15496617977103616,0,0,6.089871862383711,17.005930539036232,IRF1;SH3RF1
GO_Biological_Process_2023,Regulation Of DNA Methylation (GO:0044030),0.06126822125017689,0.15496617977103616,0,0,6.089871862383711,17.005930539036232,MYC;SMARCA5
GO_Biological_Process_2023,Regulation Of Epidermis Development (GO:0045682),0.06126822125017689,0.15496617977103616,0,0,6.089871862383711,17.005930539036232,MAFG;MAFF
GO_Biological_Process_2023,Regulation Of Helicase Activity (GO:0051095),0.06126822125017689,0.15496617977103616,0,0,6.089871862383711,17.005930539036232,SSBP1;TP53
GO_Biological_Process_2023,Regulation Of Mitotic Centrosome Separation (GO:0046602),0.06126822125017689,0.15496617977103616,0,0,6.089871862383711,17.005930539036232,UBXN2B;KIF11
GO_Biological_Process_2023,Regulation Of Protein Lipidation (GO:1903059),0.06126822125017689,0.15496617977103616,0,0,6.089871862383711,17.005930539036232,RB1CC1;TSPO
GO_Biological_Process_2023,Regulation Of Protein Localization To Early Endosome (GO:1902965),0.06126822125017689,0.15496617977103616,0,0,6.089871862383711,17.005930539036232,NF2;SORL1
GO_Biological_Process_2023,Response To Magnesium Ion (GO:0032026),0.06126822125017689,0.15496617977103616,0,0,6.089871862383711,17.005930539036232,SLC41A1;THBS1
GO_Biological_Process_2023,Response To Misfolded Protein (GO:0051788),0.06126822125017689,0.15496617977103616,0,0,6.089871862383711,17.005930539036232,UBE2W;F12
GO_Biological_Process_2023,Sensory Organ Morphogenesis (GO:0090596),0.06126822125017689,0.15496617977103616,0,0,6.089871862383711,17.005930539036232,SKI;COL5A2
GO_Biological_Process_2023,Somite Development (GO:0061053),0.06126822125017689,0.15496617977103616,0,0,6.089871862383711,17.005930539036232,SFRP2;PTCH1
GO_Biological_Process_2023,Sympathetic Ganglion Development (GO:0061549),0.06126822125017689,0.15496617977103616,0,0,6.089871862383711,17.005930539036232,NELL2;CTNNB1
GO_Biological_Process_2023,Tetrahydrofolate Interconversion (GO:0035999),0.06126822125017689,0.15496617977103616,0,0,6.089871862383711,17.005930539036232,MTHFD1L;SHMT2
GO_Biological_Process_2023,Unsaturated Fatty Acid Biosynthetic Process (GO:0006636),0.06126822125017689,0.15496617977103616,0,0,6.089871862383711,17.005930539036232,SCD5;DEGS1
GO_Biological_Process_2023,Chondrocyte Differentiation (GO:0002062),0.06127254555183453,0.15496617977103616,0,0,2.9246178176067477,8.166771249372722,BMP4;TGFB1;OXSR1;SULF2
GO_Biological_Process_2023,Intrinsic Apoptotic Signaling Pathway In Response To Endoplasmic Reticulum Stress (GO:0070059),0.06127254555183453,0.15496617977103616,0,0,2.9246178176067477,8.166771249372722,CEBPB;TRAF2;QRICH1;ATF4
GO_Biological_Process_2023,Multivesicular Body Assembly (GO:0036258),0.06127254555183453,0.15496617977103616,0,0,2.9246178176067477,8.166771249372722,PDCD6IP;CHMP2B;VPS37C;VPS37D
GO_Biological_Process_2023,Phosphatidic Acid Biosynthetic Process (GO:0006654),0.06127254555183453,0.15496617977103616,0,0,2.9246178176067477,8.166771249372722,ABHD5;AGPAT2;DGKZ;PLD2
GO_Biological_Process_2023,Positive Regulation Of Neural Precursor Cell Proliferation (GO:2000179),0.06127254555183453,0.15496617977103616,0,0,2.9246178176067477,8.166771249372722,SMARCD3;MDK;CTNNB1;NAP1L1
GO_Biological_Process_2023,Positive Regulation Of Viral Genome Replication (GO:0045070),0.06127254555183453,0.15496617977103616,0,0,2.9246178176067477,8.166771249372722,TOP2B;LARP1;PPIH;PPID
GO_Biological_Process_2023,Protein Acetylation (GO:0006473),0.06127254555183453,0.15496617977103616,0,0,2.9246178176067477,8.166771249372722,NAA10;BLOC1S1;SPHK1;KAT6A
GO_Biological_Process_2023,Regulation Of Blood Coagulation (GO:0030193),0.06127254555183453,0.15496617977103616,0,0,2.9246178176067477,8.166771249372722,F12;ST3GAL4;EMILIN1;THBS1
GO_Biological_Process_2023,Regulation Of Dendritic Spine Morphogenesis (GO:0061001),0.06127254555183453,0.15496617977103616,0,0,2.9246178176067477,8.166771249372722,CAMK2B;LRRK2;SRCIN1;DBN1
GO_Biological_Process_2023,Regulation Of Striated Muscle Contraction (GO:0006942),0.06127254555183453,0.15496617977103616,0,0,2.9246178176067477,8.166771249372722,C12ORF57;GRK2;P2RX4;SRI
GO_Biological_Process_2023,Regulation Of Vasculature Development (GO:1901342),0.06127254555183453,0.15496617977103616,0,0,2.9246178176067477,8.166771249372722,RNH1;CTNNB1;TSPAN12;RAPGEF3
GO_Biological_Process_2023,Cell-Cell Junction Organization (GO:0045216),0.062406384690337206,0.1574555338112702,0,0,2.098715529627642,5.822020915731434,ARVCF;SMAD3;TGFB1;CDH11;DSG2;DCHS1;PKP3
GO_Biological_Process_2023,Phagocytosis (GO:0006909),0.062406384690337206,0.1574555338112702,0,0,2.098715529627642,5.822020915731434,ITGAM;ADORA2A;LRP1;SH3BP1;CORO1A;MYD88;TGM2
GO_Biological_Process_2023,Phospholipid Metabolic Process (GO:0006644),0.062406384690337206,0.1574555338112702,0,0,2.098715529627642,5.822020915731434,SMPD2;PLPPR2;MBOAT1;PLAAT4;AGPAT2;PLCD1;PLD2
GO_Biological_Process_2023,Protein Autoubiquitination (GO:0051865),0.062406384690337206,0.1574555338112702,0,0,2.098715529627642,5.822020915731434,LRSAM1;UHRF1;UBE2D3;TRIM13;TRAF2;SH3RF1;RNF220
GO_Biological_Process_2023,Exocytosis (GO:0006887),0.06265389795275295,0.1578908224291099,0,0,1.977470338801559,5.477848686864434,ARFGEF1;COPS5;RAB26;RAB3IP;SYTL1;STX4;VAMP2;CDK16
GO_Biological_Process_2023,Regulation Of Interleukin-1 Beta Production (GO:0032651),0.06265389795275295,0.1578908224291099,0,0,1.977470338801559,5.477848686864434,PYCARD;GSDMD;APP;STMP1;WNT5A;HSPB1;PYDC1;MYD88
GO_Biological_Process_2023,Actin Filament Capping (GO:0051693),0.06370766354303105,0.15827313933905826,0,0,3.654899894625922,10.06358563837472,TWF2;VILL;ADD3
GO_Biological_Process_2023,Antigen Processing And Presentation Of Peptide Antigen Via MHC Class I (GO:0002474),0.06370766354303105,0.15827313933905826,0,0,3.654899894625922,10.06358563837472,ERAP1;HLA-A;TAPBPL
GO_Biological_Process_2023,Autophagy Of Nucleus (GO:0044804),0.06370766354303105,0.15827313933905826,0,0,3.654899894625922,10.06358563837472,RB1CC1;SNX33;SNX7
GO_Biological_Process_2023,Barbed-End Actin Filament Capping (GO:0051016),0.06370766354303105,0.15827313933905826,0,0,3.654899894625922,10.06358563837472,TWF2;VILL;ADD3
GO_Biological_Process_2023,Endothelial Cell Proliferation (GO:0001935),0.06370766354303105,0.15827313933905826,0,0,3.654899894625922,10.06358563837472,BMP4;LOXL2;THAP1
GO_Biological_Process_2023,Glycogen Metabolic Process (GO:0005977),0.06370766354303105,0.15827313933905826,0,0,3.654899894625922,10.06358563837472,STBD1;PHKG2;PYGL
GO_Biological_Process_2023,Heart Trabecula Morphogenesis (GO:0061384),0.06370766354303105,0.15827313933905826,0,0,3.654899894625922,10.06358563837472,RBPJ;TGFBR1;BMPR1A
GO_Biological_Process_2023,Maintenance Of Protein Location In Nucleus (GO:0051457),0.06370766354303105,0.15827313933905826,0,0,3.654899894625922,10.06358563837472,CHCHD10;RANGAP1;BBS4
GO_Biological_Process_2023,Mitochondrial Fusion (GO:0008053),0.06370766354303105,0.15827313933905826,0,0,3.654899894625922,10.06358563837472,FIS1;THG1L;MCL1
GO_Biological_Process_2023,Mitotic Cytokinetic Process (GO:1902410),0.06370766354303105,0.15827313933905826,0,0,3.654899894625922,10.06358563837472,PDCD6IP;CHMP2B;KLHDC8B
GO_Biological_Process_2023,Neural Crest Cell Differentiation (GO:0014033),0.06370766354303105,0.15827313933905826,0,0,3.654899894625922,10.06358563837472,OTUD5;TCOF1;PEF1
GO_Biological_Process_2023,Positive Regulation Of NLRP3 Inflammasome Complex Assembly (GO:1900227),0.06370766354303105,0.15827313933905826,0,0,3.654899894625922,10.06358563837472,STMP1;NEK7;MYD88
GO_Biological_Process_2023,Positive Regulation Of Alpha-Beta T Cell Activation (GO:0046635),0.06370766354303105,0.15827313933905826,0,0,3.654899894625922,10.06358563837472,HSPH1;NKAP;HLA-A
GO_Biological_Process_2023,Positive Regulation Of Chromosome Segregation (GO:0051984),0.06370766354303105,0.15827313933905826,0,0,3.654899894625922,10.06358563837472,NCAPH2;NCAPD3;SIRT2
GO_Biological_Process_2023,Positive Regulation Of Cytokine Production Involved In Inflammatory Response (GO:1900017),0.06370766354303105,0.15827313933905826,0,0,3.654899894625922,10.06358563837472,MAPK9;HIF1A;MYD88
GO_Biological_Process_2023,Positive Regulation Of Glycolytic Process (GO:0045821),0.06370766354303105,0.15827313933905826,0,0,3.654899894625922,10.06358563837472,MLST8;ARNT;HIF1A
GO_Biological_Process_2023,Positive Regulation Of Neutrophil Chemotaxis (GO:0090023),0.06370766354303105,0.15827313933905826,0,0,3.654899894625922,10.06358563837472,CD74;MDK;DAPK2
GO_Biological_Process_2023,Protein Import Into Mitochondrial Matrix (GO:0030150),0.06370766354303105,0.15827313933905826,0,0,3.654899894625922,10.06358563837472,PAM16;TIMM17B;TIMM44
GO_Biological_Process_2023,Pulmonary Valve Morphogenesis (GO:0003184),0.06370766354303105,0.15827313933905826,0,0,3.654899894625922,10.06358563837472,BMP4;NFATC1;SMAD6
GO_Biological_Process_2023,Regulation Of T Cell Cytokine Production (GO:0002724),0.06370766354303105,0.15827313933905826,0,0,3.654899894625922,10.06358563837472,TRAF2;HLA-A;HLA-F
GO_Biological_Process_2023,Regulation Of Adaptive Immune Response (GO:0002819),0.06370766354303105,0.15827313933905826,0,0,3.654899894625922,10.06358563837472,PYCARD;IRF1;EIF2AK4
GO_Biological_Process_2023,Regulation Of Early Endosome To Late Endosome Transport (GO:2000641),0.06370766354303105,0.15827313933905826,0,0,3.654899894625922,10.06358563837472,SNX3;PTPN23;NF2
GO_Biological_Process_2023,tRNA Metabolic Process (GO:0006399),0.06370766354303105,0.15827313933905826,0,0,3.654899894625922,10.06358563837472,GTF3C1;THG1L;ZFP36L1
GO_Biological_Process_2023,Ureteric Bud Development (GO:0001657),0.06370766354303105,0.15827313933905826,0,0,3.654899894625922,10.06358563837472,BMP4;SIX1;OXSR1
GO_Biological_Process_2023,RNA Splicing (GO:0008380),0.06508925433582839,0.16161017099538524,0,0,1.8709638669998079,5.111465440361672,SF3B4;SYNCRIP;ARVCF;LSM6;MAGOH;DDX23;PRPF8;LSM4;CCAR2
GO_Biological_Process_2023,Positive Regulation Of Neuron Differentiation (GO:0045666),0.06519888379509839,0.16169169591352137,0,0,2.4705639183487285,6.7454126104197325,GPRC5B;GDPD5;ADRA2C;BRINP3;NBL1
GO_Biological_Process_2023,Potassium Ion Import Across Plasma Membrane (GO:1990573),0.06519888379509839,0.16169169591352137,0,0,2.4705639183487285,6.7454126104197325,SLC12A2;SLC12A4;SLC12A5;ATP1B1;SLC12A7
GO_Biological_Process_2023,Protein Modification By Small Protein Removal (GO:0070646),0.06631971519799633,0.1643745266031563,0,0,1.793739177320849,4.866895222324616,COPS4;OTUD5;COPS6;HINT1;COPS5;USP22;USP2;JOSD1;USP19;OTULINL
GO_Biological_Process_2023,Cellular Response To Calcium Ion (GO:0071277),0.0664885046065233,0.16459911399063468,0,0,2.064805668154103,5.597122841823333,MEF2A;CPNE7;WNT5A;ALOX5AP;SYT9;CDKN2AIP;SLC25A24
GO_Biological_Process_2023,Regulation Of G Protein-Coupled Receptor Signaling Pathway (GO:0008277),0.0664885046065233,0.16459911399063468,0,0,2.064805668154103,5.597122841823333,RGS3;RIC8B;ROCK1;MGRN1;GRK6;PLCE1;RGS11
GO_Biological_Process_2023,Multivesicular Body Organization (GO:0036257),0.06791297350988926,0.1674364938232691,0,0,2.812051417217469,7.563091571767038,PDCD6IP;CHMP2B;VPS37C;VPS37D
GO_Biological_Process_2023,Nucleic Acid Metabolic Process (GO:0090304),0.06791297350988926,0.1674364938232691,0,0,2.812051417217469,7.563091571767038,FEN1;ENPP1;DDX54;DNASE1L1
GO_Biological_Process_2023,"Phagocytosis, Engulfment (GO:0006911)",0.06791297350988926,0.1674364938232691,0,0,2.812051417217469,7.563091571767038,ITGAM;SH3BP1;RAC3;THBS1
GO_Biological_Process_2023,Positive Regulation Of Locomotion (GO:0040017),0.06791297350988926,0.1674364938232691,0,0,2.812051417217469,7.563091571767038,PDGFRB;TGFB1;STX4;THBS1
GO_Biological_Process_2023,Regulation Of Macrophage Activation (GO:0043030),0.06791297350988926,0.1674364938232691,0,0,2.812051417217469,7.563091571767038,CD74;SPHK1;WNT5A;THBS1
GO_Biological_Process_2023,Regulation Of Macrophage Derived Foam Cell Differentiation (GO:0010743),0.06791297350988926,0.1674364938232691,0,0,2.812051417217469,7.563091571767038,MAPK9;PRKCH;CSF1;NFKB1
GO_Biological_Process_2023,Regulation Of Transmembrane Receptor Protein Serine/Threonine Kinase Signaling Pathway (GO:0090092),0.06791297350988926,0.1674364938232691,0,0,2.812051417217469,7.563091571767038,SMAD4;SMAD3;TGFB1;PCSK6
GO_Biological_Process_2023,RNA Polymerase II Preinitiation Complex Assembly (GO:0051123),0.06953518416861833,0.1710354325549368,0,0,2.1941952506596305,5.849554285121257,MED22;GTF2A2;TAF12;MED10;TAF7;ESR1
GO_Biological_Process_2023,Nucleotide-Excision Repair (GO:0006289),0.06953518416861833,0.1710354325549368,0,0,2.1941952506596305,5.849554285121257,POLB;NTHL1;OGG1;FANCC;TENT4A;TP53
GO_Biological_Process_2023,Regulation Of Calcium Ion Transport (GO:0051924),0.06953518416861833,0.1710354325549368,0,0,2.1941952506596305,5.849554285121257,CAMK2B;P2RX4;CTNNB1;IL16;SRI;CAMK2G
GO_Biological_Process_2023,Signal Transduction In Response To DNA Damage (GO:0042770),0.06953518416861833,0.1710354325549368,0,0,2.1941952506596305,5.849554285121257,MAD2L2;SESN2;TIPRL;E2F1;TP53;ATRIP
GO_Biological_Process_2023,Embryonic Organ Morphogenesis (GO:0048562),0.07076829620937107,0.17356161638768874,0,0,2.4054796802131913,6.370538092498099,FBN2;RARG;EFEMP1;MFAP2;SIX1
GO_Biological_Process_2023,Intracellular Glucose Homeostasis (GO:0001678),0.07076829620937107,0.17356161638768874,0,0,2.4054796802131913,6.370538092498099,XBP1;RACK1;PIK3R2;HIF1A;IGF1R
GO_Biological_Process_2023,mRNA Destabilization (GO:0061157),0.07076829620937107,0.17356161638768874,0,0,2.4054796802131913,6.370538092498099,FXR2;ROCK1;YTHDF3;DCPS;ZFP36L1
GO_Biological_Process_2023,Nucleus Organization (GO:0006997),0.07076829620937107,0.17356161638768874,0,0,2.4054796802131913,6.370538092498099,PDCD6IP;CHMP2B;NUP54;LMNB2;LMNB1
GO_Biological_Process_2023,Response To Amyloid-Beta (GO:1904645),0.07076829620937107,0.17356161638768874,0,0,2.4054796802131913,6.370538092498099,APP;PRNP;LRP1;MMP9;IGF1R
GO_Biological_Process_2023,Protein Complex Oligomerization (GO:0051259),0.07208698667342765,0.17552215294645976,0,0,1.8292811839323466,4.81079318468312,COMP;PYCARD;GSDMD;EHD4;PDCD6IP;SHMT2;PEG10;KCNC3;NINJ1
GO_Biological_Process_2023,COPII Vesicle Coating (GO:0048208),0.07283583075480768,0.17552215294645976,0,0,3.4263698630136985,8.975537800667338,TRAPPC2;PEF1;TRAPPC2B
GO_Biological_Process_2023,RNA Destabilization (GO:0050779),0.07283583075480768,0.17552215294645976,0,0,3.4263698630136985,8.975537800667338,FXR2;ROCK1;YTHDF3
GO_Biological_Process_2023,Atrioventricular Valve Morphogenesis (GO:0003181),0.07283583075480768,0.17552215294645976,0,0,3.4263698630136985,8.975537800667338,SMAD4;SMAD6;BMPR1A
GO_Biological_Process_2023,Cardiac Epithelial To Mesenchymal Transition (GO:0060317),0.07283583075480768,0.17552215294645976,0,0,3.4263698630136985,8.975537800667338,BMP4;RBPJ;TGFBR1
GO_Biological_Process_2023,Cellular Response To Estradiol Stimulus (GO:0071392),0.07283583075480768,0.17552215294645976,0,0,3.4263698630136985,8.975537800667338,NRIP1;SSTR2;ESR1
GO_Biological_Process_2023,Chondroitin Sulfate Proteoglycan Biosynthetic Process (GO:0050650),0.07283583075480768,0.17552215294645976,0,0,3.4263698630136985,8.975537800667338,B3GAT3;CHPF2;XYLT1
GO_Biological_Process_2023,Cortical Actin Cytoskeleton Organization (GO:0030866),0.07283583075480768,0.17552215294645976,0,0,3.4263698630136985,8.975537800667338,IKBKB;ROCK1;RAB13
GO_Biological_Process_2023,Ganglioside Metabolic Process (GO:0001573),0.07283583075480768,0.17552215294645976,0,0,3.4263698630136985,8.975537800667338,NEU4;CLN6;ST6GALNAC6
GO_Biological_Process_2023,Heme Biosynthetic Process (GO:0006783),0.07283583075480768,0.17552215294645976,0,0,3.4263698630136985,8.975537800667338,ATP5IF1;SLC25A38;TSPO
GO_Biological_Process_2023,Interleukin-1-Mediated Signaling Pathway (GO:0070498),0.07283583075480768,0.17552215294645976,0,0,3.4263698630136985,8.975537800667338,IKBKB;RPS6KA4;MYD88
GO_Biological_Process_2023,Leukocyte Adhesion To Vascular Endothelial Cell (GO:0061756),0.07283583075480768,0.17552215294645976,0,0,3.4263698630136985,8.975537800667338,SELPLG;ROCK1;SLC39A8
GO_Biological_Process_2023,Negative Regulation Of Peptidyl-Serine Phosphorylation (GO:0033137),0.07283583075480768,0.17552215294645976,0,0,3.4263698630136985,8.975537800667338,INPP5J;RACK1;GPD1L
GO_Biological_Process_2023,Negative Regulation Of Protein Dephosphorylation (GO:0035308),0.07283583075480768,0.17552215294645976,0,0,3.4263698630136985,8.975537800667338,PTPA;BOD1;TIPRL
GO_Biological_Process_2023,Phosphatidylcholine Biosynthetic Process (GO:0006656),0.07283583075480768,0.17552215294645976,0,0,3.4263698630136985,8.975537800667338,MUC1;CHKB;SLC44A1
GO_Biological_Process_2023,Positive Regulation Of calcineurin-NFAT Signaling Cascade (GO:0070886),0.07283583075480768,0.17552215294645976,0,0,3.4263698630136985,8.975537800667338,PPP3CA;STIMATE;LMCD1
GO_Biological_Process_2023,Positive Regulation Of Calcineurin-Mediated Signaling (GO:0106058),0.07283583075480768,0.17552215294645976,0,0,3.4263698630136985,8.975537800667338,PPP3CA;STIMATE;LMCD1
GO_Biological_Process_2023,Purine Ribonucleotide Transport (GO:0015868),0.07283583075480768,0.17552215294645976,0,0,3.4263698630136985,8.975537800667338,ABCC5;SLC25A4;SLC25A24
GO_Biological_Process_2023,rRNA Catabolic Process (GO:0016075),0.07283583075480768,0.17552215294645976,0,0,3.4263698630136985,8.975537800667338,EXOSC7;EXOSC4;EXOSC8
GO_Biological_Process_2023,Regulation Of B Cell Differentiation (GO:0045577),0.07283583075480768,0.17552215294645976,0,0,3.4263698630136985,8.975537800667338,XBP1;MMP14;ZFP36L1
GO_Biological_Process_2023,Regulation Of Centriole Replication (GO:0046599),0.07283583075480768,0.17552215294645976,0,0,3.4263698630136985,8.975537800667338,NPM1;RBM14;PLK2
GO_Biological_Process_2023,Regulation Of Integrin-Mediated Signaling Pathway (GO:2001044),0.07283583075480768,0.17552215294645976,0,0,3.4263698630136985,8.975537800667338,LAMB2;FLNA;NID1
GO_Biological_Process_2023,Regulation Of Lymphocyte Differentiation (GO:0045619),0.07283583075480768,0.17552215294645976,0,0,3.4263698630136985,8.975537800667338,PRELID1;PRKDC;ZFP36L1
GO_Biological_Process_2023,Regulation Of Nuclear Division (GO:0051783),0.07283583075480768,0.17552215294645976,0,0,3.4263698630136985,8.975537800667338,PIN1;MKI67;PKMYT1
GO_Biological_Process_2023,Regulation Of Phosphatase Activity (GO:0010921),0.07283583075480768,0.17552215294645976,0,0,3.4263698630136985,8.975537800667338,PTPA;ROCK1;TIPRL
GO_Biological_Process_2023,Regulation Of Tissue Remodeling (GO:0034103),0.07283583075480768,0.17552215294645976,0,0,3.4263698630136985,8.975537800667338,TGFB1;IL15;MDK
GO_Biological_Process_2023,Release Of Cytochrome C From Mitochondria (GO:0001836),0.07283583075480768,0.17552215294645976,0,0,3.4263698630136985,8.975537800667338,FIS1;SFN;MCL1
GO_Biological_Process_2023,Transport Along Microtubule (GO:0010970),0.07283583075480768,0.17552215294645976,0,0,3.4263698630136985,8.975537800667338,APP;BLOC1S1;KXD1
GO_Biological_Process_2023,Vesicle Docking (GO:0048278),0.07283583075480768,0.17552215294645976,0,0,3.4263698630136985,8.975537800667338,USO1;STX5;STX4
GO_Biological_Process_2023,"Vesicle Targeting, Rough ER To cis-Golgi (GO:0048207)",0.07283583075480768,0.17552215294645976,0,0,3.4263698630136985,8.975537800667338,TRAPPC2;PEF1;TRAPPC2B
GO_Biological_Process_2023,Protein Processing (GO:0016485),0.07285982506540291,0.17552215294645976,0,0,1.759142496847415,4.607577495940849,MMP14;BMP1;PTCH1;F12;CNTN1;ECE1;AEBP1;RCE1;PCSK6;SEC11A
GO_Biological_Process_2023,Modification-Dependent Protein Catabolic Process (GO:0019941),0.07338266263829274,0.17668061313313363,0,0,1.5601200231369903,4.075138925700645,XBP1;UHRF1;UBE2D3;UBE2E1;KLHL22;KCTD6;RNF40;PSMD9;NUB1;ARIH2;LNX1;ELOC;SQSTM1;RNF130;HERC6
GO_Biological_Process_2023,Regulation Of Transcription Initiation By RNA Polymerase II (GO:0060260),0.07446908465593988,0.17739506351984777,0,0,2.151109731491541,5.587230487809451,MED22;GTF2A2;TAF12;MED10;PWWP2A;TAF7
GO_Biological_Process_2023,Bile Acid Metabolic Process (GO:0008206),0.07490850547314415,0.17739506351984777,0,0,2.7078232687088777,7.017291066111739,HSD3B7;ACOT8;ACOX2;ACAA1
GO_Biological_Process_2023,Glutamine Family Amino Acid Metabolic Process (GO:0009064),0.07490850547314415,0.17739506351984777,0,0,2.7078232687088777,7.017291066111739,DGLUCY;FPGS;SLC39A8;NAGS
GO_Biological_Process_2023,Negative Regulation Of Cell-Matrix Adhesion (GO:0001953),0.07490850547314415,0.17739506351984777,0,0,2.7078232687088777,7.017291066111739,CDKN2A;NF2;THBS1;CLASP2
GO_Biological_Process_2023,Non-Motile Cilium Assembly (GO:1905515),0.07490850547314415,0.17739506351984777,0,0,2.7078232687088777,7.017291066111739,CEP250;TOGARAM1;BBS4;ENKD1
GO_Biological_Process_2023,Positive Regulation Of Rho Protein Signal Transduction (GO:0035025),0.07490850547314415,0.17739506351984777,0,0,2.7078232687088777,7.017291066111739,RTN4R;ADGRG1;COL3A1;MCF2L
GO_Biological_Process_2023,Positive Regulation Of Cholesterol Transport (GO:0032376),0.07490850547314415,0.17739506351984777,0,0,2.7078232687088777,7.017291066111739,LRP1;ABCA3;PTCH1;PLTP
GO_Biological_Process_2023,Positive Regulation Of Leukocyte Migration (GO:0002687),0.07490850547314415,0.17739506351984777,0,0,2.7078232687088777,7.017291066111739,EDN2;CSF1;MDK;JAM3
GO_Biological_Process_2023,Cell-Cell Junction Assembly (GO:0007043),0.07512373527658832,0.17739506351984777,0,0,2.000164994720169,5.177664550799719,ARVCF;CDH11;CTNNB1;DCHS1;PKP3;RHOC;JAM3
GO_Biological_Process_2023,Regulation Of Hydrolase Activity (GO:0051336),0.07512373527658832,0.17739506351984777,0,0,2.000164994720169,5.177664550799719,ATP5IF1;FGD3;ALS2CL;PLXNB1;RAPGEF6;TBC1D10B;VAV2
GO_Biological_Process_2023,Golgi Inheritance (GO:0048313),0.07612274513900853,0.17739506351984777,0,0,5.219739712630708,13.442960321520808,GBF1;STX5
GO_Biological_Process_2023,SNARE Complex Assembly (GO:0035493),0.07612274513900853,0.17739506351984777,0,0,5.219739712630708,13.442960321520808,UVRAG;VAMP2
GO_Biological_Process_2023,Adherens Junction Assembly (GO:0034333),0.07612274513900853,0.17739506351984777,0,0,5.219739712630708,13.442960321520808,CTNNB1;JAM3
GO_Biological_Process_2023,Amino Sugar Biosynthetic Process (GO:0046349),0.07612274513900853,0.17739506351984777,0,0,5.219739712630708,13.442960321520808,GNPDA1;UAP1L1
GO_Biological_Process_2023,Calcium Ion Transport Into Cytosol (GO:0060402),0.07612274513900853,0.17739506351984777,0,0,5.219739712630708,13.442960321520808,CACNB3;JPH1
GO_Biological_Process_2023,Dopamine Transport (GO:0015872),0.07612274513900853,0.17739506351984777,0,0,5.219739712630708,13.442960321520808,MAPK15;TGM2
GO_Biological_Process_2023,Iron Ion Transmembrane Transport (GO:0034755),0.07612274513900853,0.17739506351984777,0,0,5.219739712630708,13.442960321520808,ABCC5;SLC39A8
GO_Biological_Process_2023,Leucine Transport (GO:0015820),0.07612274513900853,0.17739506351984777,0,0,5.219739712630708,13.442960321520808,SLC43A2;SLC43A1
GO_Biological_Process_2023,Lung Epithelium Development (GO:0060428),0.07612274513900853,0.17739506351984777,0,0,5.219739712630708,13.442960321520808,BMP4;PKD1
GO_Biological_Process_2023,Mesenchymal To Epithelial Transition (GO:0060231),0.07612274513900853,0.17739506351984777,0,0,5.219739712630708,13.442960321520808,BMP4;GATA3
GO_Biological_Process_2023,Muscle Cell Migration (GO:0014812),0.07612274513900853,0.17739506351984777,0,0,5.219739712630708,13.442960321520808,ROCK1;SIX1
GO_Biological_Process_2023,Negative Regulation Of Cell Adhesion Mediated By Integrin (GO:0033629),0.07612274513900853,0.17739506351984777,0,0,5.219739712630708,13.442960321520808,MUC1;JAM3
GO_Biological_Process_2023,Negative Regulation Of Establishment Of Protein Localization (GO:1904950),0.07612274513900853,0.17739506351984777,0,0,5.219739712630708,13.442960321520808,SNX3;TERF1
GO_Biological_Process_2023,Negative Regulation Of Extracellular Matrix Organization (GO:1903054),0.07612274513900853,0.17739506351984777,0,0,5.219739712630708,13.442960321520808,TGFB1;EMILIN1
GO_Biological_Process_2023,Negative Regulation Of Lymphocyte Apoptotic Process (GO:0070229),0.07612274513900853,0.17739506351984777,0,0,5.219739712630708,13.442960321520808,IRS2;NOC2L
GO_Biological_Process_2023,Negative Regulation Of Protein Autophosphorylation (GO:0031953),0.07612274513900853,0.17739506351984777,0,0,5.219739712630708,13.442960321520808,MVP;ENPP1
GO_Biological_Process_2023,Negative Regulation Of Protein Maturation (GO:1903318),0.07612274513900853,0.17739506351984777,0,0,5.219739712630708,13.442960321520808,PRNP;LRRK2
GO_Biological_Process_2023,Negative Regulation Of Telomerase Activity (GO:0051974),0.07612274513900853,0.17739506351984777,0,0,5.219739712630708,13.442960321520808,TERF1;TP53
GO_Biological_Process_2023,Nerve Growth Factor Signaling Pathway (GO:0038180),0.07612274513900853,0.17739506351984777,0,0,5.219739712630708,13.442960321520808,RAPGEF1;RAPGEF2
GO_Biological_Process_2023,Neuron Projection Maintenance (GO:1990535),0.07612274513900853,0.17739506351984777,0,0,5.219739712630708,13.442960321520808,APP;PRNP
GO_Biological_Process_2023,Neuron Remodeling (GO:0016322),0.07612274513900853,0.17739506351984777,0,0,5.219739712630708,13.442960321520808,APP;RND1
GO_Biological_Process_2023,Neurotransmitter Receptor Transport To Postsynaptic Membrane (GO:0098969),0.07612274513900853,0.17739506351984777,0,0,5.219739712630708,13.442960321520808,GRIPAP1;NCOA2
GO_Biological_Process_2023,Peptidyl-Amino Acid Modification (GO:0018193),0.07612274513900853,0.17739506351984777,0,0,5.219739712630708,13.442960321520808,FKBP10;PFDN1
GO_Biological_Process_2023,Peptidyl-Lysine Dimethylation (GO:0018027),0.07612274513900853,0.17739506351984777,0,0,5.219739712630708,13.442960321520808,SETD4;SETD2
GO_Biological_Process_2023,Peptidyl-Serine Dephosphorylation (GO:0070262),0.07612274513900853,0.17739506351984777,0,0,5.219739712630708,13.442960321520808,PPP3CA;PPP1CA
GO_Biological_Process_2023,Phosphatidylethanolamine Acyl-Chain Remodeling (GO:0036152),0.07612274513900853,0.17739506351984777,0,0,5.219739712630708,13.442960321520808,MBOAT1;PLAAT4
GO_Biological_Process_2023,Phosphatidylethanolamine Biosynthetic Process (GO:0006646),0.07612274513900853,0.17739506351984777,0,0,5.219739712630708,13.442960321520808,CHKB;ETNK2
GO_Biological_Process_2023,Positive Regulation Of T Cell Apoptotic Process (GO:0070234),0.07612274513900853,0.17739506351984777,0,0,5.219739712630708,13.442960321520808,PRELID1;TP53
GO_Biological_Process_2023,Positive Regulation Of Hippo Signaling (GO:0035332),0.07612274513900853,0.17739506351984777,0,0,5.219739712630708,13.442960321520808,FRMD6;CORO7
GO_Biological_Process_2023,Positive Regulation Of Keratinocyte Migration (GO:0051549),0.07612274513900853,0.17739506351984777,0,0,5.219739712630708,13.442960321520808,IQSEC1;MMP9
GO_Biological_Process_2023,Positive Regulation Of Leukocyte Apoptotic Process (GO:2000108),0.07612274513900853,0.17739506351984777,0,0,5.219739712630708,13.442960321520808,CDKN2A;RAPGEF2
GO_Biological_Process_2023,Positive Regulation Of Tissue Remodeling (GO:0034105),0.07612274513900853,0.17739506351984777,0,0,5.219739712630708,13.442960321520808,ROCK1;IL15
GO_Biological_Process_2023,Positive Regulation Of Vasculogenesis (GO:2001214),0.07612274513900853,0.17739506351984777,0,0,5.219739712630708,13.442960321520808,RAPGEF2;RIN2
GO_Biological_Process_2023,Protein O-linked Glycosylation Via Threonine (GO:0018243),0.07612274513900853,0.17739506351984777,0,0,5.219739712630708,13.442960321520808,GALNT6;GALNT16
GO_Biological_Process_2023,Regulation Of ER To Golgi Vesicle-Mediated Transport (GO:0060628),0.07612274513900853,0.17739506351984777,0,0,5.219739712630708,13.442960321520808,LRRK2;SORL1
GO_Biological_Process_2023,Regulation Of PERK-mediated Unfolded Protein Response (GO:1903897),0.07612274513900853,0.17739506351984777,0,0,5.219739712630708,13.442960321520808,PTPN1;AGR2
GO_Biological_Process_2023,Regulation Of RNA Polymerase II Regulatory Region Sequence-Specific DNA Binding (GO:1903025),0.07612274513900853,0.17739506351984777,0,0,5.219739712630708,13.442960321520808,ZNF593;NSD1
GO_Biological_Process_2023,Regulation Of Attachment Of Spindle Microtubules To Kinetochore (GO:0051988),0.07612274513900853,0.17739506351984777,0,0,5.219739712630708,13.442960321520808,RACGAP1;SIRT2
GO_Biological_Process_2023,Regulation Of Ceramide Biosynthetic Process (GO:2000303),0.07612274513900853,0.17739506351984777,0,0,5.219739712630708,13.442960321520808,SPHK1;PLA2G6
GO_Biological_Process_2023,Regulation Of High Voltage-Gated Calcium Channel Activity (GO:1901841),0.07612274513900853,0.17739506351984777,0,0,5.219739712630708,13.442960321520808,CACNB3;SRI
GO_Biological_Process_2023,Regulation Of Inflammatory Response To Wounding (GO:0106014),0.07612274513900853,0.17739506351984777,0,0,5.219739712630708,13.442960321520808,MDK;EXTL3
GO_Biological_Process_2023,Regulation Of Protein Localization To Centrosome (GO:1904779),0.07612274513900853,0.17739506351984777,0,0,5.219739712630708,13.442960321520808,UBXN2B;CEP250
GO_Biological_Process_2023,Regulation Of Tau-Protein Kinase Activity (GO:1902947),0.07612274513900853,0.17739506351984777,0,0,5.219739712630708,13.442960321520808,HSP90AA1;SORL1
GO_Biological_Process_2023,Response To Interleukin-4 (GO:0070670),0.07612274513900853,0.17739506351984777,0,0,5.219739712630708,13.442960321520808,XBP1;GATA3
GO_Biological_Process_2023,Response To Laminar Fluid Shear Stress (GO:0034616),0.07612274513900853,0.17739506351984777,0,0,5.219739712630708,13.442960321520808,KLF4;SMAD6
GO_Biological_Process_2023,Response To Type I Interferon (GO:0034340),0.07612274513900853,0.17739506351984777,0,0,5.219739712630708,13.442960321520808,SETD2;SHMT2
GO_Biological_Process_2023,Sequestering Of Extracellular Ligand From Receptor (GO:0035581),0.07612274513900853,0.17739506351984777,0,0,5.219739712630708,13.442960321520808,FBN2;NBL1
GO_Biological_Process_2023,Serine Family Amino Acid Catabolic Process (GO:0009071),0.07612274513900853,0.17739506351984777,0,0,5.219739712630708,13.442960321520808,SHMT2;SDSL
GO_Biological_Process_2023,Regulation Of DNA-templated Transcription Elongation (GO:0032784),0.07659046081029615,0.17828768959212662,0,0,2.3437330953153737,6.021712994803652,LDB1;SRCAP;INTS5;CCAR2;HMGN1
GO_Biological_Process_2023,Zymogen Activation (GO:0031638),0.07659046081029615,0.17828768959212662,0,0,2.3437330953153737,6.021712994803652,CYFIP2;MMP14;ASPH;BAD;F12
GO_Biological_Process_2023,Epithelial Cell Differentiation (GO:0030855),0.07928632164899146,0.1843593045079531,0,0,1.6771604938271605,4.25108135160438,BMP4;GSTK1;CBR1;TAGLN;SCUBE1;BASP1;KRT15;SIX1;EDF1;GATA3;CCNO
GO_Biological_Process_2023,Synapse Organization (GO:0050808),0.07928632164899146,0.1843593045079531,0,0,1.6771604938271605,4.25108135160438,CAST;APP;CACNB3;PTK7;LRRK2;DOK7;CHCHD10;PIN1;GPC4;PDZRN3;CBLN2
GO_Biological_Process_2023,Glycosaminoglycan Biosynthetic Process (GO:0006024),0.07959694957489165,0.18475691372067565,0,0,2.1096813476760707,5.339138324774176,CHPF2;B3GAT3;DSE;ST3GAL4;XYLT1;B4GALT7
GO_Biological_Process_2023,Negative Regulation Of Cytokine-Mediated Signaling Pathway (GO:0001960),0.07959694957489165,0.18475691372067565,0,0,2.1096813476760707,5.339138324774176,UXT;SIGIRR;YTHDF3;PELI3;PYDC1;TTLL12
GO_Biological_Process_2023,Regulation Of Cell Death (GO:0010941),0.07959694957489165,0.18475691372067565,0,0,2.1096813476760707,5.339138324774176,LRRK2;CHMP2B;AGR2;TMEM109;AGR3;HSPA1B
GO_Biological_Process_2023,Monocarboxylic Acid Transport (GO:0015718),0.07967669325973568,0.18475691372067565,0,0,1.9693363658516774,4.981984141458728,LYPLA1;SLC6A8;ACSL1;SLC27A3;SLC16A3;SLC26A6;PPARD
GO_Biological_Process_2023,Second-Messenger-Mediated Signaling (GO:0019932),0.07967669325973568,0.18475691372067565,0,0,1.9693363658516774,4.981984141458728,EDN2;P2RX4;LRRK2;SPHK1;PLCE1;TPCN2;CAMKK2
GO_Biological_Process_2023,Negative Regulation Of Proteasomal Ubiquitin-Dependent Protein Catabolic Process (GO:0032435),0.08225179982816384,0.18805649083538356,0,0,2.6110399879509,6.522299577414473,CAMLG;RPL11;SGTA;CCAR2
GO_Biological_Process_2023,Phosphatidylinositol 3-Kinase Signaling (GO:0014065),0.08225179982816384,0.18805649083538356,0,0,2.6110399879509,6.522299577414473,PIK3R2;GATA3;IGF1R;ZFP36L1
GO_Biological_Process_2023,Proteoglycan Biosynthetic Process (GO:0030166),0.08225179982816384,0.18805649083538356,0,0,2.6110399879509,6.522299577414473,B3GAT3;XYLT1;EXTL3;B4GALT7
GO_Biological_Process_2023,Regulation Of Natural Killer Cell Mediated Cytotoxicity (GO:0042269),0.08225179982816384,0.18805649083538356,0,0,2.6110399879509,6.522299577414473,CADM1;ARRB2;HLA-F;RASGRP1
GO_Biological_Process_2023,Ameboidal-Type Cell Migration (GO:0001667),0.08250858353077112,0.18805649083538356,0,0,3.2247257174735013,8.045216463556846,SMAD4;AMOTL2;AMOTL1
GO_Biological_Process_2023,Calcium-Mediated Signaling Using Intracellular Calcium Source (GO:0035584),0.08250858353077112,0.18805649083538356,0,0,3.2247257174735013,8.045216463556846,FIS1;PRNP;STIMATE
GO_Biological_Process_2023,Cell Projection Organization (GO:0030030),0.08250858353077112,0.18805649083538356,0,0,3.2247257174735013,8.045216463556846,CYFIP2;PACSIN2;RAC3
GO_Biological_Process_2023,Endoplasmic Reticulum Calcium Ion Homeostasis (GO:0032469),0.08250858353077112,0.18805649083538356,0,0,3.2247257174735013,8.045216463556846,FIS1;KCTD17;TGM2
GO_Biological_Process_2023,Glutamate Metabolic Process (GO:0006536),0.08250858353077112,0.18805649083538356,0,0,3.2247257174735013,8.045216463556846,DGLUCY;FPGS;NAGS
GO_Biological_Process_2023,Intracellular Monoatomic Ion Homeostasis (GO:0006873),0.08250858353077112,0.18805649083538356,0,0,3.2247257174735013,8.045216463556846,SLC39A8;LETMD1;SLC39A4
GO_Biological_Process_2023,Leukotriene Metabolic Process (GO:0006691),0.08250858353077112,0.18805649083538356,0,0,3.2247257174735013,8.045216463556846,ALOX5AP;MGST2;LTC4S
GO_Biological_Process_2023,Maturation Of LSU-rRNA (GO:0000470),0.08250858353077112,0.18805649083538356,0,0,3.2247257174735013,8.045216463556846,EIF6;RPL35;RPL7
GO_Biological_Process_2023,Monocarboxylic Acid Catabolic Process (GO:0072329),0.08250858353077112,0.18805649083538356,0,0,3.2247257174735013,8.045216463556846,ACOT8;LPIN3;PPARD
GO_Biological_Process_2023,Negative Regulation Of Microtubule Depolymerization (GO:0007026),0.08250858353077112,0.18805649083538356,0,0,3.2247257174735013,8.045216463556846,CKAP2;BMERB1;CLASP2
GO_Biological_Process_2023,Negative Regulation Of Protein Localization To Cell Periphery (GO:1904376),0.08250858353077112,0.18805649083538356,0,0,3.2247257174735013,8.045216463556846,TGFB1;SAPCD2;LZTFL1
GO_Biological_Process_2023,Negative Regulation Of Stem Cell Population Maintenance (GO:1902455),0.08250858353077112,0.18805649083538356,0,0,3.2247257174735013,8.045216463556846,ING2;RBBP7;LOXL2
GO_Biological_Process_2023,Oxoacid Metabolic Process (GO:0043436),0.08250858353077112,0.18805649083538356,0,0,3.2247257174735013,8.045216463556846,PPA2;ENPP1;SULT1A3
GO_Biological_Process_2023,Phosphatidylserine Metabolic Process (GO:0006658),0.08250858353077112,0.18805649083538356,0,0,3.2247257174735013,8.045216463556846,OSBPL5;MBOAT1;OSBPL10
GO_Biological_Process_2023,Positive Regulation Of Antigen Receptor-Mediated Signaling Pathway (GO:0050857),0.08250858353077112,0.18805649083538356,0,0,3.2247257174735013,8.045216463556846,UXT;PRKCH;RPS3
GO_Biological_Process_2023,Positive Regulation Of Dendritic Spine Development (GO:0060999),0.08250858353077112,0.18805649083538356,0,0,3.2247257174735013,8.045216463556846,CAMK2B;NEURL1;DBN1
GO_Biological_Process_2023,Positive Regulation Of Embryonic Development (GO:0040019),0.08250858353077112,0.18805649083538356,0,0,3.2247257174735013,8.045216463556846,RBM19;RACK1;OXSR1
GO_Biological_Process_2023,Positive Regulation Of Lipid Catabolic Process (GO:0050996),0.08250858353077112,0.18805649083538356,0,0,3.2247257174735013,8.045216463556846,IRS2;ABHD5;PNPLA2
GO_Biological_Process_2023,Positive Regulation Of Phospholipase Activity (GO:0010518),0.08250858353077112,0.18805649083538356,0,0,3.2247257174735013,8.045216463556846,PDGFRB;FLT1;ESR1
GO_Biological_Process_2023,Positive Regulation Of Protein Processing (GO:0010954),0.08250858353077112,0.18805649083538356,0,0,3.2247257174735013,8.045216463556846,F12;ENO1;S100A10
GO_Biological_Process_2023,Protein Mannosylation (GO:0035268),0.08250858353077112,0.18805649083538356,0,0,3.2247257174735013,8.045216463556846,DPM2;DPY19L1;FKTN
GO_Biological_Process_2023,Receptor Metabolic Process (GO:0043112),0.08250858353077112,0.18805649083538356,0,0,3.2247257174735013,8.045216463556846,UVRAG;TGFB1;PLEKHJ1
GO_Biological_Process_2023,Regulation Of Cardiac Muscle Cell Proliferation (GO:0060043),0.08250858353077112,0.18805649083538356,0,0,3.2247257174735013,8.045216463556846,RBPJ;TGFBR1;BMPR1A
GO_Biological_Process_2023,Regulation Of Membrane Depolarization (GO:0003254),0.08250858353077112,0.18805649083538356,0,0,3.2247257174735013,8.045216463556846,LRRK2;RANGRF;GPD1L
GO_Biological_Process_2023,Regulation Of Toll-Like Receptor Signaling Pathway (GO:0034121),0.08250858353077112,0.18805649083538356,0,0,3.2247257174735013,8.045216463556846,GPR108;IRF1;LGR4
GO_Biological_Process_2023,Response To Ketone (GO:1901654),0.08250858353077112,0.18805649083538356,0,0,3.2247257174735013,8.045216463556846,TGFB1;ABHD2;THBS1
GO_Biological_Process_2023,Sensory Perception Of Pain (GO:0019233),0.08250858353077112,0.18805649083538356,0,0,3.2247257174735013,8.045216463556846,P2RX4;TRPA1;NIPSNAP1
GO_Biological_Process_2023,Establishment Of Protein Localization To Extracellular Region (GO:0035592),0.08266268452536095,0.18805649083538356,0,0,2.2850738396624473,5.696659361944787,GSDMD;NECAB3;RAB13;MIA2;LTBP2
GO_Biological_Process_2023,Mitotic G2/M Transition Checkpoint (GO:0044818),0.08266268452536095,0.18805649083538356,0,0,2.2850738396624473,5.696659361944787,CDKN1A;FZR1;MRNIP;PLK1;TAOK2
GO_Biological_Process_2023,Negative Regulation Of Response To Biotic Stimulus (GO:0002832),0.08266268452536095,0.18805649083538356,0,0,2.2850738396624473,5.696659361944787,SIGIRR;MAPKBP1;PRKDC;TRIB1;ATG12
GO_Biological_Process_2023,Protein Sumoylation (GO:0016925),0.08266268452536095,0.18805649083538356,0,0,2.2850738396624473,5.696659361944787,PIAS3;NSMCE4A;CBX4;ZMIZ1;RANGAP1
GO_Biological_Process_2023,Sensory Perception Of Light Stimulus (GO:0050953),0.08342419703677652,0.18968644369431206,0,0,1.770118666030144,4.396650621159831,COL1A1;COL18A1;EFEMP1;COL2A1;LUM;E2F1;UNC119;RABGGTB;DHRS3
GO_Biological_Process_2023,Import Into Nucleus (GO:0051170),0.084386029065038,0.19166643386886464,0,0,1.9394419378579886,4.794985914717438,CDAN1;NUP188;PPP1R10;FAM53B;RANGRF;HIKESHI;TNPO2
GO_Biological_Process_2023,Negative Regulation Of Neuron Apoptotic Process (GO:0043524),0.084386029065038,0.19166643386886464,0,0,1.9394419378579886,4.794985914717438,NRBP2;MDK;UNC5B;SIX1;PTK2B;HIF1A;IL27RA
GO_Biological_Process_2023,Anterior/Posterior Pattern Specification (GO:0009952),0.08491757546885903,0.19266589994577873,0,0,2.0698162990989197,5.104320560124576,SKI;HES6;BASP1;BHLHE40;TGFBR1;HES4
GO_Biological_Process_2023,Transcription Preinitiation Complex Assembly (GO:0070897),0.08491757546885903,0.19266589994577873,0,0,2.0698162990989197,5.104320560124576,MED22;GTF2A2;TAF12;MED10;TAF7;ESR1
GO_Biological_Process_2023,Positive Regulation Of Plasma Membrane Bounded Cell Projection Assembly (GO:0120034),0.08669867418026837,0.19660103229569742,0,0,1.8288431061806656,4.472100566090404,APC;NEURL1;TWF2;CCP110;PLCE1;EPS8L2;KCTD17;BBS4
GO_Biological_Process_2023,Intracellular Protein Transmembrane Transport (GO:0065002),0.08898165558601052,0.20076325035179315,0,0,2.2292760111145413,5.393343291493998,PEX16;PAM16;TIMM17B;PEX2;TIMM44
GO_Biological_Process_2023,Regulation Of Epidermal Growth Factor Receptor Signaling Pathway (GO:0042058),0.08898165558601052,0.20076325035179315,0,0,2.2292760111145413,5.393343291493998,HIP1;MVP;AGR2;PTK6;MMP9
GO_Biological_Process_2023,Secondary Alcohol Metabolic Process (GO:1902652),0.08898165558601052,0.20076325035179315,0,0,2.2292760111145413,5.393343291493998,OSBPL5;IDH3G;GLB1;CLN6;PPARD
GO_Biological_Process_2023,Monoubiquitinated Protein Deubiquitination (GO:0035520),0.08993440989607673,0.20076325035179315,0,0,2.520931416210714,6.072103604865881,SF3B5;TAF12;USP22;TAF7
GO_Biological_Process_2023,Organophosphate Biosynthetic Process (GO:0090407),0.08993440989607673,0.20076325035179315,0,0,2.520931416210714,6.072103604865881,PPIP5K2;MBOAT1;DCK;IP6K2
GO_Biological_Process_2023,Positive Regulation Of Epidermal Growth Factor Receptor Signaling Pathway (GO:0045742),0.08993440989607673,0.20076325035179315,0,0,2.520931416210714,6.072103604865881,HIP1;AGR2;PTK6;MMP9
GO_Biological_Process_2023,Protein Methylation (GO:0006479),0.08993440989607673,0.20076325035179315,0,0,2.520931416210714,6.072103604865881,TRMT112;CARM1;LCMT1;EEF1AKMT1
GO_Biological_Process_2023,Ubiquitin-Dependent Protein Catabolic Process Via The Multivesicular Body Sorting Pathway (GO:0043162),0.08993440989607673,0.20076325035179315,0,0,2.520931416210714,6.072103604865881,CHMP2B;VPS37C;VPS37D;PTPN23
GO_Biological_Process_2023,Positive Regulation Of Interleukin-8 Production (GO:0032757),0.09042938685959384,0.20076325035179315,0,0,2.031427733802404,4.881898666583684,PYCARD;CD74;CNTN1;HSPA1B;MYD88;HSPA1A
GO_Biological_Process_2023,Organic Anion Transport (GO:0015711),0.09116392637763537,0.20076325035179315,0,0,1.8062126222013526,4.3260526342692796,SLC4A7;SLC4A8;ABCC5;SLC39A8;SLC25A4;SLC26A6;SLC2A8;SLC25A24
GO_Biological_Process_2023,L-serine Metabolic Process (GO:0006563),0.09196682733996889,0.20076325035179315,0,0,4.567140600315955,10.898692477173782,SHMT2;SDSL
GO_Biological_Process_2023,UDP-N-acetylglucosamine Metabolic Process (GO:0006047),0.09196682733996889,0.20076325035179315,0,0,4.567140600315955,10.898692477173782,GNPDA1;UAP1L1
GO_Biological_Process_2023,Arginine Metabolic Process (GO:0006525),0.09196682733996889,0.20076325035179315,0,0,4.567140600315955,10.898692477173782,SLC39A8;NAGS
GO_Biological_Process_2023,Branched-Chain Amino Acid Transport (GO:0015803),0.09196682733996889,0.20076325035179315,0,0,4.567140600315955,10.898692477173782,SLC43A2;SLC43A1
GO_Biological_Process_2023,Cellular Response To UV-A (GO:0071492),0.09196682733996889,0.20076325035179315,0,0,4.567140600315955,10.898692477173782,MMP9;PPID
GO_Biological_Process_2023,Cellular Response To Cholesterol (GO:0071397),0.09196682733996889,0.20076325035179315,0,0,4.567140600315955,10.898692477173782,GRAMD1A;PTCH1
GO_Biological_Process_2023,Cellular Response To Interleukin-15 (GO:0071350),0.09196682733996889,0.20076325035179315,0,0,4.567140600315955,10.898692477173782,IL15RA;IL15
GO_Biological_Process_2023,Cellular Response To Nitrogen Levels (GO:0043562),0.09196682733996889,0.20076325035179315,0,0,4.567140600315955,10.898692477173782,MAP1LC3A;GABARAP
GO_Biological_Process_2023,Cellular Response To Nitrogen Starvation (GO:0006995),0.09196682733996889,0.20076325035179315,0,0,4.567140600315955,10.898692477173782,MAP1LC3A;GABARAP
GO_Biological_Process_2023,Central Nervous System Neuron Axonogenesis (GO:0021955),0.09196682733996889,0.20076325035179315,0,0,4.567140600315955,10.898692477173782,HSP90AA1;MYCBP2
GO_Biological_Process_2023,Coenzyme A Biosynthetic Process (GO:0015937),0.09196682733996889,0.20076325035179315,0,0,4.567140600315955,10.898692477173782,ACOT7;PPCDC
GO_Biological_Process_2023,Diol Metabolic Process (GO:0034311),0.09196682733996889,0.20076325035179315,0,0,4.567140600315955,10.898692477173782,SPHK1;DEGS2
GO_Biological_Process_2023,Embryonic Appendage Morphogenesis (GO:0035113),0.09196682733996889,0.20076325035179315,0,0,4.567140600315955,10.898692477173782,SKI;PTCH1
GO_Biological_Process_2023,Engulfment Of Apoptotic Cell (GO:0043652),0.09196682733996889,0.20076325035179315,0,0,4.567140600315955,10.898692477173782,RAC3;THBS1
GO_Biological_Process_2023,Establishment Of Epithelial Cell Apical/Basal Polarity (GO:0045198),0.09196682733996889,0.20076325035179315,0,0,4.567140600315955,10.898692477173782,SH3BP1;SYNE4
GO_Biological_Process_2023,Formation Of Extrachromosomal Circular DNA (GO:0001325),0.09196682733996889,0.20076325035179315,0,0,4.567140600315955,10.898692477173782,SLX1A;TERF1
GO_Biological_Process_2023,Hematopoietic Stem Cell Proliferation (GO:0071425),0.09196682733996889,0.20076325035179315,0,0,4.567140600315955,10.898692477173782,SFRP2;WNT5A
GO_Biological_Process_2023,Inositol Phosphate Biosynthetic Process (GO:0032958),0.09196682733996889,0.20076325035179315,0,0,4.567140600315955,10.898692477173782,PPIP5K2;IP6K2
GO_Biological_Process_2023,Interleukin-15-Mediated Signaling Pathway (GO:0035723),0.09196682733996889,0.20076325035179315,0,0,4.567140600315955,10.898692477173782,IL15RA;IL15
GO_Biological_Process_2023,Maintenance Of Synapse Structure (GO:0099558),0.09196682733996889,0.20076325035179315,0,0,4.567140600315955,10.898692477173782,CHCHD10;CBLN2
GO_Biological_Process_2023,Mesonephros Development (GO:0001823),0.09196682733996889,0.20076325035179315,0,0,4.567140600315955,10.898692477173782,GATA3;OXSR1
GO_Biological_Process_2023,Metanephric Mesenchyme Development (GO:0072075),0.09196682733996889,0.20076325035179315,0,0,4.567140600315955,10.898692477173782,SIX1;OXSR1
GO_Biological_Process_2023,miRNA Catabolic Process (GO:0010587),0.09196682733996889,0.20076325035179315,0,0,4.567140600315955,10.898692477173782,ELOB;ELOC
GO_Biological_Process_2023,Microtubule Anchoring At Centrosome (GO:0034454),0.09196682733996889,0.20076325035179315,0,0,4.567140600315955,10.898692477173782,NIN;HOOK3
GO_Biological_Process_2023,Mitotic DNA Replication (GO:1902969),0.09196682733996889,0.20076325035179315,0,0,4.567140600315955,10.898692477173782,MCM4;TK1
GO_Biological_Process_2023,Mitotic Spindle Elongation (GO:0000022),0.09196682733996889,0.20076325035179315,0,0,4.567140600315955,10.898692477173782,RACGAP1;BIRC5
GO_Biological_Process_2023,Mitotic Spindle Midzone Assembly (GO:0051256),0.09196682733996889,0.20076325035179315,0,0,4.567140600315955,10.898692477173782,RACGAP1;BIRC5
GO_Biological_Process_2023,Negative Regulation Of Activin Receptor Signaling Pathway (GO:0032926),0.09196682733996889,0.20076325035179315,0,0,4.567140600315955,10.898692477173782,SKI;LEMD3
GO_Biological_Process_2023,Negative Regulation Of Cell Division (GO:0051782),0.09196682733996889,0.20076325035179315,0,0,4.567140600315955,10.898692477173782,MYC;ZFYVE19
GO_Biological_Process_2023,Negative Regulation Of Hydrogen Peroxide-Induced Cell Death (GO:1903206),0.09196682733996889,0.20076325035179315,0,0,4.567140600315955,10.898692477173782,LRRK2;RACK1
GO_Biological_Process_2023,Negative Regulation Of Lipopolysaccharide-Mediated Signaling Pathway (GO:0031665),0.09196682733996889,0.20076325035179315,0,0,4.567140600315955,10.898692477173782,SIGIRR;TRIB1
GO_Biological_Process_2023,Negative Regulation Of Nuclear Division (GO:0051784),0.09196682733996889,0.20076325035179315,0,0,4.567140600315955,10.898692477173782,BMP4;NME6
GO_Biological_Process_2023,Negative Regulation Of Response To Cytokine Stimulus (GO:0060761),0.09196682733996889,0.20076325035179315,0,0,4.567140600315955,10.898692477173782,SIGIRR;KLF4
GO_Biological_Process_2023,Negative Regulation Of Transmembrane Transport (GO:0034763),0.09196682733996889,0.20076325035179315,0,0,4.567140600315955,10.898692477173782,IRS2;THBS1
GO_Biological_Process_2023,Negative Regulation Of Vascular Endothelial Growth Factor Receptor Signaling Pathway (GO:0030948),0.09196682733996889,0.20076325035179315,0,0,4.567140600315955,10.898692477173782,PTPN1;EMILIN1
GO_Biological_Process_2023,Positive Regulation Of B Cell Differentiation (GO:0045579),0.09196682733996889,0.20076325035179315,0,0,4.567140600315955,10.898692477173782,MMP14;XBP1
GO_Biological_Process_2023,Positive Regulation Of MHC Class II Biosynthetic Process (GO:0045348),0.09196682733996889,0.20076325035179315,0,0,4.567140600315955,10.898692477173782,XBP1;RFX5
GO_Biological_Process_2023,Positive Regulation Of Attachment Of Spindle Microtubules To Kinetochore (GO:0051987),0.09196682733996889,0.20076325035179315,0,0,4.567140600315955,10.898692477173782,BIRC5;SIRT2
GO_Biological_Process_2023,Positive Regulation Of Cellular Senescence (GO:2000774),0.09196682733996889,0.20076325035179315,0,0,4.567140600315955,10.898692477173782,TP53;YPEL3
GO_Biological_Process_2023,Positive Regulation Of Integrin Activation (GO:0033625),0.09196682733996889,0.20076325035179315,0,0,4.567140600315955,10.898692477173782,RAP1B;FERMT2
GO_Biological_Process_2023,Positive Regulation Of Macrophage Differentiation (GO:0045651),0.09196682733996889,0.20076325035179315,0,0,4.567140600315955,10.898692477173782,TGFB1;CSF1
GO_Biological_Process_2023,Positive Regulation Of Phospholipid Transport (GO:2001140),0.09196682733996889,0.20076325035179315,0,0,4.567140600315955,10.898692477173782,PRELID1;TSPO
GO_Biological_Process_2023,Positive Regulation Of Protein Polyubiquitination (GO:1902916),0.09196682733996889,0.20076325035179315,0,0,4.567140600315955,10.898692477173782,UBE2V2;GABARAP
GO_Biological_Process_2023,Positive Regulation Of Transforming Growth Factor Beta Production (GO:0071636),0.09196682733996889,0.20076325035179315,0,0,4.567140600315955,10.898692477173782,THBS1;BMPR1A
GO_Biological_Process_2023,Protein Localization To Condensed Chromosome (GO:1903083),0.09196682733996889,0.20076325035179315,0,0,4.567140600315955,10.898692477173782,BUB3;KNL1
GO_Biological_Process_2023,Purine Nucleoside Bisphosphate Biosynthetic Process (GO:0034033),0.09196682733996889,0.20076325035179315,0,0,4.567140600315955,10.898692477173782,ACOT7;PPCDC
GO_Biological_Process_2023,Purine Ribonucleoside Monophosphate Metabolic Process (GO:0009167),0.09196682733996889,0.20076325035179315,0,0,4.567140600315955,10.898692477173782,AMPD2;NT5C2
GO_Biological_Process_2023,Regulation Of Calcium Ion Import Across Plasma Membrane (GO:1905664),0.09196682733996889,0.20076325035179315,0,0,4.567140600315955,10.898692477173782,PPP3CA;PRNP
GO_Biological_Process_2023,Regulation Of Cardiac Muscle Cell Apoptotic Process (GO:0010665),0.09196682733996889,0.20076325035179315,0,0,4.567140600315955,10.898692477173782,MDK;PPP1R10
GO_Biological_Process_2023,Regulation Of Cysteine-Type Endopeptidase Activity Involved In Apoptotic Signaling Pathway (GO:2001267),0.09196682733996889,0.20076325035179315,0,0,4.567140600315955,10.898692477173782,PRR7;MMP9
GO_Biological_Process_2023,Regulation Of Glycoprotein Biosynthetic Process (GO:0010559),0.09196682733996889,0.20076325035179315,0,0,4.567140600315955,10.898692477173782,NECAB3;FKTN
GO_Biological_Process_2023,Regulation Of Long-Term Neuronal Synaptic Plasticity (GO:0048169),0.09196682733996889,0.20076325035179315,0,0,4.567140600315955,10.898692477173782,CAMK2B;NEURL1
GO_Biological_Process_2023,Regulation Of Melanin Biosynthetic Process (GO:0048021),0.09196682733996889,0.20076325035179315,0,0,4.567140600315955,10.898692477173782,RAPGEF2;MFSD12
GO_Biological_Process_2023,Regulation Of Mitochondrial Depolarization (GO:0051900),0.09196682733996889,0.20076325035179315,0,0,4.567140600315955,10.898692477173782,LRRK2;RACK1
GO_Biological_Process_2023,Regulation Of Mitotic Sister Chromatid Separation (GO:0010965),0.09196682733996889,0.20076325035179315,0,0,4.567140600315955,10.898692477173782,BIRC5;LCMT1
GO_Biological_Process_2023,"Regulation Of Nuclear-Transcribed mRNA Catabolic Process, Nonsense-Mediated Decay (GO:2000622)",0.09196682733996889,0.20076325035179315,0,0,4.567140600315955,10.898692477173782,MAGOH;HNRNPAB
GO_Biological_Process_2023,Regulation Of Phospholipase Activity (GO:0010517),0.09196682733996889,0.20076325035179315,0,0,4.567140600315955,10.898692477173782,LRP1;RASGRP1
GO_Biological_Process_2023,Ribonucleoside Bisphosphate Biosynthetic Process (GO:0034030),0.09196682733996889,0.20076325035179315,0,0,4.567140600315955,10.898692477173782,ACOT7;PPCDC
GO_Biological_Process_2023,snRNA Transcription By RNA Polymerase II (GO:0042795),0.09196682733996889,0.20076325035179315,0,0,4.567140600315955,10.898692477173782,SNAPC4;ELL2
GO_Biological_Process_2023,Steroid Hormone Mediated Signaling Pathway (GO:0043401),0.09196682733996889,0.20076325035179315,0,0,4.567140600315955,10.898692477173782,BMP4;ESR1
GO_Biological_Process_2023,T-Circle Formation (GO:0090656),0.09196682733996889,0.20076325035179315,0,0,4.567140600315955,10.898692477173782,SLX1A;TERF1
GO_Biological_Process_2023,Telomere Maintenance Via Telomere Trimming (GO:0090737),0.09196682733996889,0.20076325035179315,0,0,4.567140600315955,10.898692477173782,SLX1A;TERF1
GO_Biological_Process_2023,Aminoglycan Biosynthetic Process (GO:0006023),0.09269845573954935,0.2011093236059981,0,0,3.0454864769933265,7.24339559021601,B3GAT3;XYLT1;B4GALT7
GO_Biological_Process_2023,Cellular Response To Interferon-Beta (GO:0035458),0.09269845573954935,0.2011093236059981,0,0,3.0454864769933265,7.24339559021601,NDUFA13;IFITM2;IRF1
GO_Biological_Process_2023,Endocardial Cushion Morphogenesis (GO:0003203),0.09269845573954935,0.2011093236059981,0,0,3.0454864769933265,7.24339559021601,BMP4;APC;BMPR1A
GO_Biological_Process_2023,Focal Adhesion Assembly (GO:0048041),0.09269845573954935,0.2011093236059981,0,0,3.0454864769933265,7.24339559021601,CDH11;TAOK2;FERMT2
GO_Biological_Process_2023,Mitochondrial Calcium Ion Homeostasis (GO:0051560),0.09269845573954935,0.2011093236059981,0,0,3.0454864769933265,7.24339559021601,FIS1;MCUB;TGM2
GO_Biological_Process_2023,Positive Regulation Of Granulocyte Chemotaxis (GO:0071624),0.09269845573954935,0.2011093236059981,0,0,3.0454864769933265,7.24339559021601,CD74;MDK;DAPK2
GO_Biological_Process_2023,Positive Regulation Of Natural Killer Cell Mediated Cytotoxicity (GO:0045954),0.09269845573954935,0.2011093236059981,0,0,3.0454864769933265,7.24339559021601,CADM1;HLA-F;RASGRP1
GO_Biological_Process_2023,Regulation Of Cell-Substrate Junction Assembly (GO:0090109),0.09269845573954935,0.2011093236059981,0,0,3.0454864769933265,7.24339559021601,LDB1;ROCK1;LIMCH1
GO_Biological_Process_2023,Regulation Of Lipid Storage (GO:0010883),0.09269845573954935,0.2011093236059981,0,0,3.0454864769933265,7.24339559021601,VSTM2A;IKBKE;NFKB1
GO_Biological_Process_2023,Regulation Of Lipopolysaccharide-Mediated Signaling Pathway (GO:0031664),0.09269845573954935,0.2011093236059981,0,0,3.0454864769933265,7.24339559021601,SIGIRR;TRIB1;SASH1
GO_Biological_Process_2023,Regulation Of Membrane Protein Ectodomain Proteolysis (GO:0051043),0.09269845573954935,0.2011093236059981,0,0,3.0454864769933265,7.24339559021601,ROCK1;ADAM9;SNX33
GO_Biological_Process_2023,Sulfur Compound Transport (GO:0072348),0.09269845573954935,0.2011093236059981,0,0,3.0454864769933265,7.24339559021601,RACGAP1;SLC25A11;SLC26A6
GO_Biological_Process_2023,Regulation Of DNA Replication (GO:0006275),0.09427081389443485,0.20441524063309227,0,0,1.882290825517113,4.445187219185575,CDT1;INO80E;JADE1;SMARCA5;JADE2;TERF1;NFRKB
GO_Biological_Process_2023,Insulin Receptor Signaling Pathway (GO:0008286),0.0955434738599424,0.20685530510242542,0,0,2.176135222021298,5.1099439560595075,GAB1;IRS2;PIK3R2;ZNF106;IGF1R
GO_Biological_Process_2023,Negative Regulation Of Hydrolase Activity (GO:0051346),0.0955434738599424,0.20685530510242542,0,0,2.176135222021298,5.1099439560595075,ATP5IF1;ARFGEF1;LRRK2;RRP1B;NEIL1
GO_Biological_Process_2023,Unsaturated Fatty Acid Metabolic Process (GO:0033559),0.0955434738599424,0.20685530510242542,0,0,2.176135222021298,5.1099439560595075,ELOVL1;ACOT8;SCD5;DEGS1;ACAA1
GO_Biological_Process_2023,Protein Lipidation (GO:0006497),0.0961304470720904,0.20801917400851627,0,0,1.9944351163348524,4.671065141164901,DPM2;ATG16L2;ZDHHC23;ZDHHC13;PIGW;ATG12
GO_Biological_Process_2023,Negative Regulation Of Cellular Biosynthetic Process (GO:0031327),0.09697450298264475,0.20973786957366053,0,0,1.6098412698412699,3.7562542110967194,SYNCRIP;BTG2;CDKN1A;FXR2;LARP1;RACK1;RPS3;RAPGEF2;CNOT10;PAIP2;NFKB1
GO_Biological_Process_2023,Cellular Response To Amyloid-Beta (GO:1904646),0.09794688502759655,0.2111901345884327,0,0,2.4368300825865403,5.661560281659186,APP;PRNP;LRP1;IGF1R
GO_Biological_Process_2023,Histone Deubiquitination (GO:0016578),0.09794688502759655,0.2111901345884327,0,0,2.4368300825865403,5.661560281659186,SF3B5;TAF12;USP22;TAF7
GO_Biological_Process_2023,Membrane Protein Proteolysis (GO:0033619),0.09794688502759655,0.2111901345884327,0,0,2.4368300825865403,5.661560281659186,RET;TGFB1;ERAP1;ADAM9
GO_Biological_Process_2023,Positive Regulation Of Neuron Death (GO:1901216),0.09794688502759655,0.2111901345884327,0,0,2.4368300825865403,5.661560281659186,PRNP;ITGAM;WNT5A;CTNNB1
GO_Biological_Process_2023,Regulation Of DNA Biosynthetic Process (GO:2000278),0.09794688502759655,0.2111901345884327,0,0,2.4368300825865403,5.661560281659186,PDGFRB;CDKN1A;JADE1;JADE2
GO_Biological_Process_2023,Regulation Of calcineurin-NFAT Signaling Cascade (GO:0070884),0.09794688502759655,0.2111901345884327,0,0,2.4368300825865403,5.661560281659186,PPP3CA;PRNP;STIMATE;LMCD1
GO_Biological_Process_2023,Regulation Of Cell Motility (GO:2000145),0.09883488774500043,0.21299575859477832,0,0,1.647872092081505,3.813677998725336,TGFB1;LDB1;ROCK1;PIN1;FLNA;AMOTL2;PLXNB1;GATA3;AMOTL1;SRCIN1
GO_Biological_Process_2023,Positive Regulation Of Tumor Necrosis Factor Production (GO:0032760),0.09944415542601033,0.21408964135937092,0,0,1.8549576848323461,4.281537357184899,SETD4;PYCARD;APP;WNT5A;HSPB1;RASGRP1;THBS1
GO_Biological_Process_2023,Regulation Of Ras Protein Signal Transduction (GO:0046578),0.09944415542601033,0.21408964135937092,0,0,1.8549576848323461,4.281537357184899,SH3BP1;PLCE1;ARHGAP17;EPS8L2;SQSTM1;RASGRP1;GABARAP
GO_Biological_Process_2023,Fat Cell Differentiation (GO:0045444),0.10201847012312656,0.21929544547651147,0,0,1.9587636637768564,4.471076686009675,NR4A1;ERAP1;ATF5;KLF4;SMAD6;BBS4
GO_Biological_Process_2023,mRNA Export From Nucleus (GO:0006406),0.10201847012312656,0.21929544547651147,0,0,1.9587636637768564,4.471076686009675,MCM3AP;SARNP;MAGOH;THOC3;RAE1;THOC6
GO_Biological_Process_2023,Spliceosomal Complex Assembly (GO:0000245),0.10201847012312656,0.21929544547651147,0,0,1.9587636637768564,4.471076686009675,SF3B4;SF3B5;SRPK3;DDX23;RSRP1;RBM5
GO_Biological_Process_2023,Chloride Transmembrane Transport (GO:1902476),0.1023436825300117,0.21943444355085504,0,0,2.1254660975370423,4.844827153981799,SLC12A2;SLC4A8;SLC12A4;SLC12A5;SLC12A7
GO_Biological_Process_2023,Cytoplasmic Microtubule Organization (GO:0031122),0.1023436825300117,0.21943444355085504,0,0,2.1254660975370423,4.844827153981799,DYNC1H1;HOOK2;KATNA1;SLAIN2;HOOK3
GO_Biological_Process_2023,Neurogenesis (GO:0022008),0.1023436825300117,0.21943444355085504,0,0,2.1254660975370423,4.844827153981799,ROGDI;SIX1;DCHS1;WDR62;TRAK1
GO_Biological_Process_2023,Regulation Of Interferon-Beta Production (GO:0032648),0.1023436825300117,0.21943444355085504,0,0,2.1254660975370423,4.844827153981799,PYCARD;HSP90AA1;TRAF3;IRF1;TRIM65
GO_Biological_Process_2023,Regulation Of Mitochondrion Organization (GO:0010821),0.1023436825300117,0.21943444355085504,0,0,2.1254660975370423,4.844827153981799,SREBF1;FIS1;INF2;LRRK2;SQSTM1
GO_Biological_Process_2023,Protein Dephosphorylation (GO:0006470),0.10293727685099484,0.22008027017624132,0,0,1.633111732265619,3.7131007100926525,PTPRU;PPP3CA;PTPN1;PPM1M;CTDSP2;PPP2R5B;TAB1;PPM1K;TNS2;PPP1CA
GO_Biological_Process_2023,Fc-epsilon Receptor Signaling Pathway (GO:0038095),0.10337657905689986,0.22008027017624132,0,0,2.8851145249847483,6.5474121146718804,IKBKB;MAPK9;VAV2
GO_Biological_Process_2023,Acylglycerol Biosynthetic Process (GO:0046463),0.10337657905689986,0.22008027017624132,0,0,2.8851145249847483,6.5474121146718804,PLCE1;LPIN3;PNPLA2
GO_Biological_Process_2023,Cellular Response To Interleukin-6 (GO:0071354),0.10337657905689986,0.22008027017624132,0,0,2.8851145249847483,6.5474121146718804,SMAD4;SELPLG;NFKB1
GO_Biological_Process_2023,Cellular Response To Topologically Incorrect Protein (GO:0035967),0.10337657905689986,0.22008027017624132,0,0,2.8851145249847483,6.5474121146718804,PTPN1;UBE2W;HSPA1A
GO_Biological_Process_2023,Early Endosome To Late Endosome Transport (GO:0045022),0.10337657905689986,0.22008027017624132,0,0,2.8851145249847483,6.5474121146718804,HOOK2;HOOK3;PTPN23
GO_Biological_Process_2023,Organelle Fission (GO:0048285),0.10337657905689986,0.22008027017624132,0,0,2.8851145249847483,6.5474121146718804,FIS1;MTFP1;MTFR1
GO_Biological_Process_2023,Platelet Dense Granule Organization (GO:0060155),0.10337657905689986,0.22008027017624132,0,0,2.8851145249847483,6.5474121146718804,BLOC1S1;AP1B1;AP1S2
GO_Biological_Process_2023,Positive Regulation Of Phosphatase Activity (GO:0010922),0.10337657905689986,0.22008027017624132,0,0,2.8851145249847483,6.5474121146718804,PDGFRB;PTPA;ROCK1
GO_Biological_Process_2023,Regulation Of T Cell Migration (GO:2000404),0.10337657905689986,0.22008027017624132,0,0,2.8851145249847483,6.5474121146718804,PYCARD;APP;TNFRSF14
GO_Biological_Process_2023,Regulation Of Cellular Response To Transforming Growth Factor Beta Stimulus (GO:1903844),0.10337657905689986,0.22008027017624132,0,0,2.8851145249847483,6.5474121146718804,SMAD4;SMAD3;TGFB1
GO_Biological_Process_2023,Regulation Of Neural Precursor Cell Proliferation (GO:2000177),0.10337657905689986,0.22008027017624132,0,0,2.8851145249847483,6.5474121146718804,MDK;LRRK2;NAP1L1
GO_Biological_Process_2023,Regulation Of Vascular Endothelial Growth Factor Receptor Signaling Pathway (GO:0030947),0.10337657905689986,0.22008027017624132,0,0,2.8851145249847483,6.5474121146718804,PTPN1;EMILIN1;HIF1A
GO_Biological_Process_2023,Vesicle Transport Along Microtubule (GO:0047496),0.10337657905689986,0.22008027017624132,0,0,2.8851145249847483,6.5474121146718804,FYCO1;KIF1C;TRAK1
GO_Biological_Process_2023,Actomyosin Structure Organization (GO:0031032),0.10476966964959412,0.22293333951209743,0,0,1.8284054910242873,4.1248662602877655,EPB41L4A;ALKBH4;OBSCN;ROCK1;TNNT1;CDC42BPG;TPM1
GO_Biological_Process_2023,Muscle Contraction (GO:0006936),0.1053361606065467,0.22402554157281218,0,0,1.7415540965461727,3.919539060382779,SMTN;SLC6A8;ASPH;ROCK1;TPM1;ALDOA;EMD;TPCN2
GO_Biological_Process_2023,One-Carbon Compound Transport (GO:0019755),0.10627887004747343,0.22557475895660817,0,0,2.3581546414542487,5.286248824816581,SLC4A7;SLC4A8;SLC39A8;SLC26A6
GO_Biological_Process_2023,Positive Regulation Of Mitotic Nuclear Division (GO:0045840),0.10627887004747343,0.22557475895660817,0,0,2.3581546414542487,5.286248824816581,CDC20;PDGFRB;NUSAP1;DLGAP5
GO_Biological_Process_2023,Regulation Of G2/M Transition Of Mitotic Cell Cycle (GO:0010389),0.10627887004747343,0.22557475895660817,0,0,2.3581546414542487,5.286248824816581,AVEN;CDKN1A;CCND1;CDC25A
GO_Biological_Process_2023,Regulation Of Defense Response To Virus By Host (GO:0050691),0.10627887004747343,0.22557475895660817,0,0,2.3581546414542487,5.286248824816581,HSP90AA1;EIF2AK4;NT5C2;PQBP1
GO_Biological_Process_2023,Inorganic Anion Transmembrane Transport (GO:0098661),0.10809083342648151,0.22573146811168526,0,0,1.924343841133176,4.281248147237075,SLC12A2;SLC4A8;SLC12A4;SLC12A5;SLC12A7;SLC25A11
GO_Biological_Process_2023,Regulation Of Secretion By Cell (GO:1903530),0.10809083342648151,0.22573146811168526,0,0,1.924343841133176,4.281248147237075,DNAJC1;RAB26;RAB13;STX4;VAMP2;TPCN2
GO_Biological_Process_2023,C-terminal Protein Amino Acid Modification (GO:0018410),0.10865772639809688,0.22573146811168526,0,0,4.059563512960038,9.010414190153485,LCMT1;ATG12
GO_Biological_Process_2023,Golgi To Lysosome Transport (GO:0090160),0.10865772639809688,0.22573146811168526,0,0,4.059563512960038,9.010414190153485,AP4M1;RBSN
GO_Biological_Process_2023,Actin Crosslink Formation (GO:0051764),0.10865772639809688,0.22573146811168526,0,0,4.059563512960038,9.010414190153485,FLNA;GAS2L1
GO_Biological_Process_2023,Brain Morphogenesis (GO:0048854),0.10865772639809688,0.22573146811168526,0,0,4.059563512960038,9.010414190153485,VPS51;BBS4
GO_Biological_Process_2023,Cell Part Morphogenesis (GO:0032990),0.10865772639809688,0.22573146811168526,0,0,4.059563512960038,9.010414190153485,FIS1;PACSIN2
GO_Biological_Process_2023,Cellular Response To Fluid Shear Stress (GO:0071498),0.10865772639809688,0.22573146811168526,0,0,4.059563512960038,9.010414190153485,HDAC3;KLF4
GO_Biological_Process_2023,Cristae Formation (GO:0042407),0.10865772639809688,0.22573146811168526,0,0,4.059563512960038,9.010414190153485,UQCC3;MICOS13
GO_Biological_Process_2023,Desensitization Of G Protein-Coupled Receptor Signaling Pathway (GO:0002029),0.10865772639809688,0.22573146811168526,0,0,4.059563512960038,9.010414190153485,GRK2;ARRB2
GO_Biological_Process_2023,Intestinal Absorption (GO:0050892),0.10865772639809688,0.22573146811168526,0,0,4.059563512960038,9.010414190153485,SLC46A1;SLC26A6
GO_Biological_Process_2023,Methylguanosine-Cap Decapping (GO:0110156),0.10865772639809688,0.22573146811168526,0,0,4.059563512960038,9.010414190153485,DCPS;EDC3
GO_Biological_Process_2023,Mitochondrial Genome Maintenance (GO:0000002),0.10865772639809688,0.22573146811168526,0,0,4.059563512960038,9.010414190153485,MEF2A;SLC25A4
GO_Biological_Process_2023,ncRNA Transcription (GO:0098781),0.10865772639809688,0.22573146811168526,0,0,4.059563512960038,9.010414190153485,GTF3C1;ZFP36L1
GO_Biological_Process_2023,Negative Regulation Of Heart Contraction (GO:0045822),0.10865772639809688,0.22573146811168526,0,0,4.059563512960038,9.010414190153485,GRK2;SRI
GO_Biological_Process_2023,Negative Regulation Of Leukocyte Chemotaxis (GO:0002689),0.10865772639809688,0.22573146811168526,0,0,4.059563512960038,9.010414190153485,UXT;NBL1
GO_Biological_Process_2023,Negative Regulation Of Nitrogen Compound Metabolic Process (GO:0051172),0.10865772639809688,0.22573146811168526,0,0,4.059563512960038,9.010414190153485,TGFB1;NFKB1
GO_Biological_Process_2023,"Negative Regulation Of Nuclear-Transcribed mRNA Catabolic Process, Deadenylation-Dependent Decay (GO:1900152)",0.10865772639809688,0.22573146811168526,0,0,4.059563512960038,9.010414190153485,SYNCRIP;TENT4A
GO_Biological_Process_2023,Negative Regulation Of Release Of Sequestered Calcium Ion Into Cytosol (GO:0051280),0.10865772639809688,0.22573146811168526,0,0,4.059563512960038,9.010414190153485,GSTO1;SRI
GO_Biological_Process_2023,Negative Regulation Of Ryanodine-Sensitive Calcium-Release Channel Activity (GO:0060315),0.10865772639809688,0.22573146811168526,0,0,4.059563512960038,9.010414190153485,GSTO1;SRI
GO_Biological_Process_2023,Nucleoside Phosphate Catabolic Process (GO:1901292),0.10865772639809688,0.22573146811168526,0,0,4.059563512960038,9.010414190153485,ENPP1;ENTPD8
GO_Biological_Process_2023,Phasic Smooth Muscle Contraction (GO:0014821),0.10865772639809688,0.22573146811168526,0,0,4.059563512960038,9.010414190153485,EDN2;PTGER3
GO_Biological_Process_2023,Polyamine Metabolic Process (GO:0006595),0.10865772639809688,0.22573146811168526,0,0,4.059563512960038,9.010414190153485,ODC1;SLC38A2
GO_Biological_Process_2023,Positive Regulation Of Endoplasmic Reticulum Unfolded Protein Response (GO:1900103),0.10865772639809688,0.22573146811168526,0,0,4.059563512960038,9.010414190153485,PTPN1;XBP1
GO_Biological_Process_2023,Positive Regulation Of Metaphase/Anaphase Transition Of Cell Cycle (GO:1902101),0.10865772639809688,0.22573146811168526,0,0,4.059563512960038,9.010414190153485,CDC20;DLGAP5
GO_Biological_Process_2023,Positive Regulation Of Mitotic Metaphase/Anaphase Transition (GO:0045842),0.10865772639809688,0.22573146811168526,0,0,4.059563512960038,9.010414190153485,CDC20;DLGAP5
GO_Biological_Process_2023,Positive Regulation Of Muscle Contraction (GO:0045933),0.10865772639809688,0.22573146811168526,0,0,4.059563512960038,9.010414190153485,SPHK1;ENO1
GO_Biological_Process_2023,Positive Regulation Of Triglyceride Biosynthetic Process (GO:0010867),0.10865772639809688,0.22573146811168526,0,0,4.059563512960038,9.010414190153485,SCARB1;SREBF1
GO_Biological_Process_2023,Protein Localization To Kinetochore (GO:0034501),0.10865772639809688,0.22573146811168526,0,0,4.059563512960038,9.010414190153485,BUB3;KNL1
GO_Biological_Process_2023,Regulation Of Adipose Tissue Development (GO:1904177),0.10865772639809688,0.22573146811168526,0,0,4.059563512960038,9.010414190153485,NCOA2;SORL1
GO_Biological_Process_2023,Regulation Of Amyloid Precursor Protein Catabolic Process (GO:1902991),0.10865772639809688,0.22573146811168526,0,0,4.059563512960038,9.010414190153485,PRNP;ROCK1
GO_Biological_Process_2023,Regulation Of Endosome Size (GO:0051036),0.10865772639809688,0.22573146811168526,0,0,4.059563512960038,9.010414190153485,BLOC1S1;KXD1
GO_Biological_Process_2023,Regulation Of mRNA 3'-End Processing (GO:0031440),0.10865772639809688,0.22573146811168526,0,0,4.059563512960038,9.010414190153485,PEX2;ZFP36L1
GO_Biological_Process_2023,Regulation Of Mesenchymal Cell Proliferation (GO:0010464),0.10865772639809688,0.22573146811168526,0,0,4.059563512960038,9.010414190153485,MYC;WNT5A
GO_Biological_Process_2023,Regulation Of Muscle System Process (GO:0090257),0.10865772639809688,0.22573146811168526,0,0,4.059563512960038,9.010414190153485,TPM1;SRI
GO_Biological_Process_2023,Regulation Of Protein K63-linked Ubiquitination (GO:1900044),0.10865772639809688,0.22573146811168526,0,0,4.059563512960038,9.010414190153485,UBE2V2;SASH1
GO_Biological_Process_2023,Response To Interleukin-6 (GO:0070741),0.10865772639809688,0.22573146811168526,0,0,4.059563512960038,9.010414190153485,SELPLG;NFKB1
GO_Biological_Process_2023,Retinoic Acid Receptor Signaling Pathway (GO:0048384),0.10865772639809688,0.22573146811168526,0,0,4.059563512960038,9.010414190153485,RARG;SNW1
GO_Biological_Process_2023,sno(s)RNA 3'-End Processing (GO:0031126),0.10865772639809688,0.22573146811168526,0,0,4.059563512960038,9.010414190153485,EXOSC4;LARP7
GO_Biological_Process_2023,Sphingoid Metabolic Process (GO:0046519),0.10865772639809688,0.22573146811168526,0,0,4.059563512960038,9.010414190153485,SPHK1;DEGS2
GO_Biological_Process_2023,Sulfate Transport (GO:0008272),0.10865772639809688,0.22573146811168526,0,0,4.059563512960038,9.010414190153485,SLC25A11;SLC26A6
GO_Biological_Process_2023,Telomere Maintenance In Response To DNA Damage (GO:0043247),0.10865772639809688,0.22573146811168526,0,0,4.059563512960038,9.010414190153485,DCLRE1B;MAD2L2
GO_Biological_Process_2023,Tetrahydrofolate Metabolic Process (GO:0046653),0.10865772639809688,0.22573146811168526,0,0,4.059563512960038,9.010414190153485,MTHFD1L;SHMT2
GO_Biological_Process_2023,Positive Regulation Of Pathway-Restricted SMAD Protein Phosphorylation (GO:0010862),0.10937730065987288,0.2270023721432847,0,0,2.0771001150747987,4.596522645980968,BMP4;SMAD4;TGFB1;TGFBR1;BMPR1A
GO_Biological_Process_2023,Regulation Of Cell Communication (GO:0010646),0.10937730065987288,0.2270023721432847,0,0,2.0771001150747987,4.596522645980968,PTPN1;LURAP1L;GRK6;SRI;KAZALD1
GO_Biological_Process_2023,Positive Regulation Of Immune Response (GO:0050778),0.11024572866121932,0.22857940098099191,0,0,1.802601246337582,3.974814175222223,PYCARD;CD74;XBP1;ITGAM;IL15;STX4;EIF2AK4
GO_Biological_Process_2023,Positive Regulation Of Protein Modification By Small Protein Conjugation Or Removal (GO:1903322),0.11024572866121932,0.22857940098099191,0,0,1.802601246337582,3.974814175222223,PIAS3;HDAC3;TNIP1;LRRK2;SPHK1;MYCBP2;DCUN1D2
GO_Biological_Process_2023,Regulation Of Response To External Stimulus (GO:0032101),0.11143299273746499,0.2309273289456029,0,0,1.6043678736767886,3.5205154934061085,IL20;P2RX4;TRAF3;IRF1;WNT5A;ERAP1;NR1D2;FBXL2;LETMD1;MYD88
GO_Biological_Process_2023,Cytokine-Mediated Signaling Pathway (GO:0019221),0.11372115144633707,0.23545626941203712,0,0,1.3959692880995886,3.0348454224454686,IL15RA;SMAD4;EDN2;IL15;TRAF2;IL17RC;ADIPOR2;EPOR;IL27RA;RPS6KA4;IKBKB;PYCARD;TRAF3;PYDC1;PTK2B;PLP2;TP53;MYD88
GO_Biological_Process_2023,Negative Regulation Of Inflammatory Response (GO:0050728),0.11379032577820573,0.23545626941203712,0,0,1.645877378435518,3.5771462266841985,MDK;PLK2;ARNT;SLC39A8;GATA3;KLF4;TRIM65;EXTL3;PPARD
GO_Biological_Process_2023,Regulation Of Interleukin-6 Production (GO:0032675),0.11379032577820573,0.23545626941203712,0,0,1.645877378435518,3.5771462266841985,PYCARD;SETD4;APP;CD74;XBP1;WNT5A;HLA-B;IL16;MYD88
GO_Biological_Process_2023,Acylglycerol Catabolic Process (GO:0046464),0.11451304672425838,0.23545626941203712,0,0,2.7407797681770285,5.939452066879746,LYPLA2;ABHD2;PNPLA2
GO_Biological_Process_2023,Axon Extension (GO:0048675),0.11451304672425838,0.23545626941203712,0,0,2.7407797681770285,5.939452066879746,NELL2;HSP90AA1;SSNA1
GO_Biological_Process_2023,Diacylglycerol Metabolic Process (GO:0046339),0.11451304672425838,0.23545626941203712,0,0,2.7407797681770285,5.939452066879746,PLCE1;DGKZ;PNPLA2
GO_Biological_Process_2023,Endocardial Cushion Development (GO:0003197),0.11451304672425838,0.23545626941203712,0,0,2.7407797681770285,5.939452066879746,BMP4;APC;BMPR1A
GO_Biological_Process_2023,Endocrine System Development (GO:0035270),0.11451304672425838,0.23545626941203712,0,0,2.7407797681770285,5.939452066879746,MDK;SIX1;TGFBR1
GO_Biological_Process_2023,Lymphocyte Activation Involved In Immune Response (GO:0002285),0.11451304672425838,0.23545626941203712,0,0,2.7407797681770285,5.939452066879746,CD74;MDK;EIF2AK4
GO_Biological_Process_2023,Negative Regulation Of Oxidative Stress-Induced Cell Death (GO:1903202),0.11451304672425838,0.23545626941203712,0,0,2.7407797681770285,5.939452066879746,LRRK2;HSPB1;ATF4
GO_Biological_Process_2023,Negative Regulation Of Protein Depolymerization (GO:1901880),0.11451304672425838,0.23545626941203712,0,0,2.7407797681770285,5.939452066879746,CKAP2;BMERB1;CLASP2
GO_Biological_Process_2023,Nuclear Membrane Reassembly (GO:0031468),0.11451304672425838,0.23545626941203712,0,0,2.7407797681770285,5.939452066879746,UBXN2B;CHMP2B;SIRT2
GO_Biological_Process_2023,Positive Regulation Of Morphogenesis Of An Epithelium (GO:1905332),0.11451304672425838,0.23545626941203712,0,0,2.7407797681770285,5.939452066879746,BMP4;MDK;SIX1
GO_Biological_Process_2023,Positive Regulation Of Oxidoreductase Activity (GO:0051353),0.11451304672425838,0.23545626941203712,0,0,2.7407797681770285,5.939452066879746,EDN2;PPM1M;FDX2
GO_Biological_Process_2023,Regulation Of Extracellular Matrix Organization (GO:1903053),0.11451304672425838,0.23545626941203712,0,0,2.7407797681770285,5.939452066879746,LRP1;LAMB2;NID1
GO_Biological_Process_2023,Vesicle-Mediated Transport Between Endosomal Compartments (GO:0098927),0.11451304672425838,0.23545626941203712,0,0,2.7407797681770285,5.939452066879746,HOOK2;PTPN23;HOOK3
GO_Biological_Process_2023,Negative Regulation Of Stress-Activated MAPK Cascade (GO:0032873),0.11491920255441,0.2360608594910344,0,0,2.284396415392725,4.942351002531326,PER1;HDAC3;MYC;FKTN
GO_Biological_Process_2023,Protein Destabilization (GO:0031648),0.11491920255441,0.2360608594910344,0,0,2.284396415392725,4.942351002531326,PRNP;PLK1;PEX2;FBXL3
GO_Biological_Process_2023,Positive Regulation Of Supramolecular Fiber Organization (GO:1902905),0.1154222719592967,0.2369786383328125,0,0,1.700954557181292,3.672629547269147,PYCARD;APP;PAK1;RPS3;PTK2B;TOGARAM1;EVL;SLAIN2
GO_Biological_Process_2023,Intracellular Iron Ion Homeostasis (GO:0006879),0.1166388565282331,0.239010328389484,0,0,2.030883731833099,4.3637046633851355,SLC46A1;SMAD4;MYC;BOLA2;CYBRD1
GO_Biological_Process_2023,Regulation Of Proteasomal Protein Catabolic Process (GO:0061136),0.1166388565282331,0.239010328389484,0,0,2.030883731833099,4.3637046633851355,PSMC6;PSMC3;ARAF;PKD1;USP19
GO_Biological_Process_2023,Regulation Of Synapse Assembly (GO:0051963),0.1166388565282331,0.239010328389484,0,0,2.030883731833099,4.3637046633851355,SRPX2;CLSTN2;CLSTN1;MYCBP2;GPC4
GO_Biological_Process_2023,Steroid Biosynthetic Process (GO:0006694),0.1166388565282331,0.239010328389484,0,0,2.030883731833099,4.3637046633851355,HSD3B7;ACOT8;ACOX2;PMVK;LSS
GO_Biological_Process_2023,Negative Regulation Of Cytokine Production (GO:0001818),0.12057919301113786,0.2469644852966447,0,0,1.4771522002316033,3.1248394631265617,MAPKBP1;OTUD5;PRNP;FN1;KLHL22;KLF4;THBS1;ATG12;PYCARD;RPS6KA4;SIGIRR;EXTL3;LGR4
GO_Biological_Process_2023,Recombinational Repair (GO:0000725),0.1206531488776229,0.2469958239784492,0,0,1.681354779556867,3.5557885875492743,RECQL4;FEN1;WDR48;NSMCE4A;MCM9;TONSL;SLX1A;SPIDR
GO_Biological_Process_2023,Monocarboxylic Acid Biosynthetic Process (GO:0072330),0.12077648916452421,0.24712818069572956,0,0,1.8590045167926301,3.9295891017130793,HSD3B7;ACOT8;XBP1;ACOX2;OXSM;DSE
GO_Biological_Process_2023,Activation Of Protein Kinase Activity (GO:0032147),0.12164188191461912,0.24865726443808792,0,0,1.7531136537877363,3.693238857251772,PRRC1;WNT5A;TAOK2;PTK2B;TRAF2;ADRA2C;CAMKK2
GO_Biological_Process_2023,Positive Regulation Of Tumor Necrosis Factor Superfamily Cytokine Production (GO:1903557),0.12164188191461912,0.24865726443808792,0,0,1.7531136537877363,3.693238857251772,SETD4;PYCARD;APP;WNT5A;HSPB1;RASGRP1;THBS1
GO_Biological_Process_2023,Fatty Acid Transport (GO:0015908),0.12385600733473225,0.24925410346981222,0,0,2.2151083848500823,4.626554273207849,LYPLA1;ACSL1;SLC27A3;PPARD
GO_Biological_Process_2023,Negative Regulation Of Endothelial Cell Proliferation (GO:0001937),0.12385600733473225,0.24925410346981222,0,0,2.2151083848500823,4.626554273207849,ATP5IF1;FLT1;NR2F2;THBS1
GO_Biological_Process_2023,Positive Regulation Of Production Of Molecular Mediator Of Immune Response (GO:0002702),0.12385600733473225,0.24925410346981222,0,0,2.2151083848500823,4.626554273207849,XBP1;WNT5A;STX4;TNFRSF14
GO_Biological_Process_2023,Ventricular Septum Development (GO:0003281),0.12385600733473225,0.24925410346981222,0,0,2.2151083848500823,4.626554273207849,SMAD4;GATA3;TGFBR1;BMPR1A
GO_Biological_Process_2023,Positive Regulation Of Ras Protein Signal Transduction (GO:0046579),0.12412242152322074,0.24925410346981222,0,0,1.9866767565584296,4.145175086811941,RTN4R;ADGRG1;COL3A1;MCF2L;RASGRP1
GO_Biological_Process_2023,Regulation Of Release Of Sequestered Calcium Ion Into Cytosol (GO:0051279),0.12412242152322074,0.24925410346981222,0,0,1.9866767565584296,4.145175086811941,SELENON;GSTO1;PTK2B;SRI;JPH1
GO_Biological_Process_2023,Positive Regulation Of ERK1 And ERK2 Cascade (GO:0070374),0.12443623737270575,0.24925410346981222,0,0,1.4679914731115296,3.0592382171167873,PDGFRB;APP;CD74;TGFB1;ARRB2;RASGRP1;PYCARD;DSTYK;GAREM1;RAPGEF2;PTK2B;ROR2;FERMT2
GO_Biological_Process_2023,C4-dicarboxylate Transport (GO:0015740),0.12606484541874097,0.24925410346981222,0,0,3.653501843075303,7.566252005495069,SLC25A11;SLC25A22
GO_Biological_Process_2023,DNA Strand Elongation (GO:0022616),0.12606484541874097,0.24925410346981222,0,0,3.653501843075303,7.566252005495069,MCM7;MCM4
GO_Biological_Process_2023,DNA Strand Elongation Involved In DNA Replication (GO:0006271),0.12606484541874097,0.24925410346981222,0,0,3.653501843075303,7.566252005495069,MCM7;MCM4
GO_Biological_Process_2023,N-terminal Protein Amino Acid Modification (GO:0031365),0.12606484541874097,0.24925410346981222,0,0,3.653501843075303,7.566252005495069,NAA10;PFDN1
GO_Biological_Process_2023,Astrocyte Activation (GO:0048143),0.12606484541874097,0.24925410346981222,0,0,3.653501843075303,7.566252005495069,APP;LRP1
GO_Biological_Process_2023,Atrial Cardiac Muscle Tissue Development (GO:0003228),0.12606484541874097,0.24925410346981222,0,0,3.653501843075303,7.566252005495069,BMP4;SHOX2
GO_Biological_Process_2023,Axonal Transport Of Mitochondrion (GO:0019896),0.12606484541874097,0.24925410346981222,0,0,3.653501843075303,7.566252005495069,TRAK1;HIF1A
GO_Biological_Process_2023,Cardiac Right Ventricle Morphogenesis (GO:0003215),0.12606484541874097,0.24925410346981222,0,0,3.653501843075303,7.566252005495069,GATA3;BMPR1A
GO_Biological_Process_2023,Cell Projection Assembly (GO:0030031),0.12606484541874097,0.24925410346981222,0,0,3.653501843075303,7.566252005495069,CYFIP2;RAC3
GO_Biological_Process_2023,Detection Of Bacterium (GO:0016045),0.12606484541874097,0.24925410346981222,0,0,3.653501843075303,7.566252005495069,HLA-B;HLA-A
GO_Biological_Process_2023,Endoplasmic Reticulum Mannose Trimming (GO:1904380),0.12606484541874097,0.24925410346981222,0,0,3.653501843075303,7.566252005495069,TRIM13;MAN1B1
GO_Biological_Process_2023,Endothelium Development (GO:0003158),0.12606484541874097,0.24925410346981222,0,0,3.653501843075303,7.566252005495069,SCUBE1;EDF1
GO_Biological_Process_2023,Gamma-Delta T Cell Activation (GO:0046629),0.12606484541874097,0.24925410346981222,0,0,3.653501843075303,7.566252005495069,SOX13;CD3E
GO_Biological_Process_2023,Histone Monoubiquitination (GO:0010390),0.12606484541874097,0.24925410346981222,0,0,3.653501843075303,7.566252005495069,UHRF1;RNF40
GO_Biological_Process_2023,Microtubule Anchoring At Microtubule Organizing Center (GO:0072393),0.12606484541874097,0.24925410346981222,0,0,3.653501843075303,7.566252005495069,NIN;HOOK3
GO_Biological_Process_2023,Myelination In Peripheral Nervous System (GO:0022011),0.12606484541874097,0.24925410346981222,0,0,3.653501843075303,7.566252005495069,SKI;SIRT2
GO_Biological_Process_2023,Negative Regulation By Host Of Viral Process (GO:0044793),0.12606484541874097,0.24925410346981222,0,0,3.653501843075303,7.566252005495069,PSMC3;EIF2AK4
GO_Biological_Process_2023,Negative Regulation Of Cardiac Muscle Hypertrophy (GO:0010614),0.12606484541874097,0.24925410346981222,0,0,3.653501843075303,7.566252005495069,SMAD4;P2RX4
GO_Biological_Process_2023,Negative Regulation Of Locomotion (GO:0040013),0.12606484541874097,0.24925410346981222,0,0,3.653501843075303,7.566252005495069,PIN1;GATA3
GO_Biological_Process_2023,Nucleotide Metabolic Process (GO:0009117),0.12606484541874097,0.24925410346981222,0,0,3.653501843075303,7.566252005495069,REXO2;DCK
GO_Biological_Process_2023,Positive Regulation By Symbiont Of Entry Into Host (GO:0075294),0.12606484541874097,0.24925410346981222,0,0,3.653501843075303,7.566252005495069,CD74;LGALS1
GO_Biological_Process_2023,Positive Regulation Of DNA-directed DNA Polymerase Activity (GO:1900264),0.12606484541874097,0.24925410346981222,0,0,3.653501843075303,7.566252005495069,GINS2;GINS4
GO_Biological_Process_2023,Positive Regulation Of T Cell Chemotaxis (GO:0010820),0.12606484541874097,0.24925410346981222,0,0,3.653501843075303,7.566252005495069,WNT5A;OXSR1
GO_Biological_Process_2023,Positive Regulation Of Insulin Receptor Signaling Pathway (GO:0046628),0.12606484541874097,0.24925410346981222,0,0,3.653501843075303,7.566252005495069,GKAP1;SORL1
GO_Biological_Process_2023,Positive Regulation Of Viral Entry Into Host Cell (GO:0046598),0.12606484541874097,0.24925410346981222,0,0,3.653501843075303,7.566252005495069,CD74;LGALS1
GO_Biological_Process_2023,Positive Regulation Of Voltage-Gated Calcium Channel Activity (GO:1901387),0.12606484541874097,0.24925410346981222,0,0,3.653501843075303,7.566252005495069,PPP3CA;CACNB3
GO_Biological_Process_2023,Regulation Of DNA-directed DNA Polymerase Activity (GO:1900262),0.12606484541874097,0.24925410346981222,0,0,3.653501843075303,7.566252005495069,GINS2;GINS4
GO_Biological_Process_2023,Regulation Of DNA-templated DNA Replication Initiation (GO:0030174),0.12606484541874097,0.24925410346981222,0,0,3.653501843075303,7.566252005495069,MCM7;MCM4
GO_Biological_Process_2023,Regulation Of SNARE Complex Assembly (GO:0035542),0.12606484541874097,0.24925410346981222,0,0,3.653501843075303,7.566252005495069,PRRT2;VPS39
GO_Biological_Process_2023,Regulation Of Actomyosin Structure Organization (GO:0110020),0.12606484541874097,0.24925410346981222,0,0,3.653501843075303,7.566252005495069,ROCK1;ASAP3
GO_Biological_Process_2023,Regulation Of Chromosome Separation (GO:1905818),0.12606484541874097,0.24925410346981222,0,0,3.653501843075303,7.566252005495069,NCAPH2;NCAPD3
GO_Biological_Process_2023,Regulation Of Vascular Associated Smooth Muscle Cell Migration (GO:1904752),0.12606484541874097,0.24925410346981222,0,0,3.653501843075303,7.566252005495069,BMP4;TPM1
GO_Biological_Process_2023,Relaxation Of Cardiac Muscle (GO:0055119),0.12606484541874097,0.24925410346981222,0,0,3.653501843075303,7.566252005495069,P2RX4;ATP1B1
GO_Biological_Process_2023,Response To Muramyl Dipeptide (GO:0032495),0.12606484541874097,0.24925410346981222,0,0,3.653501843075303,7.566252005495069,TRIM41;LDOC1
GO_Biological_Process_2023,Ribosome Disassembly (GO:0032790),0.12606484541874097,0.24925410346981222,0,0,3.653501843075303,7.566252005495069,ASCC2;EIF2D
GO_Biological_Process_2023,Semaphorin-Plexin Signaling Pathway Involved In Neuron Projection Guidance (GO:1902285),0.12606484541874097,0.24925410346981222,0,0,3.653501843075303,7.566252005495069,NELL2;PLXNB1
GO_Biological_Process_2023,snRNA Transcription (GO:0009301),0.12606484541874097,0.24925410346981222,0,0,3.653501843075303,7.566252005495069,SNAPC4;ELL2
GO_Biological_Process_2023,Sphingoid Biosynthetic Process (GO:0046520),0.12606484541874097,0.24925410346981222,0,0,3.653501843075303,7.566252005495069,ASAH1;SPHK1
GO_Biological_Process_2023,Sphingomyelin Metabolic Process (GO:0006684),0.12606484541874097,0.24925410346981222,0,0,3.653501843075303,7.566252005495069,SMPD2;SGMS2
GO_Biological_Process_2023,Sphingosine Biosynthetic Process (GO:0046512),0.12606484541874097,0.24925410346981222,0,0,3.653501843075303,7.566252005495069,ASAH1;SPHK1
GO_Biological_Process_2023,tRNA 5'-Leader Removal (GO:0001682),0.12606484541874097,0.24925410346981222,0,0,3.653501843075303,7.566252005495069,POP5;RPP25L
GO_Biological_Process_2023,tRNA Aminoacylation (GO:0043039),0.12606484541874097,0.24925410346981222,0,0,3.653501843075303,7.566252005495069,LARS2;GATB
GO_Biological_Process_2023,"RNA Splicing, Via Transesterification Reactions (GO:0000375)",0.12607723590375208,0.24925410346981222,0,0,2.6101911786843295,5.405342008974371,SF3B4;DDX23;PRPF8
GO_Biological_Process_2023,Ear Morphogenesis (GO:0042471),0.12607723590375208,0.24925410346981222,0,0,2.6101911786843295,5.405342008974371,CHD7;SIX1;OXSR1
GO_Biological_Process_2023,Fat-Soluble Vitamin Metabolic Process (GO:0006775),0.12607723590375208,0.24925410346981222,0,0,2.6101911786843295,5.405342008974371,VKORC1;CBR1;VKORC1L1
GO_Biological_Process_2023,Late Endosome To Vacuole Transport Via Multivesicular Body Sorting Pathway (GO:0032511),0.12607723590375208,0.24925410346981222,0,0,2.6101911786843295,5.405342008974371,VPS37C;VPS37D;PTPN23
GO_Biological_Process_2023,Lipid Translocation (GO:0034204),0.12607723590375208,0.24925410346981222,0,0,2.6101911786843295,5.405342008974371,ATP8A2;ATP10D;ATP9A
GO_Biological_Process_2023,mRNA Polyadenylation (GO:0006378),0.12607723590375208,0.24925410346981222,0,0,2.6101911786843295,5.405342008974371,APP;PCF11;PEX2
GO_Biological_Process_2023,Negative Regulation Of Antigen Receptor-Mediated Signaling Pathway (GO:0050858),0.12607723590375208,0.24925410346981222,0,0,2.6101911786843295,5.405342008974371,PRNP;LPXN;DGKZ
GO_Biological_Process_2023,Positive Regulation Of Cell Cycle G2/M Phase Transition (GO:1902751),0.12607723590375208,0.24925410346981222,0,0,2.6101911786843295,5.405342008974371,NPM1;CCND1;CDC25A
GO_Biological_Process_2023,Positive Regulation Of Natural Killer Cell Mediated Immunity (GO:0002717),0.12607723590375208,0.24925410346981222,0,0,2.6101911786843295,5.405342008974371,CADM1;HLA-F;RASGRP1
GO_Biological_Process_2023,Positive Regulation Of Peptidyl-Threonine Phosphorylation (GO:0010800),0.12607723590375208,0.24925410346981222,0,0,2.6101911786843295,5.405342008974371,TGFB1;SPHK1;PLK1
GO_Biological_Process_2023,Protein K48-linked Deubiquitination (GO:0071108),0.12607723590375208,0.24925410346981222,0,0,2.6101911786843295,5.405342008974371,OTUD5;MINDY1;MINDY2
GO_Biological_Process_2023,Protein Exit From Endoplasmic Reticulum (GO:0032527),0.12607723590375208,0.24925410346981222,0,0,2.6101911786843295,5.405342008974371,TMED9;FAF2;RANGRF
GO_Biological_Process_2023,Purine Nucleoside Bisphosphate Metabolic Process (GO:0034032),0.12607723590375208,0.24925410346981222,0,0,2.6101911786843295,5.405342008974371,ACOT8;ACOT7;OXSM
GO_Biological_Process_2023,Regulation Of Keratinocyte Proliferation (GO:0010837),0.12607723590375208,0.24925410346981222,0,0,2.6101911786843295,5.405342008974371,MDK;EPPK1;ZFP36L1
GO_Biological_Process_2023,Regulation Of Lysosomal Lumen pH (GO:0035751),0.12607723590375208,0.24925410346981222,0,0,2.6101911786843295,5.405342008974371,ATP6V0B;LRRK2;CLN6
GO_Biological_Process_2023,Regulation Of Microtubule Depolymerization (GO:0031114),0.12607723590375208,0.24925410346981222,0,0,2.6101911786843295,5.405342008974371,CKAP2;BMERB1;CLASP2
GO_Biological_Process_2023,Regulation Of Neuroblast Proliferation (GO:1902692),0.12607723590375208,0.24925410346981222,0,0,2.6101911786843295,5.405342008974371,SMARCD3;LRRK2;CTNNB1
GO_Biological_Process_2023,Response To Hexose (GO:0009746),0.12607723590375208,0.24925410346981222,0,0,2.6101911786843295,5.405342008974371,IRS2;THBS1;VAMP2
GO_Biological_Process_2023,Response To Purine-Containing Compound (GO:0014074),0.12607723590375208,0.24925410346981222,0,0,2.6101911786843295,5.405342008974371,P2RX4;ADORA2A;ENPP1
GO_Biological_Process_2023,Ribonucleoside Bisphosphate Metabolic Process (GO:0033875),0.12607723590375208,0.24925410346981222,0,0,2.6101911786843295,5.405342008974371,ACOT8;ACOT7;OXSM
GO_Biological_Process_2023,Secondary Alcohol Biosynthetic Process (GO:1902653),0.12607723590375208,0.24925410346981222,0,0,2.6101911786843295,5.405342008974371,GLB1;PMVK;LSS
GO_Biological_Process_2023,Cholesterol Metabolic Process (GO:0008203),0.12738297789810502,0.2515993057827956,0,0,1.8279683377308706,3.7666332397019486,OSBPL5;GLB1;PMVK;LSS;CLN6;PPARD
GO_Biological_Process_2023,Regulation Of Endopeptidase Activity (GO:0052548),0.12738297789810502,0.2515993057827956,0,0,1.8279683377308706,3.7666332397019486,SERPINA11;PSMA3;PRELID1;SERPINF1;SERPINH1;PSMB9
GO_Biological_Process_2023,Dephosphorylation (GO:0016311),0.12977170896645449,0.25619721821741204,0,0,1.5126586307037435,3.088816336880583,DUSP4;PTPRU;PPP3CA;PTPN1;PLPP5;PLPPR2;PPM1M;CTDSP2;PPP2R5B;TAB1;PPP1CA
GO_Biological_Process_2023,Monocarboxylic Acid Metabolic Process (GO:0032787),0.13148307873863493,0.2594541914566034,0,0,1.643476557631012,3.334411975892568,GGT5;SLC6A8;DSE;HYI;TSPO;ALKBH7;ACAA1;AASDHPPT
GO_Biological_Process_2023,Cellular Response To Ionizing Radiation (GO:0071479),0.13182164417420217,0.2596356144142027,0,0,1.944350929167789,3.9398488855774296,CDKN1A;TMEM109;RPL26;SPIDR;TP53
GO_Biological_Process_2023,mRNA Stabilization (GO:0048255),0.13182164417420217,0.2596356144142027,0,0,1.944350929167789,3.9398488855774296,SYNCRIP;LARP1;E2F1;MYD88;HNRNPA0
GO_Biological_Process_2023,Negative Regulation Of Innate Immune Response (GO:0045824),0.13182164417420217,0.2596356144142027,0,0,1.944350929167789,3.9398488855774296,YTHDF3;PRKDC;FAM3A;TTLL12;ATG12
GO_Biological_Process_2023,Negative Regulation Of Response To Stimulus (GO:0048585),0.13182164417420217,0.2596356144142027,0,0,1.944350929167789,3.9398488855774296,PTPN1;COL3A1;RPS3;PIM3;KLF4
GO_Biological_Process_2023,Membrane Assembly (GO:0071709),0.1330767877468743,0.26137423190395875,0,0,2.1498961208099474,4.335972770089792,UBXN2B;CHMP2B;STX4;S100A10
GO_Biological_Process_2023,Negative Regulation Of Type I Interferon Production (GO:0032480),0.1330767877468743,0.26137423190395875,0,0,2.1498961208099474,4.335972770089792,PYCARD;OTUD5;KLHL22;ATG12
GO_Biological_Process_2023,Positive Regulation Of Axonogenesis (GO:0050772),0.1330767877468743,0.26137423190395875,0,0,2.1498961208099474,4.335972770089792,GOLGA4;METRN;TWF2;PLXNB1
GO_Biological_Process_2023,Positive Regulation Of Cation Channel Activity (GO:2001259),0.1330767877468743,0.26137423190395875,0,0,2.1498961208099474,4.335972770089792,PPP3CA;GSTO1;ANTKMT;ATPSCKMT
GO_Biological_Process_2023,Protein Localization To Cilium (GO:0061512),0.1330767877468743,0.26137423190395875,0,0,2.1498961208099474,4.335972770089792,RABEP1;TTC21A;MAPK15;BBS4
GO_Biological_Process_2023,Regulation Of Telomere Maintenance (GO:0032204),0.1330767877468743,0.26137423190395875,0,0,2.1498961208099474,4.335972770089792,NSMCE4A;PPP1R10;MYC;TERF1
GO_Biological_Process_2023,Sodium Ion Transmembrane Transport (GO:0035725),0.1336153391437172,0.262309647148808,0,0,1.7062653995072157,3.4343542926775124,SLC12A2;SLC4A8;SLC6A6;SLC6A8;ATP1B1;TPCN2;ASIC1
GO_Biological_Process_2023,Sensory Organ Development (GO:0007423),0.13416022941337696,0.2632566291051866,0,0,1.7979497383104805,3.6115784100599506,CHD7;ECE1;SMG9;GATA3;HIPK1;ASCL2
GO_Biological_Process_2023,DNA-templated Transcription Elongation (GO:0006354),0.13803809234545256,0.2679937329952516,0,0,2.4914742791455122,4.9336811503664295,SETD2;SRCAP;PEX2
GO_Biological_Process_2023,RNA Polyadenylation (GO:0043631),0.13803809234545256,0.2679937329952516,0,0,2.4914742791455122,4.9336811503664295,APP;PCF11;PEX2
GO_Biological_Process_2023,Bile Acid Biosynthetic Process (GO:0006699),0.13803809234545256,0.2679937329952516,0,0,2.4914742791455122,4.9336811503664295,HSD3B7;ACOT8;ACOX2
GO_Biological_Process_2023,Cholesterol Biosynthetic Process (GO:0006695),0.13803809234545256,0.2679937329952516,0,0,2.4914742791455122,4.9336811503664295,GLB1;PMVK;LSS
GO_Biological_Process_2023,fatty-acyl-CoA Biosynthetic Process (GO:0046949),0.13803809234545256,0.2679937329952516,0,0,2.4914742791455122,4.9336811503664295,ELOVL1;ACSL1;ACAT1
GO_Biological_Process_2023,Inner Ear Morphogenesis (GO:0042472),0.13803809234545256,0.2679937329952516,0,0,2.4914742791455122,4.9336811503664295,CHD7;SIX1;TTC39C
GO_Biological_Process_2023,Mismatch Repair (GO:0006298),0.13803809234545256,0.2679937329952516,0,0,2.4914742791455122,4.9336811503664295,RNASEH2C;SETD2;MCM9
GO_Biological_Process_2023,Negative Regulation Of Protein Localization To Membrane (GO:1905476),0.13803809234545256,0.2679937329952516,0,0,2.4914742791455122,4.9336811503664295,TGFB1;GDI1;LZTFL1
GO_Biological_Process_2023,"Nuclear-Transcribed mRNA Catabolic Process, Nonsense-Mediated Decay (GO:0000184)",0.13803809234545256,0.2679937329952516,0,0,2.4914742791455122,4.9336811503664295,MAGOH;SMG9;PNRC1
GO_Biological_Process_2023,Organelle Membrane Fusion (GO:0090174),0.13803809234545256,0.2679937329952516,0,0,2.4914742791455122,4.9336811503664295,STX5;STX4;VAMP2
GO_Biological_Process_2023,Positive Regulation Of Peptidase Activity (GO:0010952),0.13803809234545256,0.2679937329952516,0,0,2.4914742791455122,4.9336811503664295,NDUFA13;PRELID1;CLDN4
GO_Biological_Process_2023,Protein Targeting To Lysosome (GO:0006622),0.13803809234545256,0.2679937329952516,0,0,2.4914742791455122,4.9336811503664295,AP4M1;HSPA8;SORL1
GO_Biological_Process_2023,Proteoglycan Metabolic Process (GO:0006029),0.13803809234545256,0.2679937329952516,0,0,2.4914742791455122,4.9336811503664295,XYLT1;B4GALT7;SULF2
GO_Biological_Process_2023,Purine Ribonucleotide Catabolic Process (GO:0009154),0.13803809234545256,0.2679937329952516,0,0,2.4914742791455122,4.9336811503664295,HINT1;NT5C2;NUDT3
GO_Biological_Process_2023,Regulation Of Arp2/3 Complex-Mediated Actin Nucleation (GO:0034315),0.13803809234545256,0.2679937329952516,0,0,2.4914742791455122,4.9336811503664295,RNH1;ARFIP2;PICK1
GO_Biological_Process_2023,Regulation Of Double-Strand Break Repair Via Nonhomologous End Joining (GO:2001032),0.13803809234545256,0.2679937329952516,0,0,2.4914742791455122,4.9336811503664295,MAD2L2;MRNIP;PRKDC
GO_Biological_Process_2023,Regulation Of Mitochondrial Fission (GO:0090140),0.13803809234545256,0.2679937329952516,0,0,2.4914742791455122,4.9336811503664295,FIS1;INF2;LRRK2
GO_Biological_Process_2023,Regulation Of Myeloid Cell Differentiation (GO:0045637),0.13803809234545256,0.2679937329952516,0,0,2.4914742791455122,4.9336811503664295,EIF6;PTK2B;PEX2
GO_Biological_Process_2023,Regulation Of Postsynapse Organization (GO:0099175),0.13803809234545256,0.2679937329952516,0,0,2.4914742791455122,4.9336811503664295,LRRK2;WNT5A;SRCIN1
GO_Biological_Process_2023,Regulation Of Synapse Organization (GO:0050807),0.13803809234545256,0.2679937329952516,0,0,2.4914742791455122,4.9336811503664295,CAMK2B;GRIPAP1;WNT5A
GO_Biological_Process_2023,Secretory Granule Organization (GO:0033363),0.13803809234545256,0.2679937329952516,0,0,2.4914742791455122,4.9336811503664295,BLOC1S1;AP1S2;AP1B1
GO_Biological_Process_2023,Ventricular Cardiac Muscle Tissue Development (GO:0003229),0.13803809234545256,0.2679937329952516,0,0,2.4914742791455122,4.9336811503664295,TGFB1;TPM1;DSG2
GO_Biological_Process_2023,Vesicle Cargo Loading (GO:0035459),0.13803809234545256,0.2679937329952516,0,0,2.4914742791455122,4.9336811503664295,SEC24B;MIA2;SEC24D
GO_Biological_Process_2023,Actin Cytoskeleton Reorganization (GO:0031532),0.13972978434037253,0.27077870310966806,0,0,1.9037886779184248,3.746741471259912,PTPN1;PAK1;PTK7;CDC42BPG;FLNA
GO_Biological_Process_2023,Cellular Response To Alcohol (GO:0097306),0.13972978434037253,0.27077870310966806,0,0,1.9037886779184248,3.746741471259912,GRAMD1A;LARP1;PTCH1;CTNNB1;SPIDR
GO_Biological_Process_2023,Positive Regulation Of Chemokine Production (GO:0032722),0.13972978434037253,0.27077870310966806,0,0,1.9037886779184248,3.746741471259912,PYCARD;APP;CD74;WNT5A;HIF1A
GO_Biological_Process_2023,"Regulation Of Alternative mRNA Splicing, Via Spliceosome (GO:0000381)",0.13972978434037253,0.27077870310966806,0,0,1.9037886779184248,3.746741471259912,FXR2;MAGOH;RBM5;HNRNPA0;RBM11
GO_Biological_Process_2023,Regulation Of Actin Filament Polymerization (GO:0030833),0.1411041519823052,0.27278505216011945,0,0,1.7688994808068772,3.463959781286719,PYCARD;ARFGEF1;TWF2;PTK2B;EVL;SSH3
GO_Biological_Process_2023,Acylglycerol Metabolic Process (GO:0006639),0.14256851344880883,0.27278505216011945,0,0,2.088410271857821,4.068082447984349,LYPLA2;ABHD2;DGKZ;PNPLA2
GO_Biological_Process_2023,Axonal Transport (GO:0098930),0.14256851344880883,0.27278505216011945,0,0,2.088410271857821,4.068082447984349,AP3M2;DYNC1H1;BLOC1S1;HIF1A
GO_Biological_Process_2023,Establishment Or Maintenance Of Epithelial Cell Apical/Basal Polarity (GO:0045197),0.14256851344880883,0.27278505216011945,0,0,2.088410271857821,4.068082447984349,PDCD6IP;SH3BP1;SYNE4;CRB3
GO_Biological_Process_2023,Heart Contraction (GO:0060047),0.14256851344880883,0.27278505216011945,0,0,2.088410271857821,4.068082447984349,GRK2;TPM1;RANGRF;ATP1B1
GO_Biological_Process_2023,Negative Regulation Of Cell-Substrate Adhesion (GO:0010812),0.14256851344880883,0.27278505216011945,0,0,2.088410271857821,4.068082447984349,CDKN2A;AP1AR;NF2;THBS1
GO_Biological_Process_2023,Positive Regulation Of Myeloid Leukocyte Differentiation (GO:0002763),0.14256851344880883,0.27278505216011945,0,0,2.088410271857821,4.068082447984349,PPP3CA;CD74;CSF1;ZFP36L1
GO_Biological_Process_2023,Regulation Of Nitric Oxide Biosynthetic Process (GO:0045428),0.14256851344880883,0.27278505216011945,0,0,2.088410271857821,4.068082447984349,HSP90AA1;SMAD3;P2RX4;KLF4
GO_Biological_Process_2023,Acute-Phase Response (GO:0006953),0.1440688568045846,0.27278505216011945,0,0,3.321269567715065,6.434839960824556,SIGIRR;CEBPB
GO_Biological_Process_2023,acyl-CoA Biosynthetic Process (GO:0071616),0.1440688568045846,0.27278505216011945,0,0,3.321269567715065,6.434839960824556,ACSS1;ACAT1
GO_Biological_Process_2023,Branching Involved In Blood Vessel Morphogenesis (GO:0001569),0.1440688568045846,0.27278505216011945,0,0,3.321269567715065,6.434839960824556,SFRP2;CTNNB1
GO_Biological_Process_2023,Cellular Response To Arsenic-Containing Substance (GO:0071243),0.1440688568045846,0.27278505216011945,0,0,3.321269567715065,6.434839960824556,GSTO1;MKNK2
GO_Biological_Process_2023,Cellular Response To Interleukin-4 (GO:0071353),0.1440688568045846,0.27278505216011945,0,0,3.321269567715065,6.434839960824556,XBP1;GATA3
GO_Biological_Process_2023,Ceramide Transport (GO:0035627),0.1440688568045846,0.27278505216011945,0,0,3.321269567715065,6.434839960824556,ABCA2;PLTP
GO_Biological_Process_2023,Cytoplasmic Sequestering Of Transcription Factor (GO:0042994),0.1440688568045846,0.27278505216011945,0,0,3.321269567715065,6.434839960824556,SUFU;PKD1
GO_Biological_Process_2023,Dolichol Metabolic Process (GO:0019348),0.1440688568045846,0.27278505216011945,0,0,3.321269567715065,6.434839960824556,DPM2;ALG12
GO_Biological_Process_2023,Endothelial Cell Differentiation (GO:0045446),0.1440688568045846,0.27278505216011945,0,0,3.321269567715065,6.434839960824556,SCUBE1;EDF1
GO_Biological_Process_2023,Glomerular Filtration (GO:0003094),0.1440688568045846,0.27278505216011945,0,0,3.321269567715065,6.434839960824556,TBC1D8B;SULF2
GO_Biological_Process_2023,Inhibitory Synapse Assembly (GO:1904862),0.1440688568045846,0.27278505216011945,0,0,3.321269567715065,6.434839960824556,WNT5A;PLXNB1
GO_Biological_Process_2023,Membrane Depolarization (GO:0051899),0.1440688568045846,0.27278505216011945,0,0,3.321269567715065,6.434839960824556,ATP5IF1;P2RX4
GO_Biological_Process_2023,Mitochondrial DNA Metabolic Process (GO:0032042),0.1440688568045846,0.27278505216011945,0,0,3.321269567715065,6.434839960824556,ENDOG;SSBP1
GO_Biological_Process_2023,Negative Regulation Of T Cell Differentiation (GO:0045581),0.1440688568045846,0.27278505216011945,0,0,3.321269567715065,6.434839960824556,MDK;IRF1
GO_Biological_Process_2023,Negative Regulation Of Bone Mineralization (GO:0030502),0.1440688568045846,0.27278505216011945,0,0,3.321269567715065,6.434839960824556,ENPP1;PTK2B
GO_Biological_Process_2023,Negative Regulation Of Cartilage Development (GO:0061037),0.1440688568045846,0.27278505216011945,0,0,3.321269567715065,6.434839960824556,EFEMP1;TGFBR1
GO_Biological_Process_2023,Negative Regulation Of Cell Migration Involved In Sprouting Angiogenesis (GO:0090051),0.1440688568045846,0.27278505216011945,0,0,3.321269567715065,6.434839960824556,KLF4;THBS1
GO_Biological_Process_2023,Negative Regulation Of Endoplasmic Reticulum Unfolded Protein Response (GO:1900102),0.1440688568045846,0.27278505216011945,0,0,3.321269567715065,6.434839960824556,PTPN1;RACK1
GO_Biological_Process_2023,Negative Regulation Of Myoblast Differentiation (GO:0045662),0.1440688568045846,0.27278505216011945,0,0,3.321269567715065,6.434839960824556,BMP4;TGFB1
GO_Biological_Process_2023,Negative Regulation Of Toll-Like Receptor Signaling Pathway (GO:0034122),0.1440688568045846,0.27278505216011945,0,0,3.321269567715065,6.434839960824556,GPR108;LGR4
GO_Biological_Process_2023,Peptidyl-Tyrosine Autophosphorylation (GO:0038083),0.1440688568045846,0.27278505216011945,0,0,3.321269567715065,6.434839960824556,PTK2B;IGF1R
GO_Biological_Process_2023,Plasma Membrane Tubulation (GO:0097320),0.1440688568045846,0.27278505216011945,0,0,3.321269567715065,6.434839960824556,PACSIN2;SNX33
GO_Biological_Process_2023,Positive Regulation Of Cardiac Muscle Cell Proliferation (GO:0060045),0.1440688568045846,0.27278505216011945,0,0,3.321269567715065,6.434839960824556,RBPJ;BMPR1A
GO_Biological_Process_2023,Positive Regulation Of Cellular Response To Insulin Stimulus (GO:1900078),0.1440688568045846,0.27278505216011945,0,0,3.321269567715065,6.434839960824556,GKAP1;SORL1
GO_Biological_Process_2023,Positive Regulation Of Double-Strand Break Repair Via Nonhomologous End Joining (GO:2001034),0.1440688568045846,0.27278505216011945,0,0,3.321269567715065,6.434839960824556,MAD2L2;PRKDC
GO_Biological_Process_2023,Positive Regulation Of Histone Deacetylation (GO:0031065),0.1440688568045846,0.27278505216011945,0,0,3.321269567715065,6.434839960824556,ING2;SMARCA5
GO_Biological_Process_2023,Positive Regulation Of Insulin Secretion Involved In Cellular Response To Glucose Stimulus (GO:0035774),0.1440688568045846,0.27278505216011945,0,0,3.321269567715065,6.434839960824556,STX4;PLA2G6
GO_Biological_Process_2023,Positive Regulation Of Potassium Ion Transmembrane Transporter Activity (GO:1901018),0.1440688568045846,0.27278505216011945,0,0,3.321269567715065,6.434839960824556,AKAP9;ATP1B1
GO_Biological_Process_2023,Positive Regulation Of Superoxide Anion Generation (GO:0032930),0.1440688568045846,0.27278505216011945,0,0,3.321269567715065,6.434839960824556,ITGAM;TGFB1
GO_Biological_Process_2023,Protein Import Into Peroxisome Matrix (GO:0016558),0.1440688568045846,0.27278505216011945,0,0,3.321269567715065,6.434839960824556,PEX16;PEX2
GO_Biological_Process_2023,Purine Ribonucleoside Bisphosphate Metabolic Process (GO:0034035),0.1440688568045846,0.27278505216011945,0,0,3.321269567715065,6.434839960824556,ENPP1;SULT1A3
GO_Biological_Process_2023,Regulation Of IRE1-mediated Unfolded Protein Response (GO:1903894),0.1440688568045846,0.27278505216011945,0,0,3.321269567715065,6.434839960824556,PTPN1;COPS5
GO_Biological_Process_2023,Regulation Of T Cell Chemotaxis (GO:0010819),0.1440688568045846,0.27278505216011945,0,0,3.321269567715065,6.434839960824556,WNT5A;OXSR1
GO_Biological_Process_2023,Regulation Of Oxidoreductase Activity (GO:0051341),0.1440688568045846,0.27278505216011945,0,0,3.321269567715065,6.434839960824556,FDX2;ECSIT
GO_Biological_Process_2023,Regulation Of Vasculogenesis (GO:2001212),0.1440688568045846,0.27278505216011945,0,0,3.321269567715065,6.434839960824556,RAPGEF2;RIN2
GO_Biological_Process_2023,Relaxation Of Muscle (GO:0090075),0.1440688568045846,0.27278505216011945,0,0,3.321269567715065,6.434839960824556,P2RX4;ATP1B1
GO_Biological_Process_2023,Respiratory Electron Transport Chain (GO:0022904),0.1440688568045846,0.27278505216011945,0,0,3.321269567715065,6.434839960824556,SDHB;SLC25A22
GO_Biological_Process_2023,Response To Chemokine (GO:1990868),0.1440688568045846,0.27278505216011945,0,0,3.321269567715065,6.434839960824556,SLC12A2;OXSR1
GO_Biological_Process_2023,Response To Nerve Growth Factor (GO:1990089),0.1440688568045846,0.27278505216011945,0,0,3.321269567715065,6.434839960824556,RAPGEF1;RAPGEF2
GO_Biological_Process_2023,Response To Progesterone (GO:0032570),0.1440688568045846,0.27278505216011945,0,0,3.321269567715065,6.434839960824556,TGFB1;THBS1
GO_Biological_Process_2023,Secondary Palate Development (GO:0062009),0.1440688568045846,0.27278505216011945,0,0,3.321269567715065,6.434839960824556,SMAD4;WNT5A
GO_Biological_Process_2023,Spliceosomal tri-snRNP Complex Assembly (GO:0000244),0.1440688568045846,0.27278505216011945,0,0,3.321269567715065,6.434839960824556,CD2BP2;PRPF8
GO_Biological_Process_2023,Thymus Development (GO:0048538),0.1440688568045846,0.27278505216011945,0,0,3.321269567715065,6.434839960824556,SIX1;TGFBR1
GO_Biological_Process_2023,Apical Junction Assembly (GO:0043297),0.14783974729554755,0.2795479011502248,0,0,1.8648820287608714,3.5649576825143536,CLDN4;PDCD6IP;APC;RAB13;RHOC
GO_Biological_Process_2023,Monoatomic Anion Transmembrane Transport (GO:0098656),0.14783974729554755,0.2795479011502248,0,0,1.8648820287608714,3.5649576825143536,SLC12A2;SLC4A8;SLC12A4;SLC12A5;SLC12A7
GO_Biological_Process_2023,Positive Regulation Of Leukocyte Chemotaxis (GO:0002690),0.14783974729554755,0.2795479011502248,0,0,1.8648820287608714,3.5649576825143536,CREB3;EDN2;CSF1;MDK;THBS1
GO_Biological_Process_2023,Fc Receptor Signaling Pathway (GO:0038093),0.15036438077731676,0.28292422138216305,0,0,2.383080588262244,4.51520783782953,IKBKB;MAPK9;VAV2
GO_Biological_Process_2023,Acute Inflammatory Response (GO:0002526),0.15036438077731676,0.28292422138216305,0,0,2.383080588262244,4.51520783782953,SIGIRR;CEBPB;CNTN1
GO_Biological_Process_2023,cAMP-mediated Signaling (GO:0019933),0.15036438077731676,0.28292422138216305,0,0,2.383080588262244,4.51520783782953,RAPGEF2;PDE7A;RAPGEF3
GO_Biological_Process_2023,Calcium-Ion Regulated Exocytosis (GO:0017156),0.15036438077731676,0.28292422138216305,0,0,2.383080588262244,4.51520783782953,RIMS4;SYT9;VAMP2
GO_Biological_Process_2023,Dendritic Spine Organization (GO:0097061),0.15036438077731676,0.28292422138216305,0,0,2.383080588262244,4.51520783782953,PRNP;PICK1;IGF1R
GO_Biological_Process_2023,Negative Regulation Of Receptor-Mediated Endocytosis (GO:0048261),0.15036438077731676,0.28292422138216305,0,0,2.383080588262244,4.51520783782953,APP;ANKRD13D;UNC119
GO_Biological_Process_2023,Positive Regulation Of Defense Response To Virus By Host (GO:0002230),0.15036438077731676,0.28292422138216305,0,0,2.383080588262244,4.51520783782953,HSP90AA1;EIF2AK4;PQBP1
GO_Biological_Process_2023,Positive Regulation Of Nuclear Division (GO:0051785),0.15036438077731676,0.28292422138216305,0,0,2.383080588262244,4.51520783782953,PDGFRB;NUSAP1;SIRT2
GO_Biological_Process_2023,Regulation Of Cardiac Muscle Cell Contraction (GO:0086004),0.15036438077731676,0.28292422138216305,0,0,2.383080588262244,4.51520783782953,RANGRF;DSG2;SRI
GO_Biological_Process_2023,Regulation Of Chromosome Segregation (GO:0051983),0.15036438077731676,0.28292422138216305,0,0,2.383080588262244,4.51520783782953,NCAPH2;NCAPD3;MKI67
GO_Biological_Process_2023,Regulation Of Transcription By RNA Polymerase III (GO:0006359),0.15036438077731676,0.28292422138216305,0,0,2.383080588262244,4.51520783782953,PRDX5;SMARCA5;MAF1
GO_Biological_Process_2023,Carbohydrate Catabolic Process (GO:0016052),0.1523177044500362,0.2858332680209904,0,0,2.030340303403034,3.8206675390584,NEU4;MANBA;ENO1;PGM1
GO_Biological_Process_2023,mRNA 3'-End Processing (GO:0031124),0.1523177044500362,0.2858332680209904,0,0,2.030340303403034,3.8206675390584,APP;PCF11;PEX2;RPRD2
GO_Biological_Process_2023,Negative Regulation Of Cell-Cell Adhesion (GO:0022408),0.1523177044500362,0.2858332680209904,0,0,2.030340303403034,3.8206675390584,MAD2L2;TGFB1;NF2;KLF4
GO_Biological_Process_2023,Positive Regulation Of Catalytic Activity (GO:0043085),0.1523177044500362,0.2858332680209904,0,0,2.030340303403034,3.8206675390584,B3GAT3;FDX2;STX4;SSBP1
GO_Biological_Process_2023,Positive Regulation Of Cell Cycle G1/S Phase Transition (GO:1902808),0.1523177044500362,0.2858332680209904,0,0,2.030340303403034,3.8206675390584,PAGR1;UBE2E2;PEX2;FAM83D
GO_Biological_Process_2023,Skeletal Muscle Tissue Development (GO:0007519),0.1523177044500362,0.2858332680209904,0,0,2.030340303403034,3.8206675390584,SKI;PPP3CA;SELENON;SIX1
GO_Biological_Process_2023,Regulation Of Protein Secretion (GO:0050708),0.154564835779092,0.2899209458644795,0,0,1.5726076262858637,2.936281153510277,SLC12A2;DNAJC1;TGFB1;GOLPH3L;ADAM9;PICK1;SLC25A22;PPID
GO_Biological_Process_2023,"Regulation Of Synaptic Transmission, Glutamatergic (GO:0051966)",0.1561441173562025,0.2927528397982942,0,0,1.8275316455696202,3.3936821656452048,LRRK2;TPRG1L;PTK2B;DGKZ;SLC38A2
GO_Biological_Process_2023,Inflammatory Response (GO:0006954),0.16045859379166819,0.29821801495815226,0,0,1.3425936290852456,2.456569545414288,GGT5;CEBPB;TGFB1;PTGER3;WNT5A;GATA3;FOS;THBS1;NFKB1;NFKB2;IKBKB;MAPK9;PRDX5;SCUBE1;ADORA2A;HNRNPA0
GO_Biological_Process_2023,DNA Integrity Checkpoint Signaling (GO:0031570),0.16231051119336454,0.29821801495815226,0,0,1.9754092521620197,3.5917761044055867,CDT1;TIPRL;E2F1;ATRIP
GO_Biological_Process_2023,Negative Regulation Of Proteolysis (GO:0045861),0.16231051119336454,0.29821801495815226,0,0,1.9754092521620197,3.5917761044055867,PRNP;DNAJC1;ROCK1;LRRK2
GO_Biological_Process_2023,Positive Regulation Of Viral Process (GO:0048524),0.16231051119336454,0.29821801495815226,0,0,1.9754092521620197,3.5917761044055867,LARP1;PPIH;ATG12;PPID
GO_Biological_Process_2023,COPII-coated Vesicle Cargo Loading (GO:0090110),0.16256088482163633,0.29821801495815226,0,0,3.044409338248201,5.530786578118784,SEC24B;SEC24D
GO_Biological_Process_2023,T Cell Proliferation (GO:0042098),0.16256088482163633,0.29821801495815226,0,0,3.044409338248201,5.530786578118784,CADM1;RASGRP1
GO_Biological_Process_2023,Aorta Development (GO:0035904),0.16256088482163633,0.29821801495815226,0,0,3.044409338248201,5.530786578118784,PDGFRB;LRP1
GO_Biological_Process_2023,"Blood Coagulation, Fibrin Clot Formation (GO:0072378)",0.16256088482163633,0.29821801495815226,0,0,3.044409338248201,5.530786578118784,F12;FLNA
GO_Biological_Process_2023,Ceramide Catabolic Process (GO:0046514),0.16256088482163633,0.29821801495815226,0,0,3.044409338248201,5.530786578118784,ASAH1;NEU4
GO_Biological_Process_2023,Establishment Of Apical/Basal Cell Polarity (GO:0035089),0.16256088482163633,0.29821801495815226,0,0,3.044409338248201,5.530786578118784,SH3BP1;SYNE4
GO_Biological_Process_2023,Establishment Of Chromosome Localization (GO:0051303),0.16256088482163633,0.29821801495815226,0,0,3.044409338248201,5.530786578118784,KIF22;FAM83D
GO_Biological_Process_2023,Genitalia Development (GO:0048806),0.16256088482163633,0.29821801495815226,0,0,3.044409338248201,5.530786578118784,WNT5A;PKD1
GO_Biological_Process_2023,Lipoprotein Biosynthetic Process (GO:0042158),0.16256088482163633,0.29821801495815226,0,0,3.044409338248201,5.530786578118784,ATG16L2;ATG12
GO_Biological_Process_2023,"Maturation Of LSU-rRNA From Tricistronic rRNA Transcript (SSU-rRNA, 5.8S rRNA, LSU-rRNA) (GO:0000463)",0.16256088482163633,0.29821801495815226,0,0,3.044409338248201,5.530786578118784,RPL35;RPL7
GO_Biological_Process_2023,miRNA-mediated Gene Silencing By Inhibition Of Translation (GO:0035278),0.16256088482163633,0.29821801495815226,0,0,3.044409338248201,5.530786578118784,EIF6;TNRC6A
GO_Biological_Process_2023,Mitophagy (GO:0000423),0.16256088482163633,0.29821801495815226,0,0,3.044409338248201,5.530786578118784,ARFIP2;SQSTM1
GO_Biological_Process_2023,Negative Regulation Of Chondrocyte Differentiation (GO:0032331),0.16256088482163633,0.29821801495815226,0,0,3.044409338248201,5.530786578118784,EFEMP1;TGFBR1
GO_Biological_Process_2023,Negative Regulation Of Nucleocytoplasmic Transport (GO:0046823),0.16256088482163633,0.29821801495815226,0,0,3.044409338248201,5.530786578118784,SUFU;RANGAP1
GO_Biological_Process_2023,Negative Regulation Of Peptidyl-Threonine Phosphorylation (GO:0010801),0.16256088482163633,0.29821801495815226,0,0,3.044409338248201,5.530786578118784,SPRED1;SIRT2
GO_Biological_Process_2023,Negative Regulation Of Receptor Signaling Pathway Via STAT (GO:1904893),0.16256088482163633,0.29821801495815226,0,0,3.044409338248201,5.530786578118784,SOCS3;NF2
GO_Biological_Process_2023,Negative Regulation Of Transcription Regulatory Region DNA Binding (GO:2000678),0.16256088482163633,0.29821801495815226,0,0,3.044409338248201,5.530786578118784,MAD2L2;ZNF593
GO_Biological_Process_2023,Pathway-Restricted SMAD Protein Phosphorylation (GO:0060389),0.16256088482163633,0.29821801495815226,0,0,3.044409338248201,5.530786578118784,TGFB1;TGFBR1
GO_Biological_Process_2023,Phagolysosome Assembly (GO:0001845),0.16256088482163633,0.29821801495815226,0,0,3.044409338248201,5.530786578118784,RAB34;CORO1A
GO_Biological_Process_2023,Polarized Epithelial Cell Differentiation (GO:0030859),0.16256088482163633,0.29821801495815226,0,0,3.044409338248201,5.530786578118784,SH3BP1;SYNE4
GO_Biological_Process_2023,Positive Regulation Of Endothelial Cell Chemotaxis (GO:2001028),0.16256088482163633,0.29821801495815226,0,0,3.044409338248201,5.530786578118784,P2RX4;HSPB1
GO_Biological_Process_2023,Positive Regulation Of Glycogen Metabolic Process (GO:0070875),0.16256088482163633,0.29821801495815226,0,0,3.044409338248201,5.530786578118784,PHKG2;IRS2
GO_Biological_Process_2023,Positive Regulation Of Membrane Protein Ectodomain Proteolysis (GO:0051044),0.16256088482163633,0.29821801495815226,0,0,3.044409338248201,5.530786578118784,ADAM9;SNX33
GO_Biological_Process_2023,Positive Regulation Of Sprouting Angiogenesis (GO:1903672),0.16256088482163633,0.29821801495815226,0,0,3.044409338248201,5.530786578118784,KLF4;FUT1
GO_Biological_Process_2023,Positive Regulation Of Telomere Maintenance In Response To DNA Damage (GO:1904507),0.16256088482163633,0.29821801495815226,0,0,3.044409338248201,5.530786578118784,INO80E;NFRKB
GO_Biological_Process_2023,Positive Regulation Of Transporter Activity (GO:0032411),0.16256088482163633,0.29821801495815226,0,0,3.044409338248201,5.530786578118784,KCTD7;PPARD
GO_Biological_Process_2023,Prostanoid Biosynthetic Process (GO:0046457),0.16256088482163633,0.29821801495815226,0,0,3.044409338248201,5.530786578118784,CD74;EDN2
GO_Biological_Process_2023,Protein Activation Cascade (GO:0072376),0.16256088482163633,0.29821801495815226,0,0,3.044409338248201,5.530786578118784,F12;FLNA
GO_Biological_Process_2023,Protein Maturation By Iron-Sulfur Cluster Transfer (GO:0097428),0.16256088482163633,0.29821801495815226,0,0,3.044409338248201,5.530786578118784,CIAO2A;CISD3
GO_Biological_Process_2023,Regulation Of ATP Biosynthetic Process (GO:2001169),0.16256088482163633,0.29821801495815226,0,0,3.044409338248201,5.530786578118784,ATPSCKMT;ENO1
GO_Biological_Process_2023,Regulation Of Branching Involved In Ureteric Bud Morphogenesis (GO:0090189),0.16256088482163633,0.29821801495815226,0,0,3.044409338248201,5.530786578118784,BMP4;SIX1
GO_Biological_Process_2023,Regulation Of Dephosphorylation (GO:0035303),0.16256088482163633,0.29821801495815226,0,0,3.044409338248201,5.530786578118784,MTMR1;ROCK1
GO_Biological_Process_2023,Regulation Of Establishment Of Protein Localization (GO:0070201),0.16256088482163633,0.29821801495815226,0,0,3.044409338248201,5.530786578118784,SPIDR;CTSD
GO_Biological_Process_2023,Regulation Of Microglial Cell Activation (GO:1903978),0.16256088482163633,0.29821801495815226,0,0,3.044409338248201,5.530786578118784,UXT;SPHK1
GO_Biological_Process_2023,Regulation Of Sequestering Of Triglyceride (GO:0010889),0.16256088482163633,0.29821801495815226,0,0,3.044409338248201,5.530786578118784,PLIN2;PNPLA2
GO_Biological_Process_2023,Regulation Of Superoxide Anion Generation (GO:0032928),0.16256088482163633,0.29821801495815226,0,0,3.044409338248201,5.530786578118784,ITGAM;TGFB1
GO_Biological_Process_2023,Regulation Of Vesicle Size (GO:0097494),0.16256088482163633,0.29821801495815226,0,0,3.044409338248201,5.530786578118784,BLOC1S1;KXD1
GO_Biological_Process_2023,Renal Water Homeostasis (GO:0003091),0.16256088482163633,0.29821801495815226,0,0,3.044409338248201,5.530786578118784,AQP3;PRKACB
GO_Biological_Process_2023,Resolution Of Meiotic Recombination Intermediates (GO:0000712),0.16256088482163633,0.29821801495815226,0,0,3.044409338248201,5.530786578118784,TOP2B;EME2
GO_Biological_Process_2023,tRNA 5'-End Processing (GO:0099116),0.16256088482163633,0.29821801495815226,0,0,3.044409338248201,5.530786578118784,POP5;RPP25L
GO_Biological_Process_2023,Lipid Biosynthetic Process (GO:0008610),0.16289140848545083,0.29821801495815226,0,0,1.6871118327582708,3.0615537700038984,SREBF1;XBP1;ACSL1;OXSM;MBOAT1;LSS
GO_Biological_Process_2023,Response To Ionizing Radiation (GO:0010212),0.16289140848545083,0.29821801495815226,0,0,1.6871118327582708,3.0615537700038984,CDKN1A;MRNIP;MTA1;MYC;SPIDR;TP53
GO_Biological_Process_2023,T Cell Activation Involved In Immune Response (GO:0002286),0.1630249039263041,0.29821801495815226,0,0,2.2837197049525817,4.142330250852027,CD74;MDK;EIF2AK4
GO_Biological_Process_2023,Establishment Of Protein Localization To Vacuole (GO:0072666),0.1630249039263041,0.29821801495815226,0,0,2.2837197049525817,4.142330250852027,VPS37C;VPS37D;PTPN23
GO_Biological_Process_2023,Iron-Sulfur Cluster Assembly (GO:0016226),0.1630249039263041,0.29821801495815226,0,0,2.2837197049525817,4.142330250852027,BOLA2;FDX2;CIAO2A
GO_Biological_Process_2023,Metallo-Sulfur Cluster Assembly (GO:0031163),0.1630249039263041,0.29821801495815226,0,0,2.2837197049525817,4.142330250852027,BOLA2;FDX2;CIAO2A
GO_Biological_Process_2023,Myeloid Cell Development (GO:0061515),0.1630249039263041,0.29821801495815226,0,0,2.2837197049525817,4.142330250852027,APP;CEBPB;FLNA
GO_Biological_Process_2023,Positive Regulation Of Calcium Ion Transmembrane Transporter Activity (GO:1901021),0.1630249039263041,0.29821801495815226,0,0,2.2837197049525817,4.142330250852027,PPP3CA;GSTO1;ATP1B1
GO_Biological_Process_2023,Positive Regulation Of Response To Wounding (GO:1903036),0.1630249039263041,0.29821801495815226,0,0,2.2837197049525817,4.142330250852027,ARFGEF1;CLDN4;MDK
GO_Biological_Process_2023,"Regulation Of DNA Damage Response, Signal Transduction By P53 Class Mediator (GO:0043516)",0.1630249039263041,0.29821801495815226,0,0,2.2837197049525817,4.142330250852027,CD74;SPRED1;PMAIP1
GO_Biological_Process_2023,Regulation Of Microtubule Polymerization Or Depolymerization (GO:0031110),0.1630249039263041,0.29821801495815226,0,0,2.2837197049525817,4.142330250852027,GAS2L1;SKA1;CLASP2
GO_Biological_Process_2023,Transcription Elongation By RNA Polymerase II (GO:0006368),0.1630249039263041,0.29821801495815226,0,0,2.2837197049525817,4.142330250852027,SETD2;SRCAP;PEX2
GO_Biological_Process_2023,Positive Regulation Of DNA-templated Transcription Initiation (GO:2000144),0.16463519131792342,0.3006412795489053,0,0,1.79164598328783,3.232170946152354,MED22;GTF2A2;TAF12;MED10;TAF7
GO_Biological_Process_2023,"Positive Regulation Of DNA-templated Transcription, Elongation (GO:0032786)",0.16463519131792342,0.3006412795489053,0,0,1.79164598328783,3.232170946152354,MED22;MED10;PWWP2A;ELL2;HMGN1
GO_Biological_Process_2023,Regulation Of Cation Channel Activity (GO:2001257),0.16463519131792342,0.3006412795489053,0,0,1.79164598328783,3.232170946152354,SELENON;CACNB3;JPH1;MMP9;VAMP2
GO_Biological_Process_2023,Striated Muscle Contraction (GO:0006941),0.16463519131792342,0.3006412795489053,0,0,1.79164598328783,3.232170946152354,GRK2;CCDC78;TNNT1;TPM1;ATP1B1
GO_Biological_Process_2023,Plasma Membrane Organization (GO:0007009),0.1704563840982657,0.3111364687636744,0,0,1.661501559126889,2.9396545446280182,COL5A1;CHMP2B;PACSIN2;STX4;DEGS1;SNX33
GO_Biological_Process_2023,Intracellular Steroid Hormone Receptor Signaling Pathway (GO:0030518),0.17253279037548144,0.31397388948623695,0,0,1.9233693088810588,3.379682946820614,EGLN2;ZMIZ1;DDX54;ESR1
GO_Biological_Process_2023,Lipid Modification (GO:0030258),0.17253279037548144,0.31397388948623695,0,0,1.9233693088810588,3.379682946820614,PLPP5;PLPPR2;MBOAT1;DGKZ
GO_Biological_Process_2023,Modulation By Host Of Symbiont Process (GO:0051851),0.17253279037548144,0.31397388948623695,0,0,1.9233693088810588,3.379682946820614,SMARCB1;SNW1;RRP1B;CHD1
GO_Biological_Process_2023,Monoatomic Cation Transport (GO:0006812),0.17253279037548144,0.31397388948623695,0,0,1.9233693088810588,3.379682946820614,ATP10D;SLC41A1;TRPM7;ATP1B1
GO_Biological_Process_2023,Organic Hydroxy Compound Biosynthetic Process (GO:1901617),0.17253279037548144,0.31397388948623695,0,0,1.9233693088810588,3.379682946820614,HSD3B7;ACOT8;ACOX2;PMVK
GO_Biological_Process_2023,Regulation Of Axonogenesis (GO:0050770),0.17253279037548144,0.31397388948623695,0,0,1.9233693088810588,3.379682946820614,PAK1;GDI1;METRN;PLXNB1
GO_Biological_Process_2023,Skeletal System Morphogenesis (GO:0048705),0.17253279037548144,0.31397388948623695,0,0,1.9233693088810588,3.379682946820614,FBN2;SKI;SIX1;TGFBR1
GO_Biological_Process_2023,Regulation Of Multicellular Organismal Development (GO:2000026),0.17330501112067256,0.3152429381551413,0,0,1.7571405387861083,3.0797440297136283,INO80E;RACGAP1;KAT6A;GATA3;NFRKB
GO_Biological_Process_2023,RNA Phosphodiester Bond Hydrolysis (GO:0090501),0.17598869348686275,0.3187476938809372,0,0,2.1923076923076925,3.8087740411880877,PCF11;LACTB2;RNASE1
GO_Biological_Process_2023,Diterpenoid Metabolic Process (GO:0016101),0.17598869348686275,0.3187476938809372,0,0,2.1923076923076925,3.8087740411880877,LRP1;E2F1;DHRS3
GO_Biological_Process_2023,Negative Regulation Of Signaling (GO:0023057),0.17598869348686275,0.3187476938809372,0,0,2.1923076923076925,3.8087740411880877,PPP3CA;PTPN1;AP1AR
GO_Biological_Process_2023,Negative Regulation Of Wound Healing (GO:0061045),0.17598869348686275,0.3187476938809372,0,0,2.1923076923076925,3.8087740411880877,SLC12A2;EPPK1;CLASP2
GO_Biological_Process_2023,Positive Regulation Of mRNA Processing (GO:0050685),0.17598869348686275,0.3187476938809372,0,0,2.1923076923076925,3.8087740411880877,SF3B4;SNW1;PEX2
GO_Biological_Process_2023,Protein Depolymerization (GO:0051261),0.17598869348686275,0.3187476938809372,0,0,2.1923076923076925,3.8087740411880877,MICAL1;TWF2;MICAL2
GO_Biological_Process_2023,Regulation Of Glucose Metabolic Process (GO:0010906),0.17598869348686275,0.3187476938809372,0,0,2.1923076923076925,3.8087740411880877,RORC;PMAIP1;IRS2
GO_Biological_Process_2023,Regulation Of Lipid Biosynthetic Process (GO:0046890),0.17598869348686275,0.3187476938809372,0,0,2.1923076923076925,3.8087740411880877,ASAH1;EIF6;MLST8
GO_Biological_Process_2023,Regulation Of Plasma Membrane Bounded Cell Projection Organization (GO:0120035),0.17598869348686275,0.3187476938809372,0,0,2.1923076923076925,3.8087740411880877,MBOAT1;CAMK2G;MARK1
GO_Biological_Process_2023,Sterol Biosynthetic Process (GO:0016126),0.17598869348686275,0.3187476938809372,0,0,2.1923076923076925,3.8087740411880877,GLB1;PMVK;LSS
GO_Biological_Process_2023,Sensory Perception Of Mechanical Stimulus (GO:0050954),0.17974830682579387,0.3225205483046616,0,0,1.5602930950112035,2.6777714241538435,COL1A1;COL2A1;P2RX4;TIMM13;BIRC5;EPS8L2;TPRN
GO_Biological_Process_2023,Sodium Ion Transport (GO:0006814),0.17974830682579387,0.3225205483046616,0,0,1.5602930950112035,2.6777714241538435,SLC12A2;SLC4A8;SLC6A6;SLC6A8;ATP1B1;TPCN2;ASIC1
GO_Biological_Process_2023,DNA Double-Strand Break Processing (GO:0000729),0.18144174280069897,0.3225205483046616,0,0,2.810142990237777,4.796410093918441,UBE2V2;SLX1A
GO_Biological_Process_2023,DNA-templated Transcription Termination (GO:0006353),0.18144174280069897,0.3225205483046616,0,0,2.810142990237777,4.796410093918441,PCF11;MAZ
GO_Biological_Process_2023,Adenylate Cyclase-Activating Adrenergic Receptor Signaling Pathway (GO:0071880),0.18144174280069897,0.3225205483046616,0,0,2.810142990237777,4.796410093918441,RAPGEF2;ADRA2C
GO_Biological_Process_2023,Anterograde Synaptic Vesicle Transport (GO:0048490),0.18144174280069897,0.3225205483046616,0,0,2.810142990237777,4.796410093918441,AP3M2;BLOC1S1
GO_Biological_Process_2023,Cellular Response To Corticosteroid Stimulus (GO:0071384),0.18144174280069897,0.3225205483046616,0,0,2.810142990237777,4.796410093918441,SSTR2;ZFP36L1
GO_Biological_Process_2023,Cellular Response To dsRNA (GO:0071359),0.18144174280069897,0.3225205483046616,0,0,2.810142990237777,4.796410093918441,NPM1;PQBP1
GO_Biological_Process_2023,Coenzyme A Metabolic Process (GO:0015936),0.18144174280069897,0.3225205483046616,0,0,2.810142990237777,4.796410093918441,ACOT7;PPCDC
GO_Biological_Process_2023,Endosome To Lysosome Transport Via Multivesicular Body Sorting Pathway (GO:0032510),0.18144174280069897,0.3225205483046616,0,0,2.810142990237777,4.796410093918441,CHMP2B;UBXN6
GO_Biological_Process_2023,High-Density Lipoprotein Particle Remodeling (GO:0034375),0.18144174280069897,0.3225205483046616,0,0,2.810142990237777,4.796410093918441,SCARB1;PLTP
GO_Biological_Process_2023,Midbody Abscission (GO:0061952),0.18144174280069897,0.3225205483046616,0,0,2.810142990237777,4.796410093918441,PDCD6IP;CHMP2B
GO_Biological_Process_2023,"Mitochondrial Electron Transport, Cytochrome C To Oxygen (GO:0006123)",0.18144174280069897,0.3225205483046616,0,0,2.810142990237777,4.796410093918441,COX8A;COX7A2
GO_Biological_Process_2023,Negative Regulation Of DNA Replication (GO:0008156),0.18144174280069897,0.3225205483046616,0,0,2.810142990237777,4.796410093918441,CDT1;TERF1
GO_Biological_Process_2023,Negative Regulation Of Cell-Substrate Junction Organization (GO:0150118),0.18144174280069897,0.3225205483046616,0,0,2.810142990237777,4.796410093918441,THBS1;CLASP2
GO_Biological_Process_2023,Negative Regulation Of Focal Adhesion Assembly (GO:0051895),0.18144174280069897,0.3225205483046616,0,0,2.810142990237777,4.796410093918441,THBS1;CLASP2
GO_Biological_Process_2023,Negative Regulation Of Phagocytosis (GO:0050765),0.18144174280069897,0.3225205483046616,0,0,2.810142990237777,4.796410093918441,SNX3;RACK1
GO_Biological_Process_2023,Negative Regulation Of Synaptic Transmission (GO:0050805),0.18144174280069897,0.3225205483046616,0,0,2.810142990237777,4.796410093918441,PLK2;PICK1
GO_Biological_Process_2023,Negative Regulation Of Telomere Maintenance (GO:0032205),0.18144174280069897,0.3225205483046616,0,0,2.810142990237777,4.796410093918441,SLX1A;TERF1
GO_Biological_Process_2023,Negative Regulation Of Type I Interferon-Mediated Signaling Pathway (GO:0060339),0.18144174280069897,0.3225205483046616,0,0,2.810142990237777,4.796410093918441,YTHDF3;TTLL12
GO_Biological_Process_2023,Phagosome Maturation (GO:0090382),0.18144174280069897,0.3225205483046616,0,0,2.810142990237777,4.796410093918441,SLC4A7;RAB34
GO_Biological_Process_2023,Platelet-Derived Growth Factor Receptor Signaling Pathway (GO:0048008),0.18144174280069897,0.3225205483046616,0,0,2.810142990237777,4.796410093918441,PDGFRB;PTPN1
GO_Biological_Process_2023,Positive Regulation Of Cyclin-Dependent Protein Serine/Threonine Kinase Activity (GO:0045737),0.18144174280069897,0.3225205483046616,0,0,2.810142990237777,4.796410093918441,CCND1;PKD1
GO_Biological_Process_2023,Positive Regulation Of Isotype Switching (GO:0045830),0.18144174280069897,0.3225205483046616,0,0,2.810142990237777,4.796410093918441,MAD2L2;TGFB1
GO_Biological_Process_2023,Positive Regulation Of Muscle Cell Differentiation (GO:0051149),0.18144174280069897,0.3225205483046616,0,0,2.810142990237777,4.796410093918441,LAMB2;NID1
GO_Biological_Process_2023,Positive Regulation Of Secretion (GO:0051047),0.18144174280069897,0.3225205483046616,0,0,2.810142990237777,4.796410093918441,PPP3CA;XBP1
GO_Biological_Process_2023,"Protein Alpha-1,2-Demannosylation (GO:0036508)",0.18144174280069897,0.3225205483046616,0,0,2.810142990237777,4.796410093918441,TRIM13;MAN1B1
GO_Biological_Process_2023,Protein Localization To Endoplasmic Reticulum (GO:0070972),0.18144174280069897,0.3225205483046616,0,0,2.810142990237777,4.796410093918441,LRRK2;GBF1
GO_Biological_Process_2023,Protein Localization To Microtubule Organizing Center (GO:1905508),0.18144174280069897,0.3225205483046616,0,0,2.810142990237777,4.796410093918441,CEP250;HOOK3
GO_Biological_Process_2023,Receptor Catabolic Process (GO:0032801),0.18144174280069897,0.3225205483046616,0,0,2.810142990237777,4.796410093918441,UVRAG;TGFB1
GO_Biological_Process_2023,Regulation Of Activin Receptor Signaling Pathway (GO:0032925),0.18144174280069897,0.3225205483046616,0,0,2.810142990237777,4.796410093918441,SKI;LEMD3
GO_Biological_Process_2023,Regulation Of Amyloid Fibril Formation (GO:1905906),0.18144174280069897,0.3225205483046616,0,0,2.810142990237777,4.796410093918441,APP;PFDN1
GO_Biological_Process_2023,Regulation Of Amyloid-Beta Clearance (GO:1900221),0.18144174280069897,0.3225205483046616,0,0,2.810142990237777,4.796410093918441,LRP1;ROCK1
GO_Biological_Process_2023,Regulation Of Clathrin-Dependent Endocytosis (GO:2000369),0.18144174280069897,0.3225205483046616,0,0,2.810142990237777,4.796410093918441,TNK2;UNC119
GO_Biological_Process_2023,Regulation Of mRNA Metabolic Process (GO:1903311),0.18144174280069897,0.3225205483046616,0,0,2.810142990237777,4.796410093918441,SRPK3;MAGOH
GO_Biological_Process_2023,Regulation Of Multicellular Organism Growth (GO:0040014),0.18144174280069897,0.3225205483046616,0,0,2.810142990237777,4.796410093918441,PTCH1;PPIB
GO_Biological_Process_2023,Regulation Of Oxidative Phosphorylation (GO:0002082),0.18144174280069897,0.3225205483046616,0,0,2.810142990237777,4.796410093918441,SHMT2;COX7A2
GO_Biological_Process_2023,Regulation Of Response To Cytokine Stimulus (GO:0060759),0.18144174280069897,0.3225205483046616,0,0,2.810142990237777,4.796410093918441,WNT5A;KLF4
GO_Biological_Process_2023,Regulation Of Systemic Arterial Blood Pressure By Hormone (GO:0001990),0.18144174280069897,0.3225205483046616,0,0,2.810142990237777,4.796410093918441,EDN2;ECE1
GO_Biological_Process_2023,Regulation Of Telomere Maintenance In Response To DNA Damage (GO:1904505),0.18144174280069897,0.3225205483046616,0,0,2.810142990237777,4.796410093918441,INO80E;NFRKB
GO_Biological_Process_2023,Retrograde Axonal Transport (GO:0008090),0.18144174280069897,0.3225205483046616,0,0,2.810142990237777,4.796410093918441,DYNC1H1;KIF1C
GO_Biological_Process_2023,Stem Cell Development (GO:0048864),0.18144174280069897,0.3225205483046616,0,0,2.810142990237777,4.796410093918441,TCOF1;PEF1
GO_Biological_Process_2023,Synaptic Vesicle Transport Along Microtubule (GO:0099517),0.18144174280069897,0.3225205483046616,0,0,2.810142990237777,4.796410093918441,AP3M2;BLOC1S1
GO_Biological_Process_2023,tRNA Wobble Uridine Modification (GO:0002098),0.18144174280069897,0.3225205483046616,0,0,2.810142990237777,4.796410093918441,TRMU;ELP6
GO_Biological_Process_2023,Glucose Metabolic Process (GO:0006006),0.1821453959672009,0.32363470988096327,0,0,1.7239371865297348,2.935778886792012,IRS2;ENO1;PGM1;ATF4;PPARD
GO_Biological_Process_2023,Positive Regulation Of Transcription Elongation By RNA Polymerase II (GO:0032968),0.182970176670258,0.3246891757094212,0,0,1.873998080640147,3.1828585113077725,MED22;MED10;PWWP2A;ELL2
GO_Biological_Process_2023,Regulation Of Chromosome Organization (GO:0033044),0.182970176670258,0.3246891757094212,0,0,1.873998080640147,3.1828585113077725,INO80E;NSMCE4A;MYC;NFRKB
GO_Biological_Process_2023,Regulation Of Transport (GO:0051049),0.182970176670258,0.3246891757094212,0,0,1.873998080640147,3.1828585113077725,LRRK2;WWC1;VAMP2;PLD2
GO_Biological_Process_2023,JNK Cascade (GO:0007254),0.1892251753415282,0.33423960292079496,0,0,2.107927372943179,3.509314524983845,MAPK9;LRRK2;TRIB1
GO_Biological_Process_2023,Antigen Processing And Presentation Of Exogenous Peptide Antigen (GO:0002478),0.1892251753415282,0.33423960292079496,0,0,2.107927372943179,3.509314524983845,HLA-A;HLA-F;CTSD
GO_Biological_Process_2023,Cellular Nitrogen Compound Biosynthetic Process (GO:0044271),0.1892251753415282,0.33423960292079496,0,0,2.107927372943179,3.509314524983845,ASAH1;SPR;SPHK1
GO_Biological_Process_2023,Heterotypic Cell-Cell Adhesion (GO:0034113),0.1892251753415282,0.33423960292079496,0,0,2.107927372943179,3.509314524983845,NINJ1;DSG2;JAM3
GO_Biological_Process_2023,Leukocyte Cell-Cell Adhesion (GO:0007159),0.1892251753415282,0.33423960292079496,0,0,2.107927372943179,3.509314524983845,ROCK1;TNIP1;CERCAM
GO_Biological_Process_2023,Modified Amino Acid Transport (GO:0072337),0.1892251753415282,0.33423960292079496,0,0,2.107927372943179,3.509314524983845,SLC46A1;SLC6A8;SLC7A2
GO_Biological_Process_2023,Positive Regulation Of B Cell Proliferation (GO:0030890),0.1892251753415282,0.33423960292079496,0,0,2.107927372943179,3.509314524983845,CD74;NFATC2;IRS2
GO_Biological_Process_2023,Regulation Of Voltage-Gated Calcium Channel Activity (GO:1901385),0.1892251753415282,0.33423960292079496,0,0,2.107927372943179,3.509314524983845,PPP3CA;CACNB3;SRI
GO_Biological_Process_2023,Response To Alcohol (GO:0097305),0.1892251753415282,0.33423960292079496,0,0,2.107927372943179,3.509314524983845,TGFB1;PMVK;TGFBR1
GO_Biological_Process_2023,Sarcomere Organization (GO:0045214),0.1892251753415282,0.33423960292079496,0,0,2.107927372943179,3.509314524983845,OBSCN;TNNT1;TPM1
GO_Biological_Process_2023,Vacuolar Acidification (GO:0007035),0.1892251753415282,0.33423960292079496,0,0,2.107927372943179,3.509314524983845,ATP6V0B;ATP6V0E2;CLN6
GO_Biological_Process_2023,Sterol Metabolic Process (GO:0016125),0.19114797335756764,0.3374943881797557,0,0,1.6919635880606345,2.799704705670397,OSBPL5;GLB1;PMVK;CLN6;PPARD
GO_Biological_Process_2023,Cardiolipin Acyl-Chain Remodeling (GO:0035965),0.19212828203980398,0.33809118080635797,0,0,6.08719298245614,10.041384812432115,PLA2G6
GO_Biological_Process_2023,Chemokine (C-X-C Motif) Ligand 12 Signaling Pathway (GO:0038146),0.19212828203980398,0.33809118080635797,0,0,6.08719298245614,10.041384812432115,OXSR1
GO_Biological_Process_2023,Glycosylceramide Metabolic Process (GO:0006677),0.19212828203980398,0.33809118080635797,0,0,6.08719298245614,10.041384812432115,ST6GALNAC6
GO_Biological_Process_2023,Negative Regulation Of Arp2/3 Complex-Mediated Actin Nucleation (GO:0034316),0.19212828203980398,0.33809118080635797,0,0,6.08719298245614,10.041384812432115,PICK1
GO_Biological_Process_2023,Negative Regulation Of Glucocorticoid Receptor Signaling Pathway (GO:2000323),0.19212828203980398,0.33809118080635797,0,0,6.08719298245614,10.041384812432115,PER1
GO_Biological_Process_2023,Positive Regulation Of Protein Catabolic Process In The Vacuole (GO:1904352),0.19212828203980398,0.33809118080635797,0,0,6.08719298245614,10.041384812432115,LRP1
GO_Biological_Process_2023,Protein C-linked Glycosylation Via 2'-alpha-mannosyl-L-tryptophan (GO:0018406),0.19212828203980398,0.33809118080635797,0,0,6.08719298245614,10.041384812432115,DPY19L1
GO_Biological_Process_2023,Protein C-linked Glycosylation Via Tryptophan (GO:0018317),0.19212828203980398,0.33809118080635797,0,0,6.08719298245614,10.041384812432115,DPY19L1
GO_Biological_Process_2023,Antibacterial Humoral Response (GO:0019731),0.19360815019171163,0.3401267920138914,0,0,1.827095413811281,2.999942687407861,HLA-A;PLA2G6;RPL39;WFDC2
GO_Biological_Process_2023,Extracellular Matrix Disassembly (GO:0022617),0.19360815019171163,0.3401267920138914,0,0,1.827095413811281,2.999942687407861,MMP11;KIF9;MMP14;MMP9
GO_Biological_Process_2023,Positive Regulation Of Biosynthetic Process (GO:0009891),0.19360815019171163,0.3401267920138914,0,0,1.827095413811281,2.999942687407861,BMP4;TGFB1;CREB3L1;MLST8
GO_Biological_Process_2023,Regulation Of Viral Entry Into Host Cell (GO:0046596),0.19360815019171163,0.3401267920138914,0,0,1.827095413811281,2.999942687407861,SNX3;CD74;IFITM2;LGALS1
GO_Biological_Process_2023,Lymphocyte Differentiation (GO:0030098),0.19402742608741025,0.3405791960208773,0,0,1.5230552622316087,2.497438636493363,TOP2B;CHD7;PIK3R2;GATA3;SLC25A5;FNIP1;GPR89B
GO_Biological_Process_2023,Regulation Of RNA Metabolic Process (GO:0051252),0.19402742608741025,0.3405791960208773,0,0,1.5230552622316087,2.497438636493363,SF3B5;TAF12;USP22;RRP1B;CLK3;PQBP1;FAM50A
GO_Biological_Process_2023,Rac Protein Signal Transduction (GO:0016601),0.2006212211357869,0.3476608897953904,0,0,2.6093432633716995,4.191483640023434,RHOG;RAC3
GO_Biological_Process_2023,Autonomic Nervous System Development (GO:0048483),0.2006212211357869,0.3476608897953904,0,0,2.6093432633716995,4.191483640023434,FN1;GATA3
GO_Biological_Process_2023,Central Nervous System Neuron Development (GO:0021954),0.2006212211357869,0.3476608897953904,0,0,2.6093432633716995,4.191483640023434,HSP90AA1;RAPGEF2
GO_Biological_Process_2023,Chondroitin Sulfate Metabolic Process (GO:0030204),0.2006212211357869,0.3476608897953904,0,0,2.6093432633716995,4.191483640023434,CHPF2;DSE
GO_Biological_Process_2023,Late Endosome To Lysosome Transport (GO:1902774),0.2006212211357869,0.3476608897953904,0,0,2.6093432633716995,4.191483640023434,CHMP2B;VPS39
GO_Biological_Process_2023,Negative Regulation Of ATP-dependent Activity (GO:0032780),0.2006212211357869,0.3476608897953904,0,0,2.6093432633716995,4.191483640023434,PAM16;TP53
GO_Biological_Process_2023,Negative Regulation Of Chemokine Production (GO:0032682),0.2006212211357869,0.3476608897953904,0,0,2.6093432633716995,4.191483640023434,SIGIRR;KLF4
GO_Biological_Process_2023,Negative Regulation Of Cytokine Production Involved In Immune Response (GO:0002719),0.2006212211357869,0.3476608897953904,0,0,2.6093432633716995,4.191483640023434,TGFB1;HLA-F
GO_Biological_Process_2023,Negative Regulation Of Oxidative Stress-Induced Intrinsic Apoptotic Signaling Pathway (GO:1902176),0.2006212211357869,0.3476608897953904,0,0,2.6093432633716995,4.191483640023434,HSPB1;HIF1A
GO_Biological_Process_2023,Negative Regulation Of Phosphatase Activity (GO:0010923),0.2006212211357869,0.3476608897953904,0,0,2.6093432633716995,4.191483640023434,PTPA;TIPRL
GO_Biological_Process_2023,Negative Regulation Of Receptor Signaling Pathway Via JAK-STAT (GO:0046426),0.2006212211357869,0.3476608897953904,0,0,2.6093432633716995,4.191483640023434,SOCS3;NF2
GO_Biological_Process_2023,Positive Regulation Of Cardiac Muscle Tissue Growth (GO:0055023),0.2006212211357869,0.3476608897953904,0,0,2.6093432633716995,4.191483640023434,RBPJ;BMPR1A
GO_Biological_Process_2023,Positive Regulation Of Muscle Hypertrophy (GO:0014742),0.2006212211357869,0.3476608897953904,0,0,2.6093432633716995,4.191483640023434,MEF2A;ROCK1
GO_Biological_Process_2023,Positive Regulation Of Nitric-Oxide Synthase Activity (GO:0051000),0.2006212211357869,0.3476608897953904,0,0,2.6093432633716995,4.191483640023434,SCARB1;HIF1A
GO_Biological_Process_2023,Positive Regulation Of Positive Chemotaxis (GO:0050927),0.2006212211357869,0.3476608897953904,0,0,2.6093432633716995,4.191483640023434,CNTN1;IL16
GO_Biological_Process_2023,Positive Regulation Of Smooth Muscle Cell Migration (GO:0014911),0.2006212211357869,0.3476608897953904,0,0,2.6093432633716995,4.191483640023434,PDGFRB;MDK
GO_Biological_Process_2023,Positive Regulation Of Telomere Capping (GO:1904355),0.2006212211357869,0.3476608897953904,0,0,2.6093432633716995,4.191483640023434,NEK7;MAPK15
GO_Biological_Process_2023,Protein O-linked Mannosylation (GO:0035269),0.2006212211357869,0.3476608897953904,0,0,2.6093432633716995,4.191483640023434,DPM2;FKTN
GO_Biological_Process_2023,Protein Kinase A Signaling (GO:0010737),0.2006212211357869,0.3476608897953904,0,0,2.6093432633716995,4.191483640023434,RAB13;PRKACB
GO_Biological_Process_2023,Protein Targeting To Peroxisome (GO:0006625),0.2006212211357869,0.3476608897953904,0,0,2.6093432633716995,4.191483640023434,PEX16;PEX2
GO_Biological_Process_2023,Regulation Of DNA Strand Elongation (GO:0060382),0.2006212211357869,0.3476608897953904,0,0,2.6093432633716995,4.191483640023434,INO80E;NFRKB
GO_Biological_Process_2023,Regulation Of Establishment Of Endothelial Barrier (GO:1903140),0.2006212211357869,0.3476608897953904,0,0,2.6093432633716995,4.191483640023434,IKBKB;ROCK1
GO_Biological_Process_2023,Regulation Of Fibrinolysis (GO:0051917),0.2006212211357869,0.3476608897953904,0,0,2.6093432633716995,4.191483640023434,F12;THBS1
GO_Biological_Process_2023,Regulation Of Osteoblast Proliferation (GO:0033688),0.2006212211357869,0.3476608897953904,0,0,2.6093432633716995,4.191483640023434,TMEM119;PLXNB1
GO_Biological_Process_2023,Regulation Of Protein Kinase A Signaling (GO:0010738),0.2006212211357869,0.3476608897953904,0,0,2.6093432633716995,4.191483640023434,TCIM;LRRK2
GO_Biological_Process_2023,Regulation Of Protein Kinase C Signaling (GO:0090036),0.2006212211357869,0.3476608897953904,0,0,2.6093432633716995,4.191483640023434,WNT5A;GPD1L
GO_Biological_Process_2023,Regulation Of Steroid Biosynthetic Process (GO:0050810),0.2006212211357869,0.3476608897953904,0,0,2.6093432633716995,4.191483640023434,ASAH1;CGA
GO_Biological_Process_2023,Regulation Of Triglyceride Biosynthetic Process (GO:0010866),0.2006212211357869,0.3476608897953904,0,0,2.6093432633716995,4.191483640023434,SCARB1;SREBF1
GO_Biological_Process_2023,Ruffle Organization (GO:0031529),0.2006212211357869,0.3476608897953904,0,0,2.6093432633716995,4.191483640023434,TPM1;ARFIP2
GO_Biological_Process_2023,Stabilization Of Membrane Potential (GO:0030322),0.2006212211357869,0.3476608897953904,0,0,2.6093432633716995,4.191483640023434,KCNK5;KCNK15
GO_Biological_Process_2023,Tail-Anchored Membrane Protein Insertion Into ER Membrane (GO:0071816),0.2006212211357869,0.3476608897953904,0,0,2.6093432633716995,4.191483640023434,CAMLG;SGTA
GO_Biological_Process_2023,Long-Chain Fatty Acid Metabolic Process (GO:0001676),0.20209038029537274,0.3496877738071229,0,0,1.5663776856388993,2.5047009729960172,ELOVL1;ACOT8;ACSL1;ACAA1;SLC27A3;LTC4S
GO_Biological_Process_2023,acyl-CoA Metabolic Process (GO:0006637),0.20270431153245952,0.3496877738071229,0,0,2.0297974476056666,3.239570844107022,ACOT8;ACOT7;OXSM
GO_Biological_Process_2023,Extrinsic Apoptotic Signaling Pathway Via Death Domain Receptors (GO:0008625),0.20270431153245952,0.3496877738071229,0,0,2.0297974476056666,3.239570844107022,CRADD;DELE1;GABARAP
GO_Biological_Process_2023,Negative Regulation Of Calcium Ion Transmembrane Transporter Activity (GO:1901020),0.20270431153245952,0.3496877738071229,0,0,2.0297974476056666,3.239570844107022,PPP3CA;GSTO1;SRI
GO_Biological_Process_2023,Negative Regulation Of Intracellular Steroid Hormone Receptor Signaling Pathway (GO:0033144),0.20270431153245952,0.3496877738071229,0,0,2.0297974476056666,3.239570844107022,NCOR2;PER1;CNOT2
GO_Biological_Process_2023,Positive Regulation Of Phosphate Metabolic Process (GO:0045937),0.20270431153245952,0.3496877738071229,0,0,2.0297974476056666,3.239570844107022,APP;ROCK1;THBS1
GO_Biological_Process_2023,Positive Regulation Of Protein Targeting To Mitochondrion (GO:1903955),0.20270431153245952,0.3496877738071229,0,0,2.0297974476056666,3.239570844107022,UBE2D3;ARIH2;PIN1
GO_Biological_Process_2023,Positive Regulation Of Proteolysis Involved In Protein Catabolic Process (GO:1903052),0.20270431153245952,0.3496877738071229,0,0,2.0297974476056666,3.239570844107022,PSMC6;PSMC3;CCDC22
GO_Biological_Process_2023,Protein Palmitoylation (GO:0018345),0.20270431153245952,0.3496877738071229,0,0,2.0297974476056666,3.239570844107022,ZDHHC23;ZDHHC13;GOLGA7
GO_Biological_Process_2023,Regulation Of Cell Migration Involved In Sprouting Angiogenesis (GO:0090049),0.20270431153245952,0.3496877738071229,0,0,2.0297974476056666,3.239570844107022,SRPX2;KLF4;THBS1
GO_Biological_Process_2023,Regulation Of Extrinsic Apoptotic Signaling Pathway Via Death Domain Receptors (GO:1902041),0.20270431153245952,0.3496877738071229,0,0,2.0297974476056666,3.239570844107022,PMAIP1;STX4;THBS1
GO_Biological_Process_2023,Male Gonad Development (GO:0008584),0.20443209962787573,0.35223550390056657,0,0,1.7824806819496766,2.8297226445272075,ING2;BIK;WNT5A;GATA3
GO_Biological_Process_2023,Negative Regulation Of Cellular Metabolic Process (GO:0031324),0.20443209962787573,0.35223550390056657,0,0,1.7824806819496766,2.8297226445272075,SREBF1;FZR1;CBFA2T3;SIRT2
GO_Biological_Process_2023,Positive Regulation Of Cell-Cell Adhesion (GO:0022409),0.20443209962787573,0.35223550390056657,0,0,1.7824806819496766,2.8297226445272075,PTPRU;MDK;PTPN23;CD3E
GO_Biological_Process_2023,Negative Regulation Of Viral Process (GO:0048525),0.20960543953709962,0.36085384541730436,0,0,1.6314421338155516,2.5491746260648656,IFITM2;TNIP1;TRIM13;UBP1;LARP7
GO_Biological_Process_2023,Regulation Of Embryonic Development (GO:0045995),0.20960543953709962,0.36085384541730436,0,0,1.6314421338155516,2.5491746260648656,INO80E;RACGAP1;RBM19;NFRKB;CLASP2
GO_Biological_Process_2023,Cellular Component Disassembly (GO:0022411),0.21542738128541009,0.36563918326874306,0,0,1.739990461129101,2.671113999578057,MMP11;KIF9;MMP14;MMP9
GO_Biological_Process_2023,Myofibril Assembly (GO:0030239),0.21542738128541009,0.36563918326874306,0,0,1.739990461129101,2.671113999578057,PDGFRB;OBSCN;TNNT1;TPM1
GO_Biological_Process_2023,Positive Regulation Of Peptide Hormone Secretion (GO:0090277),0.21542738128541009,0.36563918326874306,0,0,1.739990461129101,2.671113999578057,AIMP1;PSMD9;BAD;IRS2
GO_Biological_Process_2023,Antimicrobial Humoral Response (GO:0019730),0.21624792597055514,0.36563918326874306,0,0,1.4704086710604571,2.251680504574768,FAM3A;HLA-A;HMGN2;PLA2G6;CXCL14;RPL39;WFDC2
GO_Biological_Process_2023,Actin Filament Polymerization (GO:0030041),0.2163967213723187,0.36563918326874306,0,0,1.957248231220834,2.9958461179374796,INF2;PSTPIP2;CORO7
GO_Biological_Process_2023,Histone Lysine Methylation (GO:0034968),0.2163967213723187,0.36563918326874306,0,0,1.957248231220834,2.9958461179374796,PAGR1;BOD1;SMYD3
GO_Biological_Process_2023,miRNA Processing (GO:0035196),0.2163967213723187,0.36563918326874306,0,0,1.957248231220834,2.9958461179374796,SMAD3;ZC3H7A;BCDIN3D
GO_Biological_Process_2023,Negative Regulation Of DNA Biosynthetic Process (GO:2000279),0.2163967213723187,0.36563918326874306,0,0,1.957248231220834,2.9958461179374796,CDKN1A;TERF1;TP53
GO_Biological_Process_2023,Negative Regulation Of Microtubule Polymerization Or Depolymerization (GO:0031111),0.2163967213723187,0.36563918326874306,0,0,1.957248231220834,2.9958461179374796,CKAP2;BMERB1;CLASP2
GO_Biological_Process_2023,Phospholipid Translocation (GO:0045332),0.2163967213723187,0.36563918326874306,0,0,1.957248231220834,2.9958461179374796,ATP8A2;ATP10D;ATP9A
GO_Biological_Process_2023,Positive Regulation Of Synapse Assembly (GO:0051965),0.2163967213723187,0.36563918326874306,0,0,1.957248231220834,2.9958461179374796,SRPX2;CLSTN2;CLSTN1
GO_Biological_Process_2023,Regulation Of Dendrite Morphogenesis (GO:0048814),0.2163967213723187,0.36563918326874306,0,0,1.957248231220834,2.9958461179374796,GORASP1;RAPGEF2;NSMF
GO_Biological_Process_2023,Regulation Of Long-Term Synaptic Potentiation (GO:1900271),0.2163967213723187,0.36563918326874306,0,0,1.957248231220834,2.9958461179374796,APP;EIF2AK4;SQSTM1
GO_Biological_Process_2023,Regulation Of Protein Autophosphorylation (GO:0031952),0.2163967213723187,0.36563918326874306,0,0,1.957248231220834,2.9958461179374796,MVP;TAOK2;ENPP1
GO_Biological_Process_2023,Regulation Of Response To Biotic Stimulus (GO:0002831),0.2163967213723187,0.36563918326874306,0,0,1.957248231220834,2.9958461179374796,TRAF3;IRF1;ERAP1
GO_Biological_Process_2023,Toll-Like Receptor Signaling Pathway (GO:0002224),0.2163967213723187,0.36563918326874306,0,0,1.957248231220834,2.9958461179374796,MAPKAPK3;TNIP1;TRAF3
GO_Biological_Process_2023,Response To Type II Interferon (GO:0034341),0.218653745139498,0.36563918326874306,0,0,1.5227792436235708,2.3150293158922124,SYNCRIP;CD74;NUB1;IFITM2;WNT5A;SLC26A6
GO_Biological_Process_2023,G Protein-Coupled Acetylcholine Receptor Signaling Pathway (GO:0007213),0.2200174231809977,0.36563918326874306,0,0,2.4353168334210986,3.6871878948326637,GRK2;RGS10
GO_Biological_Process_2023,Golgi To Vacuole Transport (GO:0006896),0.2200174231809977,0.36563918326874306,0,0,2.4353168334210986,3.6871878948326637,AP4M1;RBSN
GO_Biological_Process_2023,NAD Biosynthetic Process (GO:0009435),0.2200174231809977,0.36563918326874306,0,0,2.4353168334210986,3.6871878948326637,NNMT;NAPRT
GO_Biological_Process_2023,T Cell Migration (GO:0072678),0.2200174231809977,0.36563918326874306,0,0,2.4353168334210986,3.6871878948326637,SLC12A2;CD99
GO_Biological_Process_2023,Branched-Chain Amino Acid Catabolic Process (GO:0009083),0.2200174231809977,0.36563918326874306,0,0,2.4353168334210986,3.6871878948326637,IVD;ACAT1
GO_Biological_Process_2023,Carboxylic Acid Catabolic Process (GO:0046395),0.2200174231809977,0.36563918326874306,0,0,2.4353168334210986,3.6871878948326637,ACOT8;GNPDA1
GO_Biological_Process_2023,Cellular Response To Glucocorticoid Stimulus (GO:0071385),0.2200174231809977,0.36563918326874306,0,0,2.4353168334210986,3.6871878948326637,SSTR2;ZFP36L1
GO_Biological_Process_2023,Cellular Response To Unfolded Protein (GO:0034620),0.2200174231809977,0.36563918326874306,0,0,2.4353168334210986,3.6871878948326637,PTPN1;HSPA1A
GO_Biological_Process_2023,Detection Of Mechanical Stimulus (GO:0050982),0.2200174231809977,0.36563918326874306,0,0,2.4353168334210986,3.6871878948326637,CTNNB1;PKD1
GO_Biological_Process_2023,Embryo Development Ending In Birth Or Egg Hatching (GO:0009792),0.2200174231809977,0.36563918326874306,0,0,2.4353168334210986,3.6871878948326637,USP22;CHD7
GO_Biological_Process_2023,Embryonic Axis Specification (GO:0000578),0.2200174231809977,0.36563918326874306,0,0,2.4353168334210986,3.6871878948326637,PTCH1;SMAD6
GO_Biological_Process_2023,Embryonic Digit Morphogenesis (GO:0042733),0.2200174231809977,0.36563918326874306,0,0,2.4353168334210986,3.6871878948326637,ECE1;OXSR1
GO_Biological_Process_2023,Energy Reserve Metabolic Process (GO:0006112),0.2200174231809977,0.36563918326874306,0,0,2.4353168334210986,3.6871878948326637,PHKG2;PYGL
GO_Biological_Process_2023,Extracellular Matrix Assembly (GO:0085029),0.2200174231809977,0.36563918326874306,0,0,2.4353168334210986,3.6871878948326637,TGFB1;EMILIN1
GO_Biological_Process_2023,Filopodium Assembly (GO:0046847),0.2200174231809977,0.36563918326874306,0,0,2.4353168334210986,3.6871878948326637,FGD3;SPAG6
GO_Biological_Process_2023,Fluid Transport (GO:0042044),0.2200174231809977,0.36563918326874306,0,0,2.4353168334210986,3.6871878948326637,AQP3;SLC26A6
GO_Biological_Process_2023,Growth Hormone Receptor Signaling Pathway (GO:0060396),0.2200174231809977,0.36563918326874306,0,0,2.4353168334210986,3.6871878948326637,PTPN1;PXN
GO_Biological_Process_2023,Keratan Sulfate Metabolic Process (GO:0042339),0.2200174231809977,0.36563918326874306,0,0,2.4353168334210986,3.6871878948326637,GLB1;ST3GAL4
GO_Biological_Process_2023,Leukocyte Tethering Or Rolling (GO:0050901),0.2200174231809977,0.36563918326874306,0,0,2.4353168334210986,3.6871878948326637,SELPLG;ROCK1
GO_Biological_Process_2023,Long-Chain fatty-acyl-CoA Biosynthetic Process (GO:0035338),0.2200174231809977,0.36563918326874306,0,0,2.4353168334210986,3.6871878948326637,ELOVL1;ACSL1
GO_Biological_Process_2023,Maintenance Of Protein Localization In Organelle (GO:0072595),0.2200174231809977,0.36563918326874306,0,0,2.4353168334210986,3.6871878948326637,CHCHD10;BBS4
GO_Biological_Process_2023,Membrane Lipid Metabolic Process (GO:0006643),0.2200174231809977,0.36563918326874306,0,0,2.4353168334210986,3.6871878948326637,MGST2;FUT2
GO_Biological_Process_2023,Negative Regulation Of Insulin Secretion (GO:0046676),0.2200174231809977,0.36563918326874306,0,0,2.4353168334210986,3.6871878948326637,PSMD9;PIM3
GO_Biological_Process_2023,Negative Regulation Of Interleukin-8 Production (GO:0032717),0.2200174231809977,0.36563918326874306,0,0,2.4353168334210986,3.6871878948326637,MAPKBP1;KLF4
GO_Biological_Process_2023,Negative Regulation Of Nervous System Development (GO:0051961),0.2200174231809977,0.36563918326874306,0,0,2.4353168334210986,3.6871878948326637,HOOK3;SORL1
GO_Biological_Process_2023,Peptidyl-Threonine Dephosphorylation (GO:0035970),0.2200174231809977,0.36563918326874306,0,0,2.4353168334210986,3.6871878948326637,PPM1K;PPP1CA
GO_Biological_Process_2023,Peroxisomal Membrane Transport (GO:0015919),0.2200174231809977,0.36563918326874306,0,0,2.4353168334210986,3.6871878948326637,PEX16;PEX2
GO_Biological_Process_2023,Positive Regulation Of CREB Transcription Factor Activity (GO:0032793),0.2200174231809977,0.36563918326874306,0,0,2.4353168334210986,3.6871878948326637,RPS6KA4;CRTC1
GO_Biological_Process_2023,Positive Regulation Of Amyloid-Beta Formation (GO:1902004),0.2200174231809977,0.36563918326874306,0,0,2.4353168334210986,3.6871878948326637,SLC2A13;CASP3
GO_Biological_Process_2023,Positive Regulation Of Cardiac Muscle Hypertrophy (GO:0010613),0.2200174231809977,0.36563918326874306,0,0,2.4353168334210986,3.6871878948326637,MEF2A;ROCK1
GO_Biological_Process_2023,Positive Regulation Of Glial Cell Differentiation (GO:0045687),0.2200174231809977,0.36563918326874306,0,0,2.4353168334210986,3.6871878948326637,TGFB1;MDK
GO_Biological_Process_2023,Positive Regulation Of Heart Rate (GO:0010460),0.2200174231809977,0.36563918326874306,0,0,2.4353168334210986,3.6871878948326637,EDN2;TPM1
GO_Biological_Process_2023,Positive Regulation Of Interleukin-4 Production (GO:0032753),0.2200174231809977,0.36563918326874306,0,0,2.4353168334210986,3.6871878948326637,CEBPB;GATA3
GO_Biological_Process_2023,Positive Regulation Of Leukocyte Adhesion To Vascular Endothelial Cell (GO:1904996),0.2200174231809977,0.36563918326874306,0,0,2.4353168334210986,3.6871878948326637,MDK;ST3GAL4
GO_Biological_Process_2023,Positive Regulation Of Osteoclast Differentiation (GO:0045672),0.2200174231809977,0.36563918326874306,0,0,2.4353168334210986,3.6871878948326637,PPP3CA;CSF1
GO_Biological_Process_2023,Positive Regulation Of Small GTPase Mediated Signal Transduction (GO:0051057),0.2200174231809977,0.36563918326874306,0,0,2.4353168334210986,3.6871878948326637,RASGRP1;TGM2
GO_Biological_Process_2023,Protein Localization To Centrosome (GO:0071539),0.2200174231809977,0.36563918326874306,0,0,2.4353168334210986,3.6871878948326637,CEP250;HOOK3
GO_Biological_Process_2023,Purine-Containing Compound Biosynthetic Process (GO:0072522),0.2200174231809977,0.36563918326874306,0,0,2.4353168334210986,3.6871878948326637,SLC4A7;SHMT2
GO_Biological_Process_2023,rRNA Modification (GO:0000154),0.2200174231809977,0.36563918326874306,0,0,2.4353168334210986,3.6871878948326637,TRMT112;TSR3
GO_Biological_Process_2023,Regulation Of Cartilage Development (GO:0061035),0.2200174231809977,0.36563918326874306,0,0,2.4353168334210986,3.6871878948326637,BMP4;MDK
GO_Biological_Process_2023,Regulation Of Cell-Cell Adhesion Mediated By Cadherin (GO:2000047),0.2200174231809977,0.36563918326874306,0,0,2.4353168334210986,3.6871878948326637,MAD2L2;PTPRU
GO_Biological_Process_2023,Regulation Of Hematopoietic Progenitor Cell Differentiation (GO:1901532),0.2200174231809977,0.36563918326874306,0,0,2.4353168334210986,3.6871878948326637,PRKDC;PDCD2
GO_Biological_Process_2023,Response To Interferon-Alpha (GO:0035455),0.2200174231809977,0.36563918326874306,0,0,2.4353168334210986,3.6871878948326637,IFITM2;GATA3
GO_Biological_Process_2023,Bicellular Tight Junction Assembly (GO:0070830),0.22657937358916108,0.36563918326874306,0,0,1.6994765296490175,2.523144756826909,CLDN4;PDCD6IP;APC;RAB13
GO_Biological_Process_2023,Cellular Defense Response (GO:0006968),0.22657937358916108,0.36563918326874306,0,0,1.6994765296490175,2.523144756826909,FCMR;ADORA2A;PTK2B;LSP1
GO_Biological_Process_2023,Regulation Of TORC1 Signaling (GO:1903432),0.22657937358916108,0.36563918326874306,0,0,1.6994765296490175,2.523144756826909,OTUD5;SESN2;SIK3;KLHL22
GO_Biological_Process_2023,Regulation Of Wound Healing (GO:0061041),0.22657937358916108,0.36563918326874306,0,0,1.6994765296490175,2.523144756826909,ARFGEF1;CLDN4;TNFRSF12A;EPPK1
GO_Biological_Process_2023,Defense Response To Gram-positive Bacterium (GO:0050830),0.2271016846618368,0.36563918326874306,0,0,1.5018758810134818,2.226316843746287,GSDMD;TNFRSF14;HLA-A;RPL39;RNASE1;MYD88
GO_Biological_Process_2023,Positive Regulation Of Endocytosis (GO:0045807),0.2271016846618368,0.36563918326874306,0,0,1.5018758810134818,2.226316843746287,PYCARD;IL15RA;HIP1;CD151;LRP1;IL15
GO_Biological_Process_2023,Negative Regulation Of Endopeptidase Activity (GO:0010951),0.22860772707897467,0.36563918326874306,0,0,1.5750945729666812,2.324442234995213,SERPINA11;CST1;SERPINF1;SERPINH1;SORL1
GO_Biological_Process_2023,Positive Regulation Of Mitotic Cell Cycle Phase Transition (GO:1901992),0.22860772707897467,0.36563918326874306,0,0,1.5750945729666812,2.324442234995213,CDC20;CCND1;UBE2E2;DLGAP5;CDC25A
GO_Biological_Process_2023,Protein Polymerization (GO:0051258),0.22860772707897467,0.36563918326874306,0,0,1.5750945729666812,2.324442234995213,INF2;PSTPIP2;PIN1;MAP4;CORO7
GO_Biological_Process_2023,NIK/NF-kappaB Signaling (GO:0038061),0.23027378370327606,0.36563918326874306,0,0,1.8897024090694379,2.7750021253515675,TRAF2;NFKB1;NFKB2
GO_Biological_Process_2023,Cardiac Muscle Contraction (GO:0060048),0.23027378370327606,0.36563918326874306,0,0,1.8897024090694379,2.7750021253515675,GRK2;TPM1;ATP1B1
GO_Biological_Process_2023,Positive Regulation Of T Cell Mediated Cytotoxicity (GO:0001916),0.23027378370327606,0.36563918326874306,0,0,1.8897024090694379,2.7750021253515675,HLA-B;HLA-A;HLA-F
GO_Biological_Process_2023,Regulation Of Calcium Ion Transmembrane Transporter Activity (GO:1901019),0.23027378370327606,0.36563918326874306,0,0,1.8897024090694379,2.7750021253515675,SELENON;CACNB3;JPH1
GO_Biological_Process_2023,Respiratory System Development (GO:0060541),0.23027378370327606,0.36563918326874306,0,0,1.8897024090694379,2.7750021253515675,BMP4;BASP1;CHD7
GO_Biological_Process_2023,ATP Synthesis Coupled Electron Transport (GO:0042773),0.23409243364819077,0.36563918326874306,0,0,4.565263157894737,6.628941182421858,NDUFV1
GO_Biological_Process_2023,B Cell Chemotaxis (GO:0035754),0.23409243364819077,0.36563918326874306,0,0,4.565263157894737,6.628941182421858,HSD3B7
GO_Biological_Process_2023,DNA Double-Strand Break Processing Involved In Repair Via Single-Strand Annealing (GO:0010792),0.23409243364819077,0.36563918326874306,0,0,4.565263157894737,6.628941182421858,SLX1A
GO_Biological_Process_2023,DNA Methylation Involved In Embryo Development (GO:0043045),0.23409243364819077,0.36563918326874306,0,0,4.565263157894737,6.628941182421858,PICK1
GO_Biological_Process_2023,DNA Replication-Dependent Chromatin Assembly (GO:0006335),0.23409243364819077,0.36563918326874306,0,0,4.565263157894737,6.628941182421858,CHAF1A
GO_Biological_Process_2023,L-ornithine Transmembrane Transport (GO:1903352),0.23409243364819077,0.36563918326874306,0,0,4.565263157894737,6.628941182421858,SLC7A2
GO_Biological_Process_2023,PERK-mediated Unfolded Protein Response (GO:0036499),0.23409243364819077,0.36563918326874306,0,0,4.565263157894737,6.628941182421858,QRICH1
GO_Biological_Process_2023,R-loop Processing (GO:0062176),0.23409243364819077,0.36563918326874306,0,0,4.565263157894737,6.628941182421858,DDX23
GO_Biological_Process_2023,T-helper 2 Cell Differentiation (GO:0045064),0.23409243364819077,0.36563918326874306,0,0,4.565263157894737,6.628941182421858,GATA3
GO_Biological_Process_2023,Adiponectin-Activated Signaling Pathway (GO:0033211),0.23409243364819077,0.36563918326874306,0,0,4.565263157894737,6.628941182421858,ADIPOR2
GO_Biological_Process_2023,Aminophospholipid Transport (GO:0015917),0.23409243364819077,0.36563918326874306,0,0,4.565263157894737,6.628941182421858,ATP8A2
GO_Biological_Process_2023,Blood Vessel Endothelial Cell Proliferation Involved In Sprouting Angiogenesis (GO:0002043),0.23409243364819077,0.36563918326874306,0,0,4.565263157894737,6.628941182421858,BMP4
GO_Biological_Process_2023,Bundle Of His cell-Purkinje Myocyte Adhesion Involved In Cell Communication (GO:0086073),0.23409243364819077,0.36563918326874306,0,0,4.565263157894737,6.628941182421858,DSG2
GO_Biological_Process_2023,Cellular Response To Cold (GO:0070417),0.23409243364819077,0.36563918326874306,0,0,4.565263157894737,6.628941182421858,EIF2AK4
GO_Biological_Process_2023,Cellular Response To Magnesium Ion (GO:0071286),0.23409243364819077,0.36563918326874306,0,0,4.565263157894737,6.628941182421858,SLC41A1
GO_Biological_Process_2023,Cholesterol Import (GO:0070508),0.23409243364819077,0.36563918326874306,0,0,4.565263157894737,6.628941182421858,SCARB1
GO_Biological_Process_2023,Choline Metabolic Process (GO:0019695),0.23409243364819077,0.36563918326874306,0,0,4.565263157894737,6.628941182421858,SLC44A1
GO_Biological_Process_2023,Chondrocyte Development (GO:0002063),0.23409243364819077,0.36563918326874306,0,0,4.565263157894737,6.628941182421858,SULF2
GO_Biological_Process_2023,Cilium Disassembly (GO:0061523),0.23409243364819077,0.36563918326874306,0,0,4.565263157894737,6.628941182421858,MAP4
GO_Biological_Process_2023,Contact Inhibition (GO:0060242),0.23409243364819077,0.36563918326874306,0,0,4.565263157894737,6.628941182421858,PAK1
GO_Biological_Process_2023,Dermatan Sulfate Metabolic Process (GO:0030205),0.23409243364819077,0.36563918326874306,0,0,4.565263157894737,6.628941182421858,DSE
GO_Biological_Process_2023,Dermatan Sulfate Proteoglycan Metabolic Process (GO:0050655),0.23409243364819077,0.36563918326874306,0,0,4.565263157894737,6.628941182421858,DSE
GO_Biological_Process_2023,Detection Of Molecule Of Bacterial Origin (GO:0032490),0.23409243364819077,0.36563918326874306,0,0,4.565263157894737,6.628941182421858,SCARB1
GO_Biological_Process_2023,Double-Strand Break Repair Via Classical Nonhomologous End Joining (GO:0097680),0.23409243364819077,0.36563918326874306,0,0,4.565263157894737,6.628941182421858,UVRAG
GO_Biological_Process_2023,Double-Strand Break Repair Via Single-Strand Annealing (GO:0045002),0.23409243364819077,0.36563918326874306,0,0,4.565263157894737,6.628941182421858,SLX1A
GO_Biological_Process_2023,Ear Development (GO:0043583),0.23409243364819077,0.36563918326874306,0,0,4.565263157894737,6.628941182421858,GATA3
GO_Biological_Process_2023,Embryonic Brain Development (GO:1990403),0.23409243364819077,0.36563918326874306,0,0,4.565263157894737,6.628941182421858,RPL10
GO_Biological_Process_2023,Embryonic Skeletal Joint Development (GO:0072498),0.23409243364819077,0.36563918326874306,0,0,4.565263157894737,6.628941182421858,OXSR1
GO_Biological_Process_2023,Endothelin Receptor Signaling Pathway (GO:0086100),0.23409243364819077,0.36563918326874306,0,0,4.565263157894737,6.628941182421858,PTK2B
GO_Biological_Process_2023,Epithelial Tube Formation (GO:0072175),0.23409243364819077,0.36563918326874306,0,0,4.565263157894737,6.628941182421858,GATA3
GO_Biological_Process_2023,Establishment Of Protein Localization To Chromatin (GO:0071169),0.23409243364819077,0.36563918326874306,0,0,4.565263157894737,6.628941182421858,LRWD1
GO_Biological_Process_2023,fatty-acyl-CoA Catabolic Process (GO:0036115),0.23409243364819077,0.36563918326874306,0,0,4.565263157894737,6.628941182421858,ACOT7
GO_Biological_Process_2023,Female Gonad Development (GO:0008585),0.23409243364819077,0.36563918326874306,0,0,4.565263157894737,6.628941182421858,NR2F2
GO_Biological_Process_2023,Forebrain Neuron Differentiation (GO:0021879),0.23409243364819077,0.36563918326874306,0,0,4.565263157894737,6.628941182421858,RAPGEF2
GO_Biological_Process_2023,Glomerulus Vasculature Development (GO:0072012),0.23409243364819077,0.36563918326874306,0,0,4.565263157894737,6.628941182421858,OXSR1
GO_Biological_Process_2023,Glutathione Catabolic Process (GO:0006751),0.23409243364819077,0.36563918326874306,0,0,4.565263157894737,6.628941182421858,GGT5
GO_Biological_Process_2023,Glycolipid Transport (GO:0046836),0.23409243364819077,0.36563918326874306,0,0,4.565263157894737,6.628941182421858,PLTP
GO_Biological_Process_2023,Glyoxylate Metabolic Process (GO:0046487),0.23409243364819077,0.36563918326874306,0,0,4.565263157894737,6.628941182421858,HYI
GO_Biological_Process_2023,Heme Transport (GO:0015886),0.23409243364819077,0.36563918326874306,0,0,4.565263157894737,6.628941182421858,ABCC5
GO_Biological_Process_2023,Heparan Sulfate Proteoglycan Catabolic Process (GO:0030200),0.23409243364819077,0.36563918326874306,0,0,4.565263157894737,6.628941182421858,SGSH
GO_Biological_Process_2023,Hexose Catabolic Process (GO:0019320),0.23409243364819077,0.36563918326874306,0,0,4.565263157894737,6.628941182421858,GALK1
GO_Biological_Process_2023,Immunoglobulin V(D)J Recombination (GO:0033152),0.23409243364819077,0.36563918326874306,0,0,4.565263157894737,6.628941182421858,PRKDC
GO_Biological_Process_2023,Inflammatory Response To Wounding (GO:0090594),0.23409243364819077,0.36563918326874306,0,0,4.565263157894737,6.628941182421858,MAPK9
GO_Biological_Process_2023,Inner Ear Auditory Receptor Cell Differentiation (GO:0042491),0.23409243364819077,0.36563918326874306,0,0,4.565263157894737,6.628941182421858,SLC4A7
GO_Biological_Process_2023,interleukin-17A-mediated Signaling Pathway (GO:0038173),0.23409243364819077,0.36563918326874306,0,0,4.565263157894737,6.628941182421858,IL17RC
GO_Biological_Process_2023,Intracellular Oxygen Homeostasis (GO:0032364),0.23409243364819077,0.36563918326874306,0,0,4.565263157894737,6.628941182421858,HIF1A
GO_Biological_Process_2023,Intracellular Sequestering Of Iron Ion (GO:0006880),0.23409243364819077,0.36563918326874306,0,0,4.565263157894737,6.628941182421858,SRI
GO_Biological_Process_2023,Ketone Body Biosynthetic Process (GO:0046951),0.23409243364819077,0.36563918326874306,0,0,4.565263157894737,6.628941182421858,ACSS3
GO_Biological_Process_2023,Kidney Morphogenesis (GO:0060993),0.23409243364819077,0.36563918326874306,0,0,4.565263157894737,6.628941182421858,PPP3CA
GO_Biological_Process_2023,Leukocyte Apoptotic Process (GO:0071887),0.23409243364819077,0.36563918326874306,0,0,4.565263157894737,6.628941182421858,PLEKHO2
GO_Biological_Process_2023,Lipoprotein Metabolic Process (GO:0042157),0.23409243364819077,0.36563918326874306,0,0,4.565263157894737,6.628941182421858,CTSD
GO_Biological_Process_2023,mRNA 5'-Splice Site Recognition (GO:0000395),0.23409243364819077,0.36563918326874306,0,0,4.565263157894737,6.628941182421858,PRPF39
GO_Biological_Process_2023,Meiotic DNA Double-Strand Break Formation (GO:0042138),0.23409243364819077,0.36563918326874306,0,0,4.565263157894737,6.628941182421858,C11ORF80
GO_Biological_Process_2023,Mesodermal Cell Fate Commitment (GO:0001710),0.23409243364819077,0.36563918326874306,0,0,4.565263157894737,6.628941182421858,KLF4
GO_Biological_Process_2023,Mitochondrial Translational Elongation (GO:0070125),0.23409243364819077,0.36563918326874306,0,0,4.565263157894737,6.628941182421858,TUFM
GO_Biological_Process_2023,Morphogenesis Of An Endothelium (GO:0003159),0.23409243364819077,0.36563918326874306,0,0,4.565263157894737,6.628941182421858,CTNNB1
GO_Biological_Process_2023,Natural Killer Cell Degranulation (GO:0043320),0.23409243364819077,0.36563918326874306,0,0,4.565263157894737,6.628941182421858,VAMP2
GO_Biological_Process_2023,Negative Regulation Of B Cell Receptor Signaling Pathway (GO:0050859),0.23409243364819077,0.36563918326874306,0,0,4.565263157894737,6.628941182421858,LPXN
GO_Biological_Process_2023,Negative Regulation Of ERAD Pathway (GO:1904293),0.23409243364819077,0.36563918326874306,0,0,4.565263157894737,6.628941182421858,SGTA
GO_Biological_Process_2023,Negative Regulation Of PERK-mediated Unfolded Protein Response (GO:1903898),0.23409243364819077,0.36563918326874306,0,0,4.565263157894737,6.628941182421858,PTPN1
GO_Biological_Process_2023,Negative Regulation Of T Cell Differentiation In Thymus (GO:0033085),0.23409243364819077,0.36563918326874306,0,0,4.565263157894737,6.628941182421858,TMEM131L
GO_Biological_Process_2023,Negative Regulation Of Axon Regeneration (GO:0048681),0.23409243364819077,0.36563918326874306,0,0,4.565263157894737,6.628941182421858,RTN4R
GO_Biological_Process_2023,Negative Regulation Of Cardiac Muscle Cell Differentiation (GO:2000726),0.23409243364819077,0.36563918326874306,0,0,4.565263157894737,6.628941182421858,SMAD4
GO_Biological_Process_2023,Negative Regulation Of Cellular Response To Hypoxia (GO:1900038),0.23409243364819077,0.36563918326874306,0,0,4.565263157894737,6.628941182421858,ENO1
GO_Biological_Process_2023,Negative Regulation Of Cytokinesis (GO:0032466),0.23409243364819077,0.36563918326874306,0,0,4.565263157894737,6.628941182421858,ZFYVE19
GO_Biological_Process_2023,Negative Regulation Of Excitatory Postsynaptic Potential (GO:0090394),0.23409243364819077,0.36563918326874306,0,0,4.565263157894737,6.628941182421858,LRRK2
GO_Biological_Process_2023,Negative Regulation Of Glial Cell Proliferation (GO:0060253),0.23409243364819077,0.36563918326874306,0,0,4.565263157894737,6.628941182421858,SKI
GO_Biological_Process_2023,Negative Regulation Of Histone Acetylation (GO:0035067),0.23409243364819077,0.36563918326874306,0,0,4.565263157894737,6.628941182421858,NOC2L
GO_Biological_Process_2023,Negative Regulation Of Insulin-Like Growth Factor Receptor Signaling Pathway (GO:0043569),0.23409243364819077,0.36563918326874306,0,0,4.565263157894737,6.628941182421858,CILP
GO_Biological_Process_2023,Negative Regulation Of Lamellipodium Organization (GO:1902744),0.23409243364819077,0.36563918326874306,0,0,4.565263157894737,6.628941182421858,ARPIN
GO_Biological_Process_2023,Negative Regulation Of Lens Fiber Cell Differentiation (GO:1902747),0.23409243364819077,0.36563918326874306,0,0,4.565263157894737,6.628941182421858,SPRED1
GO_Biological_Process_2023,Negative Regulation Of Monocyte Chemotaxis (GO:0090027),0.23409243364819077,0.36563918326874306,0,0,4.565263157894737,6.628941182421858,NBL1
GO_Biological_Process_2023,Negative Regulation Of Neuron Migration (GO:2001223),0.23409243364819077,0.36563918326874306,0,0,4.565263157894737,6.628941182421858,COL3A1
GO_Biological_Process_2023,"Negative Regulation Of Nuclear-Transcribed mRNA Catabolic Process, Nonsense-Mediated Decay (GO:2000623)",0.23409243364819077,0.36563918326874306,0,0,4.565263157894737,6.628941182421858,HNRNPAB
GO_Biological_Process_2023,Negative Regulation Of Protein Kinase Activity By Regulation Of Protein Phosphorylation (GO:0044387),0.23409243364819077,0.36563918326874306,0,0,4.565263157894737,6.628941182421858,NPM1
GO_Biological_Process_2023,Negative Regulation Of Protein Targeting To Membrane (GO:0090315),0.23409243364819077,0.36563918326874306,0,0,4.565263157894737,6.628941182421858,GDI1
GO_Biological_Process_2023,Negative Regulation Of Relaxation Of Muscle (GO:1901078),0.23409243364819077,0.36563918326874306,0,0,4.565263157894737,6.628941182421858,GRK2
GO_Biological_Process_2023,Negative Regulation Of Sequestering Of Triglyceride (GO:0010891),0.23409243364819077,0.36563918326874306,0,0,4.565263157894737,6.628941182421858,PNPLA2
GO_Biological_Process_2023,Negative Regulation Of Stress-Activated Protein Kinase Signaling Cascade (GO:0070303),0.23409243364819077,0.36563918326874306,0,0,4.565263157894737,6.628941182421858,MYC
GO_Biological_Process_2023,Negative Regulation Of Transcription From RNA Polymerase II Promoter In Response To Stress (GO:0097201),0.23409243364819077,0.36563918326874306,0,0,4.565263157894737,6.628941182421858,SIRT2
GO_Biological_Process_2023,Negative Regulation Of Vitamin Metabolic Process (GO:0046137),0.23409243364819077,0.36563918326874306,0,0,4.565263157894737,6.628941182421858,NFKB1
GO_Biological_Process_2023,Nephron Tubule Development (GO:0072080),0.23409243364819077,0.36563918326874306,0,0,4.565263157894737,6.628941182421858,OXSR1
GO_Biological_Process_2023,Neuroblast Proliferation (GO:0007405),0.23409243364819077,0.36563918326874306,0,0,4.565263157894737,6.628941182421858,RACGAP1
GO_Biological_Process_2023,Neutrophil Degranulation (GO:0043312),0.23409243364819077,0.36563918326874306,0,0,4.565263157894737,6.628941182421858,VAMP2
GO_Biological_Process_2023,Norepinephrine Biosynthetic Process (GO:0042421),0.23409243364819077,0.36563918326874306,0,0,4.565263157894737,6.628941182421858,GATA3
GO_Biological_Process_2023,Nucleobase Transport (GO:0015851),0.23409243364819077,0.36563918326874306,0,0,4.565263157894737,6.628941182421858,SLC29A2
GO_Biological_Process_2023,Nucleoside Transport (GO:0015858),0.23409243364819077,0.36563918326874306,0,0,4.565263157894737,6.628941182421858,SLC29A2
GO_Biological_Process_2023,Ornithine Transport (GO:0015822),0.23409243364819077,0.36563918326874306,0,0,4.565263157894737,6.628941182421858,SLC7A2
GO_Biological_Process_2023,Phagosome Acidification (GO:0090383),0.23409243364819077,0.36563918326874306,0,0,4.565263157894737,6.628941182421858,SLC4A7
GO_Biological_Process_2023,Photoreceptor Cell Differentiation (GO:0046530),0.23409243364819077,0.36563918326874306,0,0,4.565263157894737,6.628941182421858,ARL3
GO_Biological_Process_2023,Plasma Membrane Raft Assembly (GO:0044854),0.23409243364819077,0.36563918326874306,0,0,4.565263157894737,6.628941182421858,PACSIN2
GO_Biological_Process_2023,Podocyte Cell Migration (GO:0090521),0.23409243364819077,0.36563918326874306,0,0,4.565263157894737,6.628941182421858,ROCK1
GO_Biological_Process_2023,Polyamine Transport (GO:0015846),0.23409243364819077,0.36563918326874306,0,0,4.565263157894737,6.628941182421858,TAF7
GO_Biological_Process_2023,Positive Regulation Of Cardiac Muscle Cell Differentiation (GO:2000727),0.23409243364819077,0.36563918326874306,0,0,4.565263157894737,6.628941182421858,TGFB1
GO_Biological_Process_2023,Positive Regulation Of Cell-Cell Adhesion Mediated By Integrin (GO:0033634),0.23409243364819077,0.36563918326874306,0,0,4.565263157894737,6.628941182421858,CD3E
GO_Biological_Process_2023,Positive Regulation Of Cholesterol Biosynthetic Process (GO:0045542),0.23409243364819077,0.36563918326874306,0,0,4.565263157894737,6.628941182421858,SREBF1
GO_Biological_Process_2023,Positive Regulation Of Cholesterol Storage (GO:0010886),0.23409243364819077,0.36563918326874306,0,0,4.565263157894737,6.628941182421858,SCARB1
GO_Biological_Process_2023,Positive Regulation Of Fever Generation (GO:0031622),0.23409243364819077,0.36563918326874306,0,0,4.565263157894737,6.628941182421858,PTGER3
GO_Biological_Process_2023,Positive Regulation Of Focal Adhesion Disassembly (GO:0120183),0.23409243364819077,0.36563918326874306,0,0,4.565263157894737,6.628941182421858,IQSEC1
GO_Biological_Process_2023,Positive Regulation Of Gap Junction Assembly (GO:1903598),0.23409243364819077,0.36563918326874306,0,0,4.565263157894737,6.628941182421858,CNTNAP2
GO_Biological_Process_2023,Positive Regulation Of Gonad Development (GO:1905941),0.23409243364819077,0.36563918326874306,0,0,4.565263157894737,6.628941182421858,DHX37
GO_Biological_Process_2023,Positive Regulation Of Immune Response To Tumor Cell (GO:0002839),0.23409243364819077,0.36563918326874306,0,0,4.565263157894737,6.628941182421858,FBXO38
GO_Biological_Process_2023,Positive Regulation Of Male Gonad Development (GO:2000020),0.23409243364819077,0.36563918326874306,0,0,4.565263157894737,6.628941182421858,DHX37
GO_Biological_Process_2023,Positive Regulation Of Microglial Cell Activation (GO:1903980),0.23409243364819077,0.36563918326874306,0,0,4.565263157894737,6.628941182421858,UXT
GO_Biological_Process_2023,Positive Regulation Of Mitochondrial Membrane Potential (GO:0010918),0.23409243364819077,0.36563918326874306,0,0,4.565263157894737,6.628941182421858,BAD
GO_Biological_Process_2023,Positive Regulation Of Mitotic Cytokinesis (GO:1903490),0.23409243364819077,0.36563918326874306,0,0,4.565263157894737,6.628941182421858,BIRC5
GO_Biological_Process_2023,Positive Regulation Of Osteoblast Proliferation (GO:0033690),0.23409243364819077,0.36563918326874306,0,0,4.565263157894737,6.628941182421858,TMEM119
GO_Biological_Process_2023,Positive Regulation Of Pyruvate Dehydrogenase Activity (GO:1904184),0.23409243364819077,0.36563918326874306,0,0,4.565263157894737,6.628941182421858,PPM1M
GO_Biological_Process_2023,Positive Regulation Of Receptor Binding (GO:1900122),0.23409243364819077,0.36563918326874306,0,0,4.565263157894737,6.628941182421858,MMP9
GO_Biological_Process_2023,Positive Regulation Of Sterol Biosynthetic Process (GO:0106120),0.23409243364819077,0.36563918326874306,0,0,4.565263157894737,6.628941182421858,SREBF1
GO_Biological_Process_2023,Positive Regulation Of Tau-Protein Kinase Activity (GO:1902949),0.23409243364819077,0.36563918326874306,0,0,4.565263157894737,6.628941182421858,HSP90AA1
GO_Biological_Process_2023,Positive Regulation Of Transcription Of Notch Receptor Target (GO:0007221),0.23409243364819077,0.36563918326874306,0,0,4.565263157894737,6.628941182421858,RBPJ
GO_Biological_Process_2023,Positive Regulation Of Translation In Response To Stress (GO:0032056),0.23409243364819077,0.36563918326874306,0,0,4.565263157894737,6.628941182421858,EIF2AK4
GO_Biological_Process_2023,Presynaptic Active Zone Organization (GO:1990709),0.23409243364819077,0.36563918326874306,0,0,4.565263157894737,6.628941182421858,CAST
GO_Biological_Process_2023,Pronephros Development (GO:0048793),0.23409243364819077,0.36563918326874306,0,0,4.565263157894737,6.628941182421858,OXSR1
GO_Biological_Process_2023,Protection From Natural Killer Cell Mediated Cytotoxicity (GO:0042270),0.23409243364819077,0.36563918326874306,0,0,4.565263157894737,6.628941182421858,HLA-B
GO_Biological_Process_2023,Protein Import (GO:0017038),0.23409243364819077,0.36563918326874306,0,0,4.565263157894737,6.628941182421858,SNX33
GO_Biological_Process_2023,Pteridine-Containing Compound Metabolic Process (GO:0042558),0.23409243364819077,0.36563918326874306,0,0,4.565263157894737,6.628941182421858,MTHFD1L
GO_Biological_Process_2023,Purine Nucleobase Biosynthetic Process (GO:0009113),0.23409243364819077,0.36563918326874306,0,0,4.565263157894737,6.628941182421858,SHMT2
GO_Biological_Process_2023,Purine Nucleobase Transmembrane Transport (GO:1904823),0.23409243364819077,0.36563918326874306,0,0,4.565263157894737,6.628941182421858,SLC29A2
GO_Biological_Process_2023,Pyrimidine Nucleoside Transport (GO:0015864),0.23409243364819077,0.36563918326874306,0,0,4.565263157894737,6.628941182421858,SLC29A2
GO_Biological_Process_2023,Regulation Of 3'-UTR-mediated mRNA Stabilization (GO:1905868),0.23409243364819077,0.36563918326874306,0,0,4.565263157894737,6.628941182421858,TENT4A
GO_Biological_Process_2023,"Regulation Of DNA Damage Response, Signal Transduction By P53 Class Mediator Resulting In Transcription Of P21 Class Mediator (GO:1902162)",0.23409243364819077,0.36563918326874306,0,0,4.565263157894737,6.628941182421858,RPL26
GO_Biological_Process_2023,Regulation Of NK T Cell Activation (GO:0051133),0.23409243364819077,0.36563918326874306,0,0,4.565263157894737,6.628941182421858,HSPH1
GO_Biological_Process_2023,Regulation Of T Cell Mediated Immune Response To Tumor Cell (GO:0002840),0.23409243364819077,0.36563918326874306,0,0,4.565263157894737,6.628941182421858,FBXO38
GO_Biological_Process_2023,Regulation Of Blood Vessel Remodeling (GO:0060312),0.23409243364819077,0.36563918326874306,0,0,4.565263157894737,6.628941182421858,TGFB1
GO_Biological_Process_2023,Regulation Of cGMP-mediated Signaling (GO:0010752),0.23409243364819077,0.36563918326874306,0,0,4.565263157894737,6.628941182421858,THBS1
GO_Biological_Process_2023,Regulation Of Calcidiol 1-Monooxygenase Activity (GO:0060558),0.23409243364819077,0.36563918326874306,0,0,4.565263157894737,6.628941182421858,NFKB1
GO_Biological_Process_2023,Regulation Of Circadian Sleep/Wake Cycle (GO:0042749),0.23409243364819077,0.36563918326874306,0,0,4.565263157894737,6.628941182421858,PER3
GO_Biological_Process_2023,"Regulation Of Circadian Sleep/Wake Cycle, Sleep (GO:0045187)",0.23409243364819077,0.36563918326874306,0,0,4.565263157894737,6.628941182421858,PER3
GO_Biological_Process_2023,Regulation Of Epinephrine Secretion (GO:0014060),0.23409243364819077,0.36563918326874306,0,0,4.565263157894737,6.628941182421858,ADRA2C
GO_Biological_Process_2023,Regulation Of Focal Adhesion Disassembly (GO:0120182),0.23409243364819077,0.36563918326874306,0,0,4.565263157894737,6.628941182421858,IQSEC1
GO_Biological_Process_2023,Regulation Of Glucocorticoid Receptor Signaling Pathway (GO:2000322),0.23409243364819077,0.36563918326874306,0,0,4.565263157894737,6.628941182421858,PER1
GO_Biological_Process_2023,Regulation Of Glutamate Receptor Signaling Pathway (GO:1900449),0.23409243364819077,0.36563918326874306,0,0,4.565263157894737,6.628941182421858,PRNP
GO_Biological_Process_2023,Regulation Of Hematopoietic Stem Cell Proliferation (GO:1902033),0.23409243364819077,0.36563918326874306,0,0,4.565263157894737,6.628941182421858,PDCD2
GO_Biological_Process_2023,Regulation Of Hormone Biosynthetic Process (GO:0046885),0.23409243364819077,0.36563918326874306,0,0,4.565263157894737,6.628941182421858,HIF1A
GO_Biological_Process_2023,Regulation Of Immature T Cell Proliferation In Thymus (GO:0033084),0.23409243364819077,0.36563918326874306,0,0,4.565263157894737,6.628941182421858,TMEM131L
GO_Biological_Process_2023,Regulation Of Keratinocyte Apoptotic Process (GO:1902172),0.23409243364819077,0.36563918326874306,0,0,4.565263157894737,6.628941182421858,ZFP36L1
GO_Biological_Process_2023,Regulation Of mRNA Export From Nucleus (GO:0010793),0.23409243364819077,0.36563918326874306,0,0,4.565263157894737,6.628941182421858,SETD2
GO_Biological_Process_2023,Regulation Of Mitotic Spindle Checkpoint (GO:1903504),0.23409243364819077,0.36563918326874306,0,0,4.565263157894737,6.628941182421858,LCMT1
GO_Biological_Process_2023,Regulation Of Morphogenesis Of A Branching Structure (GO:0060688),0.23409243364819077,0.36563918326874306,0,0,4.565263157894737,6.628941182421858,LRRK2
GO_Biological_Process_2023,Regulation Of Nitric Oxide Mediated Signal Transduction (GO:0010749),0.23409243364819077,0.36563918326874306,0,0,4.565263157894737,6.628941182421858,THBS1
GO_Biological_Process_2023,Regulation Of Pentose-Phosphate Shunt (GO:0043456),0.23409243364819077,0.36563918326874306,0,0,4.565263157894737,6.628941182421858,TP53
GO_Biological_Process_2023,Regulation Of Plasma Membrane Repair (GO:1905684),0.23409243364819077,0.36563918326874306,0,0,4.565263157894737,6.628941182421858,S100A10
GO_Biological_Process_2023,Regulation Of pro-B Cell Differentiation (GO:2000973),0.23409243364819077,0.36563918326874306,0,0,4.565263157894737,6.628941182421858,FNIP1
GO_Biological_Process_2023,Regulation Of Protein Depolymerization (GO:1901879),0.23409243364819077,0.36563918326874306,0,0,4.565263157894737,6.628941182421858,SH3BP1
GO_Biological_Process_2023,Regulation Of Protein Deubiquitination (GO:0090085),0.23409243364819077,0.36563918326874306,0,0,4.565263157894737,6.628941182421858,TNIP1
GO_Biological_Process_2023,Regulation Of Protein Targeting (GO:1903533),0.23409243364819077,0.36563918326874306,0,0,4.565263157894737,6.628941182421858,SREBF1
GO_Biological_Process_2023,Regulation Of Resting Membrane Potential (GO:0060075),0.23409243364819077,0.36563918326874306,0,0,4.565263157894737,6.628941182421858,KCNK5
GO_Biological_Process_2023,Regulation Of Ribonucleoprotein Complex Localization (GO:2000197),0.23409243364819077,0.36563918326874306,0,0,4.565263157894737,6.628941182421858,SETD2
GO_Biological_Process_2023,Regulation Of Stress Granule Assembly (GO:0062028),0.23409243364819077,0.36563918326874306,0,0,4.565263157894737,6.628941182421858,G3BP1
GO_Biological_Process_2023,Regulation Of T-Circle Formation (GO:1904429),0.23409243364819077,0.36563918326874306,0,0,4.565263157894737,6.628941182421858,SLX1A
GO_Biological_Process_2023,Regulation Of Tooth Mineralization (GO:0070170),0.23409243364819077,0.36563918326874306,0,0,4.565263157894737,6.628941182421858,ASPN
GO_Biological_Process_2023,Regulation Of Translation In Response To Endoplasmic Reticulum Stress (GO:0036490),0.23409243364819077,0.36563918326874306,0,0,4.565263157894737,6.628941182421858,SESN2
GO_Biological_Process_2023,Regulation Of Type 2 Immune Response (GO:0002828),0.23409243364819077,0.36563918326874306,0,0,4.565263157894737,6.628941182421858,CD74
GO_Biological_Process_2023,Regulation Of Type B Pancreatic Cell Proliferation (GO:0061469),0.23409243364819077,0.36563918326874306,0,0,4.565263157894737,6.628941182421858,NR4A1
GO_Biological_Process_2023,Regulation Of Ventricular Cardiac Muscle Cell Membrane Depolarization (GO:0060373),0.23409243364819077,0.36563918326874306,0,0,4.565263157894737,6.628941182421858,GPD1L
GO_Biological_Process_2023,Regulation Of Vitamin D Biosynthetic Process (GO:0060556),0.23409243364819077,0.36563918326874306,0,0,4.565263157894737,6.628941182421858,NFKB1
GO_Biological_Process_2023,Response To Angiotensin (GO:1990776),0.23409243364819077,0.36563918326874306,0,0,4.565263157894737,6.628941182421858,ROCK1
GO_Biological_Process_2023,Response To cGMP (GO:0070305),0.23409243364819077,0.36563918326874306,0,0,4.565263157894737,6.628941182421858,RAPGEF2
GO_Biological_Process_2023,Response To Gonadotropin (GO:0034698),0.23409243364819077,0.36563918326874306,0,0,4.565263157894737,6.628941182421858,NSMF
GO_Biological_Process_2023,Response To Lithium Ion (GO:0010226),0.23409243364819077,0.36563918326874306,0,0,4.565263157894737,6.628941182421858,CDKN1B
GO_Biological_Process_2023,Response To Manganese Ion (GO:0010042),0.23409243364819077,0.36563918326874306,0,0,4.565263157894737,6.628941182421858,LRRK2
GO_Biological_Process_2023,Signal Complex Assembly (GO:0007172),0.23409243364819077,0.36563918326874306,0,0,4.565263157894737,6.628941182421858,PXN
GO_Biological_Process_2023,Sphingomyelin Biosynthetic Process (GO:0006686),0.23409243364819077,0.36563918326874306,0,0,4.565263157894737,6.628941182421858,SGMS2
GO_Biological_Process_2023,Subtelomeric Heterochromatin Formation (GO:0031509),0.23409243364819077,0.36563918326874306,0,0,4.565263157894737,6.628941182421858,SIRT2
GO_Biological_Process_2023,Succinate Transport (GO:0015744),0.23409243364819077,0.36563918326874306,0,0,4.565263157894737,6.628941182421858,SLC25A11
GO_Biological_Process_2023,Synaptic Vesicle Uncoating (GO:0016191),0.23409243364819077,0.36563918326874306,0,0,4.565263157894737,6.628941182421858,SH3GL1
GO_Biological_Process_2023,tRNA Pseudouridine Synthesis (GO:0031119),0.23409243364819077,0.36563918326874306,0,0,4.565263157894737,6.628941182421858,PUSL1
GO_Biological_Process_2023,Telencephalon Cell Migration (GO:0022029),0.23409243364819077,0.36563918326874306,0,0,4.565263157894737,6.628941182421858,LRRK2
GO_Biological_Process_2023,Type B Pancreatic Cell Proliferation (GO:0044342),0.23409243364819077,0.36563918326874306,0,0,4.565263157894737,6.628941182421858,BAD
GO_Biological_Process_2023,Urea Cycle (GO:0000050),0.23409243364819077,0.36563918326874306,0,0,4.565263157894737,6.628941182421858,NAGS
GO_Biological_Process_2023,Uridine Transport (GO:0015862),0.23409243364819077,0.36563918326874306,0,0,4.565263157894737,6.628941182421858,SLC29A2
GO_Biological_Process_2023,Ventricular Cardiac Muscle Cell Development (GO:0055015),0.23409243364819077,0.36563918326874306,0,0,4.565263157894737,6.628941182421858,MEF2A
GO_Biological_Process_2023,Ventricular Compact Myocardium Morphogenesis (GO:0003223),0.23409243364819077,0.36563918326874306,0,0,4.565263157894737,6.628941182421858,TGFBR1
GO_Biological_Process_2023,Zymogen Inhibition (GO:0097341),0.23409243364819077,0.36563918326874306,0,0,4.565263157894737,6.628941182421858,CAST
GO_Biological_Process_2023,Calcium Ion Transmembrane Transport (GO:0070588),0.23565247973452083,0.3678030363832718,0,0,1.4815374741496115,2.141409972695133,CACNB3;P2RX4;TRPA1;MCUB;TRPM7;PKD1
GO_Biological_Process_2023,Cellular Response To Interleukin-1 (GO:0071347),0.23565247973452083,0.3678030363832718,0,0,1.4815374741496115,2.141409972695133,IKBKB;PYCARD;RPS6KA4;HIF1A;NFKB1;MYD88
GO_Biological_Process_2023,tRNA Processing (GO:0008033),0.23787352792605465,0.37005536697963604,0,0,1.6608041405089375,2.3849415541720678,QTRT1;LCMT2;THG1L;RTRAF
GO_Biological_Process_2023,3'-UTR-mediated mRNA Stabilization (GO:0070935),0.23955614590037708,0.37005536697963604,0,0,2.2830437072143233,3.262395167273053,MYD88;HNRNPA0
GO_Biological_Process_2023,T-helper Cell Differentiation (GO:0042093),0.23955614590037708,0.37005536697963604,0,0,2.2830437072143233,3.262395167273053,RORC;GATA3
GO_Biological_Process_2023,Adrenergic Receptor Signaling Pathway (GO:0071875),0.23955614590037708,0.37005536697963604,0,0,2.2830437072143233,3.262395167273053,RAPGEF2;ADRA2C
GO_Biological_Process_2023,Cell Junction Maintenance (GO:0034331),0.23955614590037708,0.37005536697963604,0,0,2.2830437072143233,3.262395167273053,CHCHD10;CBLN2
GO_Biological_Process_2023,Excitatory Postsynaptic Potential (GO:0060079),0.23955614590037708,0.37005536697963604,0,0,2.2830437072143233,3.262395167273053,LRRK2;ARRB2
GO_Biological_Process_2023,Glycerolipid Catabolic Process (GO:0046503),0.23955614590037708,0.37005536697963604,0,0,2.2830437072143233,3.262395167273053,LYPLA2;ABHD2
GO_Biological_Process_2023,Intracellular Sodium Ion Homeostasis (GO:0006883),0.23955614590037708,0.37005536697963604,0,0,2.2830437072143233,3.262395167273053,SLC12A2;ATP1B1
GO_Biological_Process_2023,Lysosomal Lumen Acidification (GO:0007042),0.23955614590037708,0.37005536697963604,0,0,2.2830437072143233,3.262395167273053,ATP6V0B;CLN6
GO_Biological_Process_2023,Melanosome Assembly (GO:1903232),0.23955614590037708,0.37005536697963604,0,0,2.2830437072143233,3.262395167273053,AP1B1;AP1S2
GO_Biological_Process_2023,Mesenchyme Morphogenesis (GO:0072132),0.23955614590037708,0.37005536697963604,0,0,2.2830437072143233,3.262395167273053,APC;BMPR1A
GO_Biological_Process_2023,Negative Regulation Of T Cell Receptor Signaling Pathway (GO:0050860),0.23955614590037708,0.37005536697963604,0,0,2.2830437072143233,3.262395167273053,PRNP;DGKZ
GO_Biological_Process_2023,Negative Regulation Of Lipid Storage (GO:0010888),0.23955614590037708,0.37005536697963604,0,0,2.2830437072143233,3.262395167273053,ABHD5;PNPLA2
GO_Biological_Process_2023,Negative Regulation Of Viral Entry Into Host Cell (GO:0046597),0.23955614590037708,0.37005536697963604,0,0,2.2830437072143233,3.262395167273053,SNX3;IFITM2
GO_Biological_Process_2023,Neuromuscular Process (GO:0050905),0.23955614590037708,0.37005536697963604,0,0,2.2830437072143233,3.262395167273053,PRRT2;MYCBP2
GO_Biological_Process_2023,Pore Complex Assembly (GO:0046931),0.23955614590037708,0.37005536697963604,0,0,2.2830437072143233,3.262395167273053,GSDMD;BAD
GO_Biological_Process_2023,Positive Regulation Of DNA Replication (GO:0045740),0.23955614590037708,0.37005536697963604,0,0,2.2830437072143233,3.262395167273053,CDT1;SMARCA5
GO_Biological_Process_2023,Positive Regulation Of Cyclin-Dependent Protein Kinase Activity (GO:1904031),0.23955614590037708,0.37005536697963604,0,0,2.2830437072143233,3.262395167273053,CCND1;PKD1
GO_Biological_Process_2023,Positive Regulation Of Neuroblast Proliferation (GO:0002052),0.23955614590037708,0.37005536697963604,0,0,2.2830437072143233,3.262395167273053,SMARCD3;CTNNB1
GO_Biological_Process_2023,Positive Regulation Of Phosphoprotein Phosphatase Activity (GO:0032516),0.23955614590037708,0.37005536697963604,0,0,2.2830437072143233,3.262395167273053,PDGFRB;PTPA
GO_Biological_Process_2023,Positive Regulation Of Response To Endoplasmic Reticulum Stress (GO:1905898),0.23955614590037708,0.37005536697963604,0,0,2.2830437072143233,3.262395167273053,XBP1;PMAIP1
GO_Biological_Process_2023,Positive Regulation Of Stress-Activated Protein Kinase Signaling Cascade (GO:0070304),0.23955614590037708,0.37005536697963604,0,0,2.2830437072143233,3.262395167273053,TAOK2;IGFBP6
GO_Biological_Process_2023,Regulation Of cAMP-mediated Signaling (GO:0043949),0.23955614590037708,0.37005536697963604,0,0,2.2830437072143233,3.262395167273053,MGRN1;RAPGEF2
GO_Biological_Process_2023,Regulation Of Exosomal Secretion (GO:1903541),0.23955614590037708,0.37005536697963604,0,0,2.2830437072143233,3.262395167273053,PDCD6IP;ATP9A
GO_Biological_Process_2023,Regulation Of Vascular Endothelial Cell Proliferation (GO:1905562),0.23955614590037708,0.37005536697963604,0,0,2.2830437072143233,3.262395167273053,FLT1;MDK
GO_Biological_Process_2023,Renal Absorption (GO:0070293),0.23955614590037708,0.37005536697963604,0,0,2.2830437072143233,3.262395167273053,CLDN4;MAGED2
GO_Biological_Process_2023,Response To Organophosphorus (GO:0046683),0.23955614590037708,0.37005536697963604,0,0,2.2830437072143233,3.262395167273053,P2RX4;ENPP1
GO_Biological_Process_2023,Sphingosine Metabolic Process (GO:0006670),0.23955614590037708,0.37005536697963604,0,0,2.2830437072143233,3.262395167273053,ASAH1;SPHK1
GO_Biological_Process_2023,DNA Damage Checkpoint Signaling (GO:0000077),0.24430772199582862,0.37656655099723074,0,0,1.8266596417281349,2.5743601913044416,TIPRL;E2F1;ATRIP
GO_Biological_Process_2023,Negative Regulation Of Blood Vessel Endothelial Cell Migration (GO:0043537),0.24430772199582862,0.37656655099723074,0,0,1.8266596417281349,2.5743601913044416,TGFB1;KLF4;THBS1
GO_Biological_Process_2023,Positive Regulation Of Establishment Of Protein Localization To Mitochondrion (GO:1903749),0.24430772199582862,0.37656655099723074,0,0,1.8266596417281349,2.5743601913044416,UBE2D3;ARIH2;PIN1
GO_Biological_Process_2023,Positive Regulation Of Immunoglobulin Production (GO:0002639),0.24430772199582862,0.37656655099723074,0,0,1.8266596417281349,2.5743601913044416,MAD2L2;XBP1;STX4
GO_Biological_Process_2023,Positive Regulation Of Ion Transmembrane Transporter Activity (GO:0032414),0.24430772199582862,0.37656655099723074,0,0,1.8266596417281349,2.5743601913044416,TCAF1;AKAP9;ATP1B1
GO_Biological_Process_2023,Vasculogenesis (GO:0001570),0.24430772199582862,0.37656655099723074,0,0,1.8266596417281349,2.5743601913044416,PDGFRB;SPRED1;TGFB1
GO_Biological_Process_2023,Regulation Of Tyrosine Phosphorylation Of STAT Protein (GO:0042509),0.2480839236798263,0.3822471286555977,0,0,1.5225035161744023,2.1223519179295383,SOCS3;IL20;IL15;PTK6;NF2
GO_Biological_Process_2023,Positive Regulation Of Developmental Growth (GO:0048639),0.24929541509449457,0.3838329041911944,0,0,1.6238505242195278,2.255717848596092,GOLGA4;TWF2;AGR2;PPIB
GO_Biological_Process_2023,Regulation Of Interleukin-12 Production (GO:0032655),0.24929541509449457,0.3838329041911944,0,0,1.6238505242195278,2.255717848596092,MDK;HLA-B;IL16;THBS1
GO_Biological_Process_2023,Regulation Of NIK/NF-kappaB Signaling (GO:1901222),0.2530383336894693,0.38945337104033456,0,0,1.4424663241216498,1.9822578284888481,PYCARD;APP;TCIM;SPHK1;RPS3;SASH1
GO_Biological_Process_2023,Cellular Response To Glucose Stimulus (GO:0071333),0.2584716743744395,0.393886530074246,0,0,1.767684149699174,2.3916221531739175,XBP1;RACK1;IGF1R
GO_Biological_Process_2023,Hexose Biosynthetic Process (GO:0019319),0.2584716743744395,0.393886530074246,0,0,1.767684149699174,2.3916221531739175,ENO1;PGM1;ATF4
GO_Biological_Process_2023,Negative Regulation Of JNK Cascade (GO:0046329),0.2584716743744395,0.393886530074246,0,0,1.767684149699174,2.3916221531739175,PER1;HDAC3;FKTN
GO_Biological_Process_2023,Positive Regulation Of Interferon-Beta Production (GO:0032728),0.2584716743744395,0.393886530074246,0,0,1.767684149699174,2.3916221531739175,HSP90AA1;IRF1;TRIM65
GO_Biological_Process_2023,Purine Nucleotide Metabolic Process (GO:0006163),0.2584716743744395,0.393886530074246,0,0,1.767684149699174,2.3916221531739175,SLC4A7;AMPD2;GPD1L
GO_Biological_Process_2023,Regulation Of T Cell Receptor Signaling Pathway (GO:0050856),0.2584716743744395,0.393886530074246,0,0,1.767684149699174,2.3916221531739175,PRNP;RPS3;DGKZ
GO_Biological_Process_2023,Regulation Of Blood Circulation (GO:1903522),0.2584716743744395,0.393886530074246,0,0,1.767684149699174,2.3916221531739175,TPM1;ECE1;SRI
GO_Biological_Process_2023,DNA Catabolic Process (GO:0006308),0.25917030211179365,0.393886530074246,0,0,2.148685066443639,2.90130476174988,ENDOG;DNASE1L1
GO_Biological_Process_2023,N-glycan Processing (GO:0006491),0.25917030211179365,0.393886530074246,0,0,2.148685066443639,2.90130476174988,MGAT4B;MAN1B1
GO_Biological_Process_2023,RNA-templated DNA Biosynthetic Process (GO:0006278),0.25917030211179365,0.393886530074246,0,0,2.148685066443639,2.90130476174988,HSP90AA1;TERF1
GO_Biological_Process_2023,Cardiac Ventricle Development (GO:0003231),0.25917030211179365,0.393886530074246,0,0,2.148685066443639,2.90130476174988,TMEM65;GATA3
GO_Biological_Process_2023,Cellular Response To Lectin (GO:1990858),0.25917030211179365,0.393886530074246,0,0,2.148685066443639,2.90130476174988,IKBKB;PAK1
GO_Biological_Process_2023,Dopaminergic Neuron Differentiation (GO:0071542),0.25917030211179365,0.393886530074246,0,0,2.148685066443639,2.90130476174988,CTNNB1;LMX1B
GO_Biological_Process_2023,Establishment Of Epithelial Cell Polarity (GO:0090162),0.25917030211179365,0.393886530074246,0,0,2.148685066443639,2.90130476174988,SH3BP1;SYNE4
GO_Biological_Process_2023,Establishment Of Skin Barrier (GO:0061436),0.25917030211179365,0.393886530074246,0,0,2.148685066443639,2.90130476174988,CLDN4;SFN
GO_Biological_Process_2023,Homologous Chromosome Segregation (GO:0045143),0.25917030211179365,0.393886530074246,0,0,2.148685066443639,2.90130476174988,PTTG1;MND1
GO_Biological_Process_2023,Hydrogen Peroxide Catabolic Process (GO:0042744),0.25917030211179365,0.393886530074246,0,0,2.148685066443639,2.90130476174988,PRDX5;PRDX4
GO_Biological_Process_2023,Multicellular Organismal-Level Water Homeostasis (GO:0050891),0.25917030211179365,0.393886530074246,0,0,2.148685066443639,2.90130476174988,AQP3;PRKACB
GO_Biological_Process_2023,Negative Regulation Of Cytokine Production Involved In Inflammatory Response (GO:1900016),0.25917030211179365,0.393886530074246,0,0,2.148685066443639,2.90130476174988,PYCARD;EXTL3
GO_Biological_Process_2023,Oligodendrocyte Differentiation (GO:0048709),0.25917030211179365,0.393886530074246,0,0,2.148685066443639,2.90130476174988,NSUN5;SOX13
GO_Biological_Process_2023,Positive Regulation Of Axon Extension (GO:0045773),0.25917030211179365,0.393886530074246,0,0,2.148685066443639,2.90130476174988,GOLGA4;TWF2
GO_Biological_Process_2023,Positive Regulation Of Leukocyte Activation (GO:0002696),0.25917030211179365,0.393886530074246,0,0,2.148685066443639,2.90130476174988,WNT5A;THBS1
GO_Biological_Process_2023,rRNA Methylation (GO:0031167),0.25917030211179365,0.393886530074246,0,0,2.148685066443639,2.90130476174988,TRMT112;NSUN5
GO_Biological_Process_2023,Receptor Clustering (GO:0043113),0.25917030211179365,0.393886530074246,0,0,2.148685066443639,2.90130476174988,FLNA;PICK1
GO_Biological_Process_2023,Regulation Of Autophagy Of Mitochondrion (GO:1903146),0.25917030211179365,0.393886530074246,0,0,2.148685066443639,2.90130476174988,SREBF1;CAMKK2
GO_Biological_Process_2023,Regulation Of Fibroblast Migration (GO:0010762),0.25917030211179365,0.393886530074246,0,0,2.148685066443639,2.90130476174988,TGFB1;THBS1
GO_Biological_Process_2023,Regulation Of Neuroinflammatory Response (GO:0150077),0.25917030211179365,0.393886530074246,0,0,2.148685066443639,2.90130476174988,SPHK1;MMP9
GO_Biological_Process_2023,Stimulatory C-type Lectin Receptor Signaling Pathway (GO:0002223),0.25917030211179365,0.393886530074246,0,0,2.148685066443639,2.90130476174988,IKBKB;PAK1
GO_Biological_Process_2023,Telomere Maintenance Via Telomerase (GO:0007004),0.25917030211179365,0.393886530074246,0,0,2.148685066443639,2.90130476174988,HSP90AA1;TERF1
GO_Biological_Process_2023,Negative Regulation Of Cell Projection Organization (GO:0031345),0.26083076796892407,0.393886530074246,0,0,1.588503586899223,2.134763729223865,RTN4R;PRNP;GORASP1;RAPGEF2
GO_Biological_Process_2023,Receptor Internalization (GO:0031623),0.26083076796892407,0.393886530074246,0,0,1.588503586899223,2.134763729223865,SNX1;GRK2;LRP1;ARRB2
GO_Biological_Process_2023,Regulation Of Viral Genome Replication (GO:0045069),0.26796270259439414,0.393886530074246,0,0,1.4733054307880769,1.9402069385642562,IFITM2;LARP1;TNIP1;PPIH;PPID
GO_Biological_Process_2023,Peptide Metabolic Process (GO:0006518),0.2724655205061391,0.393886530074246,0,0,1.5546607745712715,2.0214371053202584,ERAP1;LNPEP;AEBP1;SEC11A
GO_Biological_Process_2023,Liver Development (GO:0001889),0.27273974961245795,0.393886530074246,0,0,1.712394625922023,2.224806861747652,CEBPB;XBP1;GFER
GO_Biological_Process_2023,Macrophage Activation (GO:0042116),0.27273974961245795,0.393886530074246,0,0,1.712394625922023,2.224806861747652,APP;ITGAM;EDN2
GO_Biological_Process_2023,Muscle Tissue Development (GO:0060537),0.27273974961245795,0.393886530074246,0,0,1.712394625922023,2.224806861747652,SRPK3;PTCH1;SIX1
GO_Biological_Process_2023,Positive Regulation Of Phospholipase C Activity (GO:0010863),0.27273974961245795,0.393886530074246,0,0,1.712394625922023,2.224806861747652,PDGFRB;FLT1;ESR1
GO_Biological_Process_2023,Receptor Signaling Pathway Via JAK-STAT (GO:0007259),0.27273974961245795,0.393886530074246,0,0,1.712394625922023,2.224806861747652,IL15;PTK6;PKD1
GO_Biological_Process_2023,Regulation Of T Cell Mediated Cytotoxicity (GO:0001914),0.27273974961245795,0.393886530074246,0,0,1.712394625922023,2.224806861747652,HLA-B;HLA-A;HLA-F
GO_Biological_Process_2023,Regulation Of Axon Extension (GO:0030516),0.27273974961245795,0.393886530074246,0,0,1.712394625922023,2.224806861747652,RTN4R;GOLGA4;TWF2
GO_Biological_Process_2023,Regulation Of Cardiac Muscle Contraction (GO:0055117),0.27273974961245795,0.393886530074246,0,0,1.712394625922023,2.224806861747652,P2RX4;SRI;ATP1B1
GO_Biological_Process_2023,Regulation Of Regulated Secretory Pathway (GO:1903305),0.27273974961245795,0.393886530074246,0,0,1.712394625922023,2.224806861747652,RIMS4;LRRK2;SYT9
GO_Biological_Process_2023,Epithelium Development (GO:0060429),0.2729415389389579,0.393886530074246,0,0,1.2779341229896493,1.6593944553138344,GSTK1;CBR1;TAGLN;TGFB1;SPINT1;PTCH1;KRT15;SIX1;OXSR1;PKD1
GO_Biological_Process_2023,ATF6-mediated Unfolded Protein Response (GO:0036500),0.2738778817519336,0.393886530074246,0,0,3.6521052631578947,4.729742769659917,XBP1
GO_Biological_Process_2023,G Protein-Coupled Receptor Internalization (GO:0002031),0.2738778817519336,0.393886530074246,0,0,3.6521052631578947,4.729742769659917,ARRB2
GO_Biological_Process_2023,L-methionine Salvage (GO:0071267),0.2738778817519336,0.393886530074246,0,0,3.6521052631578947,4.729742769659917,ENOPH1
GO_Biological_Process_2023,N-acetylneuraminate Catabolic Process (GO:0019262),0.2738778817519336,0.393886530074246,0,0,3.6521052631578947,4.729742769659917,GNPDA1
GO_Biological_Process_2023,T Cell Mediated Cytotoxicity (GO:0001913),0.2738778817519336,0.393886530074246,0,0,3.6521052631578947,4.729742769659917,HLA-A
GO_Biological_Process_2023,UV Protection (GO:0009650),0.2738778817519336,0.393886530074246,0,0,3.6521052631578947,4.729742769659917,FEN1
GO_Biological_Process_2023,Adenosine Metabolic Process (GO:0046085),0.2738778817519336,0.393886530074246,0,0,3.6521052631578947,4.729742769659917,NT5C2
GO_Biological_Process_2023,Adherens Junction Maintenance (GO:0034334),0.2738778817519336,0.393886530074246,0,0,3.6521052631578947,4.729742769659917,FERMT2
GO_Biological_Process_2023,Aggrephagy (GO:0035973),0.2738778817519336,0.393886530074246,0,0,3.6521052631578947,4.729742769659917,SQSTM1
GO_Biological_Process_2023,Atrioventricular Valve Formation (GO:0003190),0.2738778817519336,0.393886530074246,0,0,3.6521052631578947,4.729742769659917,SMAD4
GO_Biological_Process_2023,Auditory Receptor Cell Morphogenesis (GO:0002093),0.2738778817519336,0.393886530074246,0,0,3.6521052631578947,4.729742769659917,TPRN
GO_Biological_Process_2023,Auditory Receptor Cell Stereocilium Organization (GO:0060088),0.2738778817519336,0.393886530074246,0,0,3.6521052631578947,4.729742769659917,TPRN
GO_Biological_Process_2023,Axon Extension Involved In Axon Guidance (GO:0048846),0.2738778817519336,0.393886530074246,0,0,3.6521052631578947,4.729742769659917,NELL2
GO_Biological_Process_2023,Bleb Assembly (GO:0032060),0.2738778817519336,0.393886530074246,0,0,3.6521052631578947,4.729742769659917,PMP22
GO_Biological_Process_2023,Cardiac Muscle Cell Myoblast Differentiation (GO:0060379),0.2738778817519336,0.393886530074246,0,0,3.6521052631578947,4.729742769659917,RBPJ
GO_Biological_Process_2023,Cardiac Muscle Cell-Cardiac Muscle Cell Adhesion (GO:0086042),0.2738778817519336,0.393886530074246,0,0,3.6521052631578947,4.729742769659917,DSG2
GO_Biological_Process_2023,Cardiac Pacemaker Cell Development (GO:0060926),0.2738778817519336,0.393886530074246,0,0,3.6521052631578947,4.729742769659917,SHOX2
GO_Biological_Process_2023,Cardiolipin Biosynthetic Process (GO:0032049),0.2738778817519336,0.393886530074246,0,0,3.6521052631578947,4.729742769659917,PLA2G6
GO_Biological_Process_2023,Catecholamine Catabolic Process (GO:0042424),0.2738778817519336,0.393886530074246,0,0,3.6521052631578947,4.729742769659917,SULT1A3
GO_Biological_Process_2023,Cellular Response To Gonadotropin Stimulus (GO:0071371),0.2738778817519336,0.393886530074246,0,0,3.6521052631578947,4.729742769659917,NSMF
GO_Biological_Process_2023,Cellular Response To Laminar Fluid Shear Stress (GO:0071499),0.2738778817519336,0.393886530074246,0,0,3.6521052631578947,4.729742769659917,KLF4
GO_Biological_Process_2023,Cellular Response To Monoamine Stimulus (GO:0071868),0.2738778817519336,0.393886530074246,0,0,3.6521052631578947,4.729742769659917,TGM2
GO_Biological_Process_2023,Choline Transport (GO:0015871),0.2738778817519336,0.393886530074246,0,0,3.6521052631578947,4.729742769659917,SLC44A1
GO_Biological_Process_2023,Clathrin-Coated Vesicle Cargo Loading (GO:0035652),0.2738778817519336,0.393886530074246,0,0,3.6521052631578947,4.729742769659917,AP3M2
GO_Biological_Process_2023,"Clathrin-Coated Vesicle Cargo Loading, AP-3-mediated (GO:0035654)",0.2738778817519336,0.393886530074246,0,0,3.6521052631578947,4.729742769659917,AP3M2
GO_Biological_Process_2023,Cleavage Furrow Formation (GO:0036089),0.2738778817519336,0.393886530074246,0,0,3.6521052631578947,4.729742769659917,SNX33
GO_Biological_Process_2023,Copper Ion Import (GO:0015677),0.2738778817519336,0.393886530074246,0,0,3.6521052631578947,4.729742769659917,SLC31A2
GO_Biological_Process_2023,Definitive Hemopoiesis (GO:0060216),0.2738778817519336,0.393886530074246,0,0,3.6521052631578947,4.729742769659917,HIPK1
GO_Biological_Process_2023,Dendrite Arborization (GO:0140059),0.2738778817519336,0.393886530074246,0,0,3.6521052631578947,4.729742769659917,TAOK2
GO_Biological_Process_2023,Dense Core Granule Cytoskeletal Transport (GO:0099519),0.2738778817519336,0.393886530074246,0,0,3.6521052631578947,4.729742769659917,KIF1C
GO_Biological_Process_2023,Desmosome Organization (GO:0002934),0.2738778817519336,0.393886530074246,0,0,3.6521052631578947,4.729742769659917,PKP3
GO_Biological_Process_2023,Detection Of Muscle Stretch (GO:0035995),0.2738778817519336,0.393886530074246,0,0,3.6521052631578947,4.729742769659917,CTNNB1
GO_Biological_Process_2023,Development Of Primary Female Sexual Characteristics (GO:0046545),0.2738778817519336,0.393886530074246,0,0,3.6521052631578947,4.729742769659917,NR2F2
GO_Biological_Process_2023,Dopamine Catabolic Process (GO:0042420),0.2738778817519336,0.393886530074246,0,0,3.6521052631578947,4.729742769659917,SULT1A3
GO_Biological_Process_2023,Elastic Fiber Assembly (GO:0048251),0.2738778817519336,0.393886530074246,0,0,3.6521052631578947,4.729742769659917,EMILIN1
GO_Biological_Process_2023,Establishment Of Mitotic Sister Chromatid Cohesion (GO:0034087),0.2738778817519336,0.393886530074246,0,0,3.6521052631578947,4.729742769659917,RAD21
GO_Biological_Process_2023,Ethanol Catabolic Process (GO:0006068),0.2738778817519336,0.393886530074246,0,0,3.6521052631578947,4.729742769659917,SULT1A3
GO_Biological_Process_2023,Exocrine System Development (GO:0035272),0.2738778817519336,0.393886530074246,0,0,3.6521052631578947,4.729742769659917,RAB26
GO_Biological_Process_2023,Forebrain Neuron Development (GO:0021884),0.2738778817519336,0.393886530074246,0,0,3.6521052631578947,4.729742769659917,RAPGEF2
GO_Biological_Process_2023,Galactose Metabolic Process (GO:0006012),0.2738778817519336,0.393886530074246,0,0,3.6521052631578947,4.729742769659917,GALK1
GO_Biological_Process_2023,Gamma-Aminobutyric Acid Transport (GO:0015812),0.2738778817519336,0.393886530074246,0,0,3.6521052631578947,4.729742769659917,SLC6A6
GO_Biological_Process_2023,Ganglioside Catabolic Process (GO:0006689),0.2738778817519336,0.393886530074246,0,0,3.6521052631578947,4.729742769659917,NEU4
GO_Biological_Process_2023,Gland Morphogenesis (GO:0022612),0.2738778817519336,0.393886530074246,0,0,3.6521052631578947,4.729742769659917,TGFB1
GO_Biological_Process_2023,Glutathione Biosynthetic Process (GO:0006750),0.2738778817519336,0.393886530074246,0,0,3.6521052631578947,4.729742769659917,MGST2
GO_Biological_Process_2023,Glycerol Transmembrane Transport (GO:0015793),0.2738778817519336,0.393886530074246,0,0,3.6521052631578947,4.729742769659917,AQP3
GO_Biological_Process_2023,Hepatocyte Growth Factor Receptor Signaling Pathway (GO:0048012),0.2738778817519336,0.393886530074246,0,0,3.6521052631578947,4.729742769659917,PAK1
GO_Biological_Process_2023,Hypotonic Response (GO:0006971),0.2738778817519336,0.393886530074246,0,0,3.6521052631578947,4.729742769659917,SLC12A5
GO_Biological_Process_2023,Intracellular Triglyceride Homeostasis (GO:0035356),0.2738778817519336,0.393886530074246,0,0,3.6521052631578947,4.729742769659917,XBP1
GO_Biological_Process_2023,Leucine Metabolic Process (GO:0006551),0.2738778817519336,0.393886530074246,0,0,3.6521052631578947,4.729742769659917,IVD
GO_Biological_Process_2023,Leukotriene D4 Biosynthetic Process (GO:1901750),0.2738778817519336,0.393886530074246,0,0,3.6521052631578947,4.729742769659917,GGT5
GO_Biological_Process_2023,Lymphocyte Migration Into Lymphoid Organs (GO:0097021),0.2738778817519336,0.393886530074246,0,0,3.6521052631578947,4.729742769659917,RET
GO_Biological_Process_2023,Lymphoid Progenitor Cell Differentiation (GO:0002320),0.2738778817519336,0.393886530074246,0,0,3.6521052631578947,4.729742769659917,BMP4
GO_Biological_Process_2023,Marginal Zone B Cell Differentiation (GO:0002315),0.2738778817519336,0.393886530074246,0,0,3.6521052631578947,4.729742769659917,PTK2B
GO_Biological_Process_2023,Membrane Biogenesis (GO:0044091),0.2738778817519336,0.393886530074246,0,0,3.6521052631578947,4.729742769659917,PEX16
GO_Biological_Process_2023,Membrane Invagination (GO:0010324),0.2738778817519336,0.393886530074246,0,0,3.6521052631578947,4.729742769659917,SNX3
GO_Biological_Process_2023,Metanephric Nephron Tubule Development (GO:0072234),0.2738778817519336,0.393886530074246,0,0,3.6521052631578947,4.729742769659917,PKD1
GO_Biological_Process_2023,Mitotic Nuclear Membrane Disassembly (GO:0007077),0.2738778817519336,0.393886530074246,0,0,3.6521052631578947,4.729742769659917,PLK1
GO_Biological_Process_2023,Negative Regulation Of Blood Vessel Endothelial Cell Proliferation Involved In Sprouting Angiogenesis (GO:1903588),0.2738778817519336,0.393886530074246,0,0,3.6521052631578947,4.729742769659917,THBS1
GO_Biological_Process_2023,Negative Regulation Of Catecholamine Secretion (GO:0033604),0.2738778817519336,0.393886530074246,0,0,3.6521052631578947,4.729742769659917,ADRA2C
GO_Biological_Process_2023,Negative Regulation Of Cell Cycle G2/M Phase Transition (GO:1902750),0.2738778817519336,0.393886530074246,0,0,3.6521052631578947,4.729742769659917,AVEN
GO_Biological_Process_2023,Negative Regulation Of Centriole Replication (GO:0046600),0.2738778817519336,0.393886530074246,0,0,3.6521052631578947,4.729742769659917,RBM14
GO_Biological_Process_2023,Negative Regulation Of Digestive System Process (GO:0060457),0.2738778817519336,0.393886530074246,0,0,3.6521052631578947,4.729742769659917,PTGER3
GO_Biological_Process_2023,Negative Regulation Of Establishment Of Protein Localization To Mitochondrion (GO:1903748),0.2738778817519336,0.393886530074246,0,0,3.6521052631578947,4.729742769659917,LRRK2
GO_Biological_Process_2023,Negative Regulation Of Heart Rate (GO:0010459),0.2738778817519336,0.393886530074246,0,0,3.6521052631578947,4.729742769659917,SRI
GO_Biological_Process_2023,Negative Regulation Of Low-Density Lipoprotein Receptor Activity (GO:1905598),0.2738778817519336,0.393886530074246,0,0,3.6521052631578947,4.729742769659917,APP
GO_Biological_Process_2023,Negative Regulation Of Membrane Protein Ectodomain Proteolysis (GO:0051045),0.2738778817519336,0.393886530074246,0,0,3.6521052631578947,4.729742769659917,ROCK1
GO_Biological_Process_2023,Negative Regulation Of Neuron Projection Regeneration (GO:0070571),0.2738778817519336,0.393886530074246,0,0,3.6521052631578947,4.729742769659917,RTN4R
GO_Biological_Process_2023,Negative Regulation Of Plasminogen Activation (GO:0010757),0.2738778817519336,0.393886530074246,0,0,3.6521052631578947,4.729742769659917,THBS1
GO_Biological_Process_2023,Negative Regulation Of Response To Reactive Oxygen Species (GO:1901032),0.2738778817519336,0.393886530074246,0,0,3.6521052631578947,4.729742769659917,LRRK2
GO_Biological_Process_2023,Neuron Projection Extension Involved In Neuron Projection Guidance (GO:1902284),0.2738778817519336,0.393886530074246,0,0,3.6521052631578947,4.729742769659917,NELL2
GO_Biological_Process_2023,Norepinephrine Metabolic Process (GO:0042415),0.2738778817519336,0.393886530074246,0,0,3.6521052631578947,4.729742769659917,GATA3
GO_Biological_Process_2023,Nose Development (GO:0043584),0.2738778817519336,0.393886530074246,0,0,3.6521052631578947,4.729742769659917,SKI
GO_Biological_Process_2023,Nucleobase Biosynthetic Process (GO:0046112),0.2738778817519336,0.393886530074246,0,0,3.6521052631578947,4.729742769659917,SHMT2
GO_Biological_Process_2023,Nucleobase Catabolic Process (GO:0046113),0.2738778817519336,0.393886530074246,0,0,3.6521052631578947,4.729742769659917,DPYSL2
GO_Biological_Process_2023,Nucleoside Diphosphate Catabolic Process (GO:0009134),0.2738778817519336,0.393886530074246,0,0,3.6521052631578947,4.729742769659917,ENTPD8
GO_Biological_Process_2023,Nucleotide Catabolic Process (GO:0009166),0.2738778817519336,0.393886530074246,0,0,3.6521052631578947,4.729742769659917,NUDT3
GO_Biological_Process_2023,Nucleotide Transport (GO:0006862),0.2738778817519336,0.393886530074246,0,0,3.6521052631578947,4.729742769659917,ABCC5
GO_Biological_Process_2023,Pharyngeal Arch Artery Morphogenesis (GO:0061626),0.2738778817519336,0.393886530074246,0,0,3.6521052631578947,4.729742769659917,BMPR1A
GO_Biological_Process_2023,Polyadenylation-Dependent snoRNA 3'-End Processing (GO:0071051),0.2738778817519336,0.393886530074246,0,0,3.6521052631578947,4.729742769659917,EXOSC4
GO_Biological_Process_2023,Polyamine Biosynthetic Process (GO:0006596),0.2738778817519336,0.393886530074246,0,0,3.6521052631578947,4.729742769659917,SLC38A2
GO_Biological_Process_2023,Positive Regulation Of ER-associated Ubiquitin-Dependent Protein Catabolic Process (GO:1903071),0.2738778817519336,0.393886530074246,0,0,3.6521052631578947,4.729742769659917,SGTA
GO_Biological_Process_2023,Positive Regulation Of IRE1-mediated Unfolded Protein Response (GO:1903896),0.2738778817519336,0.393886530074246,0,0,3.6521052631578947,4.729742769659917,PTPN1
GO_Biological_Process_2023,Positive Regulation Of cAMP-mediated Signaling (GO:0043950),0.2738778817519336,0.393886530074246,0,0,3.6521052631578947,4.729742769659917,RAPGEF2
GO_Biological_Process_2023,Positive Regulation Of Catecholamine Secretion (GO:0033605),0.2738778817519336,0.393886530074246,0,0,3.6521052631578947,4.729742769659917,GRK2
GO_Biological_Process_2023,Positive Regulation Of Cysteine-Type Endopeptidase Activity Involved In Apoptotic Signaling Pathway (GO:2001269),0.2738778817519336,0.393886530074246,0,0,3.6521052631578947,4.729742769659917,PRR7
GO_Biological_Process_2023,Positive Regulation Of Deacetylase Activity (GO:0090045),0.2738778817519336,0.393886530074246,0,0,3.6521052631578947,4.729742769659917,FNTA
GO_Biological_Process_2023,Positive Regulation Of Endoplasmic Reticulum Stress-Induced Intrinsic Apoptotic Signaling Pathway (GO:1902237),0.2738778817519336,0.393886530074246,0,0,3.6521052631578947,4.729742769659917,PMAIP1
GO_Biological_Process_2023,Positive Regulation Of Gliogenesis (GO:0014015),0.2738778817519336,0.393886530074246,0,0,3.6521052631578947,4.729742769659917,PRKCH
GO_Biological_Process_2023,Positive Regulation Of Helicase Activity (GO:0051096),0.2738778817519336,0.393886530074246,0,0,3.6521052631578947,4.729742769659917,SSBP1
GO_Biological_Process_2023,Positive Regulation Of Icosanoid Secretion (GO:0032305),0.2738778817519336,0.393886530074246,0,0,3.6521052631578947,4.729742769659917,P2RX4
GO_Biological_Process_2023,Positive Regulation Of Interleukin-23 Production (GO:0032747),0.2738778817519336,0.393886530074246,0,0,3.6521052631578947,4.729742769659917,MYD88
GO_Biological_Process_2023,Positive Regulation Of Interleukin-5 Production (GO:0032754),0.2738778817519336,0.393886530074246,0,0,3.6521052631578947,4.729742769659917,GATA3
GO_Biological_Process_2023,Positive Regulation Of Leukocyte Tethering Or Rolling (GO:1903238),0.2738778817519336,0.393886530074246,0,0,3.6521052631578947,4.729742769659917,ST3GAL4
GO_Biological_Process_2023,Positive Regulation Of Lipopolysaccharide-Mediated Signaling Pathway (GO:0031666),0.2738778817519336,0.393886530074246,0,0,3.6521052631578947,4.729742769659917,SASH1
GO_Biological_Process_2023,Positive Regulation Of Membrane Depolarization (GO:1904181),0.2738778817519336,0.393886530074246,0,0,3.6521052631578947,4.729742769659917,RACK1
GO_Biological_Process_2023,Positive Regulation Of Multicellular Organism Growth (GO:0040018),0.2738778817519336,0.393886530074246,0,0,3.6521052631578947,4.729742769659917,PPIB
GO_Biological_Process_2023,Positive Regulation Of Natural Killer Cell Cytokine Production (GO:0002729),0.2738778817519336,0.393886530074246,0,0,3.6521052631578947,4.729742769659917,HLA-F
GO_Biological_Process_2023,Positive Regulation Of Necrotic Cell Death (GO:0010940),0.2738778817519336,0.393886530074246,0,0,3.6521052631578947,4.729742769659917,SLC6A6
GO_Biological_Process_2023,Positive Regulation Of Neurotransmitter Secretion (GO:0001956),0.2738778817519336,0.393886530074246,0,0,3.6521052631578947,4.729742769659917,SLC4A8
GO_Biological_Process_2023,Positive Regulation Of Protein K63-linked Ubiquitination (GO:1902523),0.2738778817519336,0.393886530074246,0,0,3.6521052631578947,4.729742769659917,UBE2V2
GO_Biological_Process_2023,Positive Regulation Of Protein Localization To Centrosome (GO:1904781),0.2738778817519336,0.393886530074246,0,0,3.6521052631578947,4.729742769659917,CEP250
GO_Biological_Process_2023,Positive Regulation Of Receptor Catabolic Process (GO:2000646),0.2738778817519336,0.393886530074246,0,0,3.6521052631578947,4.729742769659917,PTPN1
GO_Biological_Process_2023,Positive Regulation Of Spindle Assembly (GO:1905832),0.2738778817519336,0.393886530074246,0,0,3.6521052631578947,4.729742769659917,DYNC1H1
GO_Biological_Process_2023,Positive Regulation Of Steroid Metabolic Process (GO:0045940),0.2738778817519336,0.393886530074246,0,0,3.6521052631578947,4.729742769659917,CGA
GO_Biological_Process_2023,Positive Regulation Of Striated Muscle Contraction (GO:0045989),0.2738778817519336,0.393886530074246,0,0,3.6521052631578947,4.729742769659917,GSTO1
GO_Biological_Process_2023,Positive Regulation Of Unsaturated Fatty Acid Biosynthetic Process (GO:2001280),0.2738778817519336,0.393886530074246,0,0,3.6521052631578947,4.729742769659917,CD74
GO_Biological_Process_2023,"Protein Import Into Peroxisome Matrix, Receptor Recycling (GO:0016562)",0.2738778817519336,0.393886530074246,0,0,3.6521052631578947,4.729742769659917,PEX2
GO_Biological_Process_2023,Purine Ribonucleoside Metabolic Process (GO:0046128),0.2738778817519336,0.393886530074246,0,0,3.6521052631578947,4.729742769659917,NT5C2
GO_Biological_Process_2023,Pyrimidine Nucleotide-Sugar Transmembrane Transport (GO:0090481),0.2738778817519336,0.393886530074246,0,0,3.6521052631578947,4.729742769659917,SLC35D1
GO_Biological_Process_2023,"Regulation Of CD4-positive, Alpha-Beta T Cell Activation (GO:2000514)",0.2738778817519336,0.393886530074246,0,0,3.6521052631578947,4.729742769659917,SH3RF1
GO_Biological_Process_2023,Regulation Of T Cell Tolerance Induction (GO:0002664),0.2738778817519336,0.393886530074246,0,0,3.6521052631578947,4.729742769659917,HLA-B
GO_Biological_Process_2023,Regulation Of T-helper 1 Cell Differentiation (GO:0045625),0.2738778817519336,0.393886530074246,0,0,3.6521052631578947,4.729742769659917,MYDGF
GO_Biological_Process_2023,Regulation Of Atrial Cardiac Muscle Cell Membrane Repolarization (GO:0060372),0.2738778817519336,0.393886530074246,0,0,3.6521052631578947,4.729742769659917,FLNA
GO_Biological_Process_2023,Regulation Of Cellular Response To Hypoxia (GO:1900037),0.2738778817519336,0.393886530074246,0,0,3.6521052631578947,4.729742769659917,USP19
GO_Biological_Process_2023,Regulation Of Cellular Response To Insulin Stimulus (GO:1900076),0.2738778817519336,0.393886530074246,0,0,3.6521052631578947,4.729742769659917,NCOA2
GO_Biological_Process_2023,Regulation Of Collagen Fibril Organization (GO:1904026),0.2738778817519336,0.393886530074246,0,0,3.6521052631578947,4.729742769659917,EMILIN1
GO_Biological_Process_2023,Regulation Of Glial Cell Apoptotic Process (GO:0034350),0.2738778817519336,0.393886530074246,0,0,3.6521052631578947,4.729742769659917,PRKCH
GO_Biological_Process_2023,Regulation Of Growth Hormone Secretion (GO:0060123),0.2738778817519336,0.393886530074246,0,0,3.6521052631578947,4.729742769659917,CHD7
GO_Biological_Process_2023,Regulation Of Histamine Secretion By Mast Cell (GO:1903593),0.2738778817519336,0.393886530074246,0,0,3.6521052631578947,4.729742769659917,VAMP2
GO_Biological_Process_2023,Regulation Of Inositol Phosphate Biosynthetic Process (GO:0010919),0.2738778817519336,0.393886530074246,0,0,3.6521052631578947,4.729742769659917,PTK2B
GO_Biological_Process_2023,Regulation Of Lens Fiber Cell Differentiation (GO:1902746),0.2738778817519336,0.393886530074246,0,0,3.6521052631578947,4.729742769659917,SPRED1
GO_Biological_Process_2023,Regulation Of Lysosomal Protein Catabolic Process (GO:1905165),0.2738778817519336,0.393886530074246,0,0,3.6521052631578947,4.729742769659917,LRP1
GO_Biological_Process_2023,Regulation Of Male Gonad Development (GO:2000018),0.2738778817519336,0.393886530074246,0,0,3.6521052631578947,4.729742769659917,DHX37
GO_Biological_Process_2023,Regulation Of Mitochondrial Membrane Permeability Involved In Apoptotic Process (GO:1902108),0.2738778817519336,0.393886530074246,0,0,3.6521052631578947,4.729742769659917,NAIF1
GO_Biological_Process_2023,Regulation Of Mitotic Cytokinesis (GO:1902412),0.2738778817519336,0.393886530074246,0,0,3.6521052631578947,4.729742769659917,BIRC5
GO_Biological_Process_2023,Regulation Of Muscle Organ Development (GO:0048634),0.2738778817519336,0.393886530074246,0,0,3.6521052631578947,4.729742769659917,TGFB1
GO_Biological_Process_2023,Regulation Of Natural Killer Cell Cytokine Production (GO:0002727),0.2738778817519336,0.393886530074246,0,0,3.6521052631578947,4.729742769659917,HLA-F
GO_Biological_Process_2023,Regulation Of Norepinephrine Secretion (GO:0014061),0.2738778817519336,0.393886530074246,0,0,3.6521052631578947,4.729742769659917,ADRA2C
GO_Biological_Process_2023,Regulation Of Nuclease Activity (GO:0032069),0.2738778817519336,0.393886530074246,0,0,3.6521052631578947,4.729742769659917,NEIL1
GO_Biological_Process_2023,Regulation Of Prostaglandin Biosynthetic Process (GO:0031392),0.2738778817519336,0.393886530074246,0,0,3.6521052631578947,4.729742769659917,CD74
GO_Biological_Process_2023,Regulation Of Pyruvate Dehydrogenase Activity (GO:1904182),0.2738778817519336,0.393886530074246,0,0,3.6521052631578947,4.729742769659917,PPM1M
GO_Biological_Process_2023,Regulation Of Relaxation Of Muscle (GO:1901077),0.2738778817519336,0.393886530074246,0,0,3.6521052631578947,4.729742769659917,SRI
GO_Biological_Process_2023,Regulation Of Respiratory Gaseous Exchange (GO:0043576),0.2738778817519336,0.393886530074246,0,0,3.6521052631578947,4.729742769659917,GRPR
GO_Biological_Process_2023,Regulation Of Saliva Secretion (GO:0046877),0.2738778817519336,0.393886530074246,0,0,3.6521052631578947,4.729742769659917,PPP3CA
GO_Biological_Process_2023,Regulation Of Transforming Growth Factor Beta1 Production (GO:0032908),0.2738778817519336,0.393886530074246,0,0,3.6521052631578947,4.729742769659917,THBS1
GO_Biological_Process_2023,Regulation Of Type B Pancreatic Cell Development (GO:2000074),0.2738778817519336,0.393886530074246,0,0,3.6521052631578947,4.729742769659917,BAD
GO_Biological_Process_2023,Regulation Of Vitamin D Receptor Signaling Pathway (GO:0070562),0.2738778817519336,0.393886530074246,0,0,3.6521052631578947,4.729742769659917,SNW1
GO_Biological_Process_2023,Response To Cocaine (GO:0042220),0.2738778817519336,0.393886530074246,0,0,3.6521052631578947,4.729742769659917,TGM2
GO_Biological_Process_2023,Response To Lead Ion (GO:0010288),0.2738778817519336,0.393886530074246,0,0,3.6521052631578947,4.729742769659917,PPP1CA
GO_Biological_Process_2023,Ribosomal Large Subunit Export From Nucleus (GO:0000055),0.2738778817519336,0.393886530074246,0,0,3.6521052631578947,4.729742769659917,NPM1
GO_Biological_Process_2023,Ribosomal Small Subunit Export From Nucleus (GO:0000056),0.2738778817519336,0.393886530074246,0,0,3.6521052631578947,4.729742769659917,NPM1
GO_Biological_Process_2023,Smooth Muscle Cell Migration (GO:0014909),0.2738778817519336,0.393886530074246,0,0,3.6521052631578947,4.729742769659917,PDGFRB
GO_Biological_Process_2023,Spinal Cord Dorsal/Ventral Patterning (GO:0021513),0.2738778817519336,0.393886530074246,0,0,3.6521052631578947,4.729742769659917,CHRD
GO_Biological_Process_2023,Synaptic Signaling (GO:0099536),0.2738778817519336,0.393886530074246,0,0,3.6521052631578947,4.729742769659917,DPYSL2
GO_Biological_Process_2023,Synaptic Vesicle Budding From Presynaptic Endocytic Zone Membrane (GO:0016185),0.2738778817519336,0.393886530074246,0,0,3.6521052631578947,4.729742769659917,AP3M2
GO_Biological_Process_2023,Transcription Initiation At RNA Polymerase I Promoter (GO:0006361),0.2738778817519336,0.393886530074246,0,0,3.6521052631578947,4.729742769659917,UBTF
GO_Biological_Process_2023,Transcription-Dependent Tethering Of RNA Polymerase II Gene DNA At Nuclear Periphery (GO:0000972),0.2738778817519336,0.393886530074246,0,0,3.6521052631578947,4.729742769659917,RAE1
GO_Biological_Process_2023,Ureter Development (GO:0072189),0.2738778817519336,0.393886530074246,0,0,3.6521052631578947,4.729742769659917,OXSR1
GO_Biological_Process_2023,Vascular Associated Smooth Muscle Contraction (GO:0014829),0.2738778817519336,0.393886530074246,0,0,3.6521052631578947,4.729742769659917,EDN2
GO_Biological_Process_2023,Potassium Ion Transmembrane Transport (GO:0071805),0.27563335944728234,0.39627588823233384,0,0,1.2949551364219007,1.6687875819517506,KCNK5;SLC12A2;SLC12A4;SLC12A5;KCNC3;KCNK15;ATP1B1;SLC12A7;CCDC51
GO_Biological_Process_2023,Regulation Of Monoatomic Ion Transmembrane Transporter Activity (GO:0032412),0.27803084099605657,0.3975699962537177,0,0,1.4498777710803028,1.8558772314276222,APP;PTK2B;RANGRF;GPD1L;SHISA9
GO_Biological_Process_2023,Response To Molecule Of Bacterial Origin (GO:0002237),0.27803084099605657,0.3975699962537177,0,0,1.4498777710803028,1.8558772314276222,OTUD5;MAPKAPK3;TRIB1;SMAD6;HNRNPA0
GO_Biological_Process_2023,DNA Methylation (GO:0006306),0.27879938231708107,0.3975699962537177,0,0,2.029255163536364,2.5918921637567434,PICK1;FOS
GO_Biological_Process_2023,T Cell Mediated Immunity (GO:0002456),0.27879938231708107,0.3975699962537177,0,0,2.029255163536364,2.5918921637567434,CADM1;HLA-A
GO_Biological_Process_2023,Limb Morphogenesis (GO:0035108),0.27879938231708107,0.3975699962537177,0,0,2.029255163536364,2.5918921637567434,SKI;PTCH1
GO_Biological_Process_2023,Long-Term Memory (GO:0007616),0.27879938231708107,0.3975699962537177,0,0,2.029255163536364,2.5918921637567434,PRNP;EIF2AK4
GO_Biological_Process_2023,Microglial Cell Activation (GO:0001774),0.27879938231708107,0.3975699962537177,0,0,2.029255163536364,2.5918921637567434,APP;ITGAM
GO_Biological_Process_2023,Mitochondrial Cytochrome C Oxidase Assembly (GO:0033617),0.27879938231708107,0.3975699962537177,0,0,2.029255163536364,2.5918921637567434,TMEM223;STMP1
GO_Biological_Process_2023,Negative Regulation Of Tumor Necrosis Factor-Mediated Signaling Pathway (GO:0010804),0.27879938231708107,0.3975699962537177,0,0,2.029255163536364,2.5918921637567434,PELI3;PYDC1
GO_Biological_Process_2023,Negative Regulation Of Viral Life Cycle (GO:1903901),0.27879938231708107,0.3975699962537177,0,0,2.029255163536364,2.5918921637567434,SNX3;IFITM2
GO_Biological_Process_2023,Positive Regulation Of Smoothened Signaling Pathway (GO:0045880),0.27879938231708107,0.3975699962537177,0,0,2.029255163536364,2.5918921637567434,TEDC1;RAB34
GO_Biological_Process_2023,Positive Regulation Of Transcription Regulatory Region DNA Binding (GO:2000679),0.27879938231708107,0.3975699962537177,0,0,2.029255163536364,2.5918921637567434,TGFB1;GATA3
GO_Biological_Process_2023,Positive Regulation Of Vascular Associated Smooth Muscle Cell Proliferation (GO:1904707),0.27879938231708107,0.3975699962537177,0,0,2.029255163536364,2.5918921637567434,MMP9;BMPR1A
GO_Biological_Process_2023,Regulation Of Calcium Ion Import (GO:0090279),0.27879938231708107,0.3975699962537177,0,0,2.029255163536364,2.5918921637567434,PDGFRB;CTNNB1
GO_Biological_Process_2023,Regulation Of Calcium Ion Transmembrane Transport (GO:1903169),0.27879938231708107,0.3975699962537177,0,0,2.029255163536364,2.5918921637567434,PRNP;PTK2B
GO_Biological_Process_2023,Regulation Of Cardiac Muscle Contraction By Calcium Ion Signaling (GO:0010882),0.27879938231708107,0.3975699962537177,0,0,2.029255163536364,2.5918921637567434,GSTO1;ATP1B1
GO_Biological_Process_2023,Regulation Of Histone Deacetylation (GO:0031063),0.27879938231708107,0.3975699962537177,0,0,2.029255163536364,2.5918921637567434,ING2;SMARCA5
GO_Biological_Process_2023,Regulation Of Protein Localization To Cell Periphery (GO:1904375),0.27879938231708107,0.3975699962537177,0,0,2.029255163536364,2.5918921637567434,MMP14;PLK1
GO_Biological_Process_2023,Regulation Of Smooth Muscle Contraction (GO:0006940),0.27879938231708107,0.3975699962537177,0,0,2.029255163536364,2.5918921637567434,SPHK1;PLCE1
GO_Biological_Process_2023,Regulation Of Spindle Organization (GO:0090224),0.27879938231708107,0.3975699962537177,0,0,2.029255163536364,2.5918921637567434,DYNC1H1;RAE1
GO_Biological_Process_2023,Regulation Of Transferase Activity (GO:0051338),0.27879938231708107,0.3975699962537177,0,0,2.029255163536364,2.5918921637567434,HPF1;LDB1
GO_Biological_Process_2023,Response To ATP (GO:0033198),0.27879938231708107,0.3975699962537177,0,0,2.029255163536364,2.5918921637567434,P2RX4;ENPP1
GO_Biological_Process_2023,Stress-Activated Protein Kinase Signaling Cascade (GO:0031098),0.27879938231708107,0.3975699962537177,0,0,2.029255163536364,2.5918921637567434,IKBKB;TAOK2
GO_Biological_Process_2023,Sulfur Compound Catabolic Process (GO:0044273),0.27879938231708107,0.3975699962537177,0,0,2.029255163536364,2.5918921637567434,GLB1;SGSH
GO_Biological_Process_2023,Tight Junction Assembly (GO:0120192),0.2841858428596322,0.40511394186929967,0,0,1.5222280794236513,1.9151560620299006,CLDN4;PDCD6IP;APC;RAB13
GO_Biological_Process_2023,RNA Stabilization (GO:0043489),0.2870870714361982,0.40828222148525184,0,0,1.6604559823737906,2.072198794766542,LARP1;TNIP1;E2F1
GO_Biological_Process_2023,Blood Vessel Diameter Maintenance (GO:0097746),0.2870870714361982,0.40828222148525184,0,0,1.6604559823737906,2.072198794766542,EDN2;ROCK1;ECE1
GO_Biological_Process_2023,Negative Regulation Of T Cell Proliferation (GO:0042130),0.2870870714361982,0.40828222148525184,0,0,1.6604559823737906,2.072198794766542,PRNP;CEBPB;TNFRSF14
GO_Biological_Process_2023,Negative Regulation Of Sequestering Of Calcium Ion (GO:0051283),0.2870870714361982,0.40828222148525184,0,0,1.6604559823737906,2.072198794766542,FLNA;PLCE1;PLCD1
GO_Biological_Process_2023,Regulation Of Glucose Import (GO:0046324),0.2870870714361982,0.40828222148525184,0,0,1.6604559823737906,2.072198794766542,ENPP1;IRS2;ARPP19
GO_Biological_Process_2023,Regulation Of Receptor Internalization (GO:0002090),0.2870870714361982,0.40828222148525184,0,0,1.6604559823737906,2.072198794766542,ANKRD13D;PICK1;ARRB2
GO_Biological_Process_2023,Regulation Of Sodium Ion Transmembrane Transporter Activity (GO:2000649),0.2870870714361982,0.40828222148525184,0,0,1.6604559823737906,2.072198794766542,RANGRF;OXSR1;GPD1L
GO_Biological_Process_2023,Regulation Of Heart Contraction (GO:0008016),0.2881730617197861,0.4096883061789397,0,0,1.4271822257383966,1.775691662887038,MEF2A;P2RX4;TMEM65;TPM1;SRI
GO_Biological_Process_2023,Regulation Of Insulin Secretion (GO:0050796),0.2887752024569172,0.4104057973493345,0,0,1.370184696569921,1.7019156462691156,PSMD9;BAD;PICK1;IRS2;SLC25A22;CDK16
GO_Biological_Process_2023,Blood Vessel Morphogenesis (GO:0048514),0.29597817318418135,0.4205007042100498,0,0,1.4911191677514444,1.8153922069404982,FLT1;TGFB1;RBPJ;TGFBR1
GO_Biological_Process_2023,Regulation Of Notch Signaling Pathway (GO:0008593),0.29838064855250496,0.42109686919787714,0,0,1.4051850048685492,1.6994100373100463,TSPAN15;MMP14;TCIM;ZMIZ1;NEURL1
GO_Biological_Process_2023,DNA Replication Initiation (GO:0006270),0.2983889528299528,0.42109686919787714,0,0,1.9223968293561708,2.3248648941523116,MCM7;LRWD1
GO_Biological_Process_2023,Cellular Response To Nerve Growth Factor Stimulus (GO:1990090),0.2983889528299528,0.42109686919787714,0,0,1.9223968293561708,2.3248648941523116,RAPGEF1;RAPGEF2
GO_Biological_Process_2023,Negative Regulation Of GTPase Activity (GO:0034260),0.2983889528299528,0.42109686919787714,0,0,1.9223968293561708,2.3248648941523116,LRRK2;RRP1B
GO_Biological_Process_2023,Peptidyl-Glutamic Acid Modification (GO:0018200),0.2983889528299528,0.42109686919787714,0,0,1.9223968293561708,2.3248648941523116,VKORC1;VKORC1L1
GO_Biological_Process_2023,poly(A)+ mRNA Export From Nucleus (GO:0016973),0.2983889528299528,0.42109686919787714,0,0,1.9223968293561708,2.3248648941523116,MCM3AP;SARNP
GO_Biological_Process_2023,Positive Regulation Of G2/M Transition Of Mitotic Cell Cycle (GO:0010971),0.2983889528299528,0.42109686919787714,0,0,1.9223968293561708,2.3248648941523116,CCND1;CDC25A
GO_Biological_Process_2023,Positive Regulation Of T Cell Cytokine Production (GO:0002726),0.2983889528299528,0.42109686919787714,0,0,1.9223968293561708,2.3248648941523116,TRAF2;HLA-A
GO_Biological_Process_2023,Positive Regulation Of Amyloid Precursor Protein Catabolic Process (GO:1902993),0.2983889528299528,0.42109686919787714,0,0,1.9223968293561708,2.3248648941523116,SLC2A13;CASP3
GO_Biological_Process_2023,Regulation Of Dendritic Spine Development (GO:0060998),0.2983889528299528,0.42109686919787714,0,0,1.9223968293561708,2.3248648941523116,CAMK2B;NEURL1
GO_Biological_Process_2023,Regulation Of Steroid Metabolic Process (GO:0019218),0.2983889528299528,0.42109686919787714,0,0,1.9223968293561708,2.3248648941523116,ASAH1;RORC
GO_Biological_Process_2023,Skin Epidermis Development (GO:0098773),0.2983889528299528,0.42109686919787714,0,0,1.9223968293561708,2.3248648941523116,CLDN4;SFN
GO_Biological_Process_2023,Zinc Ion Transmembrane Transport (GO:0071577),0.2983889528299528,0.42109686919787714,0,0,1.9223968293561708,2.3248648941523116,SLC39A8;SLC39A4
GO_Biological_Process_2023,RNA 3'-End Processing (GO:0031123),0.30148981125982355,0.42109686919787714,0,0,1.6115725531519247,1.932306202783046,INTS5;RPRD2;TENT4A
GO_Biological_Process_2023,Melanosome Organization (GO:0032438),0.30148981125982355,0.42109686919787714,0,0,1.6115725531519247,1.932306202783046,BLOC1S1;AP1S2;AP1B1
GO_Biological_Process_2023,Negative Regulation Of Endothelial Cell Migration (GO:0010596),0.30148981125982355,0.42109686919787714,0,0,1.6115725531519247,1.932306202783046,TGFB1;NR2F2;THBS1
GO_Biological_Process_2023,Negative Regulation Of Proteasomal Protein Catabolic Process (GO:1901799),0.30148981125982355,0.42109686919787714,0,0,1.6115725531519247,1.932306202783046,CAMLG;RPL11;CCAR2
GO_Biological_Process_2023,Positive Regulation Of Exocytosis (GO:0045921),0.30148981125982355,0.42109686919787714,0,0,1.6115725531519247,1.932306202783046,PDCD6IP;CLASP2;S100A10
GO_Biological_Process_2023,Regulation Of Neurotransmitter Secretion (GO:0046928),0.30148981125982355,0.42109686919787714,0,0,1.6115725531519247,1.932306202783046,RIMS4;LRRK2;SLC38A2
GO_Biological_Process_2023,Spliceosomal snRNP Assembly (GO:0000387),0.30148981125982355,0.42109686919787714,0,0,1.6115725531519247,1.932306202783046,CD2BP2;PRPF8;LSM4
GO_Biological_Process_2023,Synaptic Vesicle Cycle (GO:0099504),0.30148981125982355,0.42109686919787714,0,0,1.6115725531519247,1.932306202783046,AP3M2;VAMP2;PLD2
GO_Biological_Process_2023,Peptidyl-Tyrosine Modification (GO:0018212),0.3078292460013248,0.42109686919787714,0,0,1.4612546125461254,1.7216648640355314,PDGFRB;FLT1;EFEMP1;PTK2B
GO_Biological_Process_2023,Regulation Of Cellular Localization (GO:0060341),0.3086449837834533,0.42109686919787714,0,0,1.3838543664493033,1.6268087965338303,HSP90AA1;WWC1;RACK1;PLEKHM2;CSNK1E
GO_Biological_Process_2023,DNA Ligation (GO:0006266),0.31159768331051657,0.42109686919787714,0,0,3.0433333333333334,3.5486557034881323,MGMT
GO_Biological_Process_2023,ER Overload Response (GO:0006983),0.31159768331051657,0.42109686919787714,0,0,3.0433333333333334,3.5486557034881323,TP53
GO_Biological_Process_2023,IMP Biosynthetic Process (GO:0006188),0.31159768331051657,0.42109686919787714,0,0,3.0433333333333334,3.5486557034881323,AMPD2
GO_Biological_Process_2023,L-alanine Transport (GO:0015808),0.31159768331051657,0.42109686919787714,0,0,3.0433333333333334,3.5486557034881323,SLC36A1
GO_Biological_Process_2023,SREBP Signaling Pathway (GO:0032933),0.31159768331051657,0.42109686919787714,0,0,3.0433333333333334,3.5486557034881323,SREBF1
GO_Biological_Process_2023,T-helper 17 Cell Lineage Commitment (GO:0072540),0.31159768331051657,0.42109686919787714,0,0,3.0433333333333334,3.5486557034881323,SOCS3
GO_Biological_Process_2023,TRIF-dependent Toll-Like Receptor Signaling Pathway (GO:0035666),0.31159768331051657,0.42109686919787714,0,0,3.0433333333333334,3.5486557034881323,TRAF3
GO_Biological_Process_2023,Amine Transport (GO:0015837),0.31159768331051657,0.42109686919787714,0,0,3.0433333333333334,3.5486557034881323,SLC44A1
GO_Biological_Process_2023,Amino Sugar Catabolic Process (GO:0046348),0.31159768331051657,0.42109686919787714,0,0,3.0433333333333334,3.5486557034881323,GNPDA1
GO_Biological_Process_2023,Anterograde Axonal Protein Transport (GO:0099641),0.31159768331051657,0.42109686919787714,0,0,3.0433333333333334,3.5486557034881323,HSPB1
GO_Biological_Process_2023,Aspartate Family Amino Acid Biosynthetic Process (GO:0009067),0.31159768331051657,0.42109686919787714,0,0,3.0433333333333334,3.5486557034881323,PLOD2
GO_Biological_Process_2023,Axo-Dendritic Protein Transport (GO:0099640),0.31159768331051657,0.42109686919787714,0,0,3.0433333333333334,3.5486557034881323,HSPB1
GO_Biological_Process_2023,Benzene-Containing Compound Metabolic Process (GO:0042537),0.31159768331051657,0.42109686919787714,0,0,3.0433333333333334,3.5486557034881323,ACAA1
GO_Biological_Process_2023,Cell Migration Involved In Heart Development (GO:0060973),0.31159768331051657,0.42109686919787714,0,0,3.0433333333333334,3.5486557034881323,PDGFRB
GO_Biological_Process_2023,Cellular Biogenic Amine Catabolic Process (GO:0042402),0.31159768331051657,0.42109686919787714,0,0,3.0433333333333334,3.5486557034881323,SLC44A1
GO_Biological_Process_2023,Cellular Modified Amino Acid Biosynthetic Process (GO:0042398),0.31159768331051657,0.42109686919787714,0,0,3.0433333333333334,3.5486557034881323,PLOD2
GO_Biological_Process_2023,Cellular Response To Angiotensin (GO:1904385),0.31159768331051657,0.42109686919787714,0,0,3.0433333333333334,3.5486557034881323,NFKB1
GO_Biological_Process_2023,Cellular Response To Epinephrine Stimulus (GO:0071872),0.31159768331051657,0.42109686919787714,0,0,3.0433333333333334,3.5486557034881323,SIRT2
GO_Biological_Process_2023,Cellular Response To Interferon-Alpha (GO:0035457),0.31159768331051657,0.42109686919787714,0,0,3.0433333333333334,3.5486557034881323,GATA3
GO_Biological_Process_2023,Coronary Vasculature Development (GO:0060976),0.31159768331051657,0.42109686919787714,0,0,3.0433333333333334,3.5486557034881323,BMP4
GO_Biological_Process_2023,Cyclic Nucleotide Transport (GO:0070729),0.31159768331051657,0.42109686919787714,0,0,3.0433333333333334,3.5486557034881323,ABCC5
GO_Biological_Process_2023,Deadenylation-Dependent Decapping Of Nuclear-Transcribed mRNA (GO:0000290),0.31159768331051657,0.42109686919787714,0,0,3.0433333333333334,3.5486557034881323,DCPS
GO_Biological_Process_2023,Dermatan Sulfate Proteoglycan Biosynthetic Process (GO:0050651),0.31159768331051657,0.42109686919787714,0,0,3.0433333333333334,3.5486557034881323,DSE
GO_Biological_Process_2023,Establishment Of Centrosome Localization (GO:0051660),0.31159768331051657,0.42109686919787714,0,0,3.0433333333333334,3.5486557034881323,MAD2L1
GO_Biological_Process_2023,Establishment Of Protein Localization To Peroxisome (GO:0072663),0.31159768331051657,0.42109686919787714,0,0,3.0433333333333334,3.5486557034881323,PEX16
GO_Biological_Process_2023,Folic Acid Transport (GO:0015884),0.31159768331051657,0.42109686919787714,0,0,3.0433333333333334,3.5486557034881323,SLC46A1
GO_Biological_Process_2023,Formation Of Translation Preinitiation Complex (GO:0001731),0.31159768331051657,0.42109686919787714,0,0,3.0433333333333334,3.5486557034881323,EIF2D
GO_Biological_Process_2023,Fructose Metabolic Process (GO:0006000),0.31159768331051657,0.42109686919787714,0,0,3.0433333333333334,3.5486557034881323,ALDOA
GO_Biological_Process_2023,Fructose Transmembrane Transport (GO:0015755),0.31159768331051657,0.42109686919787714,0,0,3.0433333333333334,3.5486557034881323,SLC2A8
GO_Biological_Process_2023,Glycine Metabolic Process (GO:0006544),0.31159768331051657,0.42109686919787714,0,0,3.0433333333333334,3.5486557034881323,SHMT2
GO_Biological_Process_2023,Growth Hormone Receptor Signaling Pathway Via JAK-STAT (GO:0060397),0.31159768331051657,0.42109686919787714,0,0,3.0433333333333334,3.5486557034881323,PTPN1
GO_Biological_Process_2023,Hyperosmotic Response (GO:0006972),0.31159768331051657,0.42109686919787714,0,0,3.0433333333333334,3.5486557034881323,ICOSLG
GO_Biological_Process_2023,Immunological Synapse Formation (GO:0001771),0.31159768331051657,0.42109686919787714,0,0,3.0433333333333334,3.5486557034881323,CORO1A
GO_Biological_Process_2023,Inhibition Of Cysteine-Type Endopeptidase Activity (GO:0097340),0.31159768331051657,0.42109686919787714,0,0,3.0433333333333334,3.5486557034881323,CAST
GO_Biological_Process_2023,Intermediate Filament Bundle Assembly (GO:0045110),0.31159768331051657,0.42109686919787714,0,0,3.0433333333333334,3.5486557034881323,EPPK1
GO_Biological_Process_2023,Intracellular pH Elevation (GO:0051454),0.31159768331051657,0.42109686919787714,0,0,3.0433333333333334,3.5486557034881323,SLC26A6
GO_Biological_Process_2023,Kidney Epithelium Development (GO:0072073),0.31159768331051657,0.42109686919787714,0,0,3.0433333333333334,3.5486557034881323,OXSR1
GO_Biological_Process_2023,Lens Fiber Cell Development (GO:0070307),0.31159768331051657,0.42109686919787714,0,0,3.0433333333333334,3.5486557034881323,ATF4
GO_Biological_Process_2023,Lymphatic Endothelial Cell Differentiation (GO:0060836),0.31159768331051657,0.42109686919787714,0,0,3.0433333333333334,3.5486557034881323,NR2F2
GO_Biological_Process_2023,Lymphocyte Apoptotic Process (GO:0070227),0.31159768331051657,0.42109686919787714,0,0,3.0433333333333334,3.5486557034881323,CASP7
GO_Biological_Process_2023,Monosaccharide Biosynthetic Process (GO:0046364),0.31159768331051657,0.42109686919787714,0,0,3.0433333333333334,3.5486557034881323,DSE
GO_Biological_Process_2023,Multi-Ciliated Epithelial Cell Differentiation (GO:1903251),0.31159768331051657,0.42109686919787714,0,0,3.0433333333333334,3.5486557034881323,CCNO
GO_Biological_Process_2023,Negative Regulation Of DNA-templated DNA Replication (GO:2000104),0.31159768331051657,0.42109686919787714,0,0,3.0433333333333334,3.5486557034881323,CDT1
GO_Biological_Process_2023,Negative Regulation Of Appetite (GO:0032099),0.31159768331051657,0.42109686919787714,0,0,3.0433333333333334,3.5486557034881323,BBS4
GO_Biological_Process_2023,Negative Regulation Of Glial Cell Apoptotic Process (GO:0034351),0.31159768331051657,0.42109686919787714,0,0,3.0433333333333334,3.5486557034881323,PRKCH
GO_Biological_Process_2023,Negative Regulation Of Glucose Import (GO:0046325),0.31159768331051657,0.42109686919787714,0,0,3.0433333333333334,3.5486557034881323,ENPP1
GO_Biological_Process_2023,Negative Regulation Of Inflammatory Response To Wounding (GO:0106015),0.31159768331051657,0.42109686919787714,0,0,3.0433333333333334,3.5486557034881323,MDK
GO_Biological_Process_2023,Negative Regulation Of Intracellular Transport (GO:0032387),0.31159768331051657,0.42109686919787714,0,0,3.0433333333333334,3.5486557034881323,ARHGAP1
GO_Biological_Process_2023,Negative Regulation Of Keratinocyte Proliferation (GO:0010839),0.31159768331051657,0.42109686919787714,0,0,3.0433333333333334,3.5486557034881323,EPPK1
GO_Biological_Process_2023,Negative Regulation Of Lipid Kinase Activity (GO:0090219),0.31159768331051657,0.42109686919787714,0,0,3.0433333333333334,3.5486557034881323,PIP4K2A
GO_Biological_Process_2023,Negative Regulation Of Monooxygenase Activity (GO:0032769),0.31159768331051657,0.42109686919787714,0,0,3.0433333333333334,3.5486557034881323,NFKB1
GO_Biological_Process_2023,Negative Regulation Of Osteoblast Proliferation (GO:0033689),0.31159768331051657,0.42109686919787714,0,0,3.0433333333333334,3.5486557034881323,PLXNB1
GO_Biological_Process_2023,Negative Regulation Of Peptidyl-Lysine Acetylation (GO:2000757),0.31159768331051657,0.42109686919787714,0,0,3.0433333333333334,3.5486557034881323,NOC2L
GO_Biological_Process_2023,Negative Regulation Of Regulated Secretory Pathway (GO:1903306),0.31159768331051657,0.42109686919787714,0,0,3.0433333333333334,3.5486557034881323,RAP1B
GO_Biological_Process_2023,Neuron Fate Specification (GO:0048665),0.31159768331051657,0.42109686919787714,0,0,3.0433333333333334,3.5486557034881323,MNX1
GO_Biological_Process_2023,Nonribosomal Peptide Biosynthetic Process (GO:0019184),0.31159768331051657,0.42109686919787714,0,0,3.0433333333333334,3.5486557034881323,MGST2
GO_Biological_Process_2023,Osteoblast Development (GO:0002076),0.31159768331051657,0.42109686919787714,0,0,3.0433333333333334,3.5486557034881323,LIMD1
GO_Biological_Process_2023,Peptidyl-Lysine Deacetylation (GO:0034983),0.31159768331051657,0.42109686919787714,0,0,3.0433333333333334,3.5486557034881323,SIRT2
GO_Biological_Process_2023,Peptidyl-Tyrosine Dephosphorylation Involved In Inactivation Of Protein Kinase Activity (GO:1990264),0.31159768331051657,0.42109686919787714,0,0,3.0433333333333334,3.5486557034881323,PTPN1
GO_Biological_Process_2023,Peroxisome Proliferator Activated Receptor Signaling Pathway (GO:0035357),0.31159768331051657,0.42109686919787714,0,0,3.0433333333333334,3.5486557034881323,NCOA2
GO_Biological_Process_2023,Platelet Activating Factor Metabolic Process (GO:0046469),0.31159768331051657,0.42109686919787714,0,0,3.0433333333333334,3.5486557034881323,PLA2G6
GO_Biological_Process_2023,Positive Regulation By Host Of Viral Genome Replication (GO:0044829),0.31159768331051657,0.42109686919787714,0,0,3.0433333333333334,3.5486557034881323,PPIB
GO_Biological_Process_2023,Positive Regulation Of CoA-transferase Activity (GO:1905920),0.31159768331051657,0.42109686919787714,0,0,3.0433333333333334,3.5486557034881323,TSPO
GO_Biological_Process_2023,Positive Regulation Of DNA Demethylation (GO:1901537),0.31159768331051657,0.42109686919787714,0,0,3.0433333333333334,3.5486557034881323,HNRNPAB
GO_Biological_Process_2023,Positive Regulation Of Attachment Of Mitotic Spindle Microtubules To Kinetochore (GO:1902425),0.31159768331051657,0.42109686919787714,0,0,3.0433333333333334,3.5486557034881323,BIRC5
GO_Biological_Process_2023,Positive Regulation Of Calcium Ion Import (GO:0090280),0.31159768331051657,0.42109686919787714,0,0,3.0433333333333334,3.5486557034881323,PDGFRB
GO_Biological_Process_2023,Positive Regulation Of Cardiac Epithelial To Mesenchymal Transition (GO:0062043),0.31159768331051657,0.42109686919787714,0,0,3.0433333333333334,3.5486557034881323,TGFBR1
GO_Biological_Process_2023,Positive Regulation Of Cell Migration By Vascular Endothelial Growth Factor Signaling Pathway (GO:0038089),0.31159768331051657,0.42109686919787714,0,0,3.0433333333333334,3.5486557034881323,HSPB1
GO_Biological_Process_2023,Positive Regulation Of Cell-Cell Adhesion Mediated By Cadherin (GO:2000049),0.31159768331051657,0.42109686919787714,0,0,3.0433333333333334,3.5486557034881323,PTPRU
GO_Biological_Process_2023,Positive Regulation Of Dendritic Spine Morphogenesis (GO:0061003),0.31159768331051657,0.42109686919787714,0,0,3.0433333333333334,3.5486557034881323,DBN1
GO_Biological_Process_2023,Positive Regulation Of Endocytic Recycling (GO:2001137),0.31159768331051657,0.42109686919787714,0,0,3.0433333333333334,3.5486557034881323,SORL1
GO_Biological_Process_2023,Positive Regulation Of Extracellular Matrix Disassembly (GO:0090091),0.31159768331051657,0.42109686919787714,0,0,3.0433333333333334,3.5486557034881323,CLASP2
GO_Biological_Process_2023,Positive Regulation Of Gluconeogenesis (GO:0045722),0.31159768331051657,0.42109686919787714,0,0,3.0433333333333334,3.5486557034881323,NNMT
GO_Biological_Process_2023,Positive Regulation Of Meiotic Nuclear Division (GO:0045836),0.31159768331051657,0.42109686919787714,0,0,3.0433333333333334,3.5486557034881323,SIRT2
GO_Biological_Process_2023,Positive Regulation Of Membrane Potential (GO:0045838),0.31159768331051657,0.42109686919787714,0,0,3.0433333333333334,3.5486557034881323,BAD
GO_Biological_Process_2023,Positive Regulation Of Myeloid Cell Apoptotic Process (GO:0033034),0.31159768331051657,0.42109686919787714,0,0,3.0433333333333334,3.5486557034881323,CDKN2A
GO_Biological_Process_2023,Positive Regulation Of Myotube Differentiation (GO:0010831),0.31159768331051657,0.42109686919787714,0,0,3.0433333333333334,3.5486557034881323,MMP14
GO_Biological_Process_2023,Positive Regulation Of Oligodendrocyte Differentiation (GO:0048714),0.31159768331051657,0.42109686919787714,0,0,3.0433333333333334,3.5486557034881323,MDK
GO_Biological_Process_2023,Positive Regulation Of Ryanodine-Sensitive Calcium-Release Channel Activity (GO:0060316),0.31159768331051657,0.42109686919787714,0,0,3.0433333333333334,3.5486557034881323,GSTO1
GO_Biological_Process_2023,Positive Regulation Of Steroid Biosynthetic Process (GO:0010893),0.31159768331051657,0.42109686919787714,0,0,3.0433333333333334,3.5486557034881323,CGA
GO_Biological_Process_2023,Preassembly Of GPI Anchor In ER Membrane (GO:0016254),0.31159768331051657,0.42109686919787714,0,0,3.0433333333333334,3.5486557034881323,PIGW
GO_Biological_Process_2023,Protein Deglycosylation (GO:0006517),0.31159768331051657,0.42109686919787714,0,0,3.0433333333333334,3.5486557034881323,NGLY1
GO_Biological_Process_2023,Protein Localization To Ciliary Transition Zone (GO:1904491),0.31159768331051657,0.42109686919787714,0,0,3.0433333333333334,3.5486557034881323,MAPK15
GO_Biological_Process_2023,Protein Localization To Cytoplasmic Stress Granule (GO:1903608),0.31159768331051657,0.42109686919787714,0,0,3.0433333333333334,3.5486557034881323,PAK1
GO_Biological_Process_2023,Protein Localization To Nucleolus (GO:1902570),0.31159768331051657,0.42109686919787714,0,0,3.0433333333333334,3.5486557034881323,RRS1
GO_Biological_Process_2023,Protein Localization To Presynapse (GO:1905383),0.31159768331051657,0.42109686919787714,0,0,3.0433333333333334,3.5486557034881323,HSPB1
GO_Biological_Process_2023,Protein Retention In ER Lumen (GO:0006621),0.31159768331051657,0.42109686919787714,0,0,3.0433333333333334,3.5486557034881323,KDELR3
GO_Biological_Process_2023,Purine Nucleotide Catabolic Process (GO:0006195),0.31159768331051657,0.42109686919787714,0,0,3.0433333333333334,3.5486557034881323,HINT1
GO_Biological_Process_2023,Purine Ribonucleoside Monophosphate Catabolic Process (GO:0009169),0.31159768331051657,0.42109686919787714,0,0,3.0433333333333334,3.5486557034881323,NT5C2
GO_Biological_Process_2023,Purine-Containing Compound Metabolic Process (GO:0072521),0.31159768331051657,0.42109686919787714,0,0,3.0433333333333334,3.5486557034881323,MACROD1
GO_Biological_Process_2023,Pyrimidine Nucleobase Catabolic Process (GO:0006208),0.31159768331051657,0.42109686919787714,0,0,3.0433333333333334,3.5486557034881323,DPYSL2
GO_Biological_Process_2023,Regulation Of CoA-transferase Activity (GO:1905918),0.31159768331051657,0.42109686919787714,0,0,3.0433333333333334,3.5486557034881323,TSPO
GO_Biological_Process_2023,Regulation Of Golgi To Plasma Membrane Protein Transport (GO:0042996),0.31159768331051657,0.42109686919787714,0,0,3.0433333333333334,3.5486557034881323,RACK1
GO_Biological_Process_2023,Regulation Of Apoptotic Cell Clearance (GO:2000425),0.31159768331051657,0.42109686919787714,0,0,3.0433333333333334,3.5486557034881323,TGM2
GO_Biological_Process_2023,Regulation Of Attachment Of Mitotic Spindle Microtubules To Kinetochore (GO:1902423),0.31159768331051657,0.42109686919787714,0,0,3.0433333333333334,3.5486557034881323,BIRC5
GO_Biological_Process_2023,Regulation Of Cardiac Muscle Cell Action Potential Involved In Regulation Of Contraction (GO:0098909),0.31159768331051657,0.42109686919787714,0,0,3.0433333333333334,3.5486557034881323,RANGRF
GO_Biological_Process_2023,Regulation Of Chaperone-Mediated Autophagy (GO:1904714),0.31159768331051657,0.42109686919787714,0,0,3.0433333333333334,3.5486557034881323,CTSA
GO_Biological_Process_2023,Regulation Of Chemokine-Mediated Signaling Pathway (GO:0070099),0.31159768331051657,0.42109686919787714,0,0,3.0433333333333334,3.5486557034881323,HIF1A
GO_Biological_Process_2023,Regulation Of Cyclic-Nucleotide Phosphodiesterase Activity (GO:0051342),0.31159768331051657,0.42109686919787714,0,0,3.0433333333333334,3.5486557034881323,RACK1
GO_Biological_Process_2023,Regulation Of Dopamine Metabolic Process (GO:0042053),0.31159768331051657,0.42109686919787714,0,0,3.0433333333333334,3.5486557034881323,ITGAM
GO_Biological_Process_2023,Regulation Of Dopamine Receptor Signaling Pathway (GO:0060159),0.31159768331051657,0.42109686919787714,0,0,3.0433333333333334,3.5486557034881323,LRRK2
GO_Biological_Process_2023,Regulation Of Establishment Of Protein Localization To Mitochondrion (GO:1903747),0.31159768331051657,0.42109686919787714,0,0,3.0433333333333334,3.5486557034881323,SREBF1
GO_Biological_Process_2023,Regulation Of Hydrogen Peroxide-Induced Cell Death (GO:1903205),0.31159768331051657,0.42109686919787714,0,0,3.0433333333333334,3.5486557034881323,LRRK2
GO_Biological_Process_2023,Regulation Of Lipoprotein Metabolic Process (GO:0050746),0.31159768331051657,0.42109686919787714,0,0,3.0433333333333334,3.5486557034881323,RB1CC1
GO_Biological_Process_2023,Regulation Of Lysosome Size (GO:0062196),0.31159768331051657,0.42109686919787714,0,0,3.0433333333333334,3.5486557034881323,KXD1
GO_Biological_Process_2023,Regulation Of Meiotic Nuclear Division (GO:0040020),0.31159768331051657,0.42109686919787714,0,0,3.0433333333333334,3.5486557034881323,SIRT2
GO_Biological_Process_2023,Regulation Of Mesenchymal Stem Cell Differentiation (GO:2000739),0.31159768331051657,0.42109686919787714,0,0,3.0433333333333334,3.5486557034881323,LTBP2
GO_Biological_Process_2023,Regulation Of Microvillus Organization (GO:0032530),0.31159768331051657,0.42109686919787714,0,0,3.0433333333333334,3.5486557034881323,TWF2
GO_Biological_Process_2023,Regulation Of Myeloid Leukocyte Differentiation (GO:0002761),0.31159768331051657,0.42109686919787714,0,0,3.0433333333333334,3.5486557034881323,CEBPB
GO_Biological_Process_2023,Regulation Of Natural Killer Cell Mediated Cytotoxicity Directed Against Tumor Cell Target (GO:0002858),0.31159768331051657,0.42109686919787714,0,0,3.0433333333333334,3.5486557034881323,TGFB1
GO_Biological_Process_2023,Regulation Of Phospholipase A2 Activity (GO:0032429),0.31159768331051657,0.42109686919787714,0,0,3.0433333333333334,3.5486557034881323,LRP1
GO_Biological_Process_2023,Regulation Of Positive Chemotaxis (GO:0050926),0.31159768331051657,0.42109686919787714,0,0,3.0433333333333334,3.5486557034881323,CNTN1
GO_Biological_Process_2023,Regulation Of Protein ADP-ribosylation (GO:0010835),0.31159768331051657,0.42109686919787714,0,0,3.0433333333333334,3.5486557034881323,HPF1
GO_Biological_Process_2023,Regulation Of Protein Glycosylation (GO:0060049),0.31159768331051657,0.42109686919787714,0,0,3.0433333333333334,3.5486557034881323,FKTN
GO_Biological_Process_2023,Regulation Of Protein Localization To Cilium (GO:1903564),0.31159768331051657,0.42109686919787714,0,0,3.0433333333333334,3.5486557034881323,LZTFL1
GO_Biological_Process_2023,Regulation Of Protein Localization To Nucleolus (GO:1904749),0.31159768331051657,0.42109686919787714,0,0,3.0433333333333334,3.5486557034881323,NVL
GO_Biological_Process_2023,Regulation Of Response To Wounding (GO:1903034),0.31159768331051657,0.42109686919787714,0,0,3.0433333333333334,3.5486557034881323,TNFRSF12A
GO_Biological_Process_2023,Regulation Of Stem Cell Division (GO:2000035),0.31159768331051657,0.42109686919787714,0,0,3.0433333333333334,3.5486557034881323,SFRP2
GO_Biological_Process_2023,Regulation Of Triglyceride Metabolic Process (GO:0090207),0.31159768331051657,0.42109686919787714,0,0,3.0433333333333334,3.5486557034881323,SREBF1
GO_Biological_Process_2023,Response To Auditory Stimulus (GO:0010996),0.31159768331051657,0.42109686919787714,0,0,3.0433333333333334,3.5486557034881323,MDK
GO_Biological_Process_2023,Response To Epinephrine (GO:0071871),0.31159768331051657,0.42109686919787714,0,0,3.0433333333333334,3.5486557034881323,SIRT2
GO_Biological_Process_2023,Sialylation (GO:0097503),0.31159768331051657,0.42109686919787714,0,0,3.0433333333333334,3.5486557034881323,ST3GAL4
GO_Biological_Process_2023,Sinoatrial Node Development (GO:0003163),0.31159768331051657,0.42109686919787714,0,0,3.0433333333333334,3.5486557034881323,SHOX2
GO_Biological_Process_2023,snRNA Transcription By RNA Polymerase III (GO:0042796),0.31159768331051657,0.42109686919787714,0,0,3.0433333333333334,3.5486557034881323,SNAPC4
GO_Biological_Process_2023,Somatic Hypermutation Of Immunoglobulin Genes (GO:0016446),0.31159768331051657,0.42109686919787714,0,0,3.0433333333333334,3.5486557034881323,MCM3AP
GO_Biological_Process_2023,Spermidine Metabolic Process (GO:0008216),0.31159768331051657,0.42109686919787714,0,0,3.0433333333333334,3.5486557034881323,SLC38A2
GO_Biological_Process_2023,Sulfur Amino Acid Transport (GO:0000101),0.31159768331051657,0.42109686919787714,0,0,3.0433333333333334,3.5486557034881323,SLC43A2
GO_Biological_Process_2023,Thyroid Gland Development (GO:0030878),0.31159768331051657,0.42109686919787714,0,0,3.0433333333333334,3.5486557034881323,SIX1
GO_Biological_Process_2023,Tooth Mineralization (GO:0034505),0.31159768331051657,0.42109686919787714,0,0,3.0433333333333334,3.5486557034881323,COL1A1
GO_Biological_Process_2023,Cyclic-Nucleotide-Mediated Signaling (GO:0019935),0.31592521169309346,0.4260456981755637,0,0,1.5654824627427366,1.8038268002198008,RAPGEF2;PDE7A;RAPGEF3
GO_Biological_Process_2023,Membrane Fission (GO:0090148),0.31592521169309346,0.4260456981755637,0,0,1.5654824627427366,1.8038268002198008,CHMP2B;VPS37C;VPS37D
GO_Biological_Process_2023,Negative Regulation Of DNA Metabolic Process (GO:0051053),0.31592521169309346,0.4260456981755637,0,0,1.5654824627427366,1.8038268002198008,CDKN1A;RPS3;TERF1
GO_Biological_Process_2023,Negative Regulation Of Epithelial Cell Apoptotic Process (GO:1904036),0.31592521169309346,0.4260456981755637,0,0,1.5654824627427366,1.8038268002198008,CAST;MDK;GATA3
GO_Biological_Process_2023,Visual System Development (GO:0150063),0.31592521169309346,0.4260456981755637,0,0,1.5654824627427366,1.8038268002198008,ITGAM;SMG9;HIPK1
GO_Biological_Process_2023,Acetylcholine Receptor Signaling Pathway (GO:0095500),0.3178901884748566,0.4260456981755637,0,0,1.8262243285939967,2.0929430679548475,GRK2;RGS10
GO_Biological_Process_2023,Glucose Transmembrane Transport (GO:1904659),0.3178901884748566,0.4260456981755637,0,0,1.8262243285939967,2.0929430679548475,SLC2A8;PPARD
GO_Biological_Process_2023,Membrane Protein Ectodomain Proteolysis (GO:0006509),0.3178901884748566,0.4260456981755637,0,0,1.8262243285939967,2.0929430679548475,ERAP1;ADAM9
GO_Biological_Process_2023,Modulation By Host Of Viral Process (GO:0044788),0.3178901884748566,0.4260456981755637,0,0,1.8262243285939967,2.0929430679548475,IFI27;PPIB
GO_Biological_Process_2023,Natural Killer Cell Activation Involved In Immune Response (GO:0002323),0.3178901884748566,0.4260456981755637,0,0,1.8262243285939967,2.0929430679548475,CORO1A;VAMP2
GO_Biological_Process_2023,Natural Killer Cell Mediated Immunity (GO:0002228),0.3178901884748566,0.4260456981755637,0,0,1.8262243285939967,2.0929430679548475,PLEKHM2;TUBB4B
GO_Biological_Process_2023,Negative Regulation Of G Protein-Coupled Receptor Signaling Pathway (GO:0045744),0.3178901884748566,0.4260456981755637,0,0,1.8262243285939967,2.0929430679548475,GRK2;MGRN1
GO_Biological_Process_2023,Negative Regulation Of Actin Filament Polymerization (GO:0030837),0.3178901884748566,0.4260456981755637,0,0,1.8262243285939967,2.0929430679548475,TWF2;SSH3
GO_Biological_Process_2023,Negative Regulation Of Axonogenesis (GO:0050771),0.3178901884748566,0.4260456981755637,0,0,1.8262243285939967,2.0929430679548475,RTN4R;GDI1
GO_Biological_Process_2023,Negative Regulation Of Cell Development (GO:0010721),0.3178901884748566,0.4260456981755637,0,0,1.8262243285939967,2.0929430679548475,HOOK3;SORL1
GO_Biological_Process_2023,Negative Regulation Of Macroautophagy (GO:0016242),0.3178901884748566,0.4260456981755637,0,0,1.8262243285939967,2.0929430679548475,NRBP2;LRRK2
GO_Biological_Process_2023,peptidyl-L-cysteine S-palmitoylation (GO:0018230),0.3178901884748566,0.4260456981755637,0,0,1.8262243285939967,2.0929430679548475,ZDHHC23;GOLGA7
GO_Biological_Process_2023,peptidyl-S-diacylglycerol-L-cysteine Biosynthetic Process From Peptidyl-Cysteine (GO:0018231),0.3178901884748566,0.4260456981755637,0,0,1.8262243285939967,2.0929430679548475,ZDHHC23;GOLGA7
GO_Biological_Process_2023,Positive Regulation Of Receptor Internalization (GO:0002092),0.3178901884748566,0.4260456981755637,0,0,1.8262243285939967,2.0929430679548475,PICK1;ARRB2
GO_Biological_Process_2023,Positive Regulation Of Viral Life Cycle (GO:1903902),0.3178901884748566,0.4260456981755637,0,0,1.8262243285939967,2.0929430679548475,CD74;LGALS1
GO_Biological_Process_2023,Regulation Of Execution Phase Of Apoptosis (GO:1900117),0.3178901884748566,0.4260456981755637,0,0,1.8262243285939967,2.0929430679548475,TP53;SIRT2
GO_Biological_Process_2023,Regulation Of Histone Acetylation (GO:0035065),0.3178901884748566,0.4260456981755637,0,0,1.8262243285939967,2.0929430679548475,SMARCA5;NOC2L
GO_Biological_Process_2023,Regulation Of Interleukin-4 Production (GO:0032673),0.3178901884748566,0.4260456981755637,0,0,1.8262243285939967,2.0929430679548475,CEBPB;GATA3
GO_Biological_Process_2023,Regulation Of Regulatory T Cell Differentiation (GO:0045589),0.3178901884748566,0.4260456981755637,0,0,1.8262243285939967,2.0929430679548475,MDK;IRF1
GO_Biological_Process_2023,Regulation Of Release Of Sequestered Calcium Ion Into Cytosol By Sarcoplasmic Reticulum (GO:0010880),0.3178901884748566,0.4260456981755637,0,0,1.8262243285939967,2.0929430679548475,GSTO1;SRI
GO_Biological_Process_2023,Regulation Of Telomere Capping (GO:1904353),0.3178901884748566,0.4260456981755637,0,0,1.8262243285939967,2.0929430679548475,NEK7;MAPK15
GO_Biological_Process_2023,Cellular Response To Fibroblast Growth Factor Stimulus (GO:0044344),0.31972611730104333,0.42809751349910763,0,0,1.4325612163684662,1.6335359931111166,NR4A1;DSTYK;CHURC1;ZFP36L1
GO_Biological_Process_2023,Neuron Migration (GO:0001764),0.31972611730104333,0.42809751349910763,0,0,1.4325612163684662,1.6335359931111166,DDIT4;RAPGEF2;SH3RF1;MARK1
GO_Biological_Process_2023,Response To Peptide Hormone (GO:0043434),0.31972611730104333,0.42809751349910763,0,0,1.4325612163684662,1.6335359931111166,XBP1;ROCK1;EIF6;ZFP36L1
GO_Biological_Process_2023,Defense Response To Bacterium (GO:0042742),0.32099351528024234,0.4296578807517802,0,0,1.1916588026791264,1.3541228401105732,GSDMD;PYCARD;CEBPB;STAB1;TFEB;TNFRSF14;HLA-A;PLA2G6;RPL39;RNASE1;WFDC2;MYD88
GO_Biological_Process_2023,Positive Regulation Of Lymphocyte Proliferation (GO:0050671),0.3293100177082718,0.44050968378955924,0,0,1.3430752047654504,1.4918283973729272,CD74;IL15;NFATC2;IRS2;CD3E
GO_Biological_Process_2023,Regulation Of Rho Protein Signal Transduction (GO:0035023),0.3293100177082718,0.44050968378955924,0,0,1.3430752047654504,1.4918283973729272,RTN4R;ADGRG1;COL3A1;MCF2L;EPS8L2
GO_Biological_Process_2023,Negative Regulation Of Protein Localization (GO:1903828),0.3303716011401399,0.4410890337352978,0,0,1.521952932911837,1.6856194807098803,UBXN2B;SNX33;LZTFL1
GO_Biological_Process_2023,Negative Regulation Of Transport (GO:0051051),0.3303716011401399,0.4410890337352978,0,0,1.521952932911837,1.6856194807098803,SNX3;LRSAM1;SNX33
GO_Biological_Process_2023,Protein Localization To Lysosome (GO:0061462),0.3303716011401399,0.4410890337352978,0,0,1.521952932911837,1.6856194807098803,AP4M1;LAMTOR4;SORL1
GO_Biological_Process_2023,Release Of Sequestered Calcium Ion Into Cytosol (GO:0051209),0.3303716011401399,0.4410890337352978,0,0,1.521952932911837,1.6856194807098803,FLNA;PLCE1;PLCD1
GO_Biological_Process_2023,Retina Homeostasis (GO:0001895),0.3303716011401399,0.4410890337352978,0,0,1.521952932911837,1.6856194807098803,ZG16B;HSPB1;BBS4
GO_Biological_Process_2023,Retinoid Metabolic Process (GO:0001523),0.3303716011401399,0.4410890337352978,0,0,1.521952932911837,1.6856194807098803,LRP1;E2F1;DHRS3
GO_Biological_Process_2023,Regulation Of Cytokine Production (GO:0001817),0.33362521792141364,0.4452918518754589,0,0,1.2019538534331597,1.3194292389194107,RPS6KA4;PER1;CADM1;IL15;TRAF3;HLA-B;GATA3;AGPAT2;ICOSLG;LGR4
GO_Biological_Process_2023,T Cell Receptor Signaling Pathway (GO:0050852),0.3347497273913885,0.44665117301810425,0,0,1.2893993481297532,1.4110826836671204,IKBKB;NCOR2;HLA-A;GATA3;CD3E;ICOSLG
GO_Biological_Process_2023,ERK1 And ERK2 Cascade (GO:0070371),0.3372594374423948,0.4475888720674202,0,0,1.7392111136186965,1.8903534305137557,MYC;ZFP36L1
GO_Biological_Process_2023,U2-type Prespliceosome Assembly (GO:1903241),0.3372594374423948,0.4475888720674202,0,0,1.7392111136186965,1.8903534305137557,SF3B4;SF3B5
GO_Biological_Process_2023,Endosome Transport Via Multivesicular Body Sorting Pathway (GO:0032509),0.3372594374423948,0.4475888720674202,0,0,1.7392111136186965,1.8903534305137557,CHMP2B;UBXN6
GO_Biological_Process_2023,Heparan Sulfate Proteoglycan Biosynthetic Process (GO:0015012),0.3372594374423948,0.4475888720674202,0,0,1.7392111136186965,1.8903534305137557,XYLT1;EXTL3
GO_Biological_Process_2023,Hepaticobiliary System Development (GO:0061008),0.3372594374423948,0.4475888720674202,0,0,1.7392111136186965,1.8903534305137557,XBP1;GFER
GO_Biological_Process_2023,Long-Chain fatty-acyl-CoA Metabolic Process (GO:0035336),0.3372594374423948,0.4475888720674202,0,0,1.7392111136186965,1.8903534305137557,ELOVL1;ACSL1
GO_Biological_Process_2023,Meiosis I (GO:0007127),0.3372594374423948,0.4475888720674202,0,0,1.7392111136186965,1.8903534305137557,ING2;PTTG1
GO_Biological_Process_2023,Positive Regulation Of Epithelial Cell Apoptotic Process (GO:1904037),0.3372594374423948,0.4475888720674202,0,0,1.7392111136186965,1.8903534305137557,CARM1;THBS1
GO_Biological_Process_2023,Positive Regulation Of Lamellipodium Assembly (GO:0010592),0.3372594374423948,0.4475888720674202,0,0,1.7392111136186965,1.8903534305137557,TWF2;PLCE1
GO_Biological_Process_2023,"Positive Regulation Of mRNA Splicing, Via Spliceosome (GO:0048026)",0.3372594374423948,0.4475888720674202,0,0,1.7392111136186965,1.8903534305137557,SF3B4;SNW1
GO_Biological_Process_2023,Protein N-linked Glycosylation Via Asparagine (GO:0018279),0.3372594374423948,0.4475888720674202,0,0,1.7392111136186965,1.8903534305137557,MGAT1;STT3B
GO_Biological_Process_2023,Protein Alkylation (GO:0008213),0.3372594374423948,0.4475888720674202,0,0,1.7392111136186965,1.8903534305137557,LCMT1;EEF1AKMT1
GO_Biological_Process_2023,Protein Localization To Cell Junction (GO:1902414),0.3372594374423948,0.4475888720674202,0,0,1.7392111136186965,1.8903534305137557,FERMT2;JAM3
GO_Biological_Process_2023,"Regulation Of Nuclear-Transcribed mRNA Catabolic Process, Deadenylation-Dependent Decay (GO:1900151)",0.3372594374423948,0.4475888720674202,0,0,1.7392111136186965,1.8903534305137557,SYNCRIP;ZFP36L1
GO_Biological_Process_2023,Regulation Of Supramolecular Fiber Organization (GO:1902903),0.3372594374423948,0.4475888720674202,0,0,1.7392111136186965,1.8903534305137557,HSPA8;AEBP1
GO_Biological_Process_2023,Translesion Synthesis (GO:0019985),0.3372594374423948,0.4475888720674202,0,0,1.7392111136186965,1.8903534305137557,MAD2L2;TENT4A
GO_Biological_Process_2023,Zinc Ion Transport (GO:0006829),0.3372594374423948,0.4475888720674202,0,0,1.7392111136186965,1.8903534305137557,SLC39A8;SLC39A4
GO_Biological_Process_2023,Gland Development (GO:0048732),0.339694114639426,0.4477284613580682,0,0,1.3235721274383905,1.4290737032093084,XBP1;MDK;SIX1;GFER;TGFBR1
GO_Biological_Process_2023,Negative Regulation Of Peptidase Activity (GO:0010466),0.34360721665691524,0.4477284613580682,0,0,1.378422733014392,1.4725084736462504,SERPINA11;LRP1;SERPINF1;SERPINH1
GO_Biological_Process_2023,Positive Regulation Of Type II Interferon Production (GO:0032729),0.34360721665691524,0.4477284613580682,0,0,1.378422733014392,1.4725084736462504,PYCARD;MYDGF;HLA-A;RASGRP1
GO_Biological_Process_2023,Sensory Perception Of Sound (GO:0007605),0.3440579801867488,0.4477284613580682,0,0,1.2743695158618151,1.3596822962100112,COL1A1;COL2A1;TIMM13;BIRC5;EPS8L2;TPRN
GO_Biological_Process_2023,Positive Regulation Of Actin Filament Polymerization (GO:0030838),0.3448084010392926,0.4477284613580682,0,0,1.4807763506393643,1.5766808678352993,PYCARD;PTK2B;EVL
GO_Biological_Process_2023,Regulation Of Osteoclast Differentiation (GO:0045670),0.3448084010392926,0.4477284613580682,0,0,1.4807763506393643,1.5766808678352993,PPP3CA;CEBPB;CSF1
GO_Biological_Process_2023,DNA Topological Change (GO:0006265),0.3473590318824053,0.4477284613580682,0,0,2.6084962406015038,2.758214429699993,TOP2B
GO_Biological_Process_2023,GMP Metabolic Process (GO:0046037),0.3473590318824053,0.4477284613580682,0,0,2.6084962406015038,2.758214429699993,NT5C2
GO_Biological_Process_2023,L-fucose Catabolic Process (GO:0042355),0.3473590318824053,0.4477284613580682,0,0,2.6084962406015038,2.758214429699993,FUT2
GO_Biological_Process_2023,L-fucose Metabolic Process (GO:0042354),0.3473590318824053,0.4477284613580682,0,0,2.6084962406015038,2.758214429699993,FUT2
GO_Biological_Process_2023,MyD88-independent Toll-Like Receptor Signaling Pathway (GO:0002756),0.3473590318824053,0.4477284613580682,0,0,2.6084962406015038,2.758214429699993,TRAF3
GO_Biological_Process_2023,N-acylphosphatidylethanolamine Metabolic Process (GO:0070292),0.3473590318824053,0.4477284613580682,0,0,2.6084962406015038,2.758214429699993,PLAAT4
GO_Biological_Process_2023,Acid Secretion (GO:0046717),0.3473590318824053,0.4477284613580682,0,0,2.6084962406015038,2.758214429699993,SLC26A6
GO_Biological_Process_2023,Adult Heart Development (GO:0007512),0.3473590318824053,0.4477284613580682,0,0,2.6084962406015038,2.758214429699993,SCUBE1
GO_Biological_Process_2023,Apoptotic DNA Fragmentation (GO:0006309),0.3473590318824053,0.4477284613580682,0,0,2.6084962406015038,2.758214429699993,ENDOG
GO_Biological_Process_2023,Bone Resorption (GO:0045453),0.3473590318824053,0.4477284613580682,0,0,2.6084962406015038,2.758214429699993,PTK2B
GO_Biological_Process_2023,Bundle Of His Cell To Purkinje Myocyte Communication (GO:0086069),0.3473590318824053,0.4477284613580682,0,0,2.6084962406015038,2.758214429699993,DSG2
GO_Biological_Process_2023,Cardioblast Differentiation (GO:0010002),0.3473590318824053,0.4477284613580682,0,0,2.6084962406015038,2.758214429699993,RBPJ
GO_Biological_Process_2023,Cellular Response To Hydroxyurea (GO:0072711),0.3473590318824053,0.4477284613580682,0,0,2.6084962406015038,2.758214429699993,SPIDR
GO_Biological_Process_2023,Cellular Response To Sterol Depletion (GO:0071501),0.3473590318824053,0.4477284613580682,0,0,2.6084962406015038,2.758214429699993,SREBF1
GO_Biological_Process_2023,Constitutive Heterochromatin Formation (GO:0140719),0.3473590318824053,0.4477284613580682,0,0,2.6084962406015038,2.758214429699993,SIRT2
GO_Biological_Process_2023,Dehydroascorbic Acid Transport (GO:0070837),0.3473590318824053,0.4477284613580682,0,0,2.6084962406015038,2.758214429699993,SLC2A8
GO_Biological_Process_2023,Embryonic Forelimb Morphogenesis (GO:0035115),0.3473590318824053,0.4477284613580682,0,0,2.6084962406015038,2.758214429699993,OXSR1
GO_Biological_Process_2023,Endochondral Ossification (GO:0001958),0.3473590318824053,0.4477284613580682,0,0,2.6084962406015038,2.758214429699993,TMEM119
GO_Biological_Process_2023,Epithelial To Mesenchymal Transition Involved In Endocardial Cushion Formation (GO:0003198),0.3473590318824053,0.4477284613580682,0,0,2.6084962406015038,2.758214429699993,RBPJ
GO_Biological_Process_2023,Fucose Catabolic Process (GO:0019317),0.3473590318824053,0.4477284613580682,0,0,2.6084962406015038,2.758214429699993,FUT2
GO_Biological_Process_2023,Glucosamine-Containing Compound Catabolic Process (GO:1901072),0.3473590318824053,0.4477284613580682,0,0,2.6084962406015038,2.758214429699993,GNPDA1
GO_Biological_Process_2023,Glutamine Transport (GO:0006868),0.3473590318824053,0.4477284613580682,0,0,2.6084962406015038,2.758214429699993,SLC38A2
GO_Biological_Process_2023,Hyaluronan Catabolic Process (GO:0030214),0.3473590318824053,0.4477284613580682,0,0,2.6084962406015038,2.758214429699993,TGFB1
GO_Biological_Process_2023,Inner Ear Receptor Cell Development (GO:0060119),0.3473590318824053,0.4477284613580682,0,0,2.6084962406015038,2.758214429699993,SLC4A7
GO_Biological_Process_2023,Internal Protein Amino Acid Acetylation (GO:0006475),0.3473590318824053,0.4477284613580682,0,0,2.6084962406015038,2.758214429699993,NAA10
GO_Biological_Process_2023,Leptin-Mediated Signaling Pathway (GO:0033210),0.3473590318824053,0.4477284613580682,0,0,2.6084962406015038,2.758214429699993,BBS4
GO_Biological_Process_2023,Leukotriene D4 Metabolic Process (GO:1901748),0.3473590318824053,0.4477284613580682,0,0,2.6084962406015038,2.758214429699993,GGT5
GO_Biological_Process_2023,Maintenance Of Apical/Basal Cell Polarity (GO:0035090),0.3473590318824053,0.4477284613580682,0,0,2.6084962406015038,2.758214429699993,PDCD6IP
GO_Biological_Process_2023,Maintenance Of Epithelial Cell Apical/Basal Polarity (GO:0045199),0.3473590318824053,0.4477284613580682,0,0,2.6084962406015038,2.758214429699993,PDCD6IP
GO_Biological_Process_2023,Manganese Ion Transport (GO:0006828),0.3473590318824053,0.4477284613580682,0,0,2.6084962406015038,2.758214429699993,SLC39A8
GO_Biological_Process_2023,Mesodermal Cell Differentiation (GO:0048333),0.3473590318824053,0.4477284613580682,0,0,2.6084962406015038,2.758214429699993,ITGB4
GO_Biological_Process_2023,ncRNA Export From Nucleus (GO:0097064),0.3473590318824053,0.4477284613580682,0,0,2.6084962406015038,2.758214429699993,NPM1
GO_Biological_Process_2023,Negative Regulation By Host Of Viral Genome Replication (GO:0044828),0.3473590318824053,0.4477284613580682,0,0,2.6084962406015038,2.758214429699993,EIF2AK4
GO_Biological_Process_2023,Negative Regulation Of T Cell Cytokine Production (GO:0002725),0.3473590318824053,0.4477284613580682,0,0,2.6084962406015038,2.758214429699993,HLA-F
GO_Biological_Process_2023,Negative Regulation Of cAMP-mediated Signaling (GO:0043951),0.3473590318824053,0.4477284613580682,0,0,2.6084962406015038,2.758214429699993,MGRN1
GO_Biological_Process_2023,Negative Regulation Of Cytoplasmic Translation (GO:2000766),0.3473590318824053,0.4477284613580682,0,0,2.6084962406015038,2.758214429699993,UNK
GO_Biological_Process_2023,Negative Regulation Of Glycoprotein Biosynthetic Process (GO:0010561),0.3473590318824053,0.4477284613580682,0,0,2.6084962406015038,2.758214429699993,ACOT8
GO_Biological_Process_2023,Negative Regulation Of Leukocyte Degranulation (GO:0043301),0.3473590318824053,0.4477284613580682,0,0,2.6084962406015038,2.758214429699993,HLA-F
GO_Biological_Process_2023,Negative Regulation Of Long-Term Synaptic Potentiation (GO:1900272),0.3473590318824053,0.4477284613580682,0,0,2.6084962406015038,2.758214429699993,APP
GO_Biological_Process_2023,Negative Regulation Of Protein Import Into Nucleus (GO:0042308),0.3473590318824053,0.4477284613580682,0,0,2.6084962406015038,2.758214429699993,SUFU
GO_Biological_Process_2023,Negative Regulation Of Transporter Activity (GO:0032410),0.3473590318824053,0.4477284613580682,0,0,2.6084962406015038,2.758214429699993,OXSR1
GO_Biological_Process_2023,Nuclear Membrane Disassembly (GO:0051081),0.3473590318824053,0.4477284613580682,0,0,2.6084962406015038,2.758214429699993,PLK1
GO_Biological_Process_2023,Nucleic Acid Transport (GO:0050657),0.3473590318824053,0.4477284613580682,0,0,2.6084962406015038,2.758214429699993,RTRAF
GO_Biological_Process_2023,Nucleoside Diphosphate Metabolic Process (GO:0009132),0.3473590318824053,0.4477284613580682,0,0,2.6084962406015038,2.758214429699993,ENTPD8
GO_Biological_Process_2023,p38MAPK Cascade (GO:0038066),0.3473590318824053,0.4477284613580682,0,0,2.6084962406015038,2.758214429699993,ZFP36L1
GO_Biological_Process_2023,Peptidyl-Lysine Monomethylation (GO:0018026),0.3473590318824053,0.4477284613580682,0,0,2.6084962406015038,2.758214429699993,SETD4
GO_Biological_Process_2023,Peroxisomal Transport (GO:0043574),0.3473590318824053,0.4477284613580682,0,0,2.6084962406015038,2.758214429699993,PEX16
GO_Biological_Process_2023,Peroxisome Fission (GO:0016559),0.3473590318824053,0.4477284613580682,0,0,2.6084962406015038,2.758214429699993,FIS1
GO_Biological_Process_2023,Phosphatidylcholine Catabolic Process (GO:0034638),0.3473590318824053,0.4477284613580682,0,0,2.6084962406015038,2.758214429699993,PLA2G6
GO_Biological_Process_2023,Phosphatidylglycerol Biosynthetic Process (GO:0006655),0.3473590318824053,0.4477284613580682,0,0,2.6084962406015038,2.758214429699993,PLA2G6
GO_Biological_Process_2023,"Positive Regulation Of CD8-positive, Alpha-Beta T Cell Activation (GO:2001187)",0.3473590318824053,0.4477284613580682,0,0,2.6084962406015038,2.758214429699993,HLA-A
GO_Biological_Process_2023,Positive Regulation Of Calcium Ion Import Across Plasma Membrane (GO:1905665),0.3473590318824053,0.4477284613580682,0,0,2.6084962406015038,2.758214429699993,PPP3CA
GO_Biological_Process_2023,Positive Regulation Of Calcium Ion Transport Into Cytosol (GO:0010524),0.3473590318824053,0.4477284613580682,0,0,2.6084962406015038,2.758214429699993,P2RX4
GO_Biological_Process_2023,Positive Regulation Of Fatty Acid Beta-Oxidation (GO:0032000),0.3473590318824053,0.4477284613580682,0,0,2.6084962406015038,2.758214429699993,IRS2
GO_Biological_Process_2023,Positive Regulation Of Membrane Invagination (GO:1905155),0.3473590318824053,0.4477284613580682,0,0,2.6084962406015038,2.758214429699993,UXT
GO_Biological_Process_2023,Positive Regulation Of Protein Kinase C Signaling (GO:0090037),0.3473590318824053,0.4477284613580682,0,0,2.6084962406015038,2.758214429699993,WNT5A
GO_Biological_Process_2023,Positive Regulation Of Sequestering Of Triglyceride (GO:0010890),0.3473590318824053,0.4477284613580682,0,0,2.6084962406015038,2.758214429699993,PLIN2
GO_Biological_Process_2023,Positive Regulation Of Transcription Of Nucleolar Large rRNA By RNA Polymerase I (GO:1901838),0.3473590318824053,0.4477284613580682,0,0,2.6084962406015038,2.758214429699993,SMARCB1
GO_Biological_Process_2023,Proline Transport (GO:0015824),0.3473590318824053,0.4477284613580682,0,0,2.6084962406015038,2.758214429699993,SLC38A2
GO_Biological_Process_2023,Proteasome Assembly (GO:0043248),0.3473590318824053,0.4477284613580682,0,0,2.6084962406015038,2.758214429699993,PSMD9
GO_Biological_Process_2023,Pyrimidine-Containing Compound Catabolic Process (GO:0072529),0.3473590318824053,0.4477284613580682,0,0,2.6084962406015038,2.758214429699993,DPYSL2
GO_Biological_Process_2023,Pyrimidine-Containing Compound Metabolic Process (GO:0072527),0.3473590318824053,0.4477284613580682,0,0,2.6084962406015038,2.758214429699993,DCK
GO_Biological_Process_2023,Regulation Of DNA Demethylation (GO:1901535),0.3473590318824053,0.4477284613580682,0,0,2.6084962406015038,2.758214429699993,HNRNPAB
GO_Biological_Process_2023,Regulation Of ER-associated Ubiquitin-Dependent Protein Catabolic Process (GO:1903069),0.3473590318824053,0.4477284613580682,0,0,2.6084962406015038,2.758214429699993,SGTA
GO_Biological_Process_2023,Regulation Of RNA Biosynthetic Process (GO:2001141),0.3473590318824053,0.4477284613580682,0,0,2.6084962406015038,2.758214429699993,RALY
GO_Biological_Process_2023,Regulation Of T-helper 1 Type Immune Response (GO:0002825),0.3473590318824053,0.4477284613580682,0,0,2.6084962406015038,2.758214429699993,MYDGF
GO_Biological_Process_2023,Regulation Of Aspartic-Type Endopeptidase Activity Involved In Amyloid Precursor Protein Catabolic Process (GO:1902959),0.3473590318824053,0.4477284613580682,0,0,2.6084962406015038,2.758214429699993,SORL1
GO_Biological_Process_2023,Regulation Of Dendritic Cell Antigen Processing And Presentation (GO:0002604),0.3473590318824053,0.4477284613580682,0,0,2.6084962406015038,2.758214429699993,THBS1
GO_Biological_Process_2023,Regulation Of Dendritic Spine Maintenance (GO:1902950),0.3473590318824053,0.4477284613580682,0,0,2.6084962406015038,2.758214429699993,PRNP
GO_Biological_Process_2023,Regulation Of Endothelial Cell Development (GO:1901550),0.3473590318824053,0.4477284613580682,0,0,2.6084962406015038,2.758214429699993,ROCK1
GO_Biological_Process_2023,Regulation Of Gap Junction Assembly (GO:1903596),0.3473590318824053,0.4477284613580682,0,0,2.6084962406015038,2.758214429699993,CNTNAP2
GO_Biological_Process_2023,Regulation Of Glial Cell Proliferation (GO:0060251),0.3473590318824053,0.4477284613580682,0,0,2.6084962406015038,2.758214429699993,PRKCH
GO_Biological_Process_2023,Regulation Of Interleukin-23 Production (GO:0032667),0.3473590318824053,0.4477284613580682,0,0,2.6084962406015038,2.758214429699993,MYD88
GO_Biological_Process_2023,Regulation Of Intrinsic Apoptotic Signaling Pathway By P53 Class Mediator (GO:1902253),0.3473590318824053,0.4477284613580682,0,0,2.6084962406015038,2.758214429699993,MYC
GO_Biological_Process_2023,Regulation Of Mitochondrial Gene Expression (GO:0062125),0.3473590318824053,0.4477284613580682,0,0,2.6084962406015038,2.758214429699993,SHMT2
GO_Biological_Process_2023,Regulation Of Mitotic Sister Chromatid Segregation (GO:0033047),0.3473590318824053,0.4477284613580682,0,0,2.6084962406015038,2.758214429699993,LCMT1
GO_Biological_Process_2023,Regulation Of Necrotic Cell Death (GO:0010939),0.3473590318824053,0.4477284613580682,0,0,2.6084962406015038,2.758214429699993,SLC6A6
GO_Biological_Process_2023,Regulation Of Neutrophil Migration (GO:1902622),0.3473590318824053,0.4477284613580682,0,0,2.6084962406015038,2.758214429699993,JAM3
GO_Biological_Process_2023,Regulation Of Podosome Assembly (GO:0071801),0.3473590318824053,0.4477284613580682,0,0,2.6084962406015038,2.758214429699993,KIF9
GO_Biological_Process_2023,Regulation Of Skeletal Muscle Cell Differentiation (GO:2001014),0.3473590318824053,0.4477284613580682,0,0,2.6084962406015038,2.758214429699993,NR1D2
GO_Biological_Process_2023,Regulation Of Vesicle Fusion (GO:0031338),0.3473590318824053,0.4477284613580682,0,0,2.6084962406015038,2.758214429699993,SPHK1
GO_Biological_Process_2023,Response To Vitamin (GO:0033273),0.3473590318824053,0.4477284613580682,0,0,2.6084962406015038,2.758214429699993,AQP3
GO_Biological_Process_2023,Response To Vitamin D (GO:0033280),0.3473590318824053,0.4477284613580682,0,0,2.6084962406015038,2.758214429699993,AQP3
GO_Biological_Process_2023,Semaphorin-Plexin Signaling Pathway Involved In Axon Guidance (GO:1902287),0.3473590318824053,0.4477284613580682,0,0,2.6084962406015038,2.758214429699993,PLXNB1
GO_Biological_Process_2023,Sequestering Of Actin Monomers (GO:0042989),0.3473590318824053,0.4477284613580682,0,0,2.6084962406015038,2.758214429699993,TWF2
GO_Biological_Process_2023,Somatic Recombination Of Immunoglobulin Gene Segments (GO:0016447),0.3473590318824053,0.4477284613580682,0,0,2.6084962406015038,2.758214429699993,PRKDC
GO_Biological_Process_2023,Synapse Pruning (GO:0098883),0.3473590318824053,0.4477284613580682,0,0,2.6084962406015038,2.758214429699993,ITGAM
GO_Biological_Process_2023,Tricarboxylic Acid Metabolic Process (GO:0072350),0.3473590318824053,0.4477284613580682,0,0,2.6084962406015038,2.758214429699993,IDH3G
GO_Biological_Process_2023,Antigen Receptor-Mediated Signaling Pathway (GO:0050851),0.3553599041468045,0.45749584364535056,0,0,1.2077204839054716,1.2495368256819055,IKBKB;NCOR2;NFATC2;IGHE;HLA-A;GATA3;CD3E;ICOSLG
GO_Biological_Process_2023,Heart Morphogenesis (GO:0003007),0.35556734918793825,0.45749584364535056,0,0,1.3528573380971904,1.398909411557013,APC;CHD7;TGFBR1;BMPR1A
GO_Biological_Process_2023,Inorganic Anion Transport (GO:0015698),0.35556734918793825,0.45749584364535056,0,0,1.3528573380971904,1.398909411557013,RACGAP1;ENPP1;SLC25A11;SLC26A6
GO_Biological_Process_2023,Cell Morphogenesis Involved In Differentiation (GO:0000904),0.35645781595829856,0.45749584364535056,0,0,1.6601081909138782,1.7124669647527941,UNK;ATF4
GO_Biological_Process_2023,Dicarboxylic Acid Transport (GO:0006835),0.35645781595829856,0.45749584364535056,0,0,1.6601081909138782,1.7124669647527941,SLC46A1;SLC26A6
GO_Biological_Process_2023,Mononuclear Cell Differentiation (GO:1903131),0.35645781595829856,0.45749584364535056,0,0,1.6601081909138782,1.7124669647527941,BMP4;MT1G
GO_Biological_Process_2023,Multivesicular Body Sorting Pathway (GO:0071985),0.35645781595829856,0.45749584364535056,0,0,1.6601081909138782,1.7124669647527941,UVRAG;CHMP2B
GO_Biological_Process_2023,Negative Regulation Of Ion Transmembrane Transporter Activity (GO:0032413),0.35645781595829856,0.45749584364535056,0,0,1.6601081909138782,1.7124669647527941,OXSR1;MMP9
GO_Biological_Process_2023,Negative Regulation Of Stress Fiber Assembly (GO:0051497),0.35645781595829856,0.45749584364535056,0,0,1.6601081909138782,1.7124669647527941,RHPN1;CLASP2
GO_Biological_Process_2023,Protein Kinase B Signaling (GO:0043491),0.35645781595829856,0.45749584364535056,0,0,1.6601081909138782,1.7124669647527941,TGFB1;ZFP36L1
GO_Biological_Process_2023,Regulation Of Cytokine Production Involved In Immune Response (GO:0002718),0.35645781595829856,0.45749584364535056,0,0,1.6601081909138782,1.7124669647527941,WNT5A;TNFRSF14
GO_Biological_Process_2023,Regulation Of Cytoplasmic Translation (GO:2000765),0.35645781595829856,0.45749584364535056,0,0,1.6601081909138782,1.7124669647527941,SYNCRIP;UNK
GO_Biological_Process_2023,Regulation Of Muscle Cell Differentiation (GO:0051147),0.35645781595829856,0.45749584364535056,0,0,1.6601081909138782,1.7124669647527941,LAMB2;NID1
GO_Biological_Process_2023,Respiratory Chain Complex IV Assembly (GO:0008535),0.35645781595829856,0.45749584364535056,0,0,1.6601081909138782,1.7124669647527941,TMEM223;STMP1
GO_Biological_Process_2023,Regulation Of Dendrite Development (GO:0050773),0.3592161263028485,0.46061483187006547,0,0,1.4417669569075482,1.4761257751968213,NSMF;DBN1;MARK1
GO_Biological_Process_2023,Substantia Nigra Development (GO:0021762),0.3592161263028485,0.46061483187006547,0,0,1.4417669569075482,1.4761257751968213,CHKB;BASP1;SIRT2
GO_Biological_Process_2023,Synaptic Vesicle Exocytosis (GO:0016079),0.3592161263028485,0.46061483187006547,0,0,1.4417669569075482,1.4761257751968213,RIMS4;PRRT2;VAMP2
GO_Biological_Process_2023,Cell Morphogenesis Involved In Neuron Differentiation (GO:0048667),0.36052511900253237,0.46201195256228356,0,0,1.286214120164022,1.3121874733692598,MEF2A;APP;UNK;SSNA1;TAOK2
GO_Biological_Process_2023,Regulation Of Immune Response (GO:0050776),0.36052511900253237,0.46201195256228356,0,0,1.286214120164022,1.3121874733692598,COL3A1;IL15;GPR108;IRF1;ERAP1
GO_Biological_Process_2023,Regulation Of Innate Immune Response (GO:0045088),0.37095639807189906,0.4701320226851806,0,0,1.268313408345054,1.2577493072322108,PTPN1;PRKDC;IRF1;ERAP1;ATG12
GO_Biological_Process_2023,Cell Junction Assembly (GO:0034329),0.3721041813660559,0.4701320226851806,0,0,1.2313065132963743,1.2172467247251244,ARVCF;SH3BP1;CDH11;FN1;DCHS1;PKP3
GO_Biological_Process_2023,Antiviral Innate Immune Response (GO:0140374),0.3735763796061702,0.4701320226851806,0,0,1.4047580449055685,1.3831708447999067,UBE2W;TRIM7;ATAD3A
GO_Biological_Process_2023,Glycolipid Biosynthetic Process (GO:0009247),0.3735763796061702,0.4701320226851806,0,0,1.4047580449055685,1.3831708447999067,DPM2;ST3GAL4;PIGW
GO_Biological_Process_2023,Regulation Of Neurotransmitter Receptor Activity (GO:0099601),0.3735763796061702,0.4701320226851806,0,0,1.4047580449055685,1.3831708447999067,APP;PTK2B;SHISA9
GO_Biological_Process_2023,Activation Of Protein Kinase B Activity (GO:0032148),0.3754508311630316,0.4701320226851806,0,0,1.58788378322687,1.5555350315758583,WNT5A;ADRA2C
GO_Biological_Process_2023,"Chemical Synaptic Transmission, Postsynaptic (GO:0099565)",0.3754508311630316,0.4701320226851806,0,0,1.58788378322687,1.5555350315758583,LRRK2;ARRB2
GO_Biological_Process_2023,Fatty Acid Derivative Biosynthetic Process (GO:1901570),0.3754508311630316,0.4701320226851806,0,0,1.58788378322687,1.5555350315758583,GGT5;ACSS3
GO_Biological_Process_2023,Histone H3-K4 Methylation (GO:0051568),0.3754508311630316,0.4701320226851806,0,0,1.58788378322687,1.5555350315758583,PAGR1;BOD1
GO_Biological_Process_2023,Negative Regulation Of Protein Polymerization (GO:0032272),0.3754508311630316,0.4701320226851806,0,0,1.58788378322687,1.5555350315758583,TWF2;SSH3
GO_Biological_Process_2023,Negative Regulation Of Telomere Maintenance Via Telomere Lengthening (GO:1904357),0.3754508311630316,0.4701320226851806,0,0,1.58788378322687,1.5555350315758583,SLX1A;TERF1
GO_Biological_Process_2023,Osteoclast Differentiation (GO:0030316),0.3754508311630316,0.4701320226851806,0,0,1.58788378322687,1.5555350315758583,CSF1;OSTM1
GO_Biological_Process_2023,Peptide Hormone Secretion (GO:0030072),0.3754508311630316,0.4701320226851806,0,0,1.58788378322687,1.5555350315758583,CAMK2G;CDK16
GO_Biological_Process_2023,Positive Regulation Of Glucose Import (GO:0046326),0.3754508311630316,0.4701320226851806,0,0,1.58788378322687,1.5555350315758583,IRS2;ARPP19
GO_Biological_Process_2023,Positive Regulation Of Interleukin-2 Production (GO:0032743),0.3754508311630316,0.4701320226851806,0,0,1.58788378322687,1.5555350315758583,RPS3;TRAF2
GO_Biological_Process_2023,Positive Regulation Of Monooxygenase Activity (GO:0032770),0.3754508311630316,0.4701320226851806,0,0,1.58788378322687,1.5555350315758583,SCARB1;HIF1A
GO_Biological_Process_2023,Positive Regulation Of Striated Muscle Cell Differentiation (GO:0051155),0.3754508311630316,0.4701320226851806,0,0,1.58788378322687,1.5555350315758583,MMP14;TGFB1
GO_Biological_Process_2023,Regulation Of Glycogen Biosynthetic Process (GO:0005979),0.3754508311630316,0.4701320226851806,0,0,1.58788378322687,1.5555350315758583,ENPP1;IRS2
GO_Biological_Process_2023,Regulation Of Monocyte Chemotaxis (GO:0090025),0.3754508311630316,0.4701320226851806,0,0,1.58788378322687,1.5555350315758583,CREB3;NBL1
GO_Biological_Process_2023,Regulation Of Myelination (GO:0031641),0.3754508311630316,0.4701320226851806,0,0,1.58788378322687,1.5555350315758583,NSUN5;SIRT2
GO_Biological_Process_2023,Regulation Of Protein Processing (GO:0070613),0.3754508311630316,0.4701320226851806,0,0,1.58788378322687,1.5555350315758583,PRNP;LRRK2
GO_Biological_Process_2023,Sodium Ion Homeostasis (GO:0055078),0.3754508311630316,0.4701320226851806,0,0,1.58788378322687,1.5555350315758583,SLC12A2;ATP1B1
GO_Biological_Process_2023,Sterol Transport (GO:0015918),0.3754508311630316,0.4701320226851806,0,0,1.58788378322687,1.5555350315758583,GRAMD1A;OSBPL5
GO_Biological_Process_2023,Antimicrobial Humoral Immune Response Mediated By Antimicrobial Peptide (GO:0061844),0.3794694671049603,0.4701320226851806,0,0,1.3044656977182016,1.264002660130661,FAM3A;HMGN2;CXCL14;RPL39
GO_Biological_Process_2023,Homophilic Cell Adhesion Via Plasma Membrane Adhesion Molecules (GO:0007156),0.3794694671049603,0.4701320226851806,0,0,1.3044656977182016,1.264002660130661,CADM1;PTK7;DSG2;PKD1
GO_Biological_Process_2023,Positive Regulation Of Phagocytosis (GO:0050766),0.3794694671049603,0.4701320226851806,0,0,1.3044656977182016,1.264002660130661,PYCARD;UXT;IL15RA;IL15
GO_Biological_Process_2023,AMP Metabolic Process (GO:0046033),0.3812635614984307,0.4701320226851806,0,0,2.2823684210526314,2.2008065717125787,AMPD2
GO_Biological_Process_2023,ESCRT III Complex Disassembly (GO:1904903),0.3812635614984307,0.4701320226851806,0,0,2.2823684210526314,2.2008065717125787,CHMP2B
GO_Biological_Process_2023,ESCRT Complex Disassembly (GO:1904896),0.3812635614984307,0.4701320226851806,0,0,2.2823684210526314,2.2008065717125787,CHMP2B
GO_Biological_Process_2023,Golgi Lumen Acidification (GO:0061795),0.3812635614984307,0.4701320226851806,0,0,2.2823684210526314,2.2008065717125787,ATP6V0B
GO_Biological_Process_2023,I-kappaB Phosphorylation (GO:0007252),0.3812635614984307,0.4701320226851806,0,0,2.2823684210526314,2.2008065717125787,PRDX4
GO_Biological_Process_2023,NAD Biosynthesis Via Nicotinamide Riboside Salvage Pathway (GO:0034356),0.3812635614984307,0.4701320226851806,0,0,2.2823684210526314,2.2008065717125787,NNMT
GO_Biological_Process_2023,Wnt Signaling Pathway Involved In Midbrain Dopaminergic Neuron Differentiation (GO:1904953),0.3812635614984307,0.4701320226851806,0,0,2.2823684210526314,2.2008065717125787,WNT5A
GO_Biological_Process_2023,[2Fe-2S] Cluster Assembly (GO:0044571),0.3812635614984307,0.4701320226851806,0,0,2.2823684210526314,2.2008065717125787,FDX2
GO_Biological_Process_2023,Adrenal Gland Development (GO:0030325),0.3812635614984307,0.4701320226851806,0,0,2.2823684210526314,2.2008065717125787,MDK
GO_Biological_Process_2023,Apical Protein Localization (GO:0045176),0.3812635614984307,0.4701320226851806,0,0,2.2823684210526314,2.2008065717125787,JAM3
GO_Biological_Process_2023,Aspartate Transmembrane Transport (GO:0015810),0.3812635614984307,0.4701320226851806,0,0,2.2823684210526314,2.2008065717125787,SLC25A22
GO_Biological_Process_2023,Biomineral Tissue Development (GO:0031214),0.3812635614984307,0.4701320226851806,0,0,2.2823684210526314,2.2008065717125787,COL1A1
GO_Biological_Process_2023,Calcium Import Into The Mitochondrion (GO:0036444),0.3812635614984307,0.4701320226851806,0,0,2.2823684210526314,2.2008065717125787,MCUB
GO_Biological_Process_2023,Camera-Type Eye Morphogenesis (GO:0048593),0.3812635614984307,0.4701320226851806,0,0,2.2823684210526314,2.2008065717125787,SKI
GO_Biological_Process_2023,Carnitine Metabolic Process (GO:0009437),0.3812635614984307,0.4701320226851806,0,0,2.2823684210526314,2.2008065717125787,CRAT
GO_Biological_Process_2023,Cell Differentiation In Spinal Cord (GO:0021515),0.3812635614984307,0.4701320226851806,0,0,2.2823684210526314,2.2008065717125787,SOX13
GO_Biological_Process_2023,Cell Differentiation Involved In Metanephros Development (GO:0072202),0.3812635614984307,0.4701320226851806,0,0,2.2823684210526314,2.2008065717125787,OXSR1
GO_Biological_Process_2023,Cellular Response To Leucine (GO:0071233),0.3812635614984307,0.4701320226851806,0,0,2.2823684210526314,2.2008065717125787,SESN2
GO_Biological_Process_2023,Cellular Response To Oxidised Low-Density Lipoprotein Particle Stimulus (GO:0140052),0.3812635614984307,0.4701320226851806,0,0,2.2823684210526314,2.2008065717125787,MYD88
GO_Biological_Process_2023,Cellular Response To Oxygen Levels (GO:0071453),0.3812635614984307,0.4701320226851806,0,0,2.2823684210526314,2.2008065717125787,PICK1
GO_Biological_Process_2023,Dicarboxylic Acid Biosynthetic Process (GO:0043650),0.3812635614984307,0.4701320226851806,0,0,2.2823684210526314,2.2008065717125787,MTHFD1L
GO_Biological_Process_2023,Ectoderm Development (GO:0007398),0.3812635614984307,0.4701320226851806,0,0,2.2823684210526314,2.2008065717125787,ITGAM
GO_Biological_Process_2023,Endodermal Cell Fate Commitment (GO:0001711),0.3812635614984307,0.4701320226851806,0,0,2.2823684210526314,2.2008065717125787,PEX2
GO_Biological_Process_2023,Error-Prone Translesion Synthesis (GO:0042276),0.3812635614984307,0.4701320226851806,0,0,2.2823684210526314,2.2008065717125787,TENT4A
GO_Biological_Process_2023,Excitatory Synapse Assembly (GO:1904861),0.3812635614984307,0.4701320226851806,0,0,2.2823684210526314,2.2008065717125787,WNT5A
GO_Biological_Process_2023,Forelimb Morphogenesis (GO:0035136),0.3812635614984307,0.4701320226851806,0,0,2.2823684210526314,2.2008065717125787,OXSR1
GO_Biological_Process_2023,Glycerolipid Metabolic Process (GO:0046486),0.3812635614984307,0.4701320226851806,0,0,2.2823684210526314,2.2008065717125787,DGKZ
GO_Biological_Process_2023,Glycosphingolipid Catabolic Process (GO:0046479),0.3812635614984307,0.4701320226851806,0,0,2.2823684210526314,2.2008065717125787,NEU4
GO_Biological_Process_2023,Granulocyte Migration (GO:0097530),0.3812635614984307,0.4701320226851806,0,0,2.2823684210526314,2.2008065717125787,JAM3
GO_Biological_Process_2023,Hematopoietic Stem Cell Differentiation (GO:0060218),0.3812635614984307,0.4701320226851806,0,0,2.2823684210526314,2.2008065717125787,TP53
GO_Biological_Process_2023,High-Density Lipoprotein Particle Assembly (GO:0034380),0.3812635614984307,0.4701320226851806,0,0,2.2823684210526314,2.2008065717125787,PRKACB
GO_Biological_Process_2023,Histone Methylation (GO:0016571),0.3812635614984307,0.4701320226851806,0,0,2.2823684210526314,2.2008065717125787,SMYD3
GO_Biological_Process_2023,Kinetochore Assembly (GO:0051382),0.3812635614984307,0.4701320226851806,0,0,2.2823684210526314,2.2008065717125787,DLGAP5
GO_Biological_Process_2023,Lipid Phosphorylation (GO:0046834),0.3812635614984307,0.4701320226851806,0,0,2.2823684210526314,2.2008065717125787,DGKZ
GO_Biological_Process_2023,Microtubule Anchoring (GO:0034453),0.3812635614984307,0.4701320226851806,0,0,2.2823684210526314,2.2008065717125787,CLASP2
GO_Biological_Process_2023,Mitochondrial DNA Replication (GO:0006264),0.3812635614984307,0.4701320226851806,0,0,2.2823684210526314,2.2008065717125787,SSBP1
GO_Biological_Process_2023,Mitochondrion Morphogenesis (GO:0070584),0.3812635614984307,0.4701320226851806,0,0,2.2823684210526314,2.2008065717125787,FIS1
GO_Biological_Process_2023,Mitotic Nuclear Membrane Organization (GO:0101024),0.3812635614984307,0.4701320226851806,0,0,2.2823684210526314,2.2008065717125787,SIRT2
GO_Biological_Process_2023,Mitotic Nuclear Membrane Reassembly (GO:0007084),0.3812635614984307,0.4701320226851806,0,0,2.2823684210526314,2.2008065717125787,SIRT2
GO_Biological_Process_2023,Motor Neuron Axon Guidance (GO:0008045),0.3812635614984307,0.4701320226851806,0,0,2.2823684210526314,2.2008065717125787,RAC3
GO_Biological_Process_2023,Multivesicular Body-Lysosome Fusion (GO:0061763),0.3812635614984307,0.4701320226851806,0,0,2.2823684210526314,2.2008065717125787,CHMP2B
GO_Biological_Process_2023,Myelin Assembly (GO:0032288),0.3812635614984307,0.4701320226851806,0,0,2.2823684210526314,2.2008065717125787,PMP22
GO_Biological_Process_2023,Myelin Maintenance (GO:0043217),0.3812635614984307,0.4701320226851806,0,0,2.2823684210526314,2.2008065717125787,DEGS1
GO_Biological_Process_2023,Necroptotic Process (GO:0070266),0.3812635614984307,0.4701320226851806,0,0,2.2823684210526314,2.2008065717125787,TRPM7
GO_Biological_Process_2023,Negative Regulation Of Alpha-Beta T Cell Proliferation (GO:0046642),0.3812635614984307,0.4701320226851806,0,0,2.2823684210526314,2.2008065717125787,TNFRSF14
GO_Biological_Process_2023,Negative Regulation Of Bone Resorption (GO:0045779),0.3812635614984307,0.4701320226851806,0,0,2.2823684210526314,2.2008065717125787,TMEM119
GO_Biological_Process_2023,Negative Regulation Of Cell-Cell Adhesion Mediated By Cadherin (GO:2000048),0.3812635614984307,0.4701320226851806,0,0,2.2823684210526314,2.2008065717125787,MAD2L2
GO_Biological_Process_2023,Negative Regulation Of Heterotypic Cell-Cell Adhesion (GO:0034115),0.3812635614984307,0.4701320226851806,0,0,2.2823684210526314,2.2008065717125787,KLF4
GO_Biological_Process_2023,Negative Regulation Of Leukocyte Migration (GO:0002686),0.3812635614984307,0.4701320226851806,0,0,2.2823684210526314,2.2008065717125787,EMILIN1
GO_Biological_Process_2023,Negative Regulation Of Necroptotic Process (GO:0060546),0.3812635614984307,0.4701320226851806,0,0,2.2823684210526314,2.2008065717125787,SLC25A4
GO_Biological_Process_2023,Negative Regulation Of Potassium Ion Transmembrane Transporter Activity (GO:1901017),0.3812635614984307,0.4701320226851806,0,0,2.2823684210526314,2.2008065717125787,OXSR1
GO_Biological_Process_2023,Negative Regulation Of Protein Localization To Cell Surface (GO:2000009),0.3812635614984307,0.4701320226851806,0,0,2.2823684210526314,2.2008065717125787,SNX33
GO_Biological_Process_2023,Negative Regulation Of Sodium Ion Transmembrane Transport (GO:1902306),0.3812635614984307,0.4701320226851806,0,0,2.2823684210526314,2.2008065717125787,OXSR1
GO_Biological_Process_2023,Negative Regulation Of Transforming Growth Factor Beta Production (GO:0071635),0.3812635614984307,0.4701320226851806,0,0,2.2823684210526314,2.2008065717125787,FN1
GO_Biological_Process_2023,Negative Regulation Of Tyrosine Phosphorylation Of STAT Protein (GO:0042532),0.3812635614984307,0.4701320226851806,0,0,2.2823684210526314,2.2008065717125787,SOCS3
GO_Biological_Process_2023,Nucleobase-Containing Compound Biosynthetic Process (GO:0034654),0.3812635614984307,0.4701320226851806,0,0,2.2823684210526314,2.2008065717125787,DCK
GO_Biological_Process_2023,Nucleoside Metabolic Process (GO:0009116),0.3812635614984307,0.4701320226851806,0,0,2.2823684210526314,2.2008065717125787,MACROD1
GO_Biological_Process_2023,Ornithine Metabolic Process (GO:0006591),0.3812635614984307,0.4701320226851806,0,0,2.2823684210526314,2.2008065717125787,ODC1
GO_Biological_Process_2023,Peptidyl-Lysine Acetylation (GO:0018394),0.3812635614984307,0.4701320226851806,0,0,2.2823684210526314,2.2008065717125787,BLOC1S1
GO_Biological_Process_2023,Positive Regulation Of ATP Metabolic Process (GO:1903580),0.3812635614984307,0.4701320226851806,0,0,2.2823684210526314,2.2008065717125787,ENO1
GO_Biological_Process_2023,Positive Regulation Of Cardiocyte Differentiation (GO:1905209),0.3812635614984307,0.4701320226851806,0,0,2.2823684210526314,2.2008065717125787,TGFB1
GO_Biological_Process_2023,Positive Regulation Of Defense Response To Bacterium (GO:1900426),0.3812635614984307,0.4701320226851806,0,0,2.2823684210526314,2.2008065717125787,EMILIN1
GO_Biological_Process_2023,Positive Regulation Of Lipase Activity (GO:0060193),0.3812635614984307,0.4701320226851806,0,0,2.2823684210526314,2.2008065717125787,RHOC
GO_Biological_Process_2023,Positive Regulation Of mRNA 3'-End Processing (GO:0031442),0.3812635614984307,0.4701320226851806,0,0,2.2823684210526314,2.2008065717125787,PEX2
GO_Biological_Process_2023,Positive Regulation Of Mesenchymal Cell Proliferation (GO:0002053),0.3812635614984307,0.4701320226851806,0,0,2.2823684210526314,2.2008065717125787,MYC
GO_Biological_Process_2023,Positive Regulation Of miRNA-mediated Gene Silencing (GO:2000637),0.3812635614984307,0.4701320226851806,0,0,2.2823684210526314,2.2008065717125787,LIMD1
GO_Biological_Process_2023,Positive Regulation Of Mitochondrial Membrane Permeability (GO:0035794),0.3812635614984307,0.4701320226851806,0,0,2.2823684210526314,2.2008065717125787,CHCHD10
GO_Biological_Process_2023,"Positive Regulation Of Phagocytosis, Engulfment (GO:0060100)",0.3812635614984307,0.4701320226851806,0,0,2.2823684210526314,2.2008065717125787,UXT
GO_Biological_Process_2023,Positive Regulation Of Protein Kinase A Signaling (GO:0010739),0.3812635614984307,0.4701320226851806,0,0,2.2823684210526314,2.2008065717125787,TCIM
GO_Biological_Process_2023,Positive Regulation Of Protein Sumoylation (GO:0033235),0.3812635614984307,0.4701320226851806,0,0,2.2823684210526314,2.2008065717125787,PIAS3
GO_Biological_Process_2023,Positive Regulation Of rRNA Processing (GO:2000234),0.3812635614984307,0.4701320226851806,0,0,2.2823684210526314,2.2008065717125787,TRMT112
GO_Biological_Process_2023,Positive Regulation Of Receptor Recycling (GO:0001921),0.3812635614984307,0.4701320226851806,0,0,2.2823684210526314,2.2008065717125787,ECE1
GO_Biological_Process_2023,Positive Regulation Of Smooth Muscle Contraction (GO:0045987),0.3812635614984307,0.4701320226851806,0,0,2.2823684210526314,2.2008065717125787,SPHK1
GO_Biological_Process_2023,Positive Regulation Of Sodium Ion Transmembrane Transport (GO:1902307),0.3812635614984307,0.4701320226851806,0,0,2.2823684210526314,2.2008065717125787,ATP1B1
GO_Biological_Process_2023,Positive Regulation Of Vascular Endothelial Growth Factor Receptor Signaling Pathway (GO:0030949),0.3812635614984307,0.4701320226851806,0,0,2.2823684210526314,2.2008065717125787,HIF1A
GO_Biological_Process_2023,Postsynapse Assembly (GO:0099068),0.3812635614984307,0.4701320226851806,0,0,2.2823684210526314,2.2008065717125787,WNT5A
GO_Biological_Process_2023,Primary Alcohol Catabolic Process (GO:0034310),0.3812635614984307,0.4701320226851806,0,0,2.2823684210526314,2.2008065717125787,SULT1A3
GO_Biological_Process_2023,Protein O-linked Glycosylation Via Serine (GO:0018242),0.3812635614984307,0.4701320226851806,0,0,2.2823684210526314,2.2008065717125787,GALNT16
GO_Biological_Process_2023,Protein Localization To Microtubule Cytoskeleton (GO:0072698),0.3812635614984307,0.4701320226851806,0,0,2.2823684210526314,2.2008065717125787,FAM83D
GO_Biological_Process_2023,Purine Nucleobase Metabolic Process (GO:0006144),0.3812635614984307,0.4701320226851806,0,0,2.2823684210526314,2.2008065717125787,SHMT2
GO_Biological_Process_2023,Purine Ribonucleoside Monophosphate Biosynthetic Process (GO:0009168),0.3812635614984307,0.4701320226851806,0,0,2.2823684210526314,2.2008065717125787,AMPD2
GO_Biological_Process_2023,Regulation Of Actin Filament-Based Movement (GO:1903115),0.3812635614984307,0.4701320226851806,0,0,2.2823684210526314,2.2008065717125787,SRI
GO_Biological_Process_2023,Regulation Of Animal Organ Morphogenesis (GO:2000027),0.3812635614984307,0.4701320226851806,0,0,2.2823684210526314,2.2008065717125787,SAPCD2
GO_Biological_Process_2023,Regulation Of Cardiac Muscle Cell Differentiation (GO:2000725),0.3812635614984307,0.4701320226851806,0,0,2.2823684210526314,2.2008065717125787,TGFB1
GO_Biological_Process_2023,Regulation Of Cell-Cell Adhesion Involved In Gastrulation (GO:0070587),0.3812635614984307,0.4701320226851806,0,0,2.2823684210526314,2.2008065717125787,KLF4
GO_Biological_Process_2023,Regulation Of Cell-Cell Adhesion Mediated By Integrin (GO:0033632),0.3812635614984307,0.4701320226851806,0,0,2.2823684210526314,2.2008065717125787,CD3E
GO_Biological_Process_2023,Regulation Of Cellular Extravasation (GO:0002691),0.3812635614984307,0.4701320226851806,0,0,2.2823684210526314,2.2008065717125787,JAM3
GO_Biological_Process_2023,Regulation Of Dendritic Cell Apoptotic Process (GO:2000668),0.3812635614984307,0.4701320226851806,0,0,2.2823684210526314,2.2008065717125787,RAPGEF2
GO_Biological_Process_2023,Regulation Of Hair Cycle (GO:0042634),0.3812635614984307,0.4701320226851806,0,0,2.2823684210526314,2.2008065717125787,PER1
GO_Biological_Process_2023,Regulation Of Histone Methylation (GO:0031060),0.3812635614984307,0.4701320226851806,0,0,2.2823684210526314,2.2008065717125787,SMARCA5
GO_Biological_Process_2023,Regulation Of Phospholipid Metabolic Process (GO:1903725),0.3812635614984307,0.4701320226851806,0,0,2.2823684210526314,2.2008065717125787,MTMR1
GO_Biological_Process_2023,Regulation Of Protein Localization To Chromatin (GO:1905634),0.3812635614984307,0.4701320226851806,0,0,2.2823684210526314,2.2008065717125787,SETD2
GO_Biological_Process_2023,Regulation Of Receptor Binding (GO:1900120),0.3812635614984307,0.4701320226851806,0,0,2.2823684210526314,2.2008065717125787,MMP9
GO_Biological_Process_2023,Regulation Of Sequestering Of Calcium Ion (GO:0051282),0.3812635614984307,0.4701320226851806,0,0,2.2823684210526314,2.2008065717125787,PTK2B
GO_Biological_Process_2023,Response To Hydroxyurea (GO:0072710),0.3812635614984307,0.4701320226851806,0,0,2.2823684210526314,2.2008065717125787,SPIDR
GO_Biological_Process_2023,Response To Leucine (GO:0043201),0.3812635614984307,0.4701320226851806,0,0,2.2823684210526314,2.2008065717125787,SESN2
GO_Biological_Process_2023,Skeletal Muscle Tissue Regeneration (GO:0043403),0.3812635614984307,0.4701320226851806,0,0,2.2823684210526314,2.2008065717125787,PPP3CA
GO_Biological_Process_2023,Smooth Muscle Tissue Development (GO:0048745),0.3812635614984307,0.4701320226851806,0,0,2.2823684210526314,2.2008065717125787,PTCH1
GO_Biological_Process_2023,Toxin Transport (GO:1901998),0.3812635614984307,0.4701320226851806,0,0,2.2823684210526314,2.2008065717125787,ANTXR1
GO_Biological_Process_2023,Type II Interferon-Mediated Signaling Pathway (GO:0060333),0.3812635614984307,0.4701320226851806,0,0,2.2823684210526314,2.2008065717125787,IRF1
GO_Biological_Process_2023,Vasoconstriction (GO:0042310),0.3812635614984307,0.4701320226851806,0,0,2.2823684210526314,2.2008065717125787,EDN2
GO_Biological_Process_2023,Vesicle Fusion With Vacuole (GO:0051469),0.3812635614984307,0.4701320226851806,0,0,2.2823684210526314,2.2008065717125787,CHMP2B
GO_Biological_Process_2023,"Wound Healing, Spreading Of Epidermal Cells (GO:0035313)",0.3812635614984307,0.4701320226851806,0,0,2.2823684210526314,2.2008065717125787,COL5A1
GO_Biological_Process_2023,Positive Regulation Of Cytoskeleton Organization (GO:0051495),0.3813880840744825,0.4701478987229642,0,0,1.2509031269868793,1.2057928443898436,PYCARD;DYNC1H1;PTK2B;EVL;SORBS3
GO_Biological_Process_2023,DNA-templated DNA Replication Maintenance Of Fidelity (GO:0045005),0.3878718411766554,0.47744177819201866,0,0,1.369599578503688,1.2971207799188564,EME2;MCM9;TONSL
GO_Biological_Process_2023,Ephrin Receptor Signaling Pathway (GO:0048013),0.3878718411766554,0.47744177819201866,0,0,1.369599578503688,1.2971207799188564,PAK1;EFNA4;MMP9
GO_Biological_Process_2023,Positive Regulation Of Innate Immune Response (GO:0045089),0.3878718411766554,0.47744177819201866,0,0,1.369599578503688,1.2971207799188564,TRIM41;WNT5A;IKBKE
GO_Biological_Process_2023,Positive Regulation Of Receptor-Mediated Endocytosis (GO:0048260),0.3878718411766554,0.47744177819201866,0,0,1.369599578503688,1.2971207799188564,HIP1;PICK1;ARRB2
GO_Biological_Process_2023,Synaptic Vesicle Recycling (GO:0036465),0.3878718411766554,0.47744177819201866,0,0,1.369599578503688,1.2971207799188564,AP3M2;VAMP2;PLD2
GO_Biological_Process_2023,GPI Anchor Metabolic Process (GO:0006505),0.3942080304452287,0.4838268773549571,0,0,1.5216780761804458,1.4164943814195687,DPM2;PIGW
GO_Biological_Process_2023,L-amino Acid Transport (GO:0015807),0.3942080304452287,0.4838268773549571,0,0,1.5216780761804458,1.4164943814195687,SLC36A1;SLC38A2
GO_Biological_Process_2023,Cell-Cell Adhesion Mediated By Cadherin (GO:0044331),0.3942080304452287,0.4838268773549571,0,0,1.5216780761804458,1.4164943814195687,CDH11;DCHS1
GO_Biological_Process_2023,Cellular Response To Epidermal Growth Factor Stimulus (GO:0071364),0.3942080304452287,0.4838268773549571,0,0,1.5216780761804458,1.4164943814195687,GAREM1;ZFP36L1
GO_Biological_Process_2023,Phospholipid Biosynthetic Process (GO:0008654),0.3942080304452287,0.4838268773549571,0,0,1.5216780761804458,1.4164943814195687,MBOAT1;SGMS2
GO_Biological_Process_2023,Protein Export From Nucleus (GO:0006611),0.3942080304452287,0.4838268773549571,0,0,1.5216780761804458,1.4164943814195687,TGFB1;PKD1
GO_Biological_Process_2023,Regulation Of Actin Filament Bundle Assembly (GO:0032231),0.3942080304452287,0.4838268773549571,0,0,1.5216780761804458,1.4164943814195687,ROCK1;ASAP3
GO_Biological_Process_2023,Regulation Of Fatty Acid Biosynthetic Process (GO:0042304),0.3942080304452287,0.4838268773549571,0,0,1.5216780761804458,1.4164943814195687,EIF6;SIRT2
GO_Biological_Process_2023,Regulation Of Immunoglobulin Production (GO:0002637),0.3942080304452287,0.4838268773549571,0,0,1.5216780761804458,1.4164943814195687,XBP1;STX4
GO_Biological_Process_2023,Response To Glucocorticoid (GO:0051384),0.3942080304452287,0.4838268773549571,0,0,1.5216780761804458,1.4164943814195687,SSTR2;ZFP36L1
GO_Biological_Process_2023,Autophagosome Maturation (GO:0097352),0.40208625350357785,0.4929214595352449,0,0,1.3361561592433626,1.2173567145528648,UVRAG;MAP1LC3A;CHMP2B
GO_Biological_Process_2023,Negative Regulation Of Immune System Process (GO:0002683),0.40208625350357785,0.4929214595352449,0,0,1.3361561592433626,1.2173567145528648,COL3A1;GPR108;LGR4
GO_Biological_Process_2023,Neural Crest Cell Development (GO:0014032),0.40208625350357785,0.4929214595352449,0,0,1.3361561592433626,1.2173567145528648,SEMA6B;TCOF1;PEF1
GO_Biological_Process_2023,Regulation Of B Cell Proliferation (GO:0030888),0.40208625350357785,0.4929214595352449,0,0,1.3361561592433626,1.2173567145528648,CD74;NFATC2;IRS2
GO_Biological_Process_2023,RNA Methylation (GO:0001510),0.4032757330469805,0.49330109045557485,0,0,1.2594114118481086,1.1437152675012356,TRMT112;WDR6;BCDIN3D;LCMT2
GO_Biological_Process_2023,Cellular Response To Virus (GO:0098586),0.4032757330469805,0.49330109045557485,0,0,1.2594114118481086,1.1437152675012356,HSP90AA1;GBF1;RRP1B;HIF1A
GO_Biological_Process_2023,Glycerophospholipid Metabolic Process (GO:0006650),0.4032757330469805,0.49330109045557485,0,0,1.2594114118481086,1.1437152675012356,PDGFRB;PIGW;PLA2G6;PLCD1
GO_Biological_Process_2023,Calcium Ion Transmembrane Import Into Cytosol (GO:0097553),0.4126132239103361,0.49330109045557485,0,0,1.2014212747057518,1.0635517301957726,CACNB3;PLCE1;FLNA;JPH1;PLCD1
GO_Biological_Process_2023,Clathrin-Dependent Endocytosis (GO:0072583),0.41270267493989304,0.49330109045557485,0,0,1.4607688256977356,1.2928211087617443,CLTB;GPR107
GO_Biological_Process_2023,Limb Development (GO:0060173),0.41270267493989304,0.49330109045557485,0,0,1.4607688256977356,1.2928211087617443,COMP;PTCH1
GO_Biological_Process_2023,Microtubule Polymerization Or Depolymerization (GO:0031109),0.41270267493989304,0.49330109045557485,0,0,1.4607688256977356,1.2928211087617443,PIN1;MAP4
GO_Biological_Process_2023,Negative Regulation Of G2/M Transition Of Mitotic Cell Cycle (GO:0010972),0.41270267493989304,0.49330109045557485,0,0,1.4607688256977356,1.2928211087617443,AVEN;ZFYVE19
GO_Biological_Process_2023,Negative Regulation Of Actin Filament Bundle Assembly (GO:0032232),0.41270267493989304,0.49330109045557485,0,0,1.4607688256977356,1.2928211087617443,RHPN1;CLASP2
GO_Biological_Process_2023,Phospholipid Catabolic Process (GO:0009395),0.41270267493989304,0.49330109045557485,0,0,1.4607688256977356,1.2928211087617443,SMPD2;PLD2
GO_Biological_Process_2023,Positive Regulation Of Immune System Process (GO:0002684),0.41270267493989304,0.49330109045557485,0,0,1.4607688256977356,1.2928211087617443,IL15;AQP3
GO_Biological_Process_2023,Protein Quality Control For Misfolded Or Incompletely Synthesized Proteins (GO:0006515),0.41270267493989304,0.49330109045557485,0,0,1.4607688256977356,1.2928211087617443,UBE2W;NGLY1
GO_Biological_Process_2023,Regulation Of Catecholamine Secretion (GO:0050433),0.41270267493989304,0.49330109045557485,0,0,1.4607688256977356,1.2928211087617443,GRK2;SYT9
GO_Biological_Process_2023,Regulation Of Nitric-Oxide Synthase Activity (GO:0050999),0.41270267493989304,0.49330109045557485,0,0,1.4607688256977356,1.2928211087617443,SCARB1;HIF1A
GO_Biological_Process_2023,Regulation Of Peptidase Activity (GO:0052547),0.41270267493989304,0.49330109045557485,0,0,1.4607688256977356,1.2928211087617443,NDUFA13;PSMA3
GO_Biological_Process_2023,Regulation Of Sodium Ion Transmembrane Transport (GO:1902305),0.41270267493989304,0.49330109045557485,0,0,1.4607688256977356,1.2928211087617443,RANGRF;GPD1L
GO_Biological_Process_2023,CRD-mediated mRNA Stabilization (GO:0070934),0.4134076343428458,0.49330109045557485,0,0,2.028713450292398,1.7920055277533415,SYNCRIP
GO_Biological_Process_2023,N-acetylneuraminate Metabolic Process (GO:0006054),0.4134076343428458,0.49330109045557485,0,0,2.028713450292398,1.7920055277533415,GNPDA1
GO_Biological_Process_2023,Notch Signaling Involved In Heart Development (GO:0061314),0.4134076343428458,0.49330109045557485,0,0,2.028713450292398,1.7920055277533415,RBPJ
GO_Biological_Process_2023,T Cell Chemotaxis (GO:0010818),0.4134076343428458,0.49330109045557485,0,0,2.028713450292398,1.7920055277533415,SLC12A2
GO_Biological_Process_2023,T-helper Cell Lineage Commitment (GO:0002295),0.4134076343428458,0.49330109045557485,0,0,2.028713450292398,1.7920055277533415,SOCS3
GO_Biological_Process_2023,Acidic Amino Acid Transport (GO:0015800),0.4134076343428458,0.49330109045557485,0,0,2.028713450292398,1.7920055277533415,SLC6A6
GO_Biological_Process_2023,Alpha-Amino Acid Biosynthetic Process (GO:1901607),0.4134076343428458,0.49330109045557485,0,0,2.028713450292398,1.7920055277533415,SDSL
GO_Biological_Process_2023,Basement Membrane Organization (GO:0071711),0.4134076343428458,0.49330109045557485,0,0,2.028713450292398,1.7920055277533415,NID1
GO_Biological_Process_2023,Biogenic Amine Biosynthetic Process (GO:0042401),0.4134076343428458,0.49330109045557485,0,0,2.028713450292398,1.7920055277533415,SLC38A2
GO_Biological_Process_2023,Cardiac Muscle Cell Membrane Repolarization (GO:0099622),0.4134076343428458,0.49330109045557485,0,0,2.028713450292398,1.7920055277533415,ATP1B1
GO_Biological_Process_2023,Catecholamine Biosynthetic Process (GO:0042423),0.4134076343428458,0.49330109045557485,0,0,2.028713450292398,1.7920055277533415,GATA3
GO_Biological_Process_2023,Cell Proliferation In Forebrain (GO:0021846),0.4134076343428458,0.49330109045557485,0,0,2.028713450292398,1.7920055277533415,HOOK3
GO_Biological_Process_2023,Central Nervous System Projection Neuron Axonogenesis (GO:0021952),0.4134076343428458,0.49330109045557485,0,0,2.028713450292398,1.7920055277533415,MYCBP2
GO_Biological_Process_2023,Copper Ion Transport (GO:0006825),0.4134076343428458,0.49330109045557485,0,0,2.028713450292398,1.7920055277533415,SLC31A2
GO_Biological_Process_2023,Endosomal Vesicle Fusion (GO:0034058),0.4134076343428458,0.49330109045557485,0,0,2.028713450292398,1.7920055277533415,VPS39
GO_Biological_Process_2023,Epithelial Cell Apoptotic Process (GO:1904019),0.4134076343428458,0.49330109045557485,0,0,2.028713450292398,1.7920055277533415,HIPK1
GO_Biological_Process_2023,Fatty Acid Beta-Oxidation Using acyl-CoA Dehydrogenase (GO:0033539),0.4134076343428458,0.49330109045557485,0,0,2.028713450292398,1.7920055277533415,IVD
GO_Biological_Process_2023,Fatty Acid Homeostasis (GO:0055089),0.4134076343428458,0.49330109045557485,0,0,2.028713450292398,1.7920055277533415,XBP1
GO_Biological_Process_2023,Glycine Transport (GO:0015816),0.4134076343428458,0.49330109045557485,0,0,2.028713450292398,1.7920055277533415,SLC36A1
GO_Biological_Process_2023,Induction Of Positive Chemotaxis (GO:0050930),0.4134076343428458,0.49330109045557485,0,0,2.028713450292398,1.7920055277533415,IL16
GO_Biological_Process_2023,Insulin-Like Growth Factor Receptor Signaling Pathway (GO:0048009),0.4134076343428458,0.49330109045557485,0,0,2.028713450292398,1.7920055277533415,IGF1R
GO_Biological_Process_2023,Intraciliary Retrograde Transport (GO:0035721),0.4134076343428458,0.49330109045557485,0,0,2.028713450292398,1.7920055277533415,TTC21A
GO_Biological_Process_2023,Kinetochore Organization (GO:0051383),0.4134076343428458,0.49330109045557485,0,0,2.028713450292398,1.7920055277533415,DLGAP5
GO_Biological_Process_2023,Magnesium Ion Transport (GO:0015693),0.4134076343428458,0.49330109045557485,0,0,2.028713450292398,1.7920055277533415,SLC41A1
GO_Biological_Process_2023,Maintenance Of Protein Localization In Endoplasmic Reticulum (GO:0035437),0.4134076343428458,0.49330109045557485,0,0,2.028713450292398,1.7920055277533415,KDELR3
GO_Biological_Process_2023,Meiotic Sister Chromatid Cohesion (GO:0051177),0.4134076343428458,0.49330109045557485,0,0,2.028713450292398,1.7920055277533415,RAD21
GO_Biological_Process_2023,Midbrain Dopaminergic Neuron Differentiation (GO:1904948),0.4134076343428458,0.49330109045557485,0,0,2.028713450292398,1.7920055277533415,WNT5A
GO_Biological_Process_2023,Mitochondrial Protein Processing (GO:0034982),0.4134076343428458,0.49330109045557485,0,0,2.028713450292398,1.7920055277533415,PMPCA
GO_Biological_Process_2023,Monocyte Differentiation (GO:0030224),0.4134076343428458,0.49330109045557485,0,0,2.028713450292398,1.7920055277533415,MT1G
GO_Biological_Process_2023,Muscle Filament Sliding (GO:0030049),0.4134076343428458,0.49330109045557485,0,0,2.028713450292398,1.7920055277533415,TPM1
GO_Biological_Process_2023,Negative Regulation Of Activated T Cell Proliferation (GO:0046007),0.4134076343428458,0.49330109045557485,0,0,2.028713450292398,1.7920055277533415,PRNP
GO_Biological_Process_2023,Negative Regulation Of Alpha-Beta T Cell Activation (GO:0046636),0.4134076343428458,0.49330109045557485,0,0,2.028713450292398,1.7920055277533415,TNFRSF14
GO_Biological_Process_2023,Negative Regulation Of Autophagosome Assembly (GO:1902902),0.4134076343428458,0.49330109045557485,0,0,2.028713450292398,1.7920055277533415,LRRK2
GO_Biological_Process_2023,Negative Regulation Of Cholesterol Transport (GO:0032375),0.4134076343428458,0.49330109045557485,0,0,2.028713450292398,1.7920055277533415,NFKB1
GO_Biological_Process_2023,Negative Regulation Of Dephosphorylation (GO:0035305),0.4134076343428458,0.49330109045557485,0,0,2.028713450292398,1.7920055277533415,PTPA
GO_Biological_Process_2023,Negative Regulation Of Exocytosis (GO:0045920),0.4134076343428458,0.49330109045557485,0,0,2.028713450292398,1.7920055277533415,ATP9A
GO_Biological_Process_2023,Negative Regulation Of Glycolytic Process (GO:0045820),0.4134076343428458,0.49330109045557485,0,0,2.028713450292398,1.7920055277533415,CBFA2T3
GO_Biological_Process_2023,Negative Regulation Of Interferon-Beta Production (GO:0032688),0.4134076343428458,0.49330109045557485,0,0,2.028713450292398,1.7920055277533415,PYCARD
GO_Biological_Process_2023,Negative Regulation Of Interleukin-17 Production (GO:0032700),0.4134076343428458,0.49330109045557485,0,0,2.028713450292398,1.7920055277533415,PRNP
GO_Biological_Process_2023,Negative Regulation Of Intracellular Estrogen Receptor Signaling Pathway (GO:0033147),0.4134076343428458,0.49330109045557485,0,0,2.028713450292398,1.7920055277533415,CNOT2
GO_Biological_Process_2023,Negative Regulation Of Natural Killer Cell Mediated Immunity (GO:0002716),0.4134076343428458,0.49330109045557485,0,0,2.028713450292398,1.7920055277533415,HLA-F
GO_Biological_Process_2023,Negative Regulation Of Programmed Necrotic Cell Death (GO:0062099),0.4134076343428458,0.49330109045557485,0,0,2.028713450292398,1.7920055277533415,SLC25A4
GO_Biological_Process_2023,Negative Regulation Of Sodium Ion Transmembrane Transporter Activity (GO:2000650),0.4134076343428458,0.49330109045557485,0,0,2.028713450292398,1.7920055277533415,OXSR1
GO_Biological_Process_2023,Negative Regulation Of Steroid Biosynthetic Process (GO:0010894),0.4134076343428458,0.49330109045557485,0,0,2.028713450292398,1.7920055277533415,NFKB1
GO_Biological_Process_2023,Nucleoside Triphosphate Metabolic Process (GO:0009141),0.4134076343428458,0.49330109045557485,0,0,2.028713450292398,1.7920055277533415,ENPP1
GO_Biological_Process_2023,Phosphate Ion Transmembrane Transport (GO:0035435),0.4134076343428458,0.49330109045557485,0,0,2.028713450292398,1.7920055277533415,SLC25A11
GO_Biological_Process_2023,Positive Regulation Of Cellular Respiration (GO:1901857),0.4134076343428458,0.49330109045557485,0,0,2.028713450292398,1.7920055277533415,PRELID1
GO_Biological_Process_2023,Positive Regulation Of Cholesterol Metabolic Process (GO:0090205),0.4134076343428458,0.49330109045557485,0,0,2.028713450292398,1.7920055277533415,SREBF1
GO_Biological_Process_2023,Positive Regulation Of Chondrocyte Differentiation (GO:0032332),0.4134076343428458,0.49330109045557485,0,0,2.028713450292398,1.7920055277533415,LOXL2
GO_Biological_Process_2023,Positive Regulation Of Circadian Rhythm (GO:0042753),0.4134076343428458,0.49330109045557485,0,0,2.028713450292398,1.7920055277533415,RORC
GO_Biological_Process_2023,Positive Regulation Of Mitochondrial Outer Membrane Permeabilization Involved In Apoptotic Signaling Pathway (GO:1901030),0.4134076343428458,0.49330109045557485,0,0,2.028713450292398,1.7920055277533415,CHCHD10
GO_Biological_Process_2023,Positive Regulation Of Non-Canonical Wnt Signaling Pathway (GO:2000052),0.4134076343428458,0.49330109045557485,0,0,2.028713450292398,1.7920055277533415,CSNK1E
GO_Biological_Process_2023,Positive Regulation Of Post-Transcriptional Gene Silencing By RNA (GO:1900370),0.4134076343428458,0.49330109045557485,0,0,2.028713450292398,1.7920055277533415,LIMD1
GO_Biological_Process_2023,Positive Regulation Of Protein Localization To Cajal Body (GO:1904871),0.4134076343428458,0.49330109045557485,0,0,2.028713450292398,1.7920055277533415,LARP7
GO_Biological_Process_2023,Positive Regulation Of Toll-Like Receptor 4 Signaling Pathway (GO:0034145),0.4134076343428458,0.49330109045557485,0,0,2.028713450292398,1.7920055277533415,NINJ1
GO_Biological_Process_2023,Protein Kinase C-activating G Protein-Coupled Receptor Signaling Pathway (GO:0007205),0.4134076343428458,0.49330109045557485,0,0,2.028713450292398,1.7920055277533415,PICK1
GO_Biological_Process_2023,Protein Localization To Endosome (GO:0036010),0.4134076343428458,0.49330109045557485,0,0,2.028713450292398,1.7920055277533415,PACSIN2
GO_Biological_Process_2023,Protein Oxidation (GO:0018158),0.4134076343428458,0.49330109045557485,0,0,2.028713450292398,1.7920055277533415,LOXL2
GO_Biological_Process_2023,Receptor-Mediated Endocytosis Of Virus By Host Cell (GO:0019065),0.4134076343428458,0.49330109045557485,0,0,2.028713450292398,1.7920055277533415,TPCN2
GO_Biological_Process_2023,Regulation Of ERAD Pathway (GO:1904292),0.4134076343428458,0.49330109045557485,0,0,2.028713450292398,1.7920055277533415,USP19
GO_Biological_Process_2023,Regulation Of Amyloid Precursor Protein Biosynthetic Process (GO:0042984),0.4134076343428458,0.49330109045557485,0,0,2.028713450292398,1.7920055277533415,NECAB3
GO_Biological_Process_2023,Regulation Of Axon Regeneration (GO:0048679),0.4134076343428458,0.49330109045557485,0,0,2.028713450292398,1.7920055277533415,RTN4R
GO_Biological_Process_2023,Regulation Of Chromatin Binding (GO:0035561),0.4134076343428458,0.49330109045557485,0,0,2.028713450292398,1.7920055277533415,CDT1
GO_Biological_Process_2023,Regulation Of Cytoplasmic Transport (GO:1903649),0.4134076343428458,0.49330109045557485,0,0,2.028713450292398,1.7920055277533415,LRRK2
GO_Biological_Process_2023,Regulation Of Establishment Of Protein Localization To Telomere (GO:0070203),0.4134076343428458,0.49330109045557485,0,0,2.028713450292398,1.7920055277533415,TERF1
GO_Biological_Process_2023,Regulation Of Lamellipodium Morphogenesis (GO:2000392),0.4134076343428458,0.49330109045557485,0,0,2.028713450292398,1.7920055277533415,ARPIN
GO_Biological_Process_2023,Regulation Of Lipid Transport (GO:0032368),0.4134076343428458,0.49330109045557485,0,0,2.028713450292398,1.7920055277533415,LRP1
GO_Biological_Process_2023,Regulation Of Low-Density Lipoprotein Particle Clearance (GO:0010988),0.4134076343428458,0.49330109045557485,0,0,2.028713450292398,1.7920055277533415,CNPY2
GO_Biological_Process_2023,"Regulation Of Phagocytosis, Engulfment (GO:0060099)",0.4134076343428458,0.49330109045557485,0,0,2.028713450292398,1.7920055277533415,UXT
GO_Biological_Process_2023,Regulation Of Protein Localization To Cajal Body (GO:1904869),0.4134076343428458,0.49330109045557485,0,0,2.028713450292398,1.7920055277533415,LARP7
GO_Biological_Process_2023,Regulation Of Response To Oxidative Stress (GO:1902882),0.4134076343428458,0.49330109045557485,0,0,2.028713450292398,1.7920055277533415,SELENON
GO_Biological_Process_2023,Regulation Of Smooth Muscle Cell Apoptotic Process (GO:0034391),0.4134076343428458,0.49330109045557485,0,0,2.028713450292398,1.7920055277533415,CDKN2A
GO_Biological_Process_2023,Regulation Of Transcription Of Nucleolar Large rRNA By RNA Polymerase I (GO:1901836),0.4134076343428458,0.49330109045557485,0,0,2.028713450292398,1.7920055277533415,SMARCB1
GO_Biological_Process_2023,Signal Release (GO:0023061),0.4134076343428458,0.49330109045557485,0,0,2.028713450292398,1.7920055277533415,TGM2
GO_Biological_Process_2023,Small Nucleolar Ribonucleoprotein Complex Assembly (GO:0000491),0.4134076343428458,0.49330109045557485,0,0,2.028713450292398,1.7920055277533415,TNIP1
GO_Biological_Process_2023,tRNA Threonylcarbamoyladenosine Metabolic Process (GO:0070525),0.4134076343428458,0.49330109045557485,0,0,2.028713450292398,1.7920055277533415,LAGE3
GO_Biological_Process_2023,Urogenital System Development (GO:0001655),0.4134076343428458,0.49330109045557485,0,0,2.028713450292398,1.7920055277533415,OXSR1
GO_Biological_Process_2023,Vacuole Fusion (GO:0097576),0.4134076343428458,0.49330109045557485,0,0,2.028713450292398,1.7920055277533415,CHMP2B
GO_Biological_Process_2023,Cardiac Conduction (GO:0061337),0.4162044029089452,0.49621651773770337,0,0,1.3043052837573386,1.1433263425339053,MEF2A;AKAP9;DSG2
GO_Biological_Process_2023,Development Of Primary Male Sexual Characteristics (GO:0046546),0.4162044029089452,0.49621651773770337,0,0,1.3043052837573386,1.1433263425339053,BIK;WNT5A;GATA3
GO_Biological_Process_2023,Response To Hydrogen Peroxide (GO:0042542),0.4162044029089452,0.49621651773770337,0,0,1.3043052837573386,1.1433263425339053,TRPA1;RPS3;ADAM9
GO_Biological_Process_2023,Phospholipase C-activating G Protein-Coupled Receptor Signaling Pathway (GO:0007200),0.4229752264166051,0.5041462435438223,0,0,1.1857841525563044,1.0202980941632467,PTGER3;PLCE1;GRPR;ESR1;TGM2
GO_Biological_Process_2023,Cellular Response To Type II Interferon (GO:0071346),0.4269060631239889,0.5086874453353473,0,0,1.2173607450360218,1.0362068540019687,SYNCRIP;IRF1;WNT5A;SLC26A6
GO_Biological_Process_2023,Inorganic Cation Import Across Plasma Membrane (GO:0098659),0.4282477320959812,0.5101417821375324,0,0,1.1533398139147342,0.9780937938418863,SLC12A2;SLC12A4;SLC12A5;SLC39A8;ATP1B1;SLC12A7
GO_Biological_Process_2023,Homotypic Cell-Cell Adhesion (GO:0034109),0.4302120973222057,0.5120472418948017,0,0,1.2739358443404318,1.0745355106905023,HSPB1;FLNA;CD99
GO_Biological_Process_2023,Replication Fork Processing (GO:0031297),0.4302120973222057,0.5120472418948017,0,0,1.2739358443404318,1.0745355106905023,EME2;CARM1;TONSL
GO_Biological_Process_2023,Response To Organonitrogen Compound (GO:0010243),0.4302120973222057,0.5120472418948017,0,0,1.2739358443404318,1.0745355106905023,XBP1;ADORA2A;UBXN6
GO_Biological_Process_2023,Carbohydrate Derivative Biosynthetic Process (GO:1901137),0.43091143653015557,0.5121558168863916,0,0,1.4045449021752339,1.1824199092932457,TNIP1;ST3GAL4
GO_Biological_Process_2023,Homologous Chromosome Pairing At Meiosis (GO:0007129),0.43091143653015557,0.5121558168863916,0,0,1.4045449021752339,1.1824199092932457,MND1;P3H4
GO_Biological_Process_2023,Positive Regulation Of Calcium Ion Transport (GO:0051928),0.43091143653015557,0.5121558168863916,0,0,1.4045449021752339,1.1824199092932457,PDGFRB;P2RX4
GO_Biological_Process_2023,Protein Localization To Golgi Apparatus (GO:0034067),0.43091143653015557,0.5121558168863916,0,0,1.4045449021752339,1.1824199092932457,GBF1;SORL1
GO_Biological_Process_2023,Regulation Of Cardiac Muscle Cell Action Potential (GO:0098901),0.43091143653015557,0.5121558168863916,0,0,1.4045449021752339,1.1824199092932457,RANGRF;DSG2
GO_Biological_Process_2023,Glucose Homeostasis (GO:0042593),0.44359043245739876,0.5176376878196207,0,0,1.1556975377877476,0.9394128944962971,BAD;PIK3R2;PYGL;ADIPOR2;HIF1A
GO_Biological_Process_2023,Response To Interleukin-1 (GO:0070555),0.44359043245739876,0.5176376878196207,0,0,1.1556975377877476,0.9394128944962971,PYCARD;APP;HIF1A;NFKB1;MYD88
GO_Biological_Process_2023,DNA Methylation-Dependent Heterochromatin Formation (GO:0006346),0.44388261475104496,0.5176376878196207,0,0,1.8257894736842106,1.4828973238541279,MBD3
GO_Biological_Process_2023,"RNA Splicing, Via Endonucleolytic Cleavage And Ligation (GO:0000394)",0.44388261475104496,0.5176376878196207,0,0,1.8257894736842106,1.4828973238541279,RTRAF
GO_Biological_Process_2023,Actin-Myosin Filament Sliding (GO:0033275),0.44388261475104496,0.5176376878196207,0,0,1.8257894736842106,1.4828973238541279,TPM1
GO_Biological_Process_2023,Aspartate Family Amino Acid Catabolic Process (GO:0009068),0.44388261475104496,0.5176376878196207,0,0,1.8257894736842106,1.4828973238541279,SDSL
GO_Biological_Process_2023,Cardiolipin Metabolic Process (GO:0032048),0.44388261475104496,0.5176376878196207,0,0,1.8257894736842106,1.4828973238541279,PLA2G6
GO_Biological_Process_2023,Cellular Response To UV-B (GO:0071493),0.44388261475104496,0.5176376878196207,0,0,1.8257894736842106,1.4828973238541279,CRIP1
GO_Biological_Process_2023,Cellular Response To Growth Hormone Stimulus (GO:0071378),0.44388261475104496,0.5176376878196207,0,0,1.8257894736842106,1.4828973238541279,PXN
GO_Biological_Process_2023,Cellular Response To Thyroid Hormone Stimulus (GO:0097067),0.44388261475104496,0.5176376878196207,0,0,1.8257894736842106,1.4828973238541279,GAS2L1
GO_Biological_Process_2023,Detection Of Light Stimulus Involved In Sensory Perception (GO:0050962),0.44388261475104496,0.5176376878196207,0,0,1.8257894736842106,1.4828973238541279,CEP250
GO_Biological_Process_2023,Detection Of Light Stimulus Involved In Visual Perception (GO:0050908),0.44388261475104496,0.5176376878196207,0,0,1.8257894736842106,1.4828973238541279,CEP250
GO_Biological_Process_2023,Digestive System Development (GO:0055123),0.44388261475104496,0.5176376878196207,0,0,1.8257894736842106,1.4828973238541279,PKD1
GO_Biological_Process_2023,Endosomal Lumen Acidification (GO:0048388),0.44388261475104496,0.5176376878196207,0,0,1.8257894736842106,1.4828973238541279,ATP6V0B
GO_Biological_Process_2023,Establishment Of Protein Localization To Chromosome (GO:0070199),0.44388261475104496,0.5176376878196207,0,0,1.8257894736842106,1.4828973238541279,LRWD1
GO_Biological_Process_2023,Exit From Mitosis (GO:0010458),0.44388261475104496,0.5176376878196207,0,0,1.8257894736842106,1.4828973238541279,CLASP2
GO_Biological_Process_2023,Glutamine Family Amino Acid Biosynthetic Process (GO:0009084),0.44388261475104496,0.5176376878196207,0,0,1.8257894736842106,1.4828973238541279,NAGS
GO_Biological_Process_2023,Heterocycle Biosynthetic Process (GO:0018130),0.44388261475104496,0.5176376878196207,0,0,1.8257894736842106,1.4828973238541279,PYCR3
GO_Biological_Process_2023,Histone H4-K16 Acetylation (GO:0043984),0.44388261475104496,0.5176376878196207,0,0,1.8257894736842106,1.4828973238541279,KANSL2
GO_Biological_Process_2023,Inner Ear Receptor Cell Stereocilium Organization (GO:0060122),0.44388261475104496,0.5176376878196207,0,0,1.8257894736842106,1.4828973238541279,TPRN
GO_Biological_Process_2023,Lysosomal Membrane Organization (GO:0097212),0.44388261475104496,0.5176376878196207,0,0,1.8257894736842106,1.4828973238541279,CHMP2B
GO_Biological_Process_2023,Macrophage Chemotaxis (GO:0048246),0.44388261475104496,0.5176376878196207,0,0,1.8257894736842106,1.4828973238541279,EDN2
GO_Biological_Process_2023,Melanocyte Differentiation (GO:0030318),0.44388261475104496,0.5176376878196207,0,0,1.8257894736842106,1.4828973238541279,ENPP1
GO_Biological_Process_2023,Negative Regulation Of RNA Metabolic Process (GO:0051253),0.44388261475104496,0.5176376878196207,0,0,1.8257894736842106,1.4828973238541279,RPS26
GO_Biological_Process_2023,Negative Regulation Of Amyloid Fibril Formation (GO:1905907),0.44388261475104496,0.5176376878196207,0,0,1.8257894736842106,1.4828973238541279,PFDN1
GO_Biological_Process_2023,Negative Regulation Of Bone Remodeling (GO:0046851),0.44388261475104496,0.5176376878196207,0,0,1.8257894736842106,1.4828973238541279,TMEM119
GO_Biological_Process_2023,Negative Regulation Of calcineurin-NFAT Signaling Cascade (GO:0070885),0.44388261475104496,0.5176376878196207,0,0,1.8257894736842106,1.4828973238541279,PRNP
GO_Biological_Process_2023,Negative Regulation Of Calcineurin-Mediated Signaling (GO:0106057),0.44388261475104496,0.5176376878196207,0,0,1.8257894736842106,1.4828973238541279,PRNP
GO_Biological_Process_2023,Negative Regulation Of Fibrinolysis (GO:0051918),0.44388261475104496,0.5176376878196207,0,0,1.8257894736842106,1.4828973238541279,THBS1
GO_Biological_Process_2023,Negative Regulation Of Glucose Transmembrane Transport (GO:0010829),0.44388261475104496,0.5176376878196207,0,0,1.8257894736842106,1.4828973238541279,ENPP1
GO_Biological_Process_2023,Negative Regulation Of Platelet-Derived Growth Factor Receptor Signaling Pathway (GO:0010642),0.44388261475104496,0.5176376878196207,0,0,1.8257894736842106,1.4828973238541279,LRP1
GO_Biological_Process_2023,Negative Regulation Of Potassium Ion Transmembrane Transport (GO:1901380),0.44388261475104496,0.5176376878196207,0,0,1.8257894736842106,1.4828973238541279,OXSR1
GO_Biological_Process_2023,Negative Regulation Of Vascular Permeability (GO:0043116),0.44388261475104496,0.5176376878196207,0,0,1.8257894736842106,1.4828973238541279,FERMT2
GO_Biological_Process_2023,Neurotransmitter Uptake (GO:0001504),0.44388261475104496,0.5176376878196207,0,0,1.8257894736842106,1.4828973238541279,SLC29A2
GO_Biological_Process_2023,Neutrophil Activation Involved In Immune Response (GO:0002283),0.44388261475104496,0.5176376878196207,0,0,1.8257894736842106,1.4828973238541279,VAMP2
GO_Biological_Process_2023,Nucleoside Phosphate Biosynthetic Process (GO:1901293),0.44388261475104496,0.5176376878196207,0,0,1.8257894736842106,1.4828973238541279,DCK
GO_Biological_Process_2023,Organophosphate Catabolic Process (GO:0046434),0.44388261475104496,0.5176376878196207,0,0,1.8257894736842106,1.4828973238541279,PLD2
GO_Biological_Process_2023,Pentose-Phosphate Shunt (GO:0006098),0.44388261475104496,0.5176376878196207,0,0,1.8257894736842106,1.4828973238541279,PGD
GO_Biological_Process_2023,Phagosome-Lysosome Fusion (GO:0090385),0.44388261475104496,0.5176376878196207,0,0,1.8257894736842106,1.4828973238541279,RAB34
GO_Biological_Process_2023,Phosphatidylinositol-3-Phosphate Biosynthetic Process (GO:0036092),0.44388261475104496,0.5176376878196207,0,0,1.8257894736842106,1.4828973238541279,UVRAG
GO_Biological_Process_2023,Positive Regulation Of Behavior (GO:0048520),0.44388261475104496,0.5176376878196207,0,0,1.8257894736842106,1.4828973238541279,GRPR
GO_Biological_Process_2023,Positive Regulation Of Branching Involved In Ureteric Bud Morphogenesis (GO:0090190),0.44388261475104496,0.5176376878196207,0,0,1.8257894736842106,1.4828973238541279,SIX1
GO_Biological_Process_2023,Positive Regulation Of Keratinocyte Proliferation (GO:0010838),0.44388261475104496,0.5176376878196207,0,0,1.8257894736842106,1.4828973238541279,MDK
GO_Biological_Process_2023,Positive Regulation Of Platelet Aggregation (GO:1901731),0.44388261475104496,0.5176376878196207,0,0,1.8257894736842106,1.4828973238541279,EMILIN1
GO_Biological_Process_2023,Positive Regulation Of Protein Exit From Endoplasmic Reticulum (GO:0070863),0.44388261475104496,0.5176376878196207,0,0,1.8257894736842106,1.4828973238541279,SORL1
GO_Biological_Process_2023,Positive Regulation Of Vascular Permeability (GO:0043117),0.44388261475104496,0.5176376878196207,0,0,1.8257894736842106,1.4828973238541279,TGFB1
GO_Biological_Process_2023,Presynapse Organization (GO:0099172),0.44388261475104496,0.5176376878196207,0,0,1.8257894736842106,1.4828973238541279,WNT5A
GO_Biological_Process_2023,Primary miRNA Processing (GO:0031053),0.44388261475104496,0.5176376878196207,0,0,1.8257894736842106,1.4828973238541279,SMAD3
GO_Biological_Process_2023,Programmed Necrotic Cell Death (GO:0097300),0.44388261475104496,0.5176376878196207,0,0,1.8257894736842106,1.4828973238541279,TRPM7
GO_Biological_Process_2023,Pyrimidine Nucleobase Metabolic Process (GO:0006206),0.44388261475104496,0.5176376878196207,0,0,1.8257894736842106,1.4828973238541279,DPYSL2
GO_Biological_Process_2023,"Regulation Of CD4-positive, Alpha-Beta T Cell Differentiation (GO:0043370)",0.44388261475104496,0.5176376878196207,0,0,1.8257894736842106,1.4828973238541279,SH3RF1
GO_Biological_Process_2023,Regulation Of RNA Export From Nucleus (GO:0046831),0.44388261475104496,0.5176376878196207,0,0,1.8257894736842106,1.4828973238541279,SETD2
GO_Biological_Process_2023,Regulation Of T Cell Apoptotic Process (GO:0070232),0.44388261475104496,0.5176376878196207,0,0,1.8257894736842106,1.4828973238541279,PRELID1
GO_Biological_Process_2023,Regulation Of T-helper 17 Cell Differentiation (GO:2000319),0.44388261475104496,0.5176376878196207,0,0,1.8257894736842106,1.4828973238541279,JUNB
GO_Biological_Process_2023,Regulation Of Actin Filament Depolymerization (GO:0030834),0.44388261475104496,0.5176376878196207,0,0,1.8257894736842106,1.4828973238541279,SH3BP1
GO_Biological_Process_2023,Regulation Of Cell Communication By Electrical Coupling Involved In Cardiac Conduction (GO:1901844),0.44388261475104496,0.5176376878196207,0,0,1.8257894736842106,1.4828973238541279,SRI
GO_Biological_Process_2023,Regulation Of Fatty Acid Metabolic Process (GO:0019217),0.44388261475104496,0.5176376878196207,0,0,1.8257894736842106,1.4828973238541279,EIF6
GO_Biological_Process_2023,Regulation Of Leukocyte Cell-Cell Adhesion (GO:1903037),0.44388261475104496,0.5176376878196207,0,0,1.8257894736842106,1.4828973238541279,MDK
GO_Biological_Process_2023,Regulation Of Leukocyte Tethering Or Rolling (GO:1903236),0.44388261475104496,0.5176376878196207,0,0,1.8257894736842106,1.4828973238541279,ST3GAL4
GO_Biological_Process_2023,Regulation Of Lipid Kinase Activity (GO:0043550),0.44388261475104496,0.5176376878196207,0,0,1.8257894736842106,1.4828973238541279,PIK3R2
GO_Biological_Process_2023,Regulation Of Lymphocyte Migration (GO:2000401),0.44388261475104496,0.5176376878196207,0,0,1.8257894736842106,1.4828973238541279,STK10
GO_Biological_Process_2023,Regulation Of Protein Exit From Endoplasmic Reticulum (GO:0070861),0.44388261475104496,0.5176376878196207,0,0,1.8257894736842106,1.4828973238541279,SORL1
GO_Biological_Process_2023,Regulation Of Response To Stress (GO:0080134),0.44388261475104496,0.5176376878196207,0,0,1.8257894736842106,1.4828973238541279,SLC38A2
GO_Biological_Process_2023,Regulation Of Ventricular Cardiac Muscle Cell Action Potential (GO:0098911),0.44388261475104496,0.5176376878196207,0,0,1.8257894736842106,1.4828973238541279,DSG2
GO_Biological_Process_2023,Smooth Muscle Cell Differentiation (GO:0051145),0.44388261475104496,0.5176376878196207,0,0,1.8257894736842106,1.4828973238541279,BMP4
GO_Biological_Process_2023,"tRNA Splicing, Via Endonucleolytic Cleavage And Ligation (GO:0006388)",0.44388261475104496,0.5176376878196207,0,0,1.8257894736842106,1.4828973238541279,RTRAF
GO_Biological_Process_2023,Triglyceride Catabolic Process (GO:0019433),0.44388261475104496,0.5176376878196207,0,0,1.8257894736842106,1.4828973238541279,PNPLA2
GO_Biological_Process_2023,Visual Learning (GO:0008542),0.44388261475104496,0.5176376878196207,0,0,1.8257894736842106,1.4828973238541279,APP
GO_Biological_Process_2023,Regulation Of Interleukin-2 Production (GO:0032663),0.44409614153433596,0.5177433145074997,0,0,1.24494683398793,1.0105410296214967,PRNP;RPS3;TRAF2
GO_Biological_Process_2023,GPI Anchor Biosynthetic Process (GO:0006506),0.44881411576305896,0.5213672390284804,0,0,1.3524857137284731,1.0835391593814672,DPM2;PIGW
GO_Biological_Process_2023,Alpha-Amino Acid Catabolic Process (GO:1901606),0.44881411576305896,0.5213672390284804,0,0,1.3524857137284731,1.0835391593814672,IVD;ACAT1
GO_Biological_Process_2023,Cytoplasmic Translational Initiation (GO:0002183),0.44881411576305896,0.5213672390284804,0,0,1.3524857137284731,1.0835391593814672,EIF6;EIF2D
GO_Biological_Process_2023,Female Gamete Generation (GO:0007292),0.44881411576305896,0.5213672390284804,0,0,1.3524857137284731,1.0835391593814672,MDK;MCM9
GO_Biological_Process_2023,Glycolytic Process (GO:0006096),0.44881411576305896,0.5213672390284804,0,0,1.3524857137284731,1.0835391593814672,ENO1;PGM1
GO_Biological_Process_2023,Innate Immune Response Activating Cell Surface Receptor Signaling Pathway (GO:0002220),0.44881411576305896,0.5213672390284804,0,0,1.3524857137284731,1.0835391593814672,IKBKB;PAK1
GO_Biological_Process_2023,Maintenance Of Blood-Brain Barrier (GO:0035633),0.44881411576305896,0.5213672390284804,0,0,1.3524857137284731,1.0835391593814672,SLC12A2;JAM3
GO_Biological_Process_2023,Negative Regulation Of DNA Binding (GO:0043392),0.44881411576305896,0.5213672390284804,0,0,1.3524857137284731,1.0835391593814672,MAD2L2;E2F1
GO_Biological_Process_2023,Organic Cyclic Compound Biosynthetic Process (GO:1901362),0.44881411576305896,0.5213672390284804,0,0,1.3524857137284731,1.0835391593814672,PYCR3;LSS
GO_Biological_Process_2023,Peptidyl-Tyrosine Dephosphorylation (GO:0035335),0.44881411576305896,0.5213672390284804,0,0,1.3524857137284731,1.0835391593814672,PTPN1;TNS2
GO_Biological_Process_2023,Positive Regulation Of Endopeptidase Activity (GO:0010950),0.44881411576305896,0.5213672390284804,0,0,1.3524857137284731,1.0835391593814672,PYCARD;PRELID1
GO_Biological_Process_2023,Protein Insertion Into ER Membrane (GO:0045048),0.44881411576305896,0.5213672390284804,0,0,1.3524857137284731,1.0835391593814672,CAMLG;SGTA
GO_Biological_Process_2023,Response To Epidermal Growth Factor (GO:0070849),0.44881411576305896,0.5213672390284804,0,0,1.3524857137284731,1.0835391593814672,GAREM1;ZFP36L1
GO_Biological_Process_2023,Potassium Ion Transport (GO:0006813),0.44906832225834337,0.5215186720986994,0,0,1.1114962582066938,0.8898419382974442,KCNK5;SLC12A4;KCNC3;KCNMA1;KCNK15;SLC12A7;CCDC51
GO_Biological_Process_2023,Negative Regulation Of Immune Response (GO:0050777),0.4502872357602253,0.5227900605972728,0,0,1.178023024469876,0.9399087571526012,COL3A1;PRKDC;PLK2;ATG12
GO_Biological_Process_2023,Cellular Response To Radiation (GO:0071478),0.45784431039154716,0.5311246256360345,0,0,1.217246224095539,0.9509445037153149,CDKN1A;SPIDR;TP53
GO_Biological_Process_2023,Microtubule Bundle Formation (GO:0001578),0.45784431039154716,0.5311246256360345,0,0,1.217246224095539,0.9509445037153149,PLK1;TOGARAM1;GAS2L1
GO_Biological_Process_2023,Post-Translational Protein Modification (GO:0043687),0.45784431039154716,0.5311246256360345,0,0,1.217246224095539,0.9509445037153149,RPS6KA4;COPS5;STT3B
GO_Biological_Process_2023,Regulation Of Type II Interferon Production (GO:0032649),0.4640199940525804,0.5371980735750866,0,0,1.1270966817731938,0.865415981896972,PYCARD;MYDGF;PRNP;HLA-A;RASGRP1
GO_Biological_Process_2023,Lamellipodium Organization (GO:0097581),0.4663933802385696,0.5371980735750866,0,0,1.3041450387421951,0.9947051167136746,SNX1;ARFIP2
GO_Biological_Process_2023,Negative Regulation Of Axon Extension (GO:0030517),0.4663933802385696,0.5371980735750866,0,0,1.3041450387421951,0.9947051167136746,RTN4R;SEMA6B
GO_Biological_Process_2023,Negative Regulation Of Carbohydrate Metabolic Process (GO:0045912),0.4663933802385696,0.5371980735750866,0,0,1.3041450387421951,0.9947051167136746,TGFB1;CBFA2T3
GO_Biological_Process_2023,Prostaglandin Metabolic Process (GO:0006693),0.4663933802385696,0.5371980735750866,0,0,1.3041450387421951,0.9947051167136746,CD74;EDN2
GO_Biological_Process_2023,Regulation Of Calcium-Mediated Signaling (GO:0050848),0.4663933802385696,0.5371980735750866,0,0,1.3041450387421951,0.9947051167136746,P2RX4;LRRK2
GO_Biological_Process_2023,Regulation Of Potassium Ion Transport (GO:0043266),0.4663933802385696,0.5371980735750866,0,0,1.3041450387421951,0.9947051167136746,GNB2;PTK2B
GO_Biological_Process_2023,Blood Circulation (GO:0008015),0.47144531960547764,0.5371980735750866,0,0,1.1907499885462958,0.8953870196893445,ADORA2A;ROCK1;RANGRF
GO_Biological_Process_2023,DNA Conformation Change (GO:0071103),0.4727751272071411,0.5371980735750866,0,0,1.6597607655502393,1.243385581028187,TOP2B
GO_Biological_Process_2023,DNA Deamination (GO:0045006),0.4727751272071411,0.5371980735750866,0,0,1.6597607655502393,1.243385581028187,EXOSC4
GO_Biological_Process_2023,MyD88-dependent Toll-Like Receptor Signaling Pathway (GO:0002755),0.4727751272071411,0.5371980735750866,0,0,1.6597607655502393,1.243385581028187,TNIP1
GO_Biological_Process_2023,NADPH Regeneration (GO:0006740),0.4727751272071411,0.5371980735750866,0,0,1.6597607655502393,1.243385581028187,PGD
GO_Biological_Process_2023,V(D)J Recombination (GO:0033151),0.4727751272071411,0.5371980735750866,0,0,1.6597607655502393,1.243385581028187,PRKDC
GO_Biological_Process_2023,acetyl-CoA Biosynthetic Process (GO:0006085),0.4727751272071411,0.5371980735750866,0,0,1.6597607655502393,1.243385581028187,ACSS1
GO_Biological_Process_2023,Attachment Of Mitotic Spindle Microtubules To Kinetochore (GO:0051315),0.4727751272071411,0.5371980735750866,0,0,1.6597607655502393,1.243385581028187,CDT1
GO_Biological_Process_2023,Biogenic Amine Metabolic Process (GO:0006576),0.4727751272071411,0.5371980735750866,0,0,1.6597607655502393,1.243385581028187,ODC1
GO_Biological_Process_2023,Cell-Cell Junction Maintenance (GO:0045217),0.4727751272071411,0.5371980735750866,0,0,1.6597607655502393,1.243385581028187,FERMT2
GO_Biological_Process_2023,Cellular Response To Exogenous dsRNA (GO:0071360),0.4727751272071411,0.5371980735750866,0,0,1.6597607655502393,1.243385581028187,PQBP1
GO_Biological_Process_2023,Defense Response To Tumor Cell (GO:0002357),0.4727751272071411,0.5371980735750866,0,0,1.6597607655502393,1.243385581028187,KLF4
GO_Biological_Process_2023,Endochondral Bone Morphogenesis (GO:0060350),0.4727751272071411,0.5371980735750866,0,0,1.6597607655502393,1.243385581028187,TMEM119
GO_Biological_Process_2023,Ether Lipid Metabolic Process (GO:0046485),0.4727751272071411,0.5371980735750866,0,0,1.6597607655502393,1.243385581028187,PLA2G6
GO_Biological_Process_2023,Extracellular Transport (GO:0006858),0.4727751272071411,0.5371980735750866,0,0,1.6597607655502393,1.243385581028187,SPAG6
GO_Biological_Process_2023,Fatty Acid Elongation (GO:0030497),0.4727751272071411,0.5371980735750866,0,0,1.6597607655502393,1.243385581028187,ELOVL1
GO_Biological_Process_2023,Granulocyte Activation (GO:0036230),0.4727751272071411,0.5371980735750866,0,0,1.6597607655502393,1.243385581028187,IL15
GO_Biological_Process_2023,Ionotropic Glutamate Receptor Signaling Pathway (GO:0035235),0.4727751272071411,0.5371980735750866,0,0,1.6597607655502393,1.243385581028187,PTK2B
GO_Biological_Process_2023,Macrophage Migration (GO:1905517),0.4727751272071411,0.5371980735750866,0,0,1.6597607655502393,1.243385581028187,EDN2
GO_Biological_Process_2023,Microtubule-Based Transport (GO:0099111),0.4727751272071411,0.5371980735750866,0,0,1.6597607655502393,1.243385581028187,SPAG6
GO_Biological_Process_2023,Multicellular Organismal-Level Iron Ion Homeostasis (GO:0060586),0.4727751272071411,0.5371980735750866,0,0,1.6597607655502393,1.243385581028187,CYBRD1
GO_Biological_Process_2023,Negative Regulation By Host Of Viral Transcription (GO:0043922),0.4727751272071411,0.5371980735750866,0,0,1.6597607655502393,1.243385581028187,PSMC3
GO_Biological_Process_2023,"Negative Regulation Of DNA Damage Response, Signal Transduction By P53 Class Mediator (GO:0043518)",0.4727751272071411,0.5371980735750866,0,0,1.6597607655502393,1.243385581028187,CD74
GO_Biological_Process_2023,Negative Regulation Of Alcohol Biosynthetic Process (GO:1902931),0.4727751272071411,0.5371980735750866,0,0,1.6597607655502393,1.243385581028187,NFKB1
GO_Biological_Process_2023,Negative Regulation Of Interleukin-12 Production (GO:0032695),0.4727751272071411,0.5371980735750866,0,0,1.6597607655502393,1.243385581028187,THBS1
GO_Biological_Process_2023,Negative Regulation Of Mononuclear Cell Migration (GO:0071676),0.4727751272071411,0.5371980735750866,0,0,1.6597607655502393,1.243385581028187,NBL1
GO_Biological_Process_2023,Negative Regulation Of Potassium Ion Transport (GO:0043267),0.4727751272071411,0.5371980735750866,0,0,1.6597607655502393,1.243385581028187,PTK2B
GO_Biological_Process_2023,Negative Regulation Of Substrate Adhesion-Dependent Cell Spreading (GO:1900025),0.4727751272071411,0.5371980735750866,0,0,1.6597607655502393,1.243385581028187,AP1AR
GO_Biological_Process_2023,Negative Regulation Of Voltage-Gated Calcium Channel Activity (GO:1901386),0.4727751272071411,0.5371980735750866,0,0,1.6597607655502393,1.243385581028187,PPP3CA
GO_Biological_Process_2023,Neutrophil Mediated Immunity (GO:0002446),0.4727751272071411,0.5371980735750866,0,0,1.6597607655502393,1.243385581028187,VAMP2
GO_Biological_Process_2023,Oligosaccharide-Lipid Intermediate Biosynthetic Process (GO:0006490),0.4727751272071411,0.5371980735750866,0,0,1.6597607655502393,1.243385581028187,ALG12
GO_Biological_Process_2023,Phosphate Ion Homeostasis (GO:0055062),0.4727751272071411,0.5371980735750866,0,0,1.6597607655502393,1.243385581028187,ENPP1
GO_Biological_Process_2023,Phosphatidylcholine Acyl-Chain Remodeling (GO:0036151),0.4727751272071411,0.5371980735750866,0,0,1.6597607655502393,1.243385581028187,TSPO
GO_Biological_Process_2023,Positive Regulation Of ERAD Pathway (GO:1904294),0.4727751272071411,0.5371980735750866,0,0,1.6597607655502393,1.243385581028187,SGTA
GO_Biological_Process_2023,Positive Regulation Of Alcohol Biosynthetic Process (GO:1902932),0.4727751272071411,0.5371980735750866,0,0,1.6597607655502393,1.243385581028187,SREBF1
GO_Biological_Process_2023,Positive Regulation Of Calcium-Mediated Signaling (GO:0050850),0.4727751272071411,0.5371980735750866,0,0,1.6597607655502393,1.243385581028187,P2RX4
GO_Biological_Process_2023,Positive Regulation Of Cell Morphogenesis Involved In Differentiation (GO:0010770),0.4727751272071411,0.5371980735750866,0,0,1.6597607655502393,1.243385581028187,PRKDC
GO_Biological_Process_2023,Positive Regulation Of Fatty Acid Oxidation (GO:0046321),0.4727751272071411,0.5371980735750866,0,0,1.6597607655502393,1.243385581028187,IRS2
GO_Biological_Process_2023,Positive Regulation Of Granulocyte Macrophage Colony-Stimulating Factor Production (GO:0032725),0.4727751272071411,0.5371980735750866,0,0,1.6597607655502393,1.243385581028187,RASGRP1
GO_Biological_Process_2023,Positive Regulation Of mRNA Metabolic Process (GO:1903313),0.4727751272071411,0.5371980735750866,0,0,1.6597607655502393,1.243385581028187,CNOT8
GO_Biological_Process_2023,Positive Regulation Of Neuroinflammatory Response (GO:0150078),0.4727751272071411,0.5371980735750866,0,0,1.6597607655502393,1.243385581028187,UXT
GO_Biological_Process_2023,Positive Regulation Of Regulated Secretory Pathway (GO:1903307),0.4727751272071411,0.5371980735750866,0,0,1.6597607655502393,1.243385581028187,SLC4A8
GO_Biological_Process_2023,Positive Regulation Of Ruffle Assembly (GO:1900029),0.4727751272071411,0.5371980735750866,0,0,1.6597607655502393,1.243385581028187,EPS8L2
GO_Biological_Process_2023,Positive Regulation Of Sodium Ion Transmembrane Transporter Activity (GO:2000651),0.4727751272071411,0.5371980735750866,0,0,1.6597607655502393,1.243385581028187,ATP1B1
GO_Biological_Process_2023,Positive Regulation Of Sodium Ion Transport (GO:0010765),0.4727751272071411,0.5371980735750866,0,0,1.6597607655502393,1.243385581028187,GPD1L
GO_Biological_Process_2023,Positive Regulation Of Vascular Endothelial Cell Proliferation (GO:1905564),0.4727751272071411,0.5371980735750866,0,0,1.6597607655502393,1.243385581028187,MDK
GO_Biological_Process_2023,Potassium Ion Export Across Plasma Membrane (GO:0097623),0.4727751272071411,0.5371980735750866,0,0,1.6597607655502393,1.243385581028187,KCNK5
GO_Biological_Process_2023,pre-miRNA Processing (GO:0031054),0.4727751272071411,0.5371980735750866,0,0,1.6597607655502393,1.243385581028187,BCDIN3D
GO_Biological_Process_2023,Protein Heterotetramerization (GO:0051290),0.4727751272071411,0.5371980735750866,0,0,1.6597607655502393,1.243385581028187,PKD1
GO_Biological_Process_2023,Pseudouridine Synthesis (GO:0001522),0.4727751272071411,0.5371980735750866,0,0,1.6597607655502393,1.243385581028187,PUSL1
GO_Biological_Process_2023,Quaternary Ammonium Group Transport (GO:0015697),0.4727751272071411,0.5371980735750866,0,0,1.6597607655502393,1.243385581028187,SLC44A1
GO_Biological_Process_2023,Regulation Of T Cell Differentiation In Thymus (GO:0033081),0.4727751272071411,0.5371980735750866,0,0,1.6597607655502393,1.243385581028187,BMP4
GO_Biological_Process_2023,Regulation Of Cell Communication By Electrical Coupling (GO:0010649),0.4727751272071411,0.5371980735750866,0,0,1.6597607655502393,1.243385581028187,SRI
GO_Biological_Process_2023,Regulation Of Chemokine (C-X-C Motif) Ligand 2 Production (GO:2000341),0.4727751272071411,0.5371980735750866,0,0,1.6597607655502393,1.243385581028187,KLF4
GO_Biological_Process_2023,Regulation Of Dosage Compensation By Inactivation Of X Chromosome (GO:1900095),0.4727751272071411,0.5371980735750866,0,0,1.6597607655502393,1.243385581028187,KANSL2
GO_Biological_Process_2023,Regulation Of Flagellated Sperm Motility (GO:1901317),0.4727751272071411,0.5371980735750866,0,0,1.6597607655502393,1.243385581028187,KIF9
GO_Biological_Process_2023,Regulation Of Hematopoietic Stem Cell Differentiation (GO:1902036),0.4727751272071411,0.5371980735750866,0,0,1.6597607655502393,1.243385581028187,PRKDC
GO_Biological_Process_2023,Regulation Of Interleukin-5 Production (GO:0032674),0.4727751272071411,0.5371980735750866,0,0,1.6597607655502393,1.243385581028187,GATA3
GO_Biological_Process_2023,Regulation Of Leukocyte Adhesion To Vascular Endothelial Cell (GO:1904994),0.4727751272071411,0.5371980735750866,0,0,1.6597607655502393,1.243385581028187,MDK
GO_Biological_Process_2023,Regulation Of Platelet-Derived Growth Factor Receptor Signaling Pathway (GO:0010640),0.4727751272071411,0.5371980735750866,0,0,1.6597607655502393,1.243385581028187,CNTN1
GO_Biological_Process_2023,Regulation Of Retinoic Acid Receptor Signaling Pathway (GO:0048385),0.4727751272071411,0.5371980735750866,0,0,1.6597607655502393,1.243385581028187,SNW1
GO_Biological_Process_2023,Regulation Of Tube Diameter (GO:0035296),0.4727751272071411,0.5371980735750866,0,0,1.6597607655502393,1.243385581028187,ROCK1
GO_Biological_Process_2023,Response To Iron Ion (GO:0010039),0.4727751272071411,0.5371980735750866,0,0,1.6597607655502393,1.243385581028187,HIF1A
GO_Biological_Process_2023,Response To Thyroid Hormone (GO:0097066),0.4727751272071411,0.5371980735750866,0,0,1.6597607655502393,1.243385581028187,GAS2L1
GO_Biological_Process_2023,Signal Peptide Processing (GO:0006465),0.4727751272071411,0.5371980735750866,0,0,1.6597607655502393,1.243385581028187,SEC11A
GO_Biological_Process_2023,Sodium Ion Export Across Plasma Membrane (GO:0036376),0.4727751272071411,0.5371980735750866,0,0,1.6597607655502393,1.243385581028187,ATP1B1
GO_Biological_Process_2023,Spinal Cord Development (GO:0021510),0.4727751272071411,0.5371980735750866,0,0,1.6597607655502393,1.243385581028187,PKD1
GO_Biological_Process_2023,Suppression Of Viral Release By Host (GO:0044790),0.4727751272071411,0.5371980735750866,0,0,1.6597607655502393,1.243385581028187,TRIM13
GO_Biological_Process_2023,Vascular Process In Circulatory System (GO:0003018),0.4727751272071411,0.5371980735750866,0,0,1.6597607655502393,1.243385581028187,ROCK1
GO_Biological_Process_2023,B Cell Differentiation (GO:0030183),0.4733529217512555,0.5377095099796431,0,0,1.1411439114391144,0.8534775460987536,TOP2B;PIK3R2;SLC25A5;FNIP1
GO_Biological_Process_2023,Regulation Of Tumor Necrosis Factor Production (GO:0032680),0.4744457233131007,0.5388055396093493,0,0,1.083143915665885,0.8076008278023824,PYCARD;SETD4;APP;WNT5A;HSPB1;RASGRP1;THBS1
GO_Biological_Process_2023,Cardiac Muscle Tissue Morphogenesis (GO:0055008),0.48363452131372475,0.5477635743012628,0,0,1.2591382034101433,0.9146704499859836,TGFB1;TPM1
GO_Biological_Process_2023,Gluconeogenesis (GO:0006094),0.48363452131372475,0.5477635743012628,0,0,1.2591382034101433,0.9146704499859836,ENO1;PGM1
GO_Biological_Process_2023,Modulation Of Excitatory Postsynaptic Potential (GO:0098815),0.48363452131372475,0.5477635743012628,0,0,1.2591382034101433,0.9146704499859836,LRRK2;PTK2B
GO_Biological_Process_2023,Negative Regulation Of Chemotaxis (GO:0050922),0.48363452131372475,0.5477635743012628,0,0,1.2591382034101433,0.9146704499859836,SEMA6B;THBS1
GO_Biological_Process_2023,Positive Regulation Of G1/S Transition Of Mitotic Cell Cycle (GO:1900087),0.48363452131372475,0.5477635743012628,0,0,1.2591382034101433,0.9146704499859836,UBE2E2;CDK10
GO_Biological_Process_2023,Positive Regulation Of Glucose Transmembrane Transport (GO:0010828),0.48363452131372475,0.5477635743012628,0,0,1.2591382034101433,0.9146704499859836,IRS2;ARPP19
GO_Biological_Process_2023,Positive Regulation Of Lamellipodium Organization (GO:1902745),0.48363452131372475,0.5477635743012628,0,0,1.2591382034101433,0.9146704499859836,TWF2;PLCE1
GO_Biological_Process_2023,Regulation Of Cell Morphogenesis (GO:0022604),0.48363452131372475,0.5477635743012628,0,0,1.2591382034101433,0.9146704499859836,CLDN4;FERMT2
GO_Biological_Process_2023,Regulation Of Gluconeogenesis (GO:0006111),0.48363452131372475,0.5477635743012628,0,0,1.2591382034101433,0.9146704499859836,NNMT;ARPP19
GO_Biological_Process_2023,Triglyceride Homeostasis (GO:0070328),0.48363452131372475,0.5477635743012628,0,0,1.2591382034101433,0.9146704499859836,SCARB1;XBP1
GO_Biological_Process_2023,Cardiac Muscle Tissue Development (GO:0048738),0.4848887956109035,0.5488889027735254,0,0,1.1653812523821268,0.8435445566070952,SMAD4;SMAD5;BMPR1A
GO_Biological_Process_2023,Negative Regulation Of MAP Kinase Activity (GO:0043407),0.4848887956109035,0.5488889027735254,0,0,1.1653812523821268,0.8435445566070952,BMP4;PTPN1;SORL1
GO_Biological_Process_2023,Regulated Exocytosis (GO:0045055),0.4981652440315852,0.5597141946058686,0,0,1.1410695468914647,0.7951240088515018,RAB26;SYT9;VAMP2
GO_Biological_Process_2023,Regulation Of Peptide Hormone Secretion (GO:0090276),0.4981652440315852,0.5597141946058686,0,0,1.1410695468914647,0.7951240088515018,CHD7;PICK1;SLC25A22
GO_Biological_Process_2023,Spermatid Development (GO:0007286),0.4981652440315852,0.5597141946058686,0,0,1.1410695468914647,0.7951240088515018,ING2;TTC21A;BBS4
GO_Biological_Process_2023,ERBB2 Signaling Pathway (GO:0038128),0.5001673033250732,0.5597141946058686,0,0,1.5214035087719298,1.0540475660180793,PTK6
GO_Biological_Process_2023,T Cell Differentiation In Thymus (GO:0033077),0.5001673033250732,0.5597141946058686,0,0,1.5214035087719298,1.0540475660180793,ZFP36L1
GO_Biological_Process_2023,Atrioventricular Valve Development (GO:0003171),0.5001673033250732,0.5597141946058686,0,0,1.5214035087719298,1.0540475660180793,BMPR1A
GO_Biological_Process_2023,Catecholamine Metabolic Process (GO:0006584),0.5001673033250732,0.5597141946058686,0,0,1.5214035087719298,1.0540475660180793,SULT1A3
GO_Biological_Process_2023,Chondroitin Sulfate Biosynthetic Process (GO:0030206),0.5001673033250732,0.5597141946058686,0,0,1.5214035087719298,1.0540475660180793,CHPF2
GO_Biological_Process_2023,Clathrin Coat Assembly (GO:0048268),0.5001673033250732,0.5597141946058686,0,0,1.5214035087719298,1.0540475660180793,HIP1
GO_Biological_Process_2023,Cotranslational Protein Targeting To Membrane (GO:0006613),0.5001673033250732,0.5597141946058686,0,0,1.5214035087719298,1.0540475660180793,SIL1
GO_Biological_Process_2023,Cranial Nerve Development (GO:0021545),0.5001673033250732,0.5597141946058686,0,0,1.5214035087719298,1.0540475660180793,CHD7
GO_Biological_Process_2023,Endolysosomal Toll-Like Receptor Signaling Pathway (GO:0140894),0.5001673033250732,0.5597141946058686,0,0,1.5214035087719298,1.0540475660180793,MYD88
GO_Biological_Process_2023,Heparan Sulfate Proteoglycan Metabolic Process (GO:0030201),0.5001673033250732,0.5597141946058686,0,0,1.5214035087719298,1.0540475660180793,SULF2
GO_Biological_Process_2023,Interleukin-6-Mediated Signaling Pathway (GO:0070102),0.5001673033250732,0.5597141946058686,0,0,1.5214035087719298,1.0540475660180793,SMAD4
GO_Biological_Process_2023,Lipid Oxidation (GO:0034440),0.5001673033250732,0.5597141946058686,0,0,1.5214035087719298,1.0540475660180793,ADIPOR2
GO_Biological_Process_2023,Mature B Cell Differentiation Involved In Immune Response (GO:0002313),0.5001673033250732,0.5597141946058686,0,0,1.5214035087719298,1.0540475660180793,PTK2B
GO_Biological_Process_2023,Membrane Protein Intracellular Domain Proteolysis (GO:0031293),0.5001673033250732,0.5597141946058686,0,0,1.5214035087719298,1.0540475660180793,TGFB1
GO_Biological_Process_2023,Myeloid Dendritic Cell Activation (GO:0001773),0.5001673033250732,0.5597141946058686,0,0,1.5214035087719298,1.0540475660180793,PYCARD
GO_Biological_Process_2023,Negative Regulation Of Androgen Receptor Signaling Pathway (GO:0060766),0.5001673033250732,0.5597141946058686,0,0,1.5214035087719298,1.0540475660180793,NCOR2
GO_Biological_Process_2023,Negative Regulation Of Cell Activation (GO:0050866),0.5001673033250732,0.5597141946058686,0,0,1.5214035087719298,1.0540475660180793,EMILIN1
GO_Biological_Process_2023,Negative Regulation Of Receptor Internalization (GO:0002091),0.5001673033250732,0.5597141946058686,0,0,1.5214035087719298,1.0540475660180793,ANKRD13D
GO_Biological_Process_2023,Negative Regulation Of Secretion (GO:0051048),0.5001673033250732,0.5597141946058686,0,0,1.5214035087719298,1.0540475660180793,PTGER3
GO_Biological_Process_2023,Nitric Oxide Biosynthetic Process (GO:0006809),0.5001673033250732,0.5597141946058686,0,0,1.5214035087719298,1.0540475660180793,SPR
GO_Biological_Process_2023,Oogenesis (GO:0048477),0.5001673033250732,0.5597141946058686,0,0,1.5214035087719298,1.0540475660180793,MDK
GO_Biological_Process_2023,Outer Mitochondrial Membrane Organization (GO:0007008),0.5001673033250732,0.5597141946058686,0,0,1.5214035087719298,1.0540475660180793,HSPA4
GO_Biological_Process_2023,Peptidyl-Methionine Modification (GO:0018206),0.5001673033250732,0.5597141946058686,0,0,1.5214035087719298,1.0540475660180793,PFDN1
GO_Biological_Process_2023,Photoreceptor Cell Development (GO:0042461),0.5001673033250732,0.5597141946058686,0,0,1.5214035087719298,1.0540475660180793,ARL3
GO_Biological_Process_2023,Positive Regulation Of T Cell Receptor Signaling Pathway (GO:0050862),0.5001673033250732,0.5597141946058686,0,0,1.5214035087719298,1.0540475660180793,RPS3
GO_Biological_Process_2023,Positive Regulation Of Alpha-Beta T Cell Differentiation (GO:0046638),0.5001673033250732,0.5597141946058686,0,0,1.5214035087719298,1.0540475660180793,NKAP
GO_Biological_Process_2023,Positive Regulation Of Fatty Acid Biosynthetic Process (GO:0045723),0.5001673033250732,0.5597141946058686,0,0,1.5214035087719298,1.0540475660180793,SIRT2
GO_Biological_Process_2023,Positive Regulation Of Glycogen Biosynthetic Process (GO:0045725),0.5001673033250732,0.5597141946058686,0,0,1.5214035087719298,1.0540475660180793,IRS2
GO_Biological_Process_2023,Protein Insertion Into Mitochondrial Outer Membrane (GO:0045040),0.5001673033250732,0.5597141946058686,0,0,1.5214035087719298,1.0540475660180793,HSPA4
GO_Biological_Process_2023,Protein Localization To Vacuole (GO:0072665),0.5001673033250732,0.5597141946058686,0,0,1.5214035087719298,1.0540475660180793,LAMTOR4
GO_Biological_Process_2023,Regulation Of ERBB Signaling Pathway (GO:1901184),0.5001673033250732,0.5597141946058686,0,0,1.5214035087719298,1.0540475660180793,RBPJ
GO_Biological_Process_2023,Regulation Of T-helper 17 Type Immune Response (GO:2000316),0.5001673033250732,0.5597141946058686,0,0,1.5214035087719298,1.0540475660180793,JUNB
GO_Biological_Process_2023,Regulation Of Cell Projection Organization (GO:0031344),0.5001673033250732,0.5597141946058686,0,0,1.5214035087719298,1.0540475660180793,FAM110C
GO_Biological_Process_2023,Regulation Of Cellular Ketone Metabolic Process (GO:0010565),0.5001673033250732,0.5597141946058686,0,0,1.5214035087719298,1.0540475660180793,NCOR2
GO_Biological_Process_2023,Regulation Of Fatty Acid Beta-Oxidation (GO:0031998),0.5001673033250732,0.5597141946058686,0,0,1.5214035087719298,1.0540475660180793,IRS2
GO_Biological_Process_2023,Regulation Of Lamellipodium Organization (GO:1902743),0.5001673033250732,0.5597141946058686,0,0,1.5214035087719298,1.0540475660180793,TWF2
GO_Biological_Process_2023,Regulation Of Response To Endoplasmic Reticulum Stress (GO:1905897),0.5001673033250732,0.5597141946058686,0,0,1.5214035087719298,1.0540475660180793,USP19
GO_Biological_Process_2023,Regulation Of Short-Term Neuronal Synaptic Plasticity (GO:0048172),0.5001673033250732,0.5597141946058686,0,0,1.5214035087719298,1.0540475660180793,SHISA9
GO_Biological_Process_2023,Regulation Of Trophoblast Cell Migration (GO:1901163),0.5001673033250732,0.5597141946058686,0,0,1.5214035087719298,1.0540475660180793,YTHDF3
GO_Biological_Process_2023,Vascular Endothelial Growth Factor Signaling Pathway (GO:0038084),0.5001673033250732,0.5597141946058686,0,0,1.5214035087719298,1.0540475660180793,GAB1
GO_Biological_Process_2023,Amide Transport (GO:0042886),0.5005252289304514,0.5598171949604597,0,0,1.2171318237668949,0.8423736173810578,SLC46A1;PLTP
GO_Biological_Process_2023,Transition Metal Ion Transport (GO:0000041),0.5005252289304514,0.5598171949604597,0,0,1.2171318237668949,0.8423736173810578,SLC31A2;SLC39A8
GO_Biological_Process_2023,Adenylate Cyclase-Activating G Protein-Coupled Receptor Signaling Pathway (GO:0007189),0.5016346524239078,0.5609090603709708,0,0,1.0635141020057894,0.7337005207320145,ADGRG1;ADGRB2;ADORA2A;PTGER3;RAPGEF2;ADRA2C
GO_Biological_Process_2023,Regulation Of Receptor Signaling Pathway Via JAK-STAT (GO:0046425),0.511266017146915,0.571526731671266,0,0,1.1177501559106255,0.749859729660011,SOCS3;NF2;OCIAD2
GO_Biological_Process_2023,B Cell Activation (GO:0042113),0.5139926081670879,0.5742697991487417,0,0,1.0614144833676773,0.7064205826115779,TOP2B;PIK3R2;SLC25A5;FNIP1;RASGRP1
GO_Biological_Process_2023,Steroid Metabolic Process (GO:0008202),0.5139926081670879,0.5742697991487417,0,0,1.0614144833676773,0.7064205826115779,CBR1;RDH16;TSPO;ACAA1;LSS
GO_Biological_Process_2023,Actin Filament Bundle Assembly (GO:0051017),0.5170553820042515,0.5763155673954217,0,0,1.1778355331328882,0.7769065464559951,MICAL1;SHROOM1
GO_Biological_Process_2023,Actin Filament Bundle Organization (GO:0061572),0.5170553820042515,0.5763155673954217,0,0,1.1778355331328882,0.7769065464559951,MICAL1;SHROOM1
GO_Biological_Process_2023,Lung Development (GO:0030324),0.5170553820042515,0.5763155673954217,0,0,1.1778355331328882,0.7769065464559951,BMP4;PKD1
GO_Biological_Process_2023,Negative Regulation Of Double-Strand Break Repair (GO:2000780),0.5170553820042515,0.5763155673954217,0,0,1.1778355331328882,0.7769065464559951,MAD2L2;OGG1
GO_Biological_Process_2023,Positive Regulation Of Interleukin-12 Production (GO:0032735),0.5170553820042515,0.5763155673954217,0,0,1.1778355331328882,0.7769065464559951,MDK;IL16
GO_Biological_Process_2023,Protein K63-linked Deubiquitination (GO:0070536),0.5170553820042515,0.5763155673954217,0,0,1.1778355331328882,0.7769065464559951,OTUD5;SHMT2
GO_Biological_Process_2023,Regulation Of DNA Recombination (GO:0000018),0.5170553820042515,0.5763155673954217,0,0,1.1778355331328882,0.7769065464559951,SETD2;SPIDR
GO_Biological_Process_2023,Regulation Of Lamellipodium Assembly (GO:0010591),0.5170553820042515,0.5763155673954217,0,0,1.1778355331328882,0.7769065464559951,TWF2;PLCE1
GO_Biological_Process_2023,Regulation Of Potassium Ion Transmembrane Transport (GO:1901379),0.5170553820042515,0.5763155673954217,0,0,1.1778355331328882,0.7769065464559951,GNB2;FLNA
GO_Biological_Process_2023,Cholesterol Homeostasis (GO:0042632),0.5183065334509721,0.5775572406356294,0,0,1.0738937641477255,0.7057505765279802,SCARB1;ABCA2;XBP1;RALY
GO_Biological_Process_2023,Endoplasmic Reticulum Organization (GO:0007029),0.5241832809383151,0.5777217639967783,0,0,1.09536354056902,0.7075105178231244,CAMLG;LRRK2;MAPK15
GO_Biological_Process_2023,L-glutamate Transmembrane Transport (GO:0015813),0.5261370137562681,0.5777217639967783,0,0,1.404331983805668,0.9018530371849498,SLC25A22
GO_Biological_Process_2023,"RNA Phosphodiester Bond Hydrolysis, Endonucleolytic (GO:0090502)",0.5261370137562681,0.5777217639967783,0,0,1.404331983805668,0.9018530371849498,LACTB2
GO_Biological_Process_2023,T Cell Homeostasis (GO:0043029),0.5261370137562681,0.5777217639967783,0,0,1.404331983805668,0.9018530371849498,PMAIP1
GO_Biological_Process_2023,Aminoglycan Catabolic Process (GO:0006026),0.5261370137562681,0.5777217639967783,0,0,1.404331983805668,0.9018530371849498,SGSH
GO_Biological_Process_2023,Bone Morphogenesis (GO:0060349),0.5261370137562681,0.5777217639967783,0,0,1.404331983805668,0.9018530371849498,SKI
GO_Biological_Process_2023,Calcium Ion-Regulated Exocytosis Of Neurotransmitter (GO:0048791),0.5261370137562681,0.5777217639967783,0,0,1.404331983805668,0.9018530371849498,RIMS4
GO_Biological_Process_2023,Cellular Response To ATP (GO:0071318),0.5261370137562681,0.5777217639967783,0,0,1.404331983805668,0.9018530371849498,P2RX4
GO_Biological_Process_2023,Centromere Complex Assembly (GO:0034508),0.5261370137562681,0.5777217639967783,0,0,1.404331983805668,0.9018530371849498,DLGAP5
GO_Biological_Process_2023,Dolichol-Linked Oligosaccharide Biosynthetic Process (GO:0006488),0.5261370137562681,0.5777217639967783,0,0,1.404331983805668,0.9018530371849498,ALG12
GO_Biological_Process_2023,Electron Transport Chain (GO:0022900),0.5261370137562681,0.5777217639967783,0,0,1.404331983805668,0.9018530371849498,SDHB
GO_Biological_Process_2023,Endoderm Development (GO:0007492),0.5261370137562681,0.5777217639967783,0,0,1.404331983805668,0.9018530371849498,DUSP4
GO_Biological_Process_2023,Ethanol Metabolic Process (GO:0006067),0.5261370137562681,0.5777217639967783,0,0,1.404331983805668,0.9018530371849498,SULT1A3
GO_Biological_Process_2023,Formation Of Cytoplasmic Translation Initiation Complex (GO:0001732),0.5261370137562681,0.5777217639967783,0,0,1.404331983805668,0.9018530371849498,EIF6
GO_Biological_Process_2023,Histone H2A Monoubiquitination (GO:0035518),0.5261370137562681,0.5777217639967783,0,0,1.404331983805668,0.9018530371849498,BMI1
GO_Biological_Process_2023,Histone mRNA Catabolic Process (GO:0071044),0.5261370137562681,0.5777217639967783,0,0,1.404331983805668,0.9018530371849498,EXOSC4
GO_Biological_Process_2023,Hyaluronan Metabolic Process (GO:0030212),0.5261370137562681,0.5777217639967783,0,0,1.404331983805668,0.9018530371849498,TGFB1
GO_Biological_Process_2023,Membrane Raft Organization (GO:0031579),0.5261370137562681,0.5777217639967783,0,0,1.404331983805668,0.9018530371849498,S100A10
GO_Biological_Process_2023,Membrane Repolarization During Action Potential (GO:0086011),0.5261370137562681,0.5777217639967783,0,0,1.404331983805668,0.9018530371849498,ATP1B1
GO_Biological_Process_2023,Membrane Repolarization During Cardiac Muscle Cell Action Potential (GO:0086013),0.5261370137562681,0.5777217639967783,0,0,1.404331983805668,0.9018530371849498,ATP1B1
GO_Biological_Process_2023,Mitochondrial Calcium Ion Transmembrane Transport (GO:0006851),0.5261370137562681,0.5777217639967783,0,0,1.404331983805668,0.9018530371849498,MCUB
GO_Biological_Process_2023,Mitotic intra-S DNA Damage Checkpoint Signaling (GO:0031573),0.5261370137562681,0.5777217639967783,0,0,1.404331983805668,0.9018530371849498,EME2
GO_Biological_Process_2023,Monosaccharide Transmembrane Transport (GO:0015749),0.5261370137562681,0.5777217639967783,0,0,1.404331983805668,0.9018530371849498,SLC2A8
GO_Biological_Process_2023,Negative Regulation Of T Cell Mediated Immunity (GO:0002710),0.5261370137562681,0.5777217639967783,0,0,1.404331983805668,0.9018530371849498,HLA-F
GO_Biological_Process_2023,Negative Regulation Of Defense Response To Virus (GO:0050687),0.5261370137562681,0.5777217639967783,0,0,1.404331983805668,0.9018530371849498,NT5C2
GO_Biological_Process_2023,Negative Regulation Of Leukocyte Mediated Cytotoxicity (GO:0001911),0.5261370137562681,0.5777217639967783,0,0,1.404331983805668,0.9018530371849498,HLA-F
GO_Biological_Process_2023,Negative Regulation Of Transcription Elongation By RNA Polymerase II (GO:0034244),0.5261370137562681,0.5777217639967783,0,0,1.404331983805668,0.9018530371849498,LARP7
GO_Biological_Process_2023,Neuron Cell-Cell Adhesion (GO:0007158),0.5261370137562681,0.5777217639967783,0,0,1.404331983805668,0.9018530371849498,RET
GO_Biological_Process_2023,Nitric Oxide Metabolic Process (GO:0046209),0.5261370137562681,0.5777217639967783,0,0,1.404331983805668,0.9018530371849498,SPR
GO_Biological_Process_2023,Nuclear Pore Organization (GO:0006999),0.5261370137562681,0.5777217639967783,0,0,1.404331983805668,0.9018530371849498,NUP54
GO_Biological_Process_2023,Odontogenesis Of Dentin-Containing Tooth (GO:0042475),0.5261370137562681,0.5777217639967783,0,0,1.404331983805668,0.9018530371849498,ROGDI
GO_Biological_Process_2023,Positive Regulation Of Acute Inflammatory Response (GO:0002675),0.5261370137562681,0.5777217639967783,0,0,1.404331983805668,0.9018530371849498,PTGER3
GO_Biological_Process_2023,Positive Regulation Of Cell Activation (GO:0050867),0.5261370137562681,0.5777217639967783,0,0,1.404331983805668,0.9018530371849498,FLNA
GO_Biological_Process_2023,Positive Regulation Of Cytoplasmic Translation (GO:2000767),0.5261370137562681,0.5777217639967783,0,0,1.404331983805668,0.9018530371849498,SYNCRIP
GO_Biological_Process_2023,Positive Regulation Of Exosomal Secretion (GO:1903543),0.5261370137562681,0.5777217639967783,0,0,1.404331983805668,0.9018530371849498,PDCD6IP
GO_Biological_Process_2023,"Positive Regulation Of Nuclear-Transcribed mRNA Catabolic Process, Deadenylation-Dependent Decay (GO:1900153)",0.5261370137562681,0.5777217639967783,0,0,1.404331983805668,0.9018530371849498,ZFP36L1
GO_Biological_Process_2023,Positive Regulation Of Telomerase RNA Localization To Cajal Body (GO:1904874),0.5261370137562681,0.5777217639967783,0,0,1.404331983805668,0.9018530371849498,TNIP1
GO_Biological_Process_2023,Post-Translational Protein Targeting To Endoplasmic Reticulum Membrane (GO:0006620),0.5261370137562681,0.5777217639967783,0,0,1.404331983805668,0.9018530371849498,SGTA
GO_Biological_Process_2023,Protein Homotrimerization (GO:0070207),0.5261370137562681,0.5777217639967783,0,0,1.404331983805668,0.9018530371849498,ASIC1
GO_Biological_Process_2023,Protein Localization To Mitochondrion (GO:0070585),0.5261370137562681,0.5777217639967783,0,0,1.404331983805668,0.9018530371849498,LRRK2
GO_Biological_Process_2023,Protein Trimerization (GO:0070206),0.5261370137562681,0.5777217639967783,0,0,1.404331983805668,0.9018530371849498,ASIC1
GO_Biological_Process_2023,Regulation Of Bone Remodeling (GO:0046850),0.5261370137562681,0.5777217639967783,0,0,1.404331983805668,0.9018530371849498,MDK
GO_Biological_Process_2023,Regulation Of Cholesterol Storage (GO:0010885),0.5261370137562681,0.5777217639967783,0,0,1.404331983805668,0.9018530371849498,SCARB1
GO_Biological_Process_2023,Regulation Of Exit From Mitosis (GO:0007096),0.5261370137562681,0.5777217639967783,0,0,1.404331983805668,0.9018530371849498,SIRT2
GO_Biological_Process_2023,Regulation Of Feeding Behavior (GO:0060259),0.5261370137562681,0.5777217639967783,0,0,1.404331983805668,0.9018530371849498,EIF2AK4
GO_Biological_Process_2023,Regulation Of Granulocyte Macrophage Colony-Stimulating Factor Production (GO:0032645),0.5261370137562681,0.5777217639967783,0,0,1.404331983805668,0.9018530371849498,RASGRP1
GO_Biological_Process_2023,Regulation Of Hemopoiesis (GO:1903706),0.5261370137562681,0.5777217639967783,0,0,1.404331983805668,0.9018530371849498,KAT6A
GO_Biological_Process_2023,Regulation Of Leukocyte Activation (GO:0002694),0.5261370137562681,0.5777217639967783,0,0,1.404331983805668,0.9018530371849498,CD74
GO_Biological_Process_2023,Regulation Of Macrophage Differentiation (GO:0045649),0.5261370137562681,0.5777217639967783,0,0,1.404331983805668,0.9018530371849498,CSF1
GO_Biological_Process_2023,Regulation Of Non-Canonical Wnt Signaling Pathway (GO:2000050),0.5261370137562681,0.5777217639967783,0,0,1.404331983805668,0.9018530371849498,CSNK1E
GO_Biological_Process_2023,Regulation Of Sensory Perception Of Pain (GO:0051930),0.5261370137562681,0.5777217639967783,0,0,1.404331983805668,0.9018530371849498,ATPSCKMT
GO_Biological_Process_2023,Response To Muscle Stretch (GO:0035994),0.5261370137562681,0.5777217639967783,0,0,1.404331983805668,0.9018530371849498,CTNNB1
GO_Biological_Process_2023,Serine Family Amino Acid Metabolic Process (GO:0009069),0.5261370137562681,0.5777217639967783,0,0,1.404331983805668,0.9018530371849498,SHMT2
GO_Biological_Process_2023,Synaptic Vesicle Membrane Organization (GO:0048499),0.5261370137562681,0.5777217639967783,0,0,1.404331983805668,0.9018530371849498,PRRT2
GO_Biological_Process_2023,Synaptonemal Complex Assembly (GO:0007130),0.5261370137562681,0.5777217639967783,0,0,1.404331983805668,0.9018530371849498,P3H4
GO_Biological_Process_2023,Synaptonemal Complex Organization (GO:0070193),0.5261370137562681,0.5777217639967783,0,0,1.404331983805668,0.9018530371849498,P3H4
GO_Biological_Process_2023,Sterol Homeostasis (GO:0055092),0.5292628474949101,0.5810025679877651,0,0,1.0582995270946498,0.6733643399593853,SCARB1;ABCA2;XBP1;RALY
GO_Biological_Process_2023,Cellular Response To Hydrogen Peroxide (GO:0070301),0.53321685470277,0.5847333789461887,0,0,1.1409952606635072,0.7174887188634101,TRPA1;RPS3
GO_Biological_Process_2023,Glial Cell Differentiation (GO:0010001),0.53321685470277,0.5847333789461887,0,0,1.1409952606635072,0.7174887188634101,METRN;PICK1
GO_Biological_Process_2023,Response To Estrogen (GO:0043627),0.53321685470277,0.5847333789461887,0,0,1.1409952606635072,0.7174887188634101,GATA3;ESR1
GO_Biological_Process_2023,Smoothened Signaling Pathway (GO:0007224),0.53321685470277,0.5847333789461887,0,0,1.1409952606635072,0.7174887188634101,PTCH1;HIPK1
GO_Biological_Process_2023,Pattern Recognition Receptor Signaling Pathway (GO:0002221),0.5369099818778452,0.5886300269949508,0,0,1.073854831711399,0.6678569836969496,PYCARD;MAPKAPK3;TRAF3
GO_Biological_Process_2023,Cell-Cell Adhesion Via Plasma-Membrane Adhesion Molecules (GO:0098742),0.5391378499273881,0.5909186585227046,0,0,1.0079021777195554,0.6226658283926125,CLDN4;ITGAM;CADM1;PTK7;CDH11;DCHS1;DSG2;GPC4;PKD1
GO_Biological_Process_2023,Dendrite Morphogenesis (GO:0048813),0.5490033364760225,0.5973256293209388,0,0,1.106387731980149,0.6634462444707436,MEF2A;TAOK2
GO_Biological_Process_2023,Platelet Aggregation (GO:0070527),0.5490033364760225,0.5973256293209388,0,0,1.106387731980149,0.6634462444707436,HSPB1;FLNA
GO_Biological_Process_2023,Regulation Of Postsynaptic Membrane Potential (GO:0060078),0.5490033364760225,0.5973256293209388,0,0,1.106387731980149,0.6634462444707436,LRRK2;ARRB2
GO_Biological_Process_2023,Positive Regulation Of Tyrosine Phosphorylation Of STAT Protein (GO:0042531),0.549439812959522,0.5973256293209388,0,0,1.0531733808867634,0.6306992420945869,IL20;IL15;PTK6
GO_Biological_Process_2023,3'-UTR-mediated mRNA Destabilization (GO:0061158),0.5507580897598094,0.5973256293209388,0,0,1.3039849624060151,0.777774355320064,ZFP36L1
GO_Biological_Process_2023,B Cell Mediated Immunity (GO:0019724),0.5507580897598094,0.5973256293209388,0,0,1.3039849624060151,0.777774355320064,CD74
GO_Biological_Process_2023,DNA Alkylation (GO:0006305),0.5507580897598094,0.5973256293209388,0,0,1.3039849624060151,0.777774355320064,FOS
GO_Biological_Process_2023,L-glutamate Import (GO:0051938),0.5507580897598094,0.5973256293209388,0,0,1.3039849624060151,0.777774355320064,SLC25A22
GO_Biological_Process_2023,N-acetylglucosamine Metabolic Process (GO:0006044),0.5507580897598094,0.5973256293209388,0,0,1.3039849624060151,0.777774355320064,GNPDA1
GO_Biological_Process_2023,N-terminal Protein Amino Acid Acetylation (GO:0006474),0.5507580897598094,0.5973256293209388,0,0,1.3039849624060151,0.777774355320064,NAA10
GO_Biological_Process_2023,Activation Of NF-kappaB-inducing Kinase Activity (GO:0007250),0.5507580897598094,0.5973256293209388,0,0,1.3039849624060151,0.777774355320064,TRAF2
GO_Biological_Process_2023,Astrocyte Development (GO:0014002),0.5507580897598094,0.5973256293209388,0,0,1.3039849624060151,0.777774355320064,APP
GO_Biological_Process_2023,Branched-Chain Amino Acid Metabolic Process (GO:0009081),0.5507580897598094,0.5973256293209388,0,0,1.3039849624060151,0.777774355320064,IVD
GO_Biological_Process_2023,Cellular Response To Estrogen Stimulus (GO:0071391),0.5507580897598094,0.5973256293209388,0,0,1.3039849624060151,0.777774355320064,ESR1
GO_Biological_Process_2023,Defense Response To Protozoan (GO:0042832),0.5507580897598094,0.5973256293209388,0,0,1.3039849624060151,0.777774355320064,MYD88
GO_Biological_Process_2023,Endoplasmic Reticulum To Cytosol Transport (GO:1903513),0.5507580897598094,0.5973256293209388,0,0,1.3039849624060151,0.777774355320064,FAF2
GO_Biological_Process_2023,Ganglioside Biosynthetic Process (GO:0001574),0.5507580897598094,0.5973256293209388,0,0,1.3039849624060151,0.777774355320064,ST6GALNAC6
GO_Biological_Process_2023,Heart Process (GO:0003015),0.5507580897598094,0.5973256293209388,0,0,1.3039849624060151,0.777774355320064,RANGRF
GO_Biological_Process_2023,Innate Immune Response-Activating Signaling Pathway (GO:0002758),0.5507580897598094,0.5973256293209388,0,0,1.3039849624060151,0.777774355320064,PYCARD
GO_Biological_Process_2023,Intracellular Sterol Transport (GO:0032366),0.5507580897598094,0.5973256293209388,0,0,1.3039849624060151,0.777774355320064,GRAMD1A
GO_Biological_Process_2023,Keratan Sulfate Biosynthetic Process (GO:0018146),0.5507580897598094,0.5973256293209388,0,0,1.3039849624060151,0.777774355320064,ST3GAL4
GO_Biological_Process_2023,Negative Regulation Of Biosynthetic Process (GO:0009890),0.5507580897598094,0.5973256293209388,0,0,1.3039849624060151,0.777774355320064,EMILIN1
GO_Biological_Process_2023,Negative Regulation Of Cation Transmembrane Transport (GO:1904063),0.5507580897598094,0.5973256293209388,0,0,1.3039849624060151,0.777774355320064,MMP9
GO_Biological_Process_2023,Negative Regulation Of Release Of Cytochrome C From Mitochondria (GO:0090201),0.5507580897598094,0.5973256293209388,0,0,1.3039849624060151,0.777774355320064,PRELID1
GO_Biological_Process_2023,Positive Regulation Of Endothelial Cell Apoptotic Process (GO:2000353),0.5507580897598094,0.5973256293209388,0,0,1.3039849624060151,0.777774355320064,THBS1
GO_Biological_Process_2023,Positive Regulation Of Immunoglobulin Mediated Immune Response (GO:0002891),0.5507580897598094,0.5973256293209388,0,0,1.3039849624060151,0.777774355320064,MAD2L2
GO_Biological_Process_2023,Positive Regulation Of Potassium Ion Transport (GO:0043268),0.5507580897598094,0.5973256293209388,0,0,1.3039849624060151,0.777774355320064,FLNA
GO_Biological_Process_2023,Positive Regulation Of Syncytium Formation By Plasma Membrane Fusion (GO:0060143),0.5507580897598094,0.5973256293209388,0,0,1.3039849624060151,0.777774355320064,RAPGEF3
GO_Biological_Process_2023,Positive Regulation Of Transcription By RNA Polymerase III (GO:0045945),0.5507580897598094,0.5973256293209388,0,0,1.3039849624060151,0.777774355320064,SMARCA5
GO_Biological_Process_2023,Positive Regulation Of Transmembrane Transport (GO:0034764),0.5507580897598094,0.5973256293209388,0,0,1.3039849624060151,0.777774355320064,SLC26A6
GO_Biological_Process_2023,Presynapse Assembly (GO:0099054),0.5507580897598094,0.5973256293209388,0,0,1.3039849624060151,0.777774355320064,WNT5A
GO_Biological_Process_2023,Regulation Of Carbohydrate Metabolic Process (GO:0006109),0.5507580897598094,0.5973256293209388,0,0,1.3039849624060151,0.777774355320064,RORC
GO_Biological_Process_2023,Regulation Of Cellular Response To Heat (GO:1900034),0.5507580897598094,0.5973256293209388,0,0,1.3039849624060151,0.777774355320064,DNAJB1
GO_Biological_Process_2023,Regulation Of Cholesterol Biosynthetic Process (GO:0045540),0.5507580897598094,0.5973256293209388,0,0,1.3039849624060151,0.777774355320064,SREBF1
GO_Biological_Process_2023,Regulation Of Hormone Secretion (GO:0046883),0.5507580897598094,0.5973256293209388,0,0,1.3039849624060151,0.777774355320064,VAMP2
GO_Biological_Process_2023,Regulation Of Isotype Switching (GO:0045191),0.5507580897598094,0.5973256293209388,0,0,1.3039849624060151,0.777774355320064,MAD2L2
GO_Biological_Process_2023,Regulation Of Lipoprotein Lipase Activity (GO:0051004),0.5507580897598094,0.5973256293209388,0,0,1.3039849624060151,0.777774355320064,PCSK6
GO_Biological_Process_2023,Regulation Of miRNA-mediated Gene Silencing (GO:0060964),0.5507580897598094,0.5973256293209388,0,0,1.3039849624060151,0.777774355320064,LIMD1
GO_Biological_Process_2023,Regulation Of rRNA Processing (GO:2000232),0.5507580897598094,0.5973256293209388,0,0,1.3039849624060151,0.777774355320064,TRMT112
GO_Biological_Process_2023,tRNA Wobble Base Modification (GO:0002097),0.5507580897598094,0.5973256293209388,0,0,1.3039849624060151,0.777774355320064,ELP6
GO_Biological_Process_2023,Proteolysis Involved In Protein Catabolic Process (GO:0051603),0.5507991970204715,0.5973256293209388,0,0,1.0284288758380542,0.6133395242339679,UBE2W;PDCD6IP;NGLY1;PMAIP1
GO_Biological_Process_2023,Regulation Of T Cell Proliferation (GO:0042129),0.5613699729244017,0.608632583930138,0,0,1.0141158554442686,0.5855252460321627,MYDGF;CEBPB;IL15;CD3E
GO_Biological_Process_2023,Negative Regulation Of Protein Kinase B Signaling (GO:0051898),0.5644101658459459,0.6112991791093823,0,0,1.073815940278165,0.614194849513281,RACK1;ARRB2
GO_Biological_Process_2023,Neural Crest Cell Migration (GO:0001755),0.5644101658459459,0.6112991791093823,0,0,1.073815940278165,0.614194849513281,SEMA6B;FN1
GO_Biological_Process_2023,Positive Regulation Of Signaling Receptor Activity (GO:2000273),0.5644101658459459,0.6112991791093823,0,0,1.073815940278165,0.614194849513281,ADRA2C;HIF1A
GO_Biological_Process_2023,Regulation Of Trans-Synaptic Signaling (GO:0099177),0.5644101658459459,0.6112991791093823,0,0,1.073815940278165,0.614194849513281,PPP3CA;SLC4A8
GO_Biological_Process_2023,DNA Repair-Dependent Chromatin Remodeling (GO:0140861),0.5741005322385235,0.6156193891663924,0,0,1.217017543859649,0.6753848044792982,HPF1
GO_Biological_Process_2023,"Alternative mRNA Splicing, Via Spliceosome (GO:0000380)",0.5741005322385235,0.6156193891663924,0,0,1.217017543859649,0.6753848044792982,PQBP1
GO_Biological_Process_2023,Apoptotic Nuclear Changes (GO:0030262),0.5741005322385235,0.6156193891663924,0,0,1.217017543859649,0.6753848044792982,ENDOG
GO_Biological_Process_2023,Cell Communication By Electrical Coupling Involved In Cardiac Conduction (GO:0086064),0.5741005322385235,0.6156193891663924,0,0,1.217017543859649,0.6753848044792982,ATP1B1
GO_Biological_Process_2023,Cell Surface Toll-Like Receptor Signaling Pathway (GO:0140895),0.5741005322385235,0.6156193891663924,0,0,1.217017543859649,0.6753848044792982,MYD88
GO_Biological_Process_2023,Cellular Response To Nitrogen Compound (GO:1901699),0.5741005322385235,0.6156193891663924,0,0,1.217017543859649,0.6753848044792982,SPIDR
GO_Biological_Process_2023,Dicarboxylic Acid Catabolic Process (GO:0043649),0.5741005322385235,0.6156193891663924,0,0,1.217017543859649,0.6753848044792982,ACOT8
GO_Biological_Process_2023,Endoplasmic Reticulum Tubular Network Organization (GO:0071786),0.5741005322385235,0.6156193891663924,0,0,1.217017543859649,0.6753848044792982,RTN1
GO_Biological_Process_2023,Extrinsic Apoptotic Signaling Pathway In Absence Of Ligand (GO:0097192),0.5741005322385235,0.6156193891663924,0,0,1.217017543859649,0.6753848044792982,MCL1
GO_Biological_Process_2023,Innate Immune Response In Mucosa (GO:0002227),0.5741005322385235,0.6156193891663924,0,0,1.217017543859649,0.6753848044792982,RPL39
GO_Biological_Process_2023,Intracellular Cholesterol Transport (GO:0032367),0.5741005322385235,0.6156193891663924,0,0,1.217017543859649,0.6753848044792982,PIP4K2A
GO_Biological_Process_2023,Male Meiosis I (GO:0007141),0.5741005322385235,0.6156193891663924,0,0,1.217017543859649,0.6753848044792982,ING2
GO_Biological_Process_2023,Motile Cilium Assembly (GO:0044458),0.5741005322385235,0.6156193891663924,0,0,1.217017543859649,0.6753848044792982,ENKD1
GO_Biological_Process_2023,Muscle Tissue Morphogenesis (GO:0060415),0.5741005322385235,0.6156193891663924,0,0,1.217017543859649,0.6753848044792982,BMP4
GO_Biological_Process_2023,Myeloid Cell Activation Involved In Immune Response (GO:0002275),0.5741005322385235,0.6156193891663924,0,0,1.217017543859649,0.6753848044792982,PYCARD
GO_Biological_Process_2023,Negative Regulation Of Anoikis (GO:2000811),0.5741005322385235,0.6156193891663924,0,0,1.217017543859649,0.6753848044792982,MCL1
GO_Biological_Process_2023,Negative Regulation Of Inflammatory Response To Antigenic Stimulus (GO:0002862),0.5741005322385235,0.6156193891663924,0,0,1.217017543859649,0.6753848044792982,PLK2
GO_Biological_Process_2023,Negative Regulation Of Signal Transduction By P53 Class Mediator (GO:1901797),0.5741005322385235,0.6156193891663924,0,0,1.217017543859649,0.6753848044792982,CD74
GO_Biological_Process_2023,Oligodendrocyte Development (GO:0014003),0.5741005322385235,0.6156193891663924,0,0,1.217017543859649,0.6753848044792982,NSUN5
GO_Biological_Process_2023,Peptide Antigen Assembly With MHC Protein Complex (GO:0002501),0.5741005322385235,0.6156193891663924,0,0,1.217017543859649,0.6753848044792982,TAPBPL
GO_Biological_Process_2023,Positive Regulation Of Cell Migration Involved In Sprouting Angiogenesis (GO:0090050),0.5741005322385235,0.6156193891663924,0,0,1.217017543859649,0.6753848044792982,SRPX2
GO_Biological_Process_2023,Positive Regulation Of Dendrite Morphogenesis (GO:0050775),0.5741005322385235,0.6156193891663924,0,0,1.217017543859649,0.6753848044792982,DBN1
GO_Biological_Process_2023,Positive Regulation Of Homotypic Cell-Cell Adhesion (GO:0034112),0.5741005322385235,0.6156193891663924,0,0,1.217017543859649,0.6753848044792982,EMILIN1
GO_Biological_Process_2023,Regulation Of NMDA Receptor Activity (GO:2000310),0.5741005322385235,0.6156193891663924,0,0,1.217017543859649,0.6753848044792982,PTK2B
GO_Biological_Process_2023,Regulation Of Blood Vessel Endothelial Cell Proliferation Involved In Sprouting Angiogenesis (GO:1903587),0.5741005322385235,0.6156193891663924,0,0,1.217017543859649,0.6753848044792982,THBS1
GO_Biological_Process_2023,Regulation Of Cardiac Muscle Contraction By Regulation Of The Release Of Sequestered Calcium Ion (GO:0010881),0.5741005322385235,0.6156193891663924,0,0,1.217017543859649,0.6753848044792982,GSTO1
GO_Biological_Process_2023,Regulation Of Delayed Rectifier Potassium Channel Activity (GO:1902259),0.5741005322385235,0.6156193891663924,0,0,1.217017543859649,0.6753848044792982,VAMP2
GO_Biological_Process_2023,Regulation Of Inflammatory Response To Antigenic Stimulus (GO:0002861),0.5741005322385235,0.6156193891663924,0,0,1.217017543859649,0.6753848044792982,PLK2
GO_Biological_Process_2023,Regulation Of Presynapse Assembly (GO:1905606),0.5741005322385235,0.6156193891663924,0,0,1.217017543859649,0.6753848044792982,GPC4
GO_Biological_Process_2023,Regulation Of Presynapse Organization (GO:0099174),0.5741005322385235,0.6156193891663924,0,0,1.217017543859649,0.6753848044792982,GPC4
GO_Biological_Process_2023,Regulation Of Receptor Signaling Pathway Via STAT (GO:1904892),0.5741005322385235,0.6156193891663924,0,0,1.217017543859649,0.6753848044792982,TGFB1
GO_Biological_Process_2023,Regulation Of Stem Cell Proliferation (GO:0072091),0.5741005322385235,0.6156193891663924,0,0,1.217017543859649,0.6753848044792982,ZFP36L1
GO_Biological_Process_2023,Regulation Of Tubulin Deacetylation (GO:0090043),0.5741005322385235,0.6156193891663924,0,0,1.217017543859649,0.6753848044792982,FNTA
GO_Biological_Process_2023,Regulation Of Vacuole Organization (GO:0044088),0.5741005322385235,0.6156193891663924,0,0,1.217017543859649,0.6753848044792982,RAB1B
GO_Biological_Process_2023,Response To UV-B (GO:0010224),0.5741005322385235,0.6156193891663924,0,0,1.217017543859649,0.6753848044792982,CRIP1
GO_Biological_Process_2023,Reverse Cholesterol Transport (GO:0043691),0.5741005322385235,0.6156193891663924,0,0,1.217017543859649,0.6753848044792982,SCARB1
GO_Biological_Process_2023,Sulfation (GO:0051923),0.5741005322385235,0.6156193891663924,0,0,1.217017543859649,0.6753848044792982,SULT1A3
GO_Biological_Process_2023,Vasculature Development (GO:0001944),0.5741005322385235,0.6156193891663924,0,0,1.217017543859649,0.6753848044792982,PDGFRB
GO_Biological_Process_2023,Ventricular Cardiac Muscle Cell Action Potential (GO:0086005),0.5741005322385235,0.6156193891663924,0,0,1.217017543859649,0.6753848044792982,GPD1L
GO_Biological_Process_2023,Positive Regulation Of Receptor Signaling Pathway Via JAK-STAT (GO:0046427),0.5794341760352963,0.6210224778021464,0,0,1.0431053938162942,0.5692259619495966,PTK2B;OCIAD2
GO_Biological_Process_2023,Positive Regulation Of Receptor Signaling Pathway Via STAT (GO:1904894),0.5794341760352963,0.6210224778021464,0,0,1.0431053938162942,0.5692259619495966,TGFB1;OCIAD2
GO_Biological_Process_2023,Cellular Response To Chemokine (GO:1990869),0.5857955168342329,0.62752096702848,0,0,0.9956413449564134,0.5324535565352247,SLC12A2;PTK2B;OXSR1
GO_Biological_Process_2023,Memory (GO:0007613),0.5857955168342329,0.62752096702848,0,0,0.9956413449564134,0.5324535565352247,PRNP;PLK2;EIF2AK4
GO_Biological_Process_2023,Calcium-Dependent Cell-Cell Adhesion Via Plasma Membrane Cell Adhesion Molecules (GO:0016339),0.5940735525945947,0.6332225781360168,0,0,1.0141009888245276,0.5280952614942476,CDH11;DCHS1
GO_Biological_Process_2023,Heart Looping (GO:0001947),0.5940735525945947,0.6332225781360168,0,0,1.0141009888245276,0.5280952614942476,DVL2;MICAL2
GO_Biological_Process_2023,Response To Peptide (GO:1901652),0.5940735525945947,0.6332225781360168,0,0,1.0141009888245276,0.5280952614942476,PRNP;MMP9
GO_Biological_Process_2023,Vitamin Transport (GO:0051180),0.5940735525945947,0.6332225781360168,0,0,1.0141009888245276,0.5280952614942476,SLC46A1;SLC2A8
GO_Biological_Process_2023,DNA Replication Checkpoint Signaling (GO:0000076),0.5962307105935186,0.6332225781360168,0,0,1.140921052631579,0.5900017526262176,CDT1
GO_Biological_Process_2023,NLS-bearing Protein Import Into Nucleus (GO:0006607),0.5962307105935186,0.6332225781360168,0,0,1.140921052631579,0.5900017526262176,NUP54
GO_Biological_Process_2023,Androgen Receptor Signaling Pathway (GO:0030521),0.5962307105935186,0.6332225781360168,0,0,1.140921052631579,0.5900017526262176,ZMIZ1
GO_Biological_Process_2023,Carboxylic Acid Biosynthetic Process (GO:0046394),0.5962307105935186,0.6332225781360168,0,0,1.140921052631579,0.5900017526262176,PYCARD
GO_Biological_Process_2023,Cell Migration Involved In Sprouting Angiogenesis (GO:0002042),0.5962307105935186,0.6332225781360168,0,0,1.140921052631579,0.5900017526262176,NR4A1
GO_Biological_Process_2023,Detection Of Visible Light (GO:0009584),0.5962307105935186,0.6332225781360168,0,0,1.140921052631579,0.5900017526262176,CEP250
GO_Biological_Process_2023,Glucose 6-Phosphate Metabolic Process (GO:0051156),0.5962307105935186,0.6332225781360168,0,0,1.140921052631579,0.5900017526262176,PGD
GO_Biological_Process_2023,Immunoglobulin Production Involved In Immunoglobulin-Mediated Immune Response (GO:0002381),0.5962307105935186,0.6332225781360168,0,0,1.140921052631579,0.5900017526262176,MAD2L2
GO_Biological_Process_2023,Intracellular Lipid Transport (GO:0032365),0.5962307105935186,0.6332225781360168,0,0,1.140921052631579,0.5900017526262176,GRAMD1A
GO_Biological_Process_2023,Intracellular Zinc Ion Homeostasis (GO:0006882),0.5962307105935186,0.6332225781360168,0,0,1.140921052631579,0.5900017526262176,SLC39A8
GO_Biological_Process_2023,Megakaryocyte Differentiation (GO:0030219),0.5962307105935186,0.6332225781360168,0,0,1.140921052631579,0.5900017526262176,FLNA
GO_Biological_Process_2023,Membrane Repolarization (GO:0086009),0.5962307105935186,0.6332225781360168,0,0,1.140921052631579,0.5900017526262176,ATP1B1
GO_Biological_Process_2023,Negative Regulation Of Cellular Senescence (GO:2000773),0.5962307105935186,0.6332225781360168,0,0,1.140921052631579,0.5900017526262176,FZR1
GO_Biological_Process_2023,Negative Regulation Of Leukocyte Activation (GO:0002695),0.5962307105935186,0.6332225781360168,0,0,1.140921052631579,0.5900017526262176,FN1
GO_Biological_Process_2023,Nicotinamide Nucleotide Metabolic Process (GO:0046496),0.5962307105935186,0.6332225781360168,0,0,1.140921052631579,0.5900017526262176,GPD1L
GO_Biological_Process_2023,Positive Chemotaxis (GO:0050918),0.5962307105935186,0.6332225781360168,0,0,1.140921052631579,0.5900017526262176,CORO1A
GO_Biological_Process_2023,Positive Regulation By Host Of Viral Process (GO:0044794),0.5962307105935186,0.6332225781360168,0,0,1.140921052631579,0.5900017526262176,PPIB
GO_Biological_Process_2023,Positive Regulation Of Alpha-Beta T Cell Proliferation (GO:0046641),0.5962307105935186,0.6332225781360168,0,0,1.140921052631579,0.5900017526262176,HLA-A
GO_Biological_Process_2023,Positive Regulation Of Fatty Acid Metabolic Process (GO:0045923),0.5962307105935186,0.6332225781360168,0,0,1.140921052631579,0.5900017526262176,SIRT2
GO_Biological_Process_2023,Positive Regulation Of Leukocyte Proliferation (GO:0070665),0.5962307105935186,0.6332225781360168,0,0,1.140921052631579,0.5900017526262176,CSF1
GO_Biological_Process_2023,Positive Regulation Of Peptidyl-Lysine Acetylation (GO:2000758),0.5962307105935186,0.6332225781360168,0,0,1.140921052631579,0.5900017526262176,SMARCA5
GO_Biological_Process_2023,Positive Regulation Of Stem Cell Differentiation (GO:2000738),0.5962307105935186,0.6332225781360168,0,0,1.140921052631579,0.5900017526262176,LTBP2
GO_Biological_Process_2023,Regulation Of Histone Modification (GO:0031056),0.5962307105935186,0.6332225781360168,0,0,1.140921052631579,0.5900017526262176,HPF1
GO_Biological_Process_2023,Regulation Of Single Stranded Viral RNA Replication Via Double Stranded DNA Intermediate (GO:0045091),0.5962307105935186,0.6332225781360168,0,0,1.140921052631579,0.5900017526262176,TOP2B
GO_Biological_Process_2023,Regulation Of Telomerase RNA Localization To Cajal Body (GO:1904872),0.5962307105935186,0.6332225781360168,0,0,1.140921052631579,0.5900017526262176,TNIP1
GO_Biological_Process_2023,"Retrograde Protein Transport, ER To Cytosol (GO:0030970)",0.5962307105935186,0.6332225781360168,0,0,1.140921052631579,0.5900017526262176,FAF2
GO_Biological_Process_2023,tRNA Aminoacylation For Protein Translation (GO:0006418),0.5962307105935186,0.6332225781360168,0,0,1.140921052631579,0.5900017526262176,LARS2
GO_Biological_Process_2023,Toll-Like Receptor 4 Signaling Pathway (GO:0034142),0.5962307105935186,0.6332225781360168,0,0,1.140921052631579,0.5900017526262176,MYD88
GO_Biological_Process_2023,Triglyceride Biosynthetic Process (GO:0019432),0.5962307105935186,0.6332225781360168,0,0,1.140921052631579,0.5900017526262176,LPIN3
GO_Biological_Process_2023,Water Transport (GO:0006833),0.5962307105935186,0.6332225781360168,0,0,1.140921052631579,0.5900017526262176,AQP3
GO_Biological_Process_2023,Regulation Of T Cell Activation (GO:0050863),0.5974885657066656,0.6343984745816361,0,0,0.9778338100255909,0.5036040981600464,PYCARD;MYDGF;PRELID1
GO_Biological_Process_2023,Lymphocyte Migration (GO:0072676),0.6083277014630306,0.6446069327782642,0,0,0.9866643895079914,0.4904132069090607,RET;GATA3
GO_Biological_Process_2023,Positive Regulation Of Cytokinesis (GO:0032467),0.6083277014630306,0.6446069327782642,0,0,0.9866643895079914,0.4904132069090607,RACGAP1;BIRC5
GO_Biological_Process_2023,Positive Regulation Of Monoatomic Ion Transport (GO:0043270),0.6083277014630306,0.6446069327782642,0,0,0.9866643895079914,0.4904132069090607,P2RX4;GPD1L
GO_Biological_Process_2023,Positive Regulation Of Response To Biotic Stimulus (GO:0002833),0.6083277014630306,0.6446069327782642,0,0,0.9866643895079914,0.4904132069090607,EMILIN1;SASH1
GO_Biological_Process_2023,Regulation Of Monoatomic Cation Transmembrane Transport (GO:1904062),0.6083277014630306,0.6446069327782642,0,0,0.9866643895079914,0.4904132069090607,GNB2;RANGRF
GO_Biological_Process_2023,Regulation Of Receptor-Mediated Endocytosis (GO:0048259),0.6083277014630306,0.6446069327782642,0,0,0.9866643895079914,0.4904132069090607,HIP1;TNK2
GO_Biological_Process_2023,Synaptic Vesicle Endocytosis (GO:0048488),0.6083277014630306,0.6446069327782642,0,0,0.9866643895079914,0.4904132069090607,VAMP2;SH3GL1
GO_Biological_Process_2023,Vesicle Cytoskeletal Trafficking (GO:0099518),0.6083277014630306,0.6446069327782642,0,0,0.9866643895079914,0.4904132069090607,MYO5C;TRAK1
GO_Biological_Process_2023,Calcium Ion Homeostasis (GO:0055074),0.6160980149319539,0.6487962658112579,0,0,0.9407488364000174,0.4556509585003871,SELENON;EDN2;TRPA1;ATP1B1;TPCN2
GO_Biological_Process_2023,Associative Learning (GO:0008306),0.6172115508999998,0.6487962658112579,0,0,1.0737770897832817,0.5181440946326223,APP
GO_Biological_Process_2023,Cardiac Atrium Morphogenesis (GO:0003209),0.6172115508999998,0.6487962658112579,0,0,1.0737770897832817,0.5181440946326223,SHOX2
GO_Biological_Process_2023,Cellular Response To Inorganic Substance (GO:0071241),0.6172115508999998,0.6487962658112579,0,0,1.0737770897832817,0.5181440946326223,SPIDR
GO_Biological_Process_2023,Dopamine Metabolic Process (GO:0042417),0.6172115508999998,0.6487962658112579,0,0,1.0737770897832817,0.5181440946326223,SULT1A3
GO_Biological_Process_2023,Epithelial Cilium Movement Involved In Extracellular Fluid Movement (GO:0003351),0.6172115508999998,0.6487962658112579,0,0,1.0737770897832817,0.5181440946326223,SPAG6
GO_Biological_Process_2023,Establishment Of Vesicle Localization (GO:0051650),0.6172115508999998,0.6487962658112579,0,0,1.0737770897832817,0.5181440946326223,COPS5
GO_Biological_Process_2023,"Negative Regulation Of DNA-templated Transcription, Elongation (GO:0032785)",0.6172115508999998,0.6487962658112579,0,0,1.0737770897832817,0.5181440946326223,LARP7
GO_Biological_Process_2023,Negative Regulation Of ERBB Signaling Pathway (GO:1901185),0.6172115508999998,0.6487962658112579,0,0,1.0737770897832817,0.5181440946326223,MVP
GO_Biological_Process_2023,Negative Regulation Of Lipid Catabolic Process (GO:0050995),0.6172115508999998,0.6487962658112579,0,0,1.0737770897832817,0.5181440946326223,SORL1
GO_Biological_Process_2023,Negative Regulation Of Monoatomic Ion Transport (GO:0043271),0.6172115508999998,0.6487962658112579,0,0,1.0737770897832817,0.5181440946326223,PTK2B
GO_Biological_Process_2023,Negative Regulation Of Peptide Hormone Secretion (GO:0090278),0.6172115508999998,0.6487962658112579,0,0,1.0737770897832817,0.5181440946326223,PSMD9
GO_Biological_Process_2023,Neuron Fate Commitment (GO:0048663),0.6172115508999998,0.6487962658112579,0,0,1.0737770897832817,0.5181440946326223,TGFBR1
GO_Biological_Process_2023,Neutrophil Activation (GO:0042119),0.6172115508999998,0.6487962658112579,0,0,1.0737770897832817,0.5181440946326223,IL15
GO_Biological_Process_2023,Positive Regulation Of Cation Transmembrane Transport (GO:1904064),0.6172115508999998,0.6487962658112579,0,0,1.0737770897832817,0.5181440946326223,FLNA
GO_Biological_Process_2023,Positive Regulation Of Mitochondrial Fission (GO:0090141),0.6172115508999998,0.6487962658112579,0,0,1.0737770897832817,0.5181440946326223,FIS1
GO_Biological_Process_2023,Positive Regulation Of Monocyte Chemotaxis (GO:0090026),0.6172115508999998,0.6487962658112579,0,0,1.0737770897832817,0.5181440946326223,CREB3
GO_Biological_Process_2023,Positive Regulation Of Natural Killer Cell Activation (GO:0032816),0.6172115508999998,0.6487962658112579,0,0,1.0737770897832817,0.5181440946326223,HLA-F
GO_Biological_Process_2023,Protein Autoprocessing (GO:0016540),0.6172115508999998,0.6487962658112579,0,0,1.0737770897832817,0.5181440946326223,F12
GO_Biological_Process_2023,Regulation Of DNA Damage Checkpoint (GO:2000001),0.6172115508999998,0.6487962658112579,0,0,1.0737770897832817,0.5181440946326223,CCAR2
GO_Biological_Process_2023,Regulation Of Defense Response To Virus (GO:0050688),0.6172115508999998,0.6487962658112579,0,0,1.0737770897832817,0.5181440946326223,TRAF3
GO_Biological_Process_2023,Regulation Of Lymphocyte Proliferation (GO:0050670),0.6172115508999998,0.6487962658112579,0,0,1.0737770897832817,0.5181440946326223,MYDGF
GO_Biological_Process_2023,Regulation Of Megakaryocyte Differentiation (GO:0045652),0.6172115508999998,0.6487962658112579,0,0,1.0737770897832817,0.5181440946326223,EIF6
GO_Biological_Process_2023,Regulation Of Nervous System Process (GO:0031644),0.6172115508999998,0.6487962658112579,0,0,1.0737770897832817,0.5181440946326223,APP
GO_Biological_Process_2023,Regulation Of Oligodendrocyte Differentiation (GO:0048713),0.6172115508999998,0.6487962658112579,0,0,1.0737770897832817,0.5181440946326223,MDK
GO_Biological_Process_2023,Regulation Of Oxidative Stress-Induced Intrinsic Apoptotic Signaling Pathway (GO:1902175),0.6172115508999998,0.6487962658112579,0,0,1.0737770897832817,0.5181440946326223,HSPB1
GO_Biological_Process_2023,Regulation Of Protein-Containing Complex Disassembly (GO:0043244),0.6172115508999998,0.6487962658112579,0,0,1.0737770897832817,0.5181440946326223,IGF1R
GO_Biological_Process_2023,Response To Axon Injury (GO:0048678),0.6172115508999998,0.6487962658112579,0,0,1.0737770897832817,0.5181440946326223,P2RX4
GO_Biological_Process_2023,snRNA Processing (GO:0016180),0.6172115508999998,0.6487962658112579,0,0,1.0737770897832817,0.5181440946326223,INTS5
GO_Biological_Process_2023,Vesicle Transport Along Actin Filament (GO:0030050),0.6172115508999998,0.6487962658112579,0,0,1.0737770897832817,0.5181440946326223,MYO5C
GO_Biological_Process_2023,Vesicle-Mediated Transport In Synapse (GO:0099003),0.6172115508999998,0.6487962658112579,0,0,1.0737770897832817,0.5181440946326223,VAMP2
GO_Biological_Process_2023,Xenobiotic Catabolic Process (GO:0042178),0.6172115508999998,0.6487962658112579,0,0,1.0737770897832817,0.5181440946326223,GSTO1
GO_Biological_Process_2023,Notch Signaling Pathway (GO:0007219),0.6221971273476276,0.6538737467583877,0,0,0.9606718217344309,0.45583715727720203,CRTC1;RBPJ
GO_Biological_Process_2023,Determination Of Heart Left/Right Asymmetry (GO:0061371),0.6356833214276244,0.6658822364809486,0,0,0.9360122061543863,0.4240647872229332,DVL2;MICAL2
GO_Biological_Process_2023,Positive Regulation Of Leukocyte Cell-Cell Adhesion (GO:1903039),0.6356833214276244,0.6658822364809486,0,0,0.9360122061543863,0.4240647872229332,PYCARD;MDK
GO_Biological_Process_2023,Calcium-Independent Cell-Cell Adhesion Via Plasma Membrane Cell-Adhesion Molecules (GO:0016338),0.6371027145052819,0.6658822364809486,0,0,1.014093567251462,0.4571781129949317,CLDN4
GO_Biological_Process_2023,Cellular Response To Misfolded Protein (GO:0071218),0.6371027145052819,0.6658822364809486,0,0,1.014093567251462,0.4571781129949317,UBE2W
GO_Biological_Process_2023,Glycosphingolipid Biosynthetic Process (GO:0006688),0.6371027145052819,0.6658822364809486,0,0,1.014093567251462,0.4571781129949317,ST6GALNAC6
GO_Biological_Process_2023,Insulin Secretion (GO:0030073),0.6371027145052819,0.6658822364809486,0,0,1.014093567251462,0.4571781129949317,CAMK2G
GO_Biological_Process_2023,Late Endosome To Vacuole Transport (GO:0045324),0.6371027145052819,0.6658822364809486,0,0,1.014093567251462,0.4571781129949317,CHMP2B
GO_Biological_Process_2023,Linoleic Acid Metabolic Process (GO:0043651),0.6371027145052819,0.6658822364809486,0,0,1.014093567251462,0.4571781129949317,ELOVL1
GO_Biological_Process_2023,Mesoderm Development (GO:0007498),0.6371027145052819,0.6658822364809486,0,0,1.014093567251462,0.4571781129949317,MEST
GO_Biological_Process_2023,Mitotic Sister Chromatid Cohesion (GO:0007064),0.6371027145052819,0.6658822364809486,0,0,1.014093567251462,0.4571781129949317,RAD21
GO_Biological_Process_2023,Negative Regulation Of RNA Splicing (GO:0033119),0.6371027145052819,0.6658822364809486,0,0,1.014093567251462,0.4571781129949317,RPS26
GO_Biological_Process_2023,Negative Regulation Of Axon Extension Involved In Axon Guidance (GO:0048843),0.6371027145052819,0.6658822364809486,0,0,1.014093567251462,0.4571781129949317,SEMA6B
GO_Biological_Process_2023,Negative Regulation Of Calcium Ion Transmembrane Transport (GO:1903170),0.6371027145052819,0.6658822364809486,0,0,1.014093567251462,0.4571781129949317,PPP3CA
GO_Biological_Process_2023,Negative Regulation Of Small GTPase Mediated Signal Transduction (GO:0051058),0.6371027145052819,0.6658822364809486,0,0,1.014093567251462,0.4571781129949317,SH3BP1
GO_Biological_Process_2023,Negative Regulation Of Telomere Maintenance Via Telomerase (GO:0032211),0.6371027145052819,0.6658822364809486,0,0,1.014093567251462,0.4571781129949317,TERF1
GO_Biological_Process_2023,Nucleotide Biosynthetic Process (GO:0009165),0.6371027145052819,0.6658822364809486,0,0,1.014093567251462,0.4571781129949317,SLC4A7
GO_Biological_Process_2023,Phosphate Ion Transport (GO:0006817),0.6371027145052819,0.6658822364809486,0,0,1.014093567251462,0.4571781129949317,SLC25A11
GO_Biological_Process_2023,Protein Heterooligomerization (GO:0051291),0.6371027145052819,0.6658822364809486,0,0,1.014093567251462,0.4571781129949317,PKD1
GO_Biological_Process_2023,Regulation Of Acute Inflammatory Response (GO:0002673),0.6371027145052819,0.6658822364809486,0,0,1.014093567251462,0.4571781129949317,F12
GO_Biological_Process_2023,Regulation Of Behavior (GO:0050795),0.6371027145052819,0.6658822364809486,0,0,1.014093567251462,0.4571781129949317,EIF2AK4
GO_Biological_Process_2023,Regulation Of Cellular Response To Growth Factor Stimulus (GO:0090287),0.6371027145052819,0.6658822364809486,0,0,1.014093567251462,0.4571781129949317,PCSK6
GO_Biological_Process_2023,Skeletal Muscle Contraction (GO:0003009),0.6371027145052819,0.6658822364809486,0,0,1.014093567251462,0.4571781129949317,TNNT1
GO_Biological_Process_2023,DNA Recombination (GO:0006310),0.6487886571300644,0.6772555863100399,0,0,0.9125855713533438,0.394828558797819,ENDOG;RAD21
GO_Biological_Process_2023,Embryonic Heart Tube Morphogenesis (GO:0003143),0.6487886571300644,0.6772555863100399,0,0,0.9125855713533438,0.394828558797819,DVL2;MICAL2
GO_Biological_Process_2023,Lymphocyte Chemotaxis (GO:0048247),0.6487886571300644,0.6772555863100399,0,0,0.9125855713533438,0.394828558797819,SLC12A2;HSD3B7
GO_Biological_Process_2023,Positive Regulation Of Calcium Ion Transmembrane Transport (GO:1904427),0.6487886571300644,0.6772555863100399,0,0,0.9125855713533438,0.394828558797819,PPP3CA;P2RX4
GO_Biological_Process_2023,Regulation Of Cell-Cell Adhesion (GO:0022407),0.6487886571300644,0.6772555863100399,0,0,0.9125855713533438,0.394828558797819,TGFB1;NF2
GO_Biological_Process_2023,Epidermis Development (GO:0008544),0.649956194368464,0.6783062043334825,0,0,0.9012020278932948,0.388283174570922,PPP3CA;SPINT1;KRT15;PLOD1
GO_Biological_Process_2023,Actin Filament-Based Transport (GO:0099515),0.6559607675285267,0.6822056784545878,0,0,0.9606925207756233,0.4050801298873992,MYO5C
GO_Biological_Process_2023,Anterior/Posterior Axis Specification (GO:0009948),0.6559607675285267,0.6822056784545878,0,0,0.9606925207756233,0.4050801298873992,SKI
GO_Biological_Process_2023,Cellular Response To pH (GO:0071467),0.6559607675285267,0.6822056784545878,0,0,0.9606925207756233,0.4050801298873992,ASIC1
GO_Biological_Process_2023,Gamma-Aminobutyric Acid Signaling Pathway (GO:0007214),0.6559607675285267,0.6822056784545878,0,0,0.9606925207756233,0.4050801298873992,SLC12A2
GO_Biological_Process_2023,Lipid Catabolic Process (GO:0016042),0.6559607675285267,0.6822056784545878,0,0,0.9606925207756233,0.4050801298873992,SIRT2
GO_Biological_Process_2023,Lipopolysaccharide-Mediated Signaling Pathway (GO:0031663),0.6559607675285267,0.6822056784545878,0,0,0.9606925207756233,0.4050801298873992,TGFB1
GO_Biological_Process_2023,Mesoderm Formation (GO:0001707),0.6559607675285267,0.6822056784545878,0,0,0.9606925207756233,0.4050801298873992,ITGB4
GO_Biological_Process_2023,Myoblast Differentiation (GO:0045445),0.6559607675285267,0.6822056784545878,0,0,0.9606925207756233,0.4050801298873992,RBPJ
GO_Biological_Process_2023,Negative Regulation Of Protein Localization To Plasma Membrane (GO:1903077),0.6559607675285267,0.6822056784545878,0,0,0.9606925207756233,0.4050801298873992,TGFB1
GO_Biological_Process_2023,Negative Regulation Of Reactive Oxygen Species Metabolic Process (GO:2000378),0.6559607675285267,0.6822056784545878,0,0,0.9606925207756233,0.4050801298873992,SIRT2
GO_Biological_Process_2023,Positive Regulation Of Interferon-Alpha Production (GO:0032727),0.6559607675285267,0.6822056784545878,0,0,0.9606925207756233,0.4050801298873992,SETD2
GO_Biological_Process_2023,Regulation Of Necroptotic Process (GO:0060544),0.6559607675285267,0.6822056784545878,0,0,0.9606925207756233,0.4050801298873992,SLC25A4
GO_Biological_Process_2023,Striated Muscle Cell Differentiation (GO:0051146),0.6559607675285267,0.6822056784545878,0,0,0.9606925207756233,0.4050801298873992,SKI
GO_Biological_Process_2023,Xenobiotic Transport (GO:0042908),0.6559607675285267,0.6822056784545878,0,0,0.9606925207756233,0.4050801298873992,ABCC5
GO_Biological_Process_2023,Learning (GO:0007612),0.661516295171182,0.6871349578110133,0,0,0.890301699225523,0.36789105758963564,CNTNAP2;EIF2AK4
GO_Biological_Process_2023,Positive Regulation Of Cell Division (GO:0051781),0.661516295171182,0.6871349578110133,0,0,0.890301699225523,0.36789105758963564,RACGAP1;SIRT2
GO_Biological_Process_2023,Regulation Of Endothelial Cell Apoptotic Process (GO:2000351),0.661516295171182,0.6871349578110133,0,0,0.890301699225523,0.36789105758963564,GATA3;THBS1
GO_Biological_Process_2023,Regulation Of Filopodium Assembly (GO:0051489),0.661516295171182,0.6871349578110133,0,0,0.890301699225523,0.36789105758963564,FXR2;NEURL1
GO_Biological_Process_2023,Triglyceride Metabolic Process (GO:0006641),0.661516295171182,0.6871349578110133,0,0,0.890301699225523,0.36789105758963564,LPIN3;PNPLA2
GO_Biological_Process_2023,Neuropeptide Signaling Pathway (GO:0007218),0.6731192243642752,0.6973868197179287,0,0,0.8690099854483416,0.3439826657093809,RAPGEF2;SSTR2;SORL1
GO_Biological_Process_2023,Negative Regulation Of Double-Strand Break Repair Via Homologous Recombination (GO:2000042),0.6738393407881015,0.6973868197179287,0,0,0.9126315789473685,0.3602736940551962,MAD2L2
GO_Biological_Process_2023,Negative Regulation Of Interleukin-2 Production (GO:0032703),0.6738393407881015,0.6973868197179287,0,0,0.9126315789473685,0.3602736940551962,PRNP
GO_Biological_Process_2023,Plasma Membrane Repair (GO:0001778),0.6738393407881015,0.6973868197179287,0,0,0.9126315789473685,0.3602736940551962,CHMP2B
GO_Biological_Process_2023,Positive Regulation Of Heart Contraction (GO:0045823),0.6738393407881015,0.6973868197179287,0,0,0.9126315789473685,0.3602736940551962,EDN2
GO_Biological_Process_2023,Postreplication Repair (GO:0006301),0.6738393407881015,0.6973868197179287,0,0,0.9126315789473685,0.3602736940551962,UBE2V2
GO_Biological_Process_2023,Purine Nucleotide Biosynthetic Process (GO:0006164),0.6738393407881015,0.6973868197179287,0,0,0.9126315789473685,0.3602736940551962,SLC4A7
GO_Biological_Process_2023,Regulation Of Anoikis (GO:2000209),0.6738393407881015,0.6973868197179287,0,0,0.9126315789473685,0.3602736940551962,MCL1
GO_Biological_Process_2023,Regulation Of Cardiac Conduction (GO:1903779),0.6738393407881015,0.6973868197179287,0,0,0.9126315789473685,0.3602736940551962,TMEM65
GO_Biological_Process_2023,Regulation Of Cardiac Muscle Cell Membrane Repolarization (GO:0099623),0.6738393407881015,0.6973868197179287,0,0,0.9126315789473685,0.3602736940551962,FLNA
GO_Biological_Process_2023,snRNA Metabolic Process (GO:0016073),0.6738393407881015,0.6973868197179287,0,0,0.9126315789473685,0.3602736940551962,INTS5
GO_Biological_Process_2023,Sodium Ion Import Across Plasma Membrane (GO:0098719),0.6738393407881015,0.6973868197179287,0,0,0.9126315789473685,0.3602736940551962,SLC12A2
GO_Biological_Process_2023,Cellular Response To Ketone (GO:1901655),0.6738700948544887,0.6973868197179287,0,0,0.8690789638656937,0.3430410446270377,POSTN;LARP1
GO_Biological_Process_2023,Positive Regulation Of Lymphocyte Activation (GO:0051251),0.6738700948544887,0.6973868197179287,0,0,0.8690789638656937,0.3430410446270377,PYCARD;PRKDC
GO_Biological_Process_2023,Regulation Of Cell-Substrate Adhesion (GO:0010810),0.6738700948544887,0.6973868197179287,0,0,0.8690789638656937,0.3430410446270377,AGR2;FBLN2
GO_Biological_Process_2023,B Cell Receptor Signaling Pathway (GO:0050853),0.6858545336163123,0.7094407863076126,0,0,0.848843332476089,0.3200900978472496,NFATC2;IGHE
GO_Biological_Process_2023,Organic Hydroxy Compound Transport (GO:0015850),0.6858545336163123,0.7094407863076126,0,0,0.848843332476089,0.3200900978472496,SLC44A1;SLC2A13
GO_Biological_Process_2023,NAD Metabolic Process (GO:0019674),0.6907892826254759,0.7126197131641056,0,0,0.8691478696741854,0.3215155686928208,GPD1L
GO_Biological_Process_2023,Blood Vessel Endothelial Cell Migration (GO:0043534),0.6907892826254759,0.7126197131641056,0,0,0.8691478696741854,0.3215155686928208,NR4A1
GO_Biological_Process_2023,Cellular Response To Low-Density Lipoprotein Particle Stimulus (GO:0071404),0.6907892826254759,0.7126197131641056,0,0,0.8691478696741854,0.3215155686928208,MYD88
GO_Biological_Process_2023,Hexose Transmembrane Transport (GO:0008645),0.6907892826254759,0.7126197131641056,0,0,0.8691478696741854,0.3215155686928208,SLC2A8
GO_Biological_Process_2023,Negative Regulation Of Cell Communication (GO:0010648),0.6907892826254759,0.7126197131641056,0,0,0.8691478696741854,0.3215155686928208,PTPN1
GO_Biological_Process_2023,Negative Regulation Of Protein Localization To Nucleus (GO:1900181),0.6907892826254759,0.7126197131641056,0,0,0.8691478696741854,0.3215155686928208,SUFU
GO_Biological_Process_2023,Positive Regulation Of Excitatory Postsynaptic Potential (GO:2000463),0.6907892826254759,0.7126197131641056,0,0,0.8691478696741854,0.3215155686928208,PTK2B
GO_Biological_Process_2023,Positive Regulation Of Protein Autophosphorylation (GO:0031954),0.6907892826254759,0.7126197131641056,0,0,0.8691478696741854,0.3215155686928208,TAOK2
GO_Biological_Process_2023,"Positive Regulation Of Synaptic Transmission, Glutamatergic (GO:0051968)",0.6907892826254759,0.7126197131641056,0,0,0.8691478696741854,0.3215155686928208,PTK2B
GO_Biological_Process_2023,Regulation Of Dopamine Secretion (GO:0014059),0.6907892826254759,0.7126197131641056,0,0,0.8691478696741854,0.3215155686928208,SYT9
GO_Biological_Process_2023,Regulation Of Intracellular Steroid Hormone Receptor Signaling Pathway (GO:0033143),0.6907892826254759,0.7126197131641056,0,0,0.8691478696741854,0.3215155686928208,CARM1
GO_Biological_Process_2023,Neutrophil Chemotaxis (GO:0030593),0.6926988492663482,0.7144146103993613,0,0,0.8422225824754802,0.309230388792556,EDN2;GBF1;PPIB
GO_Biological_Process_2023,Calcium Ion Transport (GO:0006816),0.6969950709452332,0.7186695014080257,0,0,0.8525819235774281,0.30776241392447623,CACNB3;P2RX4;TRPA1;TRPM7;PKD1
GO_Biological_Process_2023,Artery Development (GO:0060840),0.7068588030670552,0.7267046923133226,0,0,0.8296172248803828,0.2878144130120604,TGFBR1
GO_Biological_Process_2023,Cholesterol Efflux (GO:0033344),0.7068588030670552,0.7267046923133226,0,0,0.8296172248803828,0.2878144130120604,SCARB1
GO_Biological_Process_2023,Histone mRNA Metabolic Process (GO:0008334),0.7068588030670552,0.7267046923133226,0,0,0.8296172248803828,0.2878144130120604,EXOSC4
GO_Biological_Process_2023,Long-Chain Fatty Acid Biosynthetic Process (GO:0042759),0.7068588030670552,0.7267046923133226,0,0,0.8296172248803828,0.2878144130120604,LTC4S
GO_Biological_Process_2023,Long-Chain Fatty Acid Transport (GO:0015909),0.7068588030670552,0.7267046923133226,0,0,0.8296172248803828,0.2878144130120604,ACSL1
GO_Biological_Process_2023,Mucosal Immune Response (GO:0002385),0.7068588030670552,0.7267046923133226,0,0,0.8296172248803828,0.2878144130120604,RPL39
GO_Biological_Process_2023,Negative Regulation Of TORC1 Signaling (GO:1904262),0.7068588030670552,0.7267046923133226,0,0,0.8296172248803828,0.2878144130120604,SESN2
GO_Biological_Process_2023,Negative Regulation Of Epidermal Growth Factor Receptor Signaling Pathway (GO:0042059),0.7068588030670552,0.7267046923133226,0,0,0.8296172248803828,0.2878144130120604,MVP
GO_Biological_Process_2023,Negative Regulation Of Neuron Differentiation (GO:0045665),0.7068588030670552,0.7267046923133226,0,0,0.8296172248803828,0.2878144130120604,EIF2AK4
GO_Biological_Process_2023,Protein Targeting To ER (GO:0045047),0.7068588030670552,0.7267046923133226,0,0,0.8296172248803828,0.2878144130120604,SGTA
GO_Biological_Process_2023,Regulation Of Axon Extension Involved In Axon Guidance (GO:0048841),0.7068588030670552,0.7267046923133226,0,0,0.8296172248803828,0.2878144130120604,SEMA6B
GO_Biological_Process_2023,Regulation Of Toll-Like Receptor 4 Signaling Pathway (GO:0034143),0.7068588030670552,0.7267046923133226,0,0,0.8296172248803828,0.2878144130120604,NINJ1
GO_Biological_Process_2023,Granulocyte Chemotaxis (GO:0071621),0.7203863369621456,0.7403789124709644,0,0,0.8049959709911362,0.2640126221863632,EDN2;GBF1;PPIB
GO_Biological_Process_2023,Acylglycerol Homeostasis (GO:0055090),0.7220936104294113,0.7403789124709644,0,0,0.7935240274599542,0.2583718154682731,SCARB1
GO_Biological_Process_2023,Antigen Processing And Presentation Of Exogenous Peptide Antigen Via MHC Class II (GO:0019886),0.7220936104294113,0.7403789124709644,0,0,0.7935240274599542,0.2583718154682731,CTSD
GO_Biological_Process_2023,Antigen Processing And Presentation Of Peptide Antigen Via MHC Class II (GO:0002495),0.7220936104294113,0.7403789124709644,0,0,0.7935240274599542,0.2583718154682731,CTSD
GO_Biological_Process_2023,Gliogenesis (GO:0042063),0.7220936104294113,0.7403789124709644,0,0,0.7935240274599542,0.2583718154682731,METRN
GO_Biological_Process_2023,Iron Ion Transport (GO:0006826),0.7220936104294113,0.7403789124709644,0,0,0.7935240274599542,0.2583718154682731,ARHGAP1
GO_Biological_Process_2023,Mitotic Cell Cycle Checkpoint Signaling (GO:0007093),0.7220936104294113,0.7403789124709644,0,0,0.7935240274599542,0.2583718154682731,ZFYVE19
GO_Biological_Process_2023,Positive Regulation Of Lipid Metabolic Process (GO:0045834),0.7220936104294113,0.7403789124709644,0,0,0.7935240274599542,0.2583718154682731,MLST8
GO_Biological_Process_2023,Regulation Of AMPA Receptor Activity (GO:2000311),0.7220936104294113,0.7403789124709644,0,0,0.7935240274599542,0.2583718154682731,SHISA9
GO_Biological_Process_2023,Regulation Of Heterotypic Cell-Cell Adhesion (GO:0034114),0.7220936104294113,0.7403789124709644,0,0,0.7935240274599542,0.2583718154682731,KLF4
GO_Biological_Process_2023,Response To dsRNA (GO:0043331),0.7220936104294113,0.7403789124709644,0,0,0.7935240274599542,0.2583718154682731,PMAIP1
GO_Biological_Process_2023,Heterophilic Cell-Cell Adhesion Via Plasma Membrane Cell Adhesion Molecules (GO:0007157),0.7302058449879357,0.748514316758568,0,0,0.77651171389197,0.24415765038628334,CADM1;DCHS1
GO_Biological_Process_2023,Intracellular Calcium Ion Homeostasis (GO:0006874),0.7340192343105416,0.7522402033783624,0,0,0.8229095165354018,0.2544601184978352,EDN2;TRPA1;MCUB;ATP1B1;KCTD17;TPCN2
GO_Biological_Process_2023,Establishment Or Maintenance Of Apical/Basal Cell Polarity (GO:0035088),0.7365370411567558,0.7533537722397616,0,0,0.760438596491228,0.2325388915910785,CRB3
GO_Biological_Process_2023,Lamellipodium Assembly (GO:0030032),0.7365370411567558,0.7533537722397616,0,0,0.760438596491228,0.2325388915910785,ARFIP2
GO_Biological_Process_2023,Myotube Differentiation (GO:0014902),0.7365370411567558,0.7533537722397616,0,0,0.760438596491228,0.2325388915910785,SKI
GO_Biological_Process_2023,Negative Regulation Of Interleukin-1 Beta Production (GO:0032691),0.7365370411567558,0.7533537722397616,0,0,0.760438596491228,0.2325388915910785,PYDC1
GO_Biological_Process_2023,Negative Regulation Of Protein Transport (GO:0051224),0.7365370411567558,0.7533537722397616,0,0,0.760438596491228,0.2325388915910785,SNX3
GO_Biological_Process_2023,Regulation Of B Cell Activation (GO:0050864),0.7365370411567558,0.7533537722397616,0,0,0.760438596491228,0.2325388915910785,ZFP36L1
GO_Biological_Process_2023,Regulation Of Interferon-Alpha Production (GO:0032647),0.7365370411567558,0.7533537722397616,0,0,0.760438596491228,0.2325388915910785,SETD2
GO_Biological_Process_2023,Regulation Of Platelet Aggregation (GO:0090330),0.7365370411567558,0.7533537722397616,0,0,0.760438596491228,0.2325388915910785,EMILIN1
GO_Biological_Process_2023,Defense Response To Gram-negative Bacterium (GO:0050829),0.7377399477713,0.7544009033669121,0,0,0.7819509257865422,0.23784123598133589,PYCARD;GSDMD;TNFRSF14
GO_Biological_Process_2023,Arachidonic Acid Metabolic Process (GO:0019369),0.7404273759147982,0.7565978354712971,0,0,0.7603124451465684,0.22849496902846914,CBR1;PTGES2
GO_Biological_Process_2023,Icosanoid Metabolic Process (GO:0006690),0.7404273759147982,0.7565978354712971,0,0,0.7603124451465684,0.22849496902846914,PYCARD;LTC4S
GO_Biological_Process_2023,Pyruvate Metabolic Process (GO:0006090),0.7404273759147982,0.7565978354712971,0,0,0.7603124451465684,0.22849496902846914,ENO1;PGM1
GO_Biological_Process_2023,Cardiac Muscle Cell Development (GO:0055013),0.7502301830770662,0.7652165288979178,0,0,0.73,0.20978390240197978,PDGFRB
GO_Biological_Process_2023,Glycerophospholipid Catabolic Process (GO:0046475),0.7502301830770662,0.7652165288979178,0,0,0.73,0.20978390240197978,PLA2G6
GO_Biological_Process_2023,Negative Regulation Of Endothelial Cell Apoptotic Process (GO:2000352),0.7502301830770662,0.7652165288979178,0,0,0.73,0.20978390240197978,GATA3
GO_Biological_Process_2023,Negative Regulation Of Lipid Metabolic Process (GO:0045833),0.7502301830770662,0.7652165288979178,0,0,0.73,0.20978390240197978,SREBF1
GO_Biological_Process_2023,Regulation Of Androgen Receptor Signaling Pathway (GO:0060765),0.7502301830770662,0.7652165288979178,0,0,0.73,0.20978390240197978,NCOR2
GO_Biological_Process_2023,Regulation Of Epidermal Growth Factor-Activated Receptor Activity (GO:0007176),0.7502301830770662,0.7652165288979178,0,0,0.73,0.20978390240197978,APP
GO_Biological_Process_2023,Regulation Of Vasoconstriction (GO:0019229),0.7502301830770662,0.7652165288979178,0,0,0.73,0.20978390240197978,ECE1
GO_Biological_Process_2023,Cholesterol Transport (GO:0030301),0.75031561335063,0.7652165288979178,0,0,0.7447743710438361,0.213944886184584,SCARB1;OSBPL5
GO_Biological_Process_2023,Neutrophil Migration (GO:1990266),0.7542282713126811,0.7690206417669976,0,0,0.7601861608710924,0.21441826794161747,EDN2;GBF1;PPIB
GO_Biological_Process_2023,Neurotransmitter Transport (GO:0006836),0.7598775841740033,0.7745931994569663,0,0,0.7298578199052133,0.2004174480954225,SLC38A2;SLC29A2
GO_Biological_Process_2023,Cardiac Muscle Cell Differentiation (GO:0055007),0.7632119916050916,0.7768638377203385,0,0,0.7019028340080972,0.18966779544330334,SHOX2
GO_Biological_Process_2023,mRNA Modification (GO:0016556),0.7632119916050916,0.7768638377203385,0,0,0.7019028340080972,0.18966779544330334,HNRNPAB
GO_Biological_Process_2023,Positive Regulation Of Filopodium Assembly (GO:0051491),0.7632119916050916,0.7768638377203385,0,0,0.7019028340080972,0.18966779544330334,NEURL1
GO_Biological_Process_2023,Regulation Of Actin Polymerization Or Depolymerization (GO:0008064),0.7632119916050916,0.7768638377203385,0,0,0.7019028340080972,0.18966779544330334,SH3BP1
GO_Biological_Process_2023,Respiratory Tube Development (GO:0030323),0.7632119916050916,0.7768638377203385,0,0,0.7019028340080972,0.18966779544330334,BMP4
GO_Biological_Process_2023,"Synaptic Transmission, Glutamatergic (GO:0035249)",0.7632119916050916,0.7768638377203385,0,0,0.7019028340080972,0.18966779544330334,SEPTIN9
GO_Biological_Process_2023,Negative Regulation Of Viral Genome Replication (GO:0045071),0.7691204848562665,0.7826888259375877,0,0,0.7155262315563403,0.1878311055757049,IFITM2;TNIP1
GO_Biological_Process_2023,Defense Response To Fungus (GO:0050832),0.775519400753705,0.7878678399454406,0,0,0.6758869395711501,0.17182551852149205,FAM3A
GO_Biological_Process_2023,Immunoglobulin Mediated Immune Response (GO:0016064),0.775519400753705,0.7878678399454406,0,0,0.6758869395711501,0.17182551852149205,CD74
GO_Biological_Process_2023,Negative Regulation Of Type II Interferon Production (GO:0032689),0.775519400753705,0.7878678399454406,0,0,0.6758869395711501,0.17182551852149205,PRNP
GO_Biological_Process_2023,Regulation Of Bone Resorption (GO:0045124),0.775519400753705,0.7878678399454406,0,0,0.6758869395711501,0.17182551852149205,TMEM119
GO_Biological_Process_2023,Regulation Of Calcium Ion-Dependent Exocytosis (GO:0017158),0.775519400753705,0.7878678399454406,0,0,0.6758869395711501,0.17182551852149205,SYT9
GO_Biological_Process_2023,Regulation Of Platelet Activation (GO:0010543),0.775519400753705,0.7878678399454406,0,0,0.6758869395711501,0.17182551852149205,FLNA
GO_Biological_Process_2023,Regulation Of Protein Localization To Membrane (GO:1905475),0.775519400753705,0.7878678399454406,0,0,0.6758869395711501,0.17182551852149205,MMP14
GO_Biological_Process_2023,Negative Regulation Of Neuron Projection Development (GO:0010977),0.778051644882609,0.7902497531598327,0,0,0.7017458581439624,0.17611180749374283,RTN4R;GDI1
GO_Biological_Process_2023,Metal Ion Transport (GO:0030001),0.7851247529549332,0.7972414600176572,0,0,0.7830961188383077,0.1894408595561694,KCNK5;CACNB3;KCNMA1;SLC41A1;TRPM7;PKD1;ASIC1
GO_Biological_Process_2023,Cardiac Muscle Cell Action Potential (GO:0086001),0.7871874277369147,0.7981811360944252,0,0,0.6517293233082707,0.15595159563179017,ATP1B1
GO_Biological_Process_2023,Cardiac Muscle Cell Action Potential Involved In Contraction (GO:0086002),0.7871874277369147,0.7981811360944252,0,0,0.6517293233082707,0.15595159563179017,GPD1L
GO_Biological_Process_2023,mRNA Splice Site Recognition (GO:0006376),0.7871874277369147,0.7981811360944252,0,0,0.6517293233082707,0.15595159563179017,PRPF39
GO_Biological_Process_2023,Negative Regulation Of Interleukin-1 Production (GO:0032692),0.7871874277369147,0.7981811360944252,0,0,0.6517293233082707,0.15595159563179017,PYDC1
GO_Biological_Process_2023,Negative Regulation Of Myeloid Leukocyte Differentiation (GO:0002762),0.7871874277369147,0.7981811360944252,0,0,0.6517293233082707,0.15595159563179017,MYC
GO_Biological_Process_2023,Positive Regulation Of Interleukin-10 Production (GO:0032733),0.7871874277369147,0.7981811360944252,0,0,0.6517293233082707,0.15595159563179017,PYCARD
GO_Biological_Process_2023,Chemokine-Mediated Signaling Pathway (GO:0070098),0.795008528402785,0.8059174080655099,0,0,0.6757162639205819,0.1550109575522018,PTK2B;OXSR1
GO_Biological_Process_2023,Central Nervous System Neuron Differentiation (GO:0021953),0.7982492725037889,0.8084241670306529,0,0,0.6292377495462795,0.14178888479626883,BRINP3
GO_Biological_Process_2023,Negative Regulation Of DNA Recombination (GO:0045910),0.7982492725037889,0.8084241670306529,0,0,0.6292377495462795,0.14178888479626883,MAD2L2
GO_Biological_Process_2023,Negative Regulation Of Blood Coagulation (GO:0030195),0.7982492725037889,0.8084241670306529,0,0,0.6292377495462795,0.14178888479626883,F12
GO_Biological_Process_2023,Presynaptic Endocytosis (GO:0140238),0.7982492725037889,0.8084241670306529,0,0,0.6292377495462795,0.14178888479626883,VAMP2
GO_Biological_Process_2023,Monoatomic Anion Transport (GO:0006820),0.8030492916005135,0.8130898213343983,0,0,0.6634113648331658,0.14551210649658072,TSPO;SLC26A6
GO_Biological_Process_2023,B Cell Proliferation (GO:0042100),0.8087364117954646,0.8178648006894096,0,0,0.6082456140350877,0.12911973825317796,RASGRP1
GO_Biological_Process_2023,Negative Chemotaxis (GO:0050919),0.8087364117954646,0.8178648006894096,0,0,0.6082456140350877,0.12911973825317796,SEMA6B
GO_Biological_Process_2023,Organic Cation Transport (GO:0015695),0.8087364117954646,0.8178648006894096,0,0,0.6082456140350877,0.12911973825317796,SLC44A1
GO_Biological_Process_2023,Positive Regulation Of Mononuclear Cell Migration (GO:0071677),0.8087364117954646,0.8178648006894096,0,0,0.6082456140350877,0.12911973825317796,CREB3
GO_Biological_Process_2023,Receptor Signaling Pathway Via STAT (GO:0097696),0.8087364117954646,0.8178648006894096,0,0,0.6082456140350877,0.12911973825317796,PKD1
GO_Biological_Process_2023,Anterograde Trans-Synaptic Signaling (GO:0098916),0.8164278313132238,0.82544480135894,0,0,0.7635515802225339,0.15486105632377853,CACNB3;SLC12A4;SLC12A5;AKAP9;PMP22;UNC119;SLC12A7;GABARAP
GO_Biological_Process_2023,Mesenchymal Cell Migration (GO:0090497),0.8186786888259443,0.8275218335684233,0,0,0.5886078098471986,0.11775899356668013,SEMA6B
GO_Biological_Process_2023,Response To Light Stimulus (GO:0009416),0.8255114941885685,0.8342281982308763,0,0,0.6290425087614171,0.12062021689105643,TP53I13;CCAR2
GO_Biological_Process_2023,Axoneme Assembly (GO:0035082),0.8281043979870268,0.8346451938543251,0,0,0.5701973684210526,0.10754837422267974,TOGARAM1
GO_Biological_Process_2023,Carboxylic Acid Metabolic Process (GO:0019752),0.8281043979870268,0.8346451938543251,0,0,0.5701973684210526,0.10754837422267974,GSTO1
GO_Biological_Process_2023,intra-Golgi Vesicle-Mediated Transport (GO:0006891),0.8281043979870268,0.8346451938543251,0,0,0.5701973684210526,0.10754837422267974,COPZ1
GO_Biological_Process_2023,ncRNA Catabolic Process (GO:0034661),0.8281043979870268,0.8346451938543251,0,0,0.5701973684210526,0.10754837422267974,EXOSC4
GO_Biological_Process_2023,Negative Regulation Of Small Molecule Metabolic Process (GO:0062014),0.8281043979870268,0.8346451938543251,0,0,0.5701973684210526,0.10754837422267974,CBFA2T3
GO_Biological_Process_2023,Positive Regulation Of Notch Signaling Pathway (GO:0045747),0.8281043979870268,0.8346451938543251,0,0,0.5701973684210526,0.10754837422267974,ZMIZ1
GO_Biological_Process_2023,Positive Regulation Of Release Of Sequestered Calcium Ion Into Cytosol (GO:0051281),0.8281043979870268,0.8346451938543251,0,0,0.5701973684210526,0.10754837422267974,GSTO1
GO_Biological_Process_2023,Positive Regulation Of Reproductive Process (GO:2000243),0.8281043979870268,0.8346451938543251,0,0,0.5701973684210526,0.10754837422267974,SIRT2
GO_Biological_Process_2023,Regulation Of Protein Polymerization (GO:0032271),0.8281043979870268,0.8346451938543251,0,0,0.5701973684210526,0.10754837422267974,HSP90AA1
GO_Biological_Process_2023,Response To Exogenous dsRNA (GO:0043330),0.8281043979870268,0.8346451938543251,0,0,0.5701973684210526,0.10754837422267974,PQBP1
GO_Biological_Process_2023,Skeletal Muscle Organ Development (GO:0060538),0.8281043979870268,0.8346451938543251,0,0,0.5701973684210526,0.10754837422267974,SIX1
GO_Biological_Process_2023,Action Potential (GO:0001508),0.8370403649498576,0.8434498628389209,0,0,0.552902711323764,0.09835198410161518,SRI
GO_Biological_Process_2023,Glutamate Receptor Signaling Pathway (GO:0007215),0.845512022974525,0.8515788396904388,0,0,0.536625386996904,0.09005265746140809,PTK2B
GO_Biological_Process_2023,Regulatory ncRNA Processing (GO:0070918),0.845512022974525,0.8515788396904388,0,0,0.536625386996904,0.09005265746140809,ZC3H7A
GO_Biological_Process_2023,Muscle Cell Differentiation (GO:0042692),0.8535434853435329,0.859256900975763,0,0,0.5212781954887218,0.0825489835662075,NINJ1
GO_Biological_Process_2023,Positive Regulation Of Immune Effector Process (GO:0002699),0.8535434853435329,0.859256900975763,0,0,0.5212781954887218,0.0825489835662075,XBP1
GO_Biological_Process_2023,Intermediate Filament Organization (GO:0045109),0.8636363493536203,0.869209528472298,0,0,0.569971037388099,0.0835597436959743,KRT15;EPPK1
GO_Biological_Process_2023,Amino Acid Catabolic Process (GO:0009063),0.8683760824208866,0.8727283253160749,0,0,0.49307254623044094,0.06958751753282211,IVD
GO_Biological_Process_2023,Detection Of Chemical Stimulus Involved In Sensory Perception Of Bitter Taste (GO:0001580),0.8683760824208866,0.8727283253160749,0,0,0.49307254623044094,0.06958751753282211,CST1
GO_Biological_Process_2023,Digestive Tract Development (GO:0048565),0.8683760824208866,0.8727283253160749,0,0,0.49307254623044094,0.06958751753282211,PKD1
GO_Biological_Process_2023,Lymphocyte Proliferation (GO:0046651),0.8683760824208866,0.8727283253160749,0,0,0.49307254623044094,0.06958751753282211,RASGRP1
GO_Biological_Process_2023,Positive Regulation Of Pattern Recognition Receptor Signaling Pathway (GO:0062208),0.8683760824208866,0.8727283253160749,0,0,0.49307254623044094,0.06958751753282211,NINJ1
GO_Biological_Process_2023,Signal Release From Synapse (GO:0099643),0.8683760824208866,0.8727283253160749,0,0,0.49307254623044094,0.06958751753282211,VAMP2
GO_Biological_Process_2023,Fibroblast Growth Factor Receptor Signaling Pathway (GO:0008543),0.8752194416323369,0.878767064547871,0,0,0.4800831024930748,0.06398578009544409,CHURC1
GO_Biological_Process_2023,Negative Regulation Of Lymphocyte Proliferation (GO:0050672),0.8752194416323369,0.878767064547871,0,0,0.4800831024930748,0.06398578009544409,CEBPB
GO_Biological_Process_2023,Negative Regulation Of Protein Secretion (GO:0050709),0.8752194416323369,0.878767064547871,0,0,0.4800831024930748,0.06398578009544409,PSMD9
GO_Biological_Process_2023,Sensory Perception Of Bitter Taste (GO:0050913),0.8752194416323369,0.878767064547871,0,0,0.4800831024930748,0.06398578009544409,CST1
GO_Biological_Process_2023,Regulation Of Cytosolic Calcium Ion Concentration (GO:0051480),0.8817071740001567,0.8848591300559246,0,0,0.46775978407557356,0.05888874916092724,WNT5A
GO_Biological_Process_2023,Regulation Of Heart Rate By Cardiac Conduction (GO:0086091),0.8817071740001567,0.8848591300559246,0,0,0.46775978407557356,0.05888874916092724,DSG2
GO_Biological_Process_2023,Monocyte Chemotaxis (GO:0002548),0.887857751170789,0.8908193924660931,0,0,0.4560526315789474,0.05424460515559733,FLT1
GO_Biological_Process_2023,Synapse Assembly (GO:0007416),0.8893991418014177,0.8921533554372962,0,0,0.5285924704840839,0.06195588252659522,WNT5A;PLXNB1
GO_Biological_Process_2023,Axon Development (GO:0061564),0.8934918278117296,0.8960292987932768,0,0,0.5697444678609063,0.06416353415170428,APP;SSNA1;TAOK2
GO_Biological_Process_2023,Detection Of Chemical Stimulus Involved In Sensory Perception Of Taste (GO:0050912),0.8936886855691671,0.8960292987932768,0,0,0.4449165596919127,0.05000763843807036,CST1
GO_Biological_Process_2023,Neurotransmitter Secretion (GO:0007269),0.8992165806584401,0.9013570628785269,0,0,0.43431077694235587,0.04613742478752009,VAMP2
GO_Biological_Process_2023,Natural Killer Cell Activation (GO:0030101),0.9044571775633776,0.9063943776105148,0,0,0.4241982864137087,0.042598127255274204,RASGRP1
GO_Biological_Process_2023,Chemical Synaptic Transmission (GO:0007268),0.9056898415299316,0.9074137336860675,0,0,0.6924334399687936,0.06859132777040677,CACNB3;SLC12A4;SLC12A5;AKAP9;PMP22;UNC119;SEPTIN9;SLC12A7;GABARAP;CBLN2
GO_Biological_Process_2023,Regulation Of Interleukin-10 Production (GO:0032653),0.9094254004713831,0.9109396673132718,0,0,0.41454545454545455,0.039357901794044005,PYCARD
GO_Biological_Process_2023,Cilium Movement (GO:0003341),0.9141353986100892,0.9154397535189265,0,0,0.4053216374269006,0.03638839039859764,SPAG6
GO_Biological_Process_2023,Cellular Response To Organic Substance (GO:0071310),0.9247194297605283,0.9258187158158786,0,0,0.46747951013353856,0.03658724022516871,NCOA2;TGFB1
GO_Biological_Process_2023,Negative Regulation Of T Cell Activation (GO:0050868),0.926846743917547,0.9277279863648182,0,0,0.3799561403508772,0.028864147824724184,CEBPB
GO_Biological_Process_2023,Adenylate Cyclase-Modulating G Protein-Coupled Receptor Signaling Pathway (GO:0007188),0.9275156558474031,0.9281769075031879,0,0,0.5802191674057352,0.04365894229748123,ADGRG1;ADGRB2;ADORA2A;PTGER3;PRKACB
GO_Biological_Process_2023,Adenylate Cyclase-Inhibiting G Protein-Coupled Receptor Signaling Pathway (GO:0007193),0.937677099196162,0.9381226573331048,0,0,0.3575748194014448,0.023009808458878338,FLNA
GO_Biological_Process_2023,Sensory Perception Of Chemical Stimulus (GO:0007606),0.9949432982838432,0.9951796268582574,0,0,0.18583243823845327,0.0009420831386020689,BBS4
GO_Biological_Process_2023,Sensory Perception Of Smell (GO:0007608),0.9999802349088932,0.9999802349088932,0,0,0.0885622593068036,1.750458422864551e-06,BBS4
