Gene_set,Term,P-value,Adjusted P-value,Old P-value,Old adjusted P-value,Odds Ratio,Combined Score,Genes
GO_Biological_Process_2023,Sphingolipid Metabolic Process (GO:0006665),1.7519844200713742e-08,2.903038184058267e-05,0,0,15.989858906525573,285.57778706984647,CERS4;UGCG;PPT1;DEGS1;DEGS2;HACD3;PLPP2;SUMF1;CERS2
GO_Biological_Process_2023,Negative Regulation Of Programmed Cell Death (GO:0043069),7.058409732822929e-08,5.8478924636437964e-05,0,0,6.274366216828818,103.31660640915419,TFAP2A;GPX4;GLO1;IFI6;DHCR24;ASCL1;PRLR;MIEN1;TCIM;ERBB2;ALB;PPT1;BCL2;TMBIM6;SOX9
GO_Biological_Process_2023,Response To Estrogen (GO:0043627),1.1482711732336888e-07,6.342284446827408e-05,0,0,31.63850174216028,505.57813769672447,WBP2;CITED4;GATA3;SOX9;CD24;ESR1
GO_Biological_Process_2023,Negative Regulation Of DNA-templated Transcription (GO:0045892),1.6755235912223905e-07,6.940856476638753e-05,0,0,3.775274901249066,58.90172553491908,TFAP2A;HEXIM1;JUND;IRX3;PCGF2;WWP1;GATA3;CXXC5;ASCL1;ZNF24;ESR1;ING1;MUC1;ZMYM2;CCND1;KAT6B;TBL1XR1;TRPS1;BAHD1;BHLHE40;PDCD4;SOX9;FBP1;SOX4
GO_Biological_Process_2023,Negative Regulation Of Apoptotic Process (GO:0043066),2.3200233869706597e-07,7.688557504420765e-05,0,0,5.312856191251573,81.16194528113496,TFAP2A;GLO1;IFI6;SIX1;DHCR24;ASCL1;PRLR;CLU;MIEN1;TCIM;ERBB2;ALB;PPT1;BCL2;TMBIM6;SOX9
GO_Biological_Process_2023,acyl-CoA Biosynthetic Process (GO:0071616),1.4940033967410467e-06,0.00041259393806665246,0,0,65.12544802867383,873.5960941276875,SLC25A1;ACLY;PPT1;SLC27A2
GO_Biological_Process_2023,Membrane Lipid Biosynthetic Process (GO:0046467),2.71420111653074e-06,0.0006424901785844908,0,0,17.359158297465328,222.49255576115203,CERS4;DEGS1;DEGS2;HACD3;PLPP2;CERS2
GO_Biological_Process_2023,Fatty Acid Biosynthetic Process (GO:0006633),5.386676422293851e-06,0.0011157153539676139,0,0,15.261143818334736,185.1418173784186,ACLY;GPX4;SCD;ABHD2;DEGS1;HACD3
GO_Biological_Process_2023,Regulation Of Apoptotic Process (GO:0042981),8.194727086716582e-06,0.0015087403091877086,0,0,3.788896178960852,44.37562649501443,TFAP2A;GLO1;IFI6;DHCR24;ASCL1;PRLR;CLU;MIEN1;TCIM;ERBB2;ALB;PPT1;BCL2;TMBIM6;SOX9;LCMT1;SOX4
GO_Biological_Process_2023,Regulation Of Translation (GO:0006417),1.1314979868152987e-05,0.0018748921641529499,0,0,7.01144076013186,79.85598460630318,EIF4A2;CYFIP1;IGFBP5;CAPRIN1;ERBB2;CIRBP;BZW1;TOB1;SOX4
GO_Biological_Process_2023,Sphingolipid Biosynthetic Process (GO:0030148),1.4661551938912796e-05,0.0022085628693435003,0,0,12.640766550522649,140.6952964663448,CERS4;DEGS1;DEGS2;HACD3;PLPP2;CERS2
GO_Biological_Process_2023,Negative Regulation Of Nucleic Acid-Templated Transcription (GO:1903507),1.6451735450509763e-05,0.0022717104701245566,0,0,4.480336647345592,49.35126475067666,EIF4A2;TFAP2A;HEXIM1;WWP1;GATA3;ASCL1;ZNF24;ZMYM2;KAT6B;BAHD1;BHLHE40;PDCD4;SOX9
GO_Biological_Process_2023,Negative Regulation Of Transcription By RNA Polymerase II (GO:0000122),2.1591574616304205e-05,0.002685207103145435,0,0,3.5003526827012026,37.60501478540078,TFAP2A;HEXIM1;JUND;IRX3;PCGF2;GATA3;CXXC5;ASCL1;ESR1;ING1;CCND1;TBL1XR1;TRPS1;BHLHE40;SOX9;FBP1;SOX4
GO_Biological_Process_2023,Central Nervous System Development (GO:0007417),2.425698960170113e-05,0.002685207103145435,0,0,5.605387435530976,59.56736343711921,NCKAP1;MARCKSL1;ADORA2A;ATP6AP2;APLP1;PPT1;WWP1;SOX9;PBX1;SOX4
GO_Biological_Process_2023,Organonitrogen Compound Biosynthetic Process (GO:1901566),2.430784945514878e-05,0.002685207103145435,0,0,8.924384236453202,94.81900547975019,CERS4;MUC1;DEGS1;DEGS2;HACD3;PLPP2;CERS2
GO_Biological_Process_2023,Neuron Differentiation (GO:0030182),2.75589513017199e-05,0.002854073894184367,0,0,7.2341063574570175,75.95220767482944,UGCG;IRX5;IRX3;ERBB2;PPT1;ASCL1;SOX4;PBX1
GO_Biological_Process_2023,Ceramide Metabolic Process (GO:0006672),3.5703244610015023e-05,0.0034800162540467583,0,0,14.996281913575146,153.56596061299808,CERS4;DEGS1;DEGS2;PLPP2;CERS2
GO_Biological_Process_2023,Sterol Biosynthetic Process (GO:0016126),3.944486657658665e-05,0.0036311191065224488,0,0,24.411962365591396,247.5521077561467,ACLY;SQLE;MSMO1;DHCR24
GO_Biological_Process_2023,Embryonic Skeletal System Morphogenesis (GO:0048704),4.550928993306157e-05,0.003851122924826463,0,0,23.434838709677418,234.29200471435902,TFAP2A;COL2A1;IRX5;SIX1
GO_Biological_Process_2023,Response To Organic Cyclic Compound (GO:0014070),4.6483076944193884e-05,0.003851122924826463,0,0,14.129943942696979,140.96628711709735,IGFBP5;ADORA2A;AQP3;CLU;ESR1
GO_Biological_Process_2023,Regulation Of Signal Transduction (GO:0009966),6.0103800461746105e-05,0.004742476065005395,0,0,6.444226657163222,62.634258119201114,UGCG;PTPN1;IGFBP5;AMFR;GATA3;CD24;CLU;CD55
GO_Biological_Process_2023,Apoptotic Mitochondrial Changes (GO:0008637),8.649210356926796e-05,0.006285363097781105,0,0,19.526344086021506,182.6778809854707,IFI6;BCL2;CLU;HK2
GO_Biological_Process_2023,Regulation Of Gene Expression (GO:0010468),8.724402610076367e-05,0.006285363097781105,0,0,2.812529905260136,26.288158647237108,TFAP2A;CRABP2;SIX1;ATXN7L3B;GATA3;AFF3;ASCL1;TOB1;ESR1;CLU;MLF2;PTBP1;CLDN3;TMEM98;KAT6B;BHLHE40;RBM20;SOX9;VSTM2A;SOX4
GO_Biological_Process_2023,Embryonic Cranial Skeleton Morphogenesis (GO:0048701),0.0001109825683101647,0.007662421487080955,0,0,39.80065717415115,362.43025328528176,TFAP2A;IRX5;SIX1
GO_Biological_Process_2023,Cellular Response To Estrogen Stimulus (GO:0071391),0.00013802307773623496,0.008796316915728512,0,0,36.48293172690763,324.263568132242,WBP2;SOX9;ESR1
GO_Biological_Process_2023,Coenzyme A Metabolic Process (GO:0015936),0.00013802307773623496,0.008796316915728512,0,0,36.48293172690763,324.263568132242,ACLY;DCAKD;COASY
GO_Biological_Process_2023,Rac Protein Signal Transduction (GO:0016601),0.00016901136543927262,0.010372290093810176,0,0,33.675625579240034,292.49114770548215,CYFIP1;NCKAP1;HACD3
GO_Biological_Process_2023,Ceramide Biosynthetic Process (GO:0046513),0.00018186761131191656,0.010762665426565919,0,0,15.829119442022668,136.32404180324332,CERS4;DEGS1;DEGS2;CERS2
GO_Biological_Process_2023,Fatty Acid Metabolic Process (GO:0006631),0.00019923174509153775,0.011277849211093796,0,0,7.684835630965005,65.48280611866342,ACLY;GPX4;MSMO1;ADIPOR1;SLC27A2;ACADSB
GO_Biological_Process_2023,Regulation Of Epithelial Cell Differentiation (GO:0030856),0.00020418556205963422,0.011277849211093796,0,0,31.26936316695353,265.67956127559563,GATA3;SOX9;CD24
GO_Biological_Process_2023,fatty-acyl-CoA Metabolic Process (GO:0035337),0.00024377837646819011,0.012722069288479108,0,0,29.183935742971887,242.78848773964128,SLC25A1;PPT1;SLC27A2
GO_Biological_Process_2023,Positive Regulation Of Transcription By RNA Polymerase II (GO:0045944),0.00024948379314889747,0.012722069288479108,0,0,2.833186787351593,23.50444794368567,TFAP2A;JUND;JUP;AUTS2;WBP2;IRX3;SIX1;GATA3;ASCL1;ZNF24;ESR1;PBX1;MUC1;TBL1XR1;SOX9;CGA;SOX4
GO_Biological_Process_2023,Regulation Of Cell Population Proliferation (GO:0042127),0.00025336649759795447,0.012722069288479108,0,0,3.058241588375728,25.324300109111476,TFAP2A;JUND;JUP;SIX1;GATA3;TOB1;ING1;CLU;SQLE;CLDN3;ERBB2;BCL2;SOX9;CGA;SOX4
GO_Biological_Process_2023,Epidermal Growth Factor Receptor Signaling Pathway (GO:0007173),0.0002618669993184657,0.012762165231491106,0,0,14.28324154209284,117.80351732121605,ERBB2;REPS2;GRB2;SOX9
GO_Biological_Process_2023,Regulation Of DNA-templated Transcription (GO:0006355),0.00027930880366944586,0.012898498761531603,0,0,2.226358257127488,18.218718336823517,CRABP2;WBP2;SIX1;GATA3;ASCL1;ZNF24;ING1;ZMYM2;TRPS1;BAHD1;SOX9;SOX4;TFAP2A;HEXIM1;JUND;IRX5;IRX3;WWP1;ESR1;PBX1;MLF2;TMEM98;TCIM;KAT6B;TBL1XR1;BHLHE40;PDCD4
GO_Biological_Process_2023,Release Of Cytochrome C From Mitochondria (GO:0001836),0.000288017172104206,0.012898498761531603,0,0,27.35918674698795,223.04550879069885,IFI6;BCL2;CLU
GO_Biological_Process_2023,Negative Regulation Of RNA Splicing (GO:0033119),0.000288017172104206,0.012898498761531603,0,0,27.35918674698795,223.04550879069885,PTBP1;RBM20;TMBIM6
GO_Biological_Process_2023,Unsaturated Fatty Acid Metabolic Process (GO:0033559),0.0003101265742383516,0.013231365910987192,0,0,13.61815453863466,110.01467052732282,GPX4;SCD;EPHX1;DEGS1
GO_Biological_Process_2023,Epidermis Development (GO:0008544),0.00031142019947404977,0.013231365910987192,0,0,9.177378542510121,74.10152643332286,DSP;UGCG;CALML5;SPINT1;CRABP2
GO_Biological_Process_2023,Cellular Response To Metal Ion (GO:0071248),0.0003319178940814012,0.013749698762322043,0,0,6.956404839638948,55.725136095240735,TFAP2A;SYT1;MT1G;CPNE3;CLU;FBP1
GO_Biological_Process_2023,Regulation Of Vesicle-Mediated Transport (GO:0060627),0.0003469163177198978,0.013756196829140373,0,0,8.953046311839637,71.32378957015374,RAB21;PTPN1;RAB5B;SYT1;RAB11A
GO_Biological_Process_2023,Positive Regulation Of DNA-templated Transcription (GO:0045893),0.0003486784953674687,0.013756196829140373,0,0,2.516396494443808,20.033939092185033,TFAP2A;JUND;JUP;AUTS2;WBP2;IRX3;SIX1;GATA3;ASCL1;ZNF24;ESR1;ING1;PBX1;TMEM98;KAT6B;TBL1XR1;ERBB2;SOX9;CGA;SOX4
GO_Biological_Process_2023,Regulation Of Cell Differentiation (GO:0045595),0.00039171285161394945,0.014508331131878905,0,0,5.585173745173745,43.8155847498087,TFAP2A;PTBP1;TRPS1;DAG1;SIX1;GATA3;CD24
GO_Biological_Process_2023,Amide Biosynthetic Process (GO:0043604),0.0003940101997191012,0.014508331131878905,0,0,12.728962131837307,99.78403679513413,CERS4;DEGS1;DEGS2;CERS2
GO_Biological_Process_2023,Steroid Biosynthetic Process (GO:0006694),0.0003940101997191012,0.014508331131878905,0,0,12.728962131837307,99.78403679513413,SQLE;MSMO1;PRLR;SLC27A2
GO_Biological_Process_2023,Bundle Of His cell-Purkinje Myocyte Adhesion Involved In Cell Communication (GO:0086073),0.00046574098864124935,0.01607776704538646,0,0,96.92266666666667,743.5791548600652,DSP;JUP
GO_Biological_Process_2023,Epithelial Tube Formation (GO:0072175),0.00046574098864124935,0.01607776704538646,0,0,96.92266666666667,743.5791548600652,GATA3;SOX9
GO_Biological_Process_2023,Positive Regulation Of Animal Organ Morphogenesis (GO:0110110),0.00046574098864124935,0.01607776704538646,0,0,96.92266666666667,743.5791548600652,SIX1;GATA3
GO_Biological_Process_2023,Actin Cytoskeleton Reorganization (GO:0031532),0.0004929585781484321,0.016670048244733712,0,0,11.948650427913101,90.98999351213534,PTPN1;CTTN;AUTS2;GRB2
GO_Biological_Process_2023,Positive Regulation Of Lamellipodium Assembly (GO:0010592),0.0005157965226409381,0.01709349676032069,0,0,21.884939759036143,165.66457773120118,CYFIP1;NCKAP1;AUTS2
GO_Biological_Process_2023,ERBB Signaling Pathway (GO:0038127),0.0005295392064898273,0.017204832650071448,0,0,11.709354838709677,88.329557467387,REPS2;CPNE3;GRB2;SOX9
GO_Biological_Process_2023,Negative Regulation Of Cell Differentiation (GO:0045596),0.0005623111423447793,0.017721698250004664,0,0,5.243219724437998,39.237400054224324,PTBP1;PDCD4;SOX9;GATA3;ASCL1;ADIPOR1;SOX4
GO_Biological_Process_2023,Secondary Alcohol Biosynthetic Process (GO:1902653),0.0005864937922006113,0.017721698250004664,0,0,20.842226047045322,155.09426699848797,ACLY;DHCR24;MSMO1
GO_Biological_Process_2023,Negative Regulation Of Intrinsic Apoptotic Signaling Pathway In Response To DNA Damage (GO:1902230),0.0005864937922006113,0.017721698250004664,0,0,20.842226047045322,155.09426699848797,MUC1;BCL2;CLU
GO_Biological_Process_2023,Regulation Of Transcription By RNA Polymerase II (GO:0006357),0.0006037824145697033,0.017721698250004664,0,0,2.11,15.639945964648929,WBP2;SIX1;GATA3;CXXC5;ASCL1;ZNF24;ING1;MUC1;CCND1;TRPS1;SOX9;CGA;SOX4;TFAP2A;HEXIM1;JUND;JUP;AUTS2;IRX5;IRX3;PCGF2;ESR1;PBX1;TMEM98;TBL1XR1;BHLHE40;FBP1
GO_Biological_Process_2023,Cholesterol Biosynthetic Process (GO:0006695),0.0006630931149669819,0.017721698250004664,0,0,19.894304490690033,145.59836001486062,ACLY;MSMO1;DHCR24
GO_Biological_Process_2023,Fatty Acid Derivative Biosynthetic Process (GO:1901570),0.0006630931149669819,0.017721698250004664,0,0,19.894304490690033,145.59836001486062,SLC25A1;PPT1;SLC27A2
GO_Biological_Process_2023,fatty-acyl-CoA Biosynthetic Process (GO:0046949),0.0006630931149669819,0.017721698250004664,0,0,19.894304490690033,145.59836001486062,SLC25A1;PPT1;SLC27A2
GO_Biological_Process_2023,Inner Ear Morphogenesis (GO:0042472),0.0006630931149669819,0.017721698250004664,0,0,19.894304490690033,145.59836001486062,TFAP2A;SIX1;SOX9
GO_Biological_Process_2023,Negative Regulation Of Response To Endoplasmic Reticulum Stress (GO:1903573),0.0006630931149669819,0.017721698250004664,0,0,19.894304490690033,145.59836001486062,PTPN1;TMBIM6;CLU
GO_Biological_Process_2023,Positive Regulation Of Peptidase Activity (GO:0010952),0.0006630931149669819,0.017721698250004664,0,0,19.894304490690033,145.59836001486062,CLDN4;CLDN3;PSME3
GO_Biological_Process_2023,Regulation Of Arp2/3 Complex-Mediated Actin Nucleation (GO:0034315),0.0006630931149669819,0.017721698250004664,0,0,19.894304490690033,145.59836001486062,CYFIP1;NCKAP1;WASHC5
GO_Biological_Process_2023,Glucose Metabolic Process (GO:0006006),0.0006952954850765021,0.0177283017884068,0,0,10.840800477897252,78.82534271876283,SLC25A1;G6PC3;FBP1;HK2
GO_Biological_Process_2023,Cardiac Muscle Cell-Cardiac Muscle Cell Adhesion (GO:0086042),0.0006954373061233809,0.0177283017884068,0,0,72.69,528.5267869718174,DSP;JUP
GO_Biological_Process_2023,Desmosome Organization (GO:0002934),0.0006954373061233809,0.0177283017884068,0,0,72.69,528.5267869718174,DSP;JUP
GO_Biological_Process_2023,Regulation Of Neuron Apoptotic Process (GO:0043523),0.0007854831165484736,0.019466374405234937,0,0,7.412178464810044,52.99123222031363,TFAP2A;BCL2;PPT1;SIX1;CLU
GO_Biological_Process_2023,Monoatomic Cation Transmembrane Transport (GO:0098655),0.0007871135094452269,0.019466374405234937,0,0,4.332672791689185,30.96621073836314,ATP6V0E1;ATP6AP1;ATP6AP2;SLC39A6;SLC39A11;ATP2A3;CLU;TMCO1
GO_Biological_Process_2023,Negative Regulation Of Intrinsic Apoptotic Signaling Pathway (GO:2001243),0.0008415462684084591,0.0202422750709374,0,0,10.269383135257499,72.7100008391457,PTPN1;BCL2;TMBIM6;CLU
GO_Biological_Process_2023,Inorganic Cation Transmembrane Transport (GO:0098662),0.0008429191188259992,0.0202422750709374,0,0,4.285222143026847,30.333542937959766,ATP6V0E1;ATP6AP1;ATP6AP2;SLC39A6;SLC39A11;ATP2A3;CLU;TMCO1
GO_Biological_Process_2023,Nervous System Development (GO:0007399),0.0008974445717921707,0.02113090219827504,0,0,3.5179781442168343,24.681991119132633,FARP1;NCKAP1;MARCKSL1;ADORA2A;ERBB2;APLP1;PPT1;WWP1;ASCL1;SOX4
GO_Biological_Process_2023,Positive Regulation Of Metabolic Process (GO:0009893),0.0009311715374303352,0.02113090219827504,0,0,7.123540741323061,49.715668445220615,MUC1;SCD;ADIPOR1;IGHA1;PRLR
GO_Biological_Process_2023,Fructose Metabolic Process (GO:0006000),0.0009691904448213053,0.02113090219827504,0,0,58.1504,403.5084998522249,ALDOC;FBP1
GO_Biological_Process_2023,Plasma Membrane To Endosome Transport (GO:0048227),0.0009691904448213053,0.02113090219827504,0,0,58.1504,403.5084998522249,RAB5B;RAB11A
GO_Biological_Process_2023,Positive Regulation Of Arp2/3 Complex-Mediated Actin Nucleation (GO:2000601),0.0009691904448213053,0.02113090219827504,0,0,58.1504,403.5084998522249,CYFIP1;NCKAP1
GO_Biological_Process_2023,Positive Regulation Of Epithelial Tube Formation (GO:1905278),0.0009691904448213053,0.02113090219827504,0,0,58.1504,403.5084998522249,SIX1;GATA3
GO_Biological_Process_2023,Regulation Of DNA-templated Transcription In Response To Stress (GO:0043620),0.0009691904448213053,0.02113090219827504,0,0,58.1504,403.5084998522249,MUC1;TCIM
GO_Biological_Process_2023,Apoptotic Process (GO:0006915),0.0009986669678960114,0.02147983497018855,0,0,4.735386631716907,32.71720863674239,NCKAP1;ADORA2A;IFI6;BCL2;DHCR24;MRPS30;HK2
GO_Biological_Process_2023,Response To Lipid (GO:0033993),0.0010111207771120742,0.02147983497018855,0,0,6.987468671679198,48.190446420981175,SCD;SOX9;ASCL1;AQP3;ESR1
GO_Biological_Process_2023,Vacuolar Acidification (GO:0007035),0.0010322798586541635,0.021651743364429734,0,0,16.831788693234476,115.73513445208401,ATP6V0E1;ATP6AP2;PPT1
GO_Biological_Process_2023,Positive Regulation Of Intracellular Signal Transduction (GO:1902533),0.0010630122036692504,0.02201764026849935,0,0,3.207460743633553,21.96035692840449,DDR1;HEXIM1;TCIM;GDF15;ERBB2;C18ORF32;PDCD4;GATA3;SOX9;CXXC5;TMEM9B
GO_Biological_Process_2023,Cholesterol Metabolic Process (GO:0008203),0.0011314626169070447,0.023146093286604608,0,0,9.439906347554631,64.0426292446793,ACLY;SQLE;MSMO1;DHCR24
GO_Biological_Process_2023,Sensory Organ Development (GO:0007423),0.0011968648840271765,0.023168961558579705,0,0,9.289810547875064,62.502307419158434,GATA3;ASCL1;SIPA1L3;PBX1
GO_Biological_Process_2023,Skin Development (GO:0043588),0.0011968648840271765,0.023168961558579705,0,0,9.289810547875064,62.502307419158434,DSP;UGCG;CSTA;DHCR24
GO_Biological_Process_2023,Generation Of Neurons (GO:0048699),0.0012393575574740881,0.023168961558579705,0,0,5.348706577974871,35.79976032521261,AUTS2;IRX5;IRX3;ERBB2;SIX1;ASCL1
GO_Biological_Process_2023,Regulation Of Gluconeogenesis (GO:0006111),0.0012570543121268425,0.023168961558579705,0,0,15.628657487091221,104.38355552592944,DDB1;ARPP19;FBP1
GO_Biological_Process_2023,Gluconeogenesis (GO:0006094),0.0012570543121268425,0.023168961558579705,0,0,15.628657487091221,104.38355552592944,SLC25A1;G6PC3;FBP1
GO_Biological_Process_2023,Positive Regulation Of Lamellipodium Organization (GO:1902745),0.0012570543121268425,0.023168961558579705,0,0,15.628657487091221,104.38355552592944,CYFIP1;NCKAP1;AUTS2
GO_Biological_Process_2023,Regulation Of Complement Activation (GO:0030449),0.001286387726849326,0.023168961558579705,0,0,48.45733333333333,322.5279984130624,CD59;CD55
GO_Biological_Process_2023,Bundle Of His Cell To Purkinje Myocyte Communication (GO:0086069),0.001286387726849326,0.023168961558579705,0,0,48.45733333333333,322.5279984130624,DSP;JUP
GO_Biological_Process_2023,"Fructose 1,6-Bisphosphate Metabolic Process (GO:0030388)",0.001286387726849326,0.023168961558579705,0,0,48.45733333333333,322.5279984130624,ALDOC;FBP1
GO_Biological_Process_2023,Unsaturated Fatty Acid Biosynthetic Process (GO:0006636),0.001286387726849326,0.023168961558579705,0,0,48.45733333333333,322.5279984130624,SCD;DEGS1
GO_Biological_Process_2023,Negative Regulation Of Transcription By Competitive Promoter Binding (GO:0010944),0.001286387726849326,0.023168961558579705,0,0,48.45733333333333,322.5279984130624,TFAP2A;MUC1
GO_Biological_Process_2023,Positive Regulation Of Cellular Biosynthetic Process (GO:0031328),0.0013545505308948792,0.02413430354508403,0,0,5.2527584204413476,34.69071675015216,DDB1;ERBB2;CIRBP;CLU;ARPP19;SOX4
GO_Biological_Process_2023,Intracellular pH Reduction (GO:0051452),0.0013800817987578212,0.024327612133422445,0,0,15.08932280847528,99.37243301127721,ATP6V0E1;ATP6AP2;RAB7A
GO_Biological_Process_2023,Kidney Development (GO:0001822),0.0014088963170936848,0.024574117867623535,0,0,8.86681329423265,58.21017383222334,TFAP2A;SIX1;GATA3;SOX4
GO_Biological_Process_2023,Protein Transport (GO:0015031),0.001471908204955411,0.025405748912615794,0,0,3.9134730213874716,25.520523131476207,ARF3;RAB21;RAB5B;CTTN;PPT1;COPG1;CLU;RAB7A
GO_Biological_Process_2023,Regulation Of Lamellipodium Assembly (GO:0010591),0.0015104176328041407,0.025801670284087228,0,0,14.585943775100402,94.74108832163533,CYFIP1;NCKAP1;AUTS2
GO_Biological_Process_2023,Receptor-Mediated Endocytosis (GO:0006898),0.001545085193255115,0.026118441241147244,0,0,6.322944297082228,40.926371248302054,CTTN;PPT1;ACKR3;CD9;GRB2
GO_Biological_Process_2023,Negative Regulation Of Neuron Apoptotic Process (GO:0043524),0.0016458103931955817,0.026118441241147244,0,0,8.480598410472183,54.35658527236413,BCL2;PPT1;SIX1;CLU
GO_Biological_Process_2023,Regulation Of Receptor Binding (GO:1900120),0.001646422752109439,0.026118441241147244,0,0,41.53371428571428,266.19582043425186,ATP2A3;PTPRF
GO_Biological_Process_2023,Muscle Cell Migration (GO:0014812),0.001646422752109439,0.026118441241147244,0,0,41.53371428571428,266.19582043425186,DDR1;SIX1
GO_Biological_Process_2023,Myelin Maintenance (GO:0043217),0.001646422752109439,0.026118441241147244,0,0,41.53371428571428,266.19582043425186,DEGS1;CLU
GO_Biological_Process_2023,Negative Regulation Of Receptor Binding (GO:1900121),0.001646422752109439,0.026118441241147244,0,0,41.53371428571428,266.19582043425186,ATP2A3;PTPRF
GO_Biological_Process_2023,Hexose Biosynthetic Process (GO:0019319),0.001648217547459804,0.026118441241147244,0,0,14.11504080839487,90.45004038988702,SLC25A1;G6PC3;FBP1
GO_Biological_Process_2023,Phosphate-Containing Compound Metabolic Process (GO:0006796),0.0016550611528789742,0.026118441241147244,0,0,5.041672473867596,32.28645367946551,G6PC3;GPX4;ALDOC;PLPP2;FBP1;HK2
GO_Biological_Process_2023,Positive Regulation Of Nucleic Acid-Templated Transcription (GO:1903508),0.0016787965376332237,0.026243074177908037,0,0,3.021053681134521,19.303560511774354,TFAP2A;TMEM98;KAT6B;WBP2;TBL1XR1;SIX1;GATA3;SOX9;ESR1;ING1;SOX4
GO_Biological_Process_2023,Positive Regulation Of Gene Expression (GO:0010628),0.0017586757742740669,0.02723482016796382,0,0,3.2027917105474537,20.315929655171445,TFAP2A;CLDN3;WBP2;ERBB2;CIRBP;RBM20;SOX9;VSTM2A;CLU;SOX4
GO_Biological_Process_2023,Endocytosis (GO:0006897),0.002003718296597619,0.02926455334852869,0,0,4.846823907799518,30.112108510606475,RAB5B;ADORA2A;CTTN;PPT1;REPS2;RAB7A
GO_Biological_Process_2023,Vesicle-Mediated Transport (GO:0016192),0.002012816526176426,0.02926455334852869,0,0,3.3885590425030627,21.036920970867776,ARF3;SNAP25;WASHC5;RAB5B;GDI1;REPS2;RAB11A;EXOC2;RAB7A
GO_Biological_Process_2023,Regulation Of Mitochondrial Depolarization (GO:0051900),0.0020486953460647724,0.02926455334852869,0,0,36.341,224.97085404724416,BCL2;IFI6
GO_Biological_Process_2023,Cellular Response To Increased Oxygen Levels (GO:0036295),0.0020486953460647724,0.02926455334852869,0,0,36.341,224.97085404724416,ATP6V1G1;ATP6AP1
GO_Biological_Process_2023,Coenzyme A Biosynthetic Process (GO:0015937),0.0020486953460647724,0.02926455334852869,0,0,36.341,224.97085404724416,DCAKD;COASY
GO_Biological_Process_2023,Ribonucleoside Bisphosphate Biosynthetic Process (GO:0034030),0.0020486953460647724,0.02926455334852869,0,0,36.341,224.97085404724416,DCAKD;COASY
GO_Biological_Process_2023,Diol Metabolic Process (GO:0034311),0.0020486953460647724,0.02926455334852869,0,0,36.341,224.97085404724416,DEGS2;PLPP2
GO_Biological_Process_2023,Positive Regulation Of Actin Nucleation (GO:0051127),0.0020486953460647724,0.02926455334852869,0,0,36.341,224.97085404724416,CYFIP1;NCKAP1
GO_Biological_Process_2023,Purine Nucleoside Bisphosphate Biosynthetic Process (GO:0034033),0.0020486953460647724,0.02926455334852869,0,0,36.341,224.97085404724416,DCAKD;COASY
GO_Biological_Process_2023,Negative Regulation Of Cell Motility (GO:2000146),0.002188469063795021,0.030993959305199572,0,0,5.819516740569372,35.64193892870157,CLDN3;IGFBP5;DAG1;GATA3;ING1
GO_Biological_Process_2023,G2/M Transition Of Mitotic Cell Cycle (GO:0000086),0.002277025544551751,0.031974841756968235,0,0,12.50051635111876,76.06420785546214,ARPP19;LCMT1;FBXL7
GO_Biological_Process_2023,Negative Regulation Of Apoptotic Signaling Pathway (GO:2001234),0.002303573262483952,0.03207580584820091,0,0,7.698005093378608,46.752246369185364,PSME3;BCL2;TMBIM6;CLU
GO_Biological_Process_2023,Positive Regulation Of Protein Metabolic Process (GO:0051247),0.0023444697752100364,0.03226763487072201,0,0,4.691359626362221,28.409447776948443,DDB1;ERBB2;CIRBP;CLU;SOX4;RAB7A
GO_Biological_Process_2023,Regulation Of Receptor-Mediated Endocytosis (GO:0048259),0.002454335589598652,0.03226763487072201,0,0,12.152945113788487,73.03797499505188,RAB21;PPT1;CLU
GO_Biological_Process_2023,Negative Regulation Of Signal Transduction (GO:0009968),0.0024769501493139656,0.03226763487072201,0,0,4.012451361867704,24.07762624293342,PTPN1;IGFBP5;TCIM;GDF15;BCL2;TMBIM6;GATA3
GO_Biological_Process_2023,Regulation Of Ventricular Cardiac Muscle Cell Action Potential (GO:0098911),0.0024926115047992866,0.03226763487072201,0,0,32.30222222222222,193.63322651126177,DSP;JUP
GO_Biological_Process_2023,Sphingoid Metabolic Process (GO:0046519),0.0024926115047992866,0.03226763487072201,0,0,32.30222222222222,193.63322651126177,DEGS2;PLPP2
GO_Biological_Process_2023,Epithelial Cell-Cell Adhesion (GO:0090136),0.0024926115047992866,0.03226763487072201,0,0,32.30222222222222,193.63322651126177,DSP;JUP
GO_Biological_Process_2023,Negative Regulation Of RNA Metabolic Process (GO:0051253),0.0024926115047992866,0.03226763487072201,0,0,32.30222222222222,193.63322651126177,PTBP1;TMBIM6
GO_Biological_Process_2023,Negative Regulation Of Intrinsic Apoptotic Signaling Pathway In Response To DNA Damage By P53 Class Mediator (GO:1902166),0.0024926115047992866,0.03226763487072201,0,0,32.30222222222222,193.63322651126177,MUC1;BCL2
GO_Biological_Process_2023,Positive Regulation Of Branching Involved In Ureteric Bud Morphogenesis (GO:0090190),0.0024926115047992866,0.03226763487072201,0,0,32.30222222222222,193.63322651126177,SIX1;SOX9
GO_Biological_Process_2023,Organic Substance Transport (GO:0071702),0.002530364298983034,0.03250243134430145,0,0,4.6172902566722005,27.608588398947635,PPT1;ATP2A3;SLC50A1;AQP3;CLU;RAB7A
GO_Biological_Process_2023,Vascular Transport (GO:0010232),0.0026339188369723992,0.0328902939402437,0,0,7.405063291139241,43.98076274046324,SLC7A8;ABCC5;ATP2A3;SLC7A2
GO_Biological_Process_2023,Positive Regulation Of Canonical Wnt Signaling Pathway (GO:0090263),0.0026339188369723992,0.0328902939402437,0,0,7.405063291139241,43.98076274046324,JUP;TBL1XR1;ATP6AP2;SOX4
GO_Biological_Process_2023,Regulation Of Heart Rate By Cardiac Conduction (GO:0086091),0.002639957208239235,0.0328902939402437,0,0,11.8241615109085,70.19995904804254,DSP;JUP;KCNE4
GO_Biological_Process_2023,Cell Cycle G2/M Phase Transition (GO:0044839),0.002639957208239235,0.0328902939402437,0,0,11.8241615109085,70.19995904804254,ARPP19;LCMT1;FBXL7
GO_Biological_Process_2023,Regulation Of MAPK Cascade (GO:0043408),0.002795185726247326,0.03376988980655696,0,0,4.522076297686054,26.589160730456776,GDF15;ATP6AP2;ERBB2;DAG1;GRB2;CD24
GO_Biological_Process_2023,Keratinocyte Differentiation (GO:0030216),0.002834017730101519,0.03376988980655696,0,0,11.51268230818009,67.53408381672767,DSP;UGCG;CSTA
GO_Biological_Process_2023,Positive Regulation Of Viral Process (GO:0048524),0.002834017730101519,0.03376988980655696,0,0,11.51268230818009,67.53408381672767,DDB1;HACD3;RAB7A
GO_Biological_Process_2023,Positive Regulation Of Cell Migration (GO:0030335),0.0028636083154541096,0.03376988980655696,0,0,3.9053030303030303,22.86817673264705,CLDN4;CLDN3;MIEN1;CPNE3;SOX9;CGA;RAB11A
GO_Biological_Process_2023,Regulation Of Canonical Wnt Signaling Pathway (GO:0060828),0.002864516410226294,0.03376988980655696,0,0,4.498880039820806,26.34254304361205,JUP;TBL1XR1;AMFR;ATP6AP2;SOX9;SOX4
GO_Biological_Process_2023,Transport Across Blood-Brain Barrier (GO:0150104),0.0028713457243357663,0.03376988980655696,0,0,7.221823974512146,42.26915131794992,SLC7A8;ABCC5;ATP2A3;SLC7A2
GO_Biological_Process_2023,Positive Regulation Of Amide Metabolic Process (GO:0034250),0.0028713457243357663,0.03376988980655696,0,0,7.221823974512146,42.26915131794992,ERBB2;CIRBP;CLU;SOX4
GO_Biological_Process_2023,Regulation Of Intrinsic Apoptotic Signaling Pathway In Response To DNA Damage By P53 Class Mediator (GO:1902165),0.0029775833389820926,0.03376988980655696,0,0,29.0712,169.0967997594238,MUC1;BCL2
GO_Biological_Process_2023,Cardiac Right Ventricle Morphogenesis (GO:0003215),0.0029775833389820926,0.03376988980655696,0,0,29.0712,169.0967997594238,GATA3;SOX4
GO_Biological_Process_2023,Response To Iron Ion (GO:0010039),0.0029775833389820926,0.03376988980655696,0,0,29.0712,169.0967997594238,TFAP2A;BCL2
GO_Biological_Process_2023,Epithelial Cell Morphogenesis (GO:0003382),0.0029775833389820926,0.03376988980655696,0,0,29.0712,169.0967997594238,CLDN3;SIPA1L3
GO_Biological_Process_2023,Negative Regulation Of Complement Activation (GO:0045916),0.0029775833389820926,0.03376988980655696,0,0,29.0712,169.0967997594238,CD59;CD55
GO_Biological_Process_2023,Negative Regulation Of Neuron Death (GO:1901215),0.0029953725065218983,0.03376988980655696,0,0,7.133556254917388,41.45086030444978,BCL2;PPT1;SIX1;CLU
GO_Biological_Process_2023,Ras Protein Signal Transduction (GO:0007265),0.0030079856645385946,0.03376988980655696,0,0,5.390122648249584,31.297664357685505,CYFIP1;NCKAP1;GDI1;GRB2;HACD3
GO_Biological_Process_2023,Intracellular Steroid Hormone Receptor Signaling Pathway (GO:0030518),0.0030366406645606437,0.03376988980655696,0,0,11.217176397899289,65.02600993158778,WBP2;SCGB2A2;ESR1
GO_Biological_Process_2023,Organic Hydroxy Compound Biosynthetic Process (GO:1901617),0.0030366406645606437,0.03376988980655696,0,0,11.217176397899289,65.02600993158778,SQLE;MSMO1;SLC27A2
GO_Biological_Process_2023,Positive Regulation Of Receptor-Mediated Endocytosis (GO:0048260),0.0032479457602918264,0.035711169424049095,0,0,10.93644578313253,62.662909453164666,RAB21;PPT1;CLU
GO_Biological_Process_2023,Positive Regulation Of Plasma Membrane Bounded Cell Projection Assembly (GO:0120034),0.003254306930012923,0.035711169424049095,0,0,6.963325652841782,39.88436921138232,CYFIP1;NCKAP1;MIEN1;AUTS2
GO_Biological_Process_2023,Negative Regulation Of Protein Metabolic Process (GO:0051248),0.003390754251845882,0.03672209016541586,0,0,5.235540775014459,29.772964851630736,CSTA;IGFBP5;CAPRIN1;CLU;TOB1
GO_Biological_Process_2023,Neuron Projection Morphogenesis (GO:0048812),0.003390754251845882,0.03672209016541586,0,0,5.235540775014459,29.772964851630736,NCKAP1;FARP1;ALCAM;CTTN;APLP1
GO_Biological_Process_2023,ERBB2 Signaling Pathway (GO:0038128),0.003503029023940518,0.03673746261183189,0,0,26.427636363636363,149.42521889950953,ERBB2;CPNE3
GO_Biological_Process_2023,Regulation Of Humoral Immune Response (GO:0002920),0.003503029023940518,0.03673746261183189,0,0,26.427636363636363,149.42521889950953,CD59;CD55
GO_Biological_Process_2023,Regulation Of Immune Effector Process (GO:0002697),0.003503029023940518,0.03673746261183189,0,0,26.427636363636363,149.42521889950953,CD59;CD55
GO_Biological_Process_2023,Negative Regulation Of Myoblast Differentiation (GO:0045662),0.003503029023940518,0.03673746261183189,0,0,26.427636363636363,149.42521889950953,SOX9;SOX4
GO_Biological_Process_2023,Positive Regulation Of Brown Fat Cell Differentiation (GO:0090336),0.003503029023940518,0.03673746261183189,0,0,26.427636363636363,149.42521889950953,SIX1;VSTM2A
GO_Biological_Process_2023,Neuron Development (GO:0048666),0.003594724430630417,0.037462002399714464,0,0,5.161515652620174,29.05049632173837,UGCG;PPT1;ASCL1;PBX1;RAB11A
GO_Biological_Process_2023,Lymphocyte Differentiation (GO:0030098),0.0036706631815311423,0.037583026505519035,0,0,6.7226548016314425,37.69649977778144,TPD52;GATA3;SOX4;PBX1
GO_Biological_Process_2023,B Cell Receptor Signaling Pathway (GO:0050853),0.003697062957392639,0.037583026505519035,0,0,10.41508892713712,58.326753586251634,BCL2;IGLC1;IGHA1
GO_Biological_Process_2023,Cardiac Conduction (GO:0061337),0.003697062957392639,0.037583026505519035,0,0,10.41508892713712,58.326753586251634,DSP;JUP;KCNE4
GO_Biological_Process_2023,Hexose Metabolic Process (GO:0019318),0.003697062957392639,0.037583026505519035,0,0,10.41508892713712,58.326753586251634,ALDOC;FBP1;HK2
GO_Biological_Process_2023,Negative Regulation Of Amide Metabolic Process (GO:0034249),0.0038171013502467524,0.038332951135508296,0,0,6.646077712609971,37.00711495756269,IGFBP5;CAPRIN1;CLU;TOB1
GO_Biological_Process_2023,Positive Regulation Of Cellular Component Biogenesis (GO:0044089),0.0038171013502467524,0.038332951135508296,0,0,6.646077712609971,37.00711495756269,CLDN3;SDC1;CLU;RAB7A
GO_Biological_Process_2023,Ubiquitin-Dependent Protein Catabolic Process (GO:0006511),0.003873826980574733,0.038668260884411644,0,0,3.3243130916647425,18.4616138985679,DDB1;PSMD11;TBL1XR1;AMFR;WWP1;UBA1;FBXL7;SKP1
GO_Biological_Process_2023,Negative Regulation Of Cellular Process (GO:0048523),0.0039061949328808064,0.03875787427415268,0,0,2.8527524323635727,15.819058658681863,TFAP2A;CLDN3;TMEM98;PPT1;GATA3;TOB1;FBP1;ING1;CLU;SOX4
GO_Biological_Process_2023,Membrane Raft Organization (GO:0031579),0.004068372738803896,0.039422769755544186,0,0,24.224666666666668,133.34497267349582,COLEC12;PPT1
GO_Biological_Process_2023,"Negative Regulation Of mRNA Splicing, Via Spliceosome (GO:0048025)",0.004068372738803896,0.039422769755544186,0,0,24.224666666666668,133.34497267349582,PTBP1;RBM20
GO_Biological_Process_2023,Positive Regulation Of Exosomal Secretion (GO:1903543),0.004068372738803896,0.039422769755544186,0,0,24.224666666666668,133.34497267349582,SDC1;RAB7A
GO_Biological_Process_2023,Regulation Of Branching Involved In Ureteric Bud Morphogenesis (GO:0090189),0.004068372738803896,0.039422769755544186,0,0,24.224666666666668,133.34497267349582,SIX1;SOX9
GO_Biological_Process_2023,Epithelium Development (GO:0060429),0.004259395630480483,0.041033828835500934,0,0,4.951444359339096,27.02809281807605,SPINT1;DAG1;SIX1;ALDOC;SOX9
GO_Biological_Process_2023,Cellular Response To Growth Factor Stimulus (GO:0071363),0.004378131723590403,0.04193389749126762,0,0,4.918077330652393,26.7107330348521,ERBB2;MT1G;CPNE3;SOX9;VSTM2A
GO_Biological_Process_2023,Neurogenesis (GO:0022008),0.004438638589315362,0.04226910426721583,0,0,9.719946452476574,52.656911526485636,ERBB2;SIX1;ASCL1
GO_Biological_Process_2023,Negative Regulation Of Cell Population Proliferation (GO:0008285),0.004552700122588067,0.04301797185620595,0,0,3.2323377498315744,17.428877595259078,TFAP2A;CLDN3;IGFBP5;GATA3;SOX9;TOB1;ING1;SOX4
GO_Biological_Process_2023,Sympathetic Nervous System Development (GO:0048485),0.0046730446192619615,0.04301797185620595,0,0,22.360615384615386,119.98582040173467,GATA3;SOX4
GO_Biological_Process_2023,Negative Regulation Of Endoplasmic Reticulum Stress-Induced Intrinsic Apoptotic Signaling Pathway (GO:1902236),0.0046730446192619615,0.04301797185620595,0,0,22.360615384615386,119.98582040173467,PTPN1;TMBIM6
GO_Biological_Process_2023,Negative Regulation Of Intrinsic Apoptotic Signaling Pathway By P53 Class Mediator (GO:1902254),0.0046730446192619615,0.04301797185620595,0,0,22.360615384615386,119.98582040173467,MUC1;BCL2
GO_Biological_Process_2023,Negative Regulation Of mRNA Processing (GO:0050686),0.0046730446192619615,0.04301797185620595,0,0,22.360615384615386,119.98582040173467,PTBP1;RBM20
GO_Biological_Process_2023,Positive Regulation Of Glucose Metabolic Process (GO:0010907),0.0046730446192619615,0.04301797185620595,0,0,22.360615384615386,119.98582040173467,DDB1;ARPP19
GO_Biological_Process_2023,Proton Transmembrane Transport (GO:1902600),0.004704347753111568,0.04306687418180038,0,0,9.508381351492929,50.95796527816654,ATP6V0E1;ATP6AP1;ATP6AP2
GO_Biological_Process_2023,Positive Regulation Of Cold-Induced Thermogenesis (GO:0120162),0.004779473474550942,0.043514217293026985,0,0,6.220830473575841,33.24054039092592,MUC1;SCD;ADIPOR1;PRLR
GO_Biological_Process_2023,Regulation Of Cell Development (GO:0060284),0.004979476661943644,0.04508739250732578,0,0,9.305819020763908,49.343458430377304,KAT6B;BHLHE40;ASCL1
GO_Biological_Process_2023,Negative Regulation Of Cell Migration (GO:0030336),0.005140560265123481,0.04629298021363917,0,0,4.726916546950503,24.913654230399544,CLDN3;IGFBP5;DAG1;ADIPOR1;ING1
GO_Biological_Process_2023,Endosome Organization (GO:0007032),0.005264116953493559,0.04711032216181679,0,0,9.111696787148594,47.80763218766003,WASHC5;ATP6AP1;ATP6AP2
GO_Biological_Process_2023,Autonomic Nervous System Development (GO:0048483),0.00531648069829525,0.04711032216181679,0,0,20.762857142857143,108.7339142697301,GATA3;SOX4
GO_Biological_Process_2023,Protein Catabolic Process (GO:0030163),0.005316614510718009,0.04711032216181679,0,0,6.027934818756235,31.567803660672567,DDB1;PPT1;CTSF;RAB7A
GO_Biological_Process_2023,Regulation Of RNA Splicing (GO:0043484),0.005504257497165554,0.04822092952963076,0,0,5.966260697827518,31.037880650307713,PTBP1;TMEM98;RBM20;TMBIM6
GO_Biological_Process_2023,Gonad Development (GO:0008406),0.005558356994664741,0.04822092952963076,0,0,8.925497910007376,46.345225890768404,IRX5;SOX9;GATA3
GO_Biological_Process_2023,Negative Regulation Of Cysteine-Type Endopeptidase Activity (GO:2000117),0.005558356994664741,0.04822092952963076,0,0,8.925497910007376,46.345225890768404,CST1;IFI6;DHCR24
GO_Biological_Process_2023,Negative Regulation Of Response To Stimulus (GO:0048585),0.005558356994664741,0.04822092952963076,0,0,8.925497910007376,46.345225890768404,FCRLB;PTPN1;CLU
GO_Biological_Process_2023,Cellular Response To Organonitrogen Compound (GO:0071417),0.005696273047244247,0.04916002312126936,0,0,5.905832518735744,30.521006824562797,IGFBP5;JUP;SOX9;CLU
GO_Biological_Process_2023,Epidermal Cell Differentiation (GO:0009913),0.0058622819262470005,0.0496944478671076,0,0,8.746746987951807,44.95142507716723,DSP;UGCG;CSTA
GO_Biological_Process_2023,Intrinsic Apoptotic Signaling Pathway (GO:0097193),0.005892705221909037,0.0496944478671076,0,0,5.8466129032258065,30.016745071616498,BCL2;ATP2A3;IFI6;CD24
GO_Biological_Process_2023,Cellular Response To Unfolded Protein (GO:0034620),0.005998122856621315,0.0496944478671076,0,0,19.378133333333334,99.14451247186248,PTPN1;TMBIM6
GO_Biological_Process_2023,Extracellular Matrix Assembly (GO:0085029),0.005998122856621315,0.0496944478671076,0,0,19.378133333333334,99.14451247186248,QSOX1;MLF2
GO_Biological_Process_2023,Glucose 6-Phosphate Metabolic Process (GO:0051156),0.005998122856621315,0.0496944478671076,0,0,19.378133333333334,99.14451247186248,G6PC3;HK2
GO_Biological_Process_2023,Maintenance Of Protein Localization In Organelle (GO:0072595),0.005998122856621315,0.0496944478671076,0,0,19.378133333333334,99.14451247186248,HK2;SKP1
GO_Biological_Process_2023,Regulation Of Brown Fat Cell Differentiation (GO:0090335),0.005998122856621315,0.0496944478671076,0,0,19.378133333333334,99.14451247186248,SIX1;VSTM2A
GO_Biological_Process_2023,Regulation Of Cartilage Development (GO:0061035),0.005998122856621315,0.0496944478671076,0,0,19.378133333333334,99.14451247186248,TRPS1;SOX9
GO_Biological_Process_2023,Response To Calcium Ion (GO:0051592),0.006298993382922416,0.05192752256468878,0,0,5.731657179000632,29.04440149614364,SYT1;CPNE3;AQP3;CLU
GO_Biological_Process_2023,Proteasome-Mediated Ubiquitin-Dependent Protein Catabolic Process (GO:0043161),0.006342980077130398,0.05203127716735183,0,0,3.35430432759423,16.974143681481216,DDB1;PSMD11;TBL1XR1;AMFR;WWP1;FBXL7;SKP1
GO_Biological_Process_2023,Positive Regulation Of Wnt Signaling Pathway (GO:0030177),0.006508935159842917,0.0531295840387178,0,0,5.675853429376762,28.57553478733983,JUP;TBL1XR1;ATP6AP2;SOX4
GO_Biological_Process_2023,Regulation Of Exosomal Secretion (GO:1903541),0.006717418764924938,0.053257238724787666,0,0,18.1665,90.88793163400562,SDC1;RAB7A
GO_Biological_Process_2023,T-helper Cell Differentiation (GO:0042093),0.006717418764924938,0.053257238724787666,0,0,18.1665,90.88793163400562,TMEM98;GATA3
GO_Biological_Process_2023,Epithelial Cell Development (GO:0002064),0.006717418764924938,0.053257238724787666,0,0,18.1665,90.88793163400562,CLDN3;SIPA1L3
GO_Biological_Process_2023,Ureteric Bud Morphogenesis (GO:0060675),0.006717418764924938,0.053257238724787666,0,0,18.1665,90.88793163400562,SIX1;GATA3
GO_Biological_Process_2023,Lysosomal Lumen Acidification (GO:0007042),0.006717418764924938,0.053257238724787666,0,0,18.1665,90.88793163400562,ATP6AP2;PPT1
GO_Biological_Process_2023,Maintenance Of Gastrointestinal Epithelium (GO:0030277),0.006717418764924938,0.053257238724787666,0,0,18.1665,90.88793163400562,TFF3;SOX9
GO_Biological_Process_2023,Chromatin Organization (GO:0006325),0.007114228423910965,0.05582785678153126,0,0,3.7006558721049396,18.30218015799047,COPRS;KAT6B;PCGF2;SOX9;ESR1;SKP1
GO_Biological_Process_2023,Mitotic Cell Cycle Phase Transition (GO:0044772),0.0071664559622570964,0.05582785678153126,0,0,5.5147595861229455,27.23378009867081,CCND1;ARPP19;LCMT1;FBXL7
GO_Biological_Process_2023,Regulation Of Multicellular Organismal Development (GO:2000026),0.007176423352122002,0.05582785678153126,0,0,8.097947344935296,39.97919483534419,KAT6B;GATA3;CD24
GO_Biological_Process_2023,Renal System Development (GO:0072001),0.007176423352122002,0.05582785678153126,0,0,8.097947344935296,39.97919483534419,TFAP2A;SIX1;GATA3
GO_Biological_Process_2023,Intracellular Protein Transport (GO:0006886),0.007356778120141363,0.05696346422931887,0,0,3.2579566003616636,16.00351677265012,ARF3;RAB21;RAB5B;ATP6AP1;CTTN;CACNG4;RAB7A
GO_Biological_Process_2023,Extracellular Matrix Organization (GO:0030198),0.007449967761227597,0.057069690283128215,0,0,4.308049535603715,21.10748503453329,MMP11;COL2A1;SPINT1;APLP1;QSOX1
GO_Biological_Process_2023,Response To Fatty Acid (GO:0070542),0.00747382184154425,0.057069690283128215,0,0,17.097411764705882,83.71489132587423,SCD;SOX9
GO_Biological_Process_2023,Establishment Of Skin Barrier (GO:0061436),0.00747382184154425,0.057069690283128215,0,0,17.097411764705882,83.71489132587423,UGCG;CLDN4
GO_Biological_Process_2023,Response To Endoplasmic Reticulum Stress (GO:0034976),0.007628293541444813,0.057982029349422266,0,0,5.412335722819594,26.38995963461564,PDIA3;BCL2;ATP2A3;TMCO1
GO_Biological_Process_2023,Regulation Of miRNA Transcription (GO:1902893),0.007893588495422993,0.059453073349617726,0,0,7.808304647160069,37.805503215613754,SOX9;GATA3;ESR1
GO_Biological_Process_2023,Response To Retinoic Acid (GO:0032526),0.007893588495422993,0.059453073349617726,0,0,7.808304647160069,37.805503215613754,SOX9;ASCL1;AQP3
GO_Biological_Process_2023,Response To Ketone (GO:1901654),0.008266791184643954,0.06142633629127817,0,0,16.147111111111112,77.43361426649855,WBP2;ABHD2
GO_Biological_Process_2023,Endoplasmic Reticulum Calcium Ion Homeostasis (GO:0032469),0.008266791184643954,0.06142633629127817,0,0,16.147111111111112,77.43361426649855,BCL2;TMCO1
GO_Biological_Process_2023,Negative Regulation Of miRNA Transcription (GO:1902894),0.008266791184643954,0.06142633629127817,0,0,16.147111111111112,77.43361426649855,SOX9;ESR1
GO_Biological_Process_2023,Negative Regulation Of Gene Expression (GO:0010629),0.008618810646900532,0.06375611268711688,0,0,3.157142857142857,15.008451539157734,PTBP1;CLDN3;IGFBP5;CAPRIN1;TMBIM6;TOB1;ESR1
GO_Biological_Process_2023,Protein Ubiquitination (GO:0016567),0.0087992477817797,0.06480157144181761,0,0,2.873970411835266,13.602757858963706,DDB1;AMFR;BCL2;WWP1;UBA1;FBXO32;FBXL7;SKP1
GO_Biological_Process_2023,Positive Regulation Of Protein Serine/Threonine Kinase Activity (GO:0071902),0.008867420122915711,0.06501466877730679,0,0,5.172138167285184,24.440273664978985,CCND1;TCIM;ERBB2;CD24
GO_Biological_Process_2023,Skin Epidermis Development (GO:0098773),0.009095791535830896,0.06524556958818958,0,0,15.296842105263158,71.8942927209643,UGCG;CLDN4
GO_Biological_Process_2023,Zinc Ion Transmembrane Transport (GO:0071577),0.009095791535830896,0.06524556958818958,0,0,15.296842105263158,71.8942927209643,SLC39A11;SLC39A6
GO_Biological_Process_2023,Negative Regulation Of miRNA Metabolic Process (GO:2000629),0.009095791535830896,0.06524556958818958,0,0,15.296842105263158,71.8942927209643,SOX9;ESR1
GO_Biological_Process_2023,Positive Regulation Of G2/M Transition Of Mitotic Cell Cycle (GO:0010971),0.009095791535830896,0.06524556958818958,0,0,15.296842105263158,71.8942927209643,CCND1;RAB11A
GO_Biological_Process_2023,Positive Regulation Of T Cell Cytokine Production (GO:0002726),0.009095791535830896,0.06524556958818958,0,0,15.296842105263158,71.8942927209643,IL1R1;CD55
GO_Biological_Process_2023,Negative Regulation Of Growth (GO:0045926),0.009948171949797498,0.0696803862587628,0,0,4.994761510890543,23.02768098711172,PPT1;MT1G;ING1;FBP1
GO_Biological_Process_2023,Cellular Response To Topologically Incorrect Protein (GO:0035967),0.00996029321693798,0.0696803862587628,0,0,14.5316,66.97830624240709,PTPN1;TMBIM6
GO_Biological_Process_2023,Membrane Protein Ectodomain Proteolysis (GO:0006509),0.00996029321693798,0.0696803862587628,0,0,14.5316,66.97830624240709,APH1A;DAG1
GO_Biological_Process_2023,Negative Regulation Of Extrinsic Apoptotic Signaling Pathway In Absence Of Ligand (GO:2001240),0.00996029321693798,0.0696803862587628,0,0,14.5316,66.97830624240709,IFI6;BCL2
GO_Biological_Process_2023,Negative Regulation Of Signal Transduction In Absence Of Ligand (GO:1901099),0.00996029321693798,0.0696803862587628,0,0,14.5316,66.97830624240709,IFI6;BCL2
GO_Biological_Process_2023,Protein Localization To Membrane (GO:0072657),0.00996635578957561,0.0696803862587628,0,0,4.000575208513086,18.43681198928744,ANO1;TM9SF1;JUP;BSG;RAB11A
GO_Biological_Process_2023,Regulation Of Cell Migration (GO:0030334),0.010182842522625798,0.07089483218483592,0,0,2.798021883883026,12.834669306133991,CLDN4;CLDN3;MIEN1;IGFBP5;DAG1;CPNE3;CGA;ING1
GO_Biological_Process_2023,Cellular Response To BMP Stimulus (GO:0071773),0.01029160877083637,0.07135228340282788,0,0,7.051496307811893,32.270653850047346,PDCD4;SOX9;VSTM2A
GO_Biological_Process_2023,Regulation Of Endopeptidase Activity (GO:0052548),0.010727807396431756,0.07255904173236513,0,0,6.939376553834385,31.469490364380146,APH1A;PSME3;SERPINB6
GO_Biological_Process_2023,Aerobic Electron Transport Chain (GO:0019646),0.010727807396431756,0.07255904173236513,0,0,6.939376553834385,31.469490364380146,NDUFA7;SDHC;COX6C
GO_Biological_Process_2023,Peptidyl-Tyrosine Phosphorylation (GO:0018108),0.010727807396431756,0.07255904173236513,0,0,6.939376553834385,31.469490364380146,DDR1;ERBB2;PRLR
GO_Biological_Process_2023,Regulation Of Anatomical Structure Morphogenesis (GO:0022603),0.010812431141534806,0.07255904173236513,0,0,4.869489247311828,22.044464027577533,CLDN4;CLDN3;ERBB2;DAG1
GO_Biological_Process_2023,Axon Extension (GO:0048675),0.010859772087885668,0.07255904173236513,0,0,13.839238095238095,62.59058306392439,CYFIP1;AUTS2
GO_Biological_Process_2023,Response To BMP (GO:0071772),0.010859772087885668,0.07255904173236513,0,0,13.839238095238095,62.59058306392439,SOX9;VSTM2A
GO_Biological_Process_2023,Zinc Ion Transport (GO:0006829),0.010859772087885668,0.07255904173236513,0,0,13.839238095238095,62.59058306392439,SLC39A11;SLC39A6
GO_Biological_Process_2023,Negative Regulation Of Epidermal Growth Factor Receptor Signaling Pathway (GO:0042059),0.010859772087885668,0.07255904173236513,0,0,13.839238095238095,62.59058306392439,GPRC5A;RAB7A
GO_Biological_Process_2023,Positive Regulation Of Morphogenesis Of An Epithelium (GO:1905332),0.010859772087885668,0.07255904173236513,0,0,13.839238095238095,62.59058306392439,SIX1;SOX9
GO_Biological_Process_2023,Mitochondrial ATP Synthesis Coupled Electron Transport (GO:0042775),0.011174571526483306,0.07436251011800336,0,0,6.830760542168675,30.698219871308687,NDUFA7;SDHC;COX6C
GO_Biological_Process_2023,Regulation Of Endoplasmic Reticulum Stress-Induced Intrinsic Apoptotic Signaling Pathway (GO:1902235),0.01179370949056839,0.0763366274448118,0,0,13.209818181818182,58.65408916726254,PTPN1;TMBIM6
GO_Biological_Process_2023,Regulation Of Lysosomal Lumen pH (GO:0035751),0.01179370949056839,0.0763366274448118,0,0,13.209818181818182,58.65408916726254,ATP6AP2;PPT1
GO_Biological_Process_2023,Cell Morphogenesis Involved In Differentiation (GO:0000904),0.01179370949056839,0.0763366274448118,0,0,13.209818181818182,58.65408916726254,CLDN3;SIPA1L3
GO_Biological_Process_2023,Response To Purine-Containing Compound (GO:0014074),0.01179370949056839,0.0763366274448118,0,0,13.209818181818182,58.65408916726254,ADORA2A;CLU
GO_Biological_Process_2023,Ear Morphogenesis (GO:0042471),0.01179370949056839,0.0763366274448118,0,0,13.209818181818182,58.65408916726254,TFAP2A;SIX1
GO_Biological_Process_2023,Mononuclear Cell Differentiation (GO:1903131),0.01179370949056839,0.0763366274448118,0,0,13.209818181818182,58.65408916726254,MT1G;CLU
GO_Biological_Process_2023,Positive Regulation Of Cell Cycle G2/M Phase Transition (GO:1902751),0.01179370949056839,0.0763366274448118,0,0,13.209818181818182,58.65408916726254,CCND1;RAB11A
GO_Biological_Process_2023,Cellular Response To Calcium Ion (GO:0071277),0.012099963812922337,0.07771178309307097,0,0,6.623402701715955,29.239361055326615,SYT1;CPNE3;CLU
GO_Biological_Process_2023,Negative Regulation Of Extrinsic Apoptotic Signaling Pathway (GO:2001237),0.012099963812922337,0.07771178309307097,0,0,6.623402701715955,29.239361055326615,PSME3;IFI6;BCL2
GO_Biological_Process_2023,Antigen Receptor-Mediated Signaling Pathway (GO:0050851),0.01235784604329035,0.07906158646228614,0,0,4.674064516129032,20.535334701686995,BCL2;IGLC1;GATA3;IGHA1
GO_Biological_Process_2023,Negative Regulation Of Protein Binding (GO:0032091),0.012578669553932038,0.07919834559956244,0,0,6.524366121201223,28.549013271735287,ATP2A3;TMBIM6;PTPRF
GO_Biological_Process_2023,Regulation Of Chondrocyte Differentiation (GO:0032330),0.012761592199808795,0.07919834559956244,0,0,12.635130434782608,55.10578677678252,TRPS1;SOX9
GO_Biological_Process_2023,Negative Regulation Of Protein Localization To Membrane (GO:1905476),0.012761592199808795,0.07919834559956244,0,0,12.635130434782608,55.10578677678252,TMEM59;GDI1
GO_Biological_Process_2023,Negative Regulation Of Response To Wounding (GO:1903035),0.012761592199808795,0.07919834559956244,0,0,12.635130434782608,55.10578677678252,CLDN3;CERS2
GO_Biological_Process_2023,Osteoclast Differentiation (GO:0030316),0.012761592199808795,0.07919834559956244,0,0,12.635130434782608,55.10578677678252,ATP6AP1;GLO1
GO_Biological_Process_2023,Protein Localization To Chromatin (GO:0071168),0.012761592199808795,0.07919834559956244,0,0,12.635130434782608,55.10578677678252,WBP2;ESR1
GO_Biological_Process_2023,Protein Targeting To Lysosome (GO:0006622),0.012761592199808795,0.07919834559956244,0,0,12.635130434782608,55.10578677678252,CLU;RAB7A
GO_Biological_Process_2023,Regulation Of Cell Cycle Phase Transition (GO:1901987),0.012761592199808795,0.07919834559956244,0,0,12.635130434782608,55.10578677678252,DDB1;TCIM
GO_Biological_Process_2023,Epithelial Cell Differentiation (GO:0030855),0.013013501116637322,0.08046034085920911,0,0,4.6002032004064,19.973014648823973,SIX1;ALDOC;GATA3;ASCL1
GO_Biological_Process_2023,Myeloid Leukocyte Differentiation (GO:0002573),0.013068096047363288,0.0804975284404497,0,0,6.4282423812898655,27.88302481569945,GLO1;MT1G;GATA3
GO_Biological_Process_2023,Plasma Membrane Organization (GO:0007009),0.01356827608841374,0.08292780295390292,0,0,6.334904836738257,27.24022289114317,COLEC12;UGCG;DEGS1
GO_Biological_Process_2023,L-amino Acid Transport (GO:0015807),0.013762912379193304,0.08292780295390292,0,0,12.108333333333333,51.89362635735056,SLC7A8;SFXN1
GO_Biological_Process_2023,Cellular Response To Epidermal Growth Factor Stimulus (GO:0071364),0.013762912379193304,0.08292780295390292,0,0,12.108333333333333,51.89362635735056,ERBB2;SOX9
GO_Biological_Process_2023,Mitotic G1 DNA Damage Checkpoint Signaling (GO:0031571),0.013762912379193304,0.08292780295390292,0,0,12.108333333333333,51.89362635735056,MUC1;CCND1
GO_Biological_Process_2023,Peptide Cross-Linking (GO:0018149),0.013762912379193304,0.08292780295390292,0,0,12.108333333333333,51.89362635735056,DSP;CSTA
GO_Biological_Process_2023,Regulation Of Cardiac Muscle Cell Contraction (GO:0086004),0.013762912379193304,0.08292780295390292,0,0,12.108333333333333,51.89362635735056,DSP;JUP
GO_Biological_Process_2023,Protein Localization To Organelle (GO:0033365),0.014037904521057316,0.08427828909924627,0,0,4.493672456575682,19.169980376539396,GABARAPL2;LAMP1;SIX1;RAB11A
GO_Biological_Process_2023,Regulation Of Extrinsic Apoptotic Signaling Pathway In Absence Of Ligand (GO:2001239),0.01479716752171219,0.08788138560386057,0,0,11.62368,48.97427760804236,IFI6;BCL2
GO_Biological_Process_2023,Amino Acid Import Across Plasma Membrane (GO:0089718),0.01479716752171219,0.08788138560386057,0,0,11.62368,48.97427760804236,SLC7A8;SLC7A2
GO_Biological_Process_2023,Positive Regulation Of Response To Wounding (GO:1903036),0.01479716752171219,0.08788138560386057,0,0,11.62368,48.97427760804236,CLDN4;CLDN3
GO_Biological_Process_2023,Embryonic Organ Development (GO:0048568),0.01567710719849253,0.09223304101678227,0,0,5.987126588545965,24.87982647232063,COL2A1;GATA3;PBX1
GO_Biological_Process_2023,Long-Chain Fatty Acid Metabolic Process (GO:0001676),0.01567710719849253,0.09223304101678227,0,0,5.987126588545965,24.87982647232063,GPX4;EPHX1;SLC27A2
GO_Biological_Process_2023,Regulation Of Glucose Metabolic Process (GO:0010906),0.01586386040421421,0.09223304101678227,0,0,11.176307692307692,46.311396805878594,ADIPOR1;FBP1
GO_Biological_Process_2023,Regulation Of Protein Targeting To Membrane (GO:0090313),0.01586386040421421,0.09223304101678227,0,0,11.176307692307692,46.311396805878594,GDI1;ERBB2
GO_Biological_Process_2023,Morphogenesis Of An Epithelium (GO:0002009),0.01586386040421421,0.09223304101678227,0,0,11.176307692307692,46.311396805878594,DAG1;SOX9
GO_Biological_Process_2023,Regulation Of Cardiac Muscle Cell Action Potential (GO:0098901),0.01586386040421421,0.09223304101678227,0,0,11.176307692307692,46.311396805878594,DSP;JUP
GO_Biological_Process_2023,Regulation Of Developmental Growth (GO:0048638),0.01696249905086547,0.09527749466875961,0,0,10.762074074074073,43.874288815313996,CTTN;SIX1
GO_Biological_Process_2023,Response To Epidermal Growth Factor (GO:0070849),0.01696249905086547,0.09527749466875961,0,0,10.762074074074073,43.874288815313996,ERBB2;SOX9
GO_Biological_Process_2023,Response To Steroid Hormone (GO:0048545),0.01696249905086547,0.09527749466875961,0,0,10.762074074074073,43.874288815313996,WBP2;ABHD2
GO_Biological_Process_2023,Glycolytic Process (GO:0006096),0.01696249905086547,0.09527749466875961,0,0,10.762074074074073,43.874288815313996,ALDOC;HK2
GO_Biological_Process_2023,Heterotypic Cell-Cell Adhesion (GO:0034113),0.01696249905086547,0.09527749466875961,0,0,10.762074074074073,43.874288815313996,DSP;JUP
GO_Biological_Process_2023,Intrinsic Apoptotic Signaling Pathway In Response To Endoplasmic Reticulum Stress (GO:0070059),0.01696249905086547,0.09527749466875961,0,0,10.762074074074073,43.874288815313996,ATP2A3;BCL2
GO_Biological_Process_2023,Peptidyl-Tyrosine Dephosphorylation (GO:0035335),0.01696249905086547,0.09527749466875961,0,0,10.762074074074073,43.874288815313996,PTPN1;PTPRF
GO_Biological_Process_2023,Positive Regulation Of Endopeptidase Activity (GO:0010950),0.01696249905086547,0.09527749466875961,0,0,10.762074074074073,43.874288815313996,APH1A;PSME3
GO_Biological_Process_2023,Positive Regulation Of Viral Genome Replication (GO:0045070),0.01696249905086547,0.09527749466875961,0,0,10.762074074074073,43.874288815313996,DDB1;HACD3
GO_Biological_Process_2023,Protein Insertion Into ER Membrane (GO:0045048),0.01696249905086547,0.09527749466875961,0,0,10.762074074074073,43.874288815313996,EMC4;TMCO1
GO_Biological_Process_2023,Positive Regulation Of Catabolic Process (GO:0009896),0.01737291255826928,0.0969256434648222,0,0,5.750317057704502,23.305132437969462,DDB1;CLU;RAB7A
GO_Biological_Process_2023,Positive Regulation Of Endocytosis (GO:0045807),0.01737291255826928,0.0969256434648222,0,0,5.750317057704502,23.305132437969462,RAB21;PPT1;CLU
GO_Biological_Process_2023,Proteasomal Protein Catabolic Process (GO:0010498),0.017554120165294354,0.09760797689225753,0,0,3.4505576350164233,13.948763954251323,DDB1;PSMD11;TBL1XR1;WWP1;SKP1
GO_Biological_Process_2023,Positive Regulation Of Multicellular Organismal Process (GO:0051240),0.017633953328585132,0.09772394871393165,0,0,2.7261841606669193,11.00813826978483,MUC1;SCD;SIX1;SOX9;ADIPOR1;PRLR;ING1
GO_Biological_Process_2023,Regulation Of Cold-Induced Thermogenesis (GO:0120161),0.017816134061267006,0.09840444713173144,0,0,4.171543778801843,16.801521739242066,MUC1;SCD;ADIPOR1;PRLR
GO_Biological_Process_2023,Calcium Ion Transmembrane Transport (GO:0070588),0.017960030968210028,0.09886967214061135,0,0,5.6754811453606635,22.813200856103418,ATP2A3;CLU;TMCO1
GO_Biological_Process_2023,Lamellipodium Organization (GO:0097581),0.018092596665540837,0.09894202202904676,0,0,10.377428571428572,41.636863193673,CYFIP1;CTTN
GO_Biological_Process_2023,Positive Regulation Of Cell Communication (GO:0010647),0.018092596665540837,0.09894202202904676,0,0,10.377428571428572,41.636863193673,SYT1;GATA3
GO_Biological_Process_2023,Positive Regulation Of Cell Motility (GO:2000147),0.018508651985457526,0.10055356177017416,0,0,3.402127859900198,13.572846869741605,CLDN4;CLDN3;MIEN1;CPNE3;CGA
GO_Biological_Process_2023,Regulation Of Cell Growth (GO:0001558),0.018508651985457526,0.10055356177017416,0,0,3.402127859900198,13.572846869741605,ERBB2;PPT1;BCL2;ING1;FBP1
GO_Biological_Process_2023,Chromatin Remodeling (GO:0006338),0.01916365519795147,0.10291398012297462,0,0,3.370585272113286,13.329787564138197,COPRS;PCGF2;SOX9;ESR1;SKP1
GO_Biological_Process_2023,Exocytosis (GO:0006887),0.019167125341255555,0.10291398012297462,0,0,5.531493060850999,21.87461394850891,SNAP25;EXOC2;RAB11A
GO_Biological_Process_2023,Regulation Of NIK/NF-kappaB Signaling (GO:1901222),0.019167125341255555,0.10291398012297462,0,0,5.531493060850999,21.87461394850891,TCIM;PDCD4;ADIPOR1
GO_Biological_Process_2023,Glycosphingolipid Metabolic Process (GO:0006687),0.019253671598142508,0.10291398012297462,0,0,10.019310344827586,39.576811935895,UGCG;SUMF1
GO_Biological_Process_2023,Regulation Of Cell Morphogenesis (GO:0022604),0.019253671598142508,0.10291398012297462,0,0,10.019310344827586,39.576811935895,CLDN4;CLDN3
GO_Biological_Process_2023,Positive Regulation Of Protein Modification Process (GO:0031401),0.019496798435360334,0.10387844053823818,0,0,3.355031014374327,13.21045142677746,PTBP1;CLDN3;CCND1;ERBB2;SOX9
GO_Biological_Process_2023,Regulation Of Epithelial To Mesenchymal Transition (GO:0010717),0.019787121890038433,0.10508737490959515,0,0,5.462198795180723,21.426698101705266,DAG1;GATA3;ADIPOR1
GO_Biological_Process_2023,Cellular Response To Organic Cyclic Compound (GO:0071407),0.01992053205951951,0.1054578965579036,0,0,4.027141268075639,15.77030259243162,IGFBP5;JUP;CLU;ESR1
GO_Biological_Process_2023,Cellular Respiration (GO:0045333),0.020418095187741295,0.10619992088719829,0,0,5.394615499033169,20.99224937203567,NDUFA7;SDHC;COX6C
GO_Biological_Process_2023,Establishment Of Protein Localization To Organelle (GO:0072594),0.020418095187741295,0.10619992088719829,0,0,5.394615499033169,20.99224937203567,LAMP1;HK2;RAB11A
GO_Biological_Process_2023,Glucose Homeostasis (GO:0042593),0.020418095187741295,0.10619992088719829,0,0,5.394615499033169,20.99224937203567,ADIPOR1;HK2;SOX4
GO_Biological_Process_2023,Glycolipid Metabolic Process (GO:0006664),0.020445247292103955,0.10619992088719829,0,0,9.685066666666666,37.674956109860865,UGCG;SUMF1
GO_Biological_Process_2023,Very Long-Chain Fatty Acid Metabolic Process (GO:0000038),0.020445247292103955,0.10619992088719829,0,0,9.685066666666666,37.674956109860865,HACD3;SLC27A2
GO_Biological_Process_2023,Phosphatidylinositol 3-Kinase Signaling (GO:0014065),0.020445247292103955,0.10619992088719829,0,0,9.685066666666666,37.674956109860865,ERBB2;GATA3
GO_Biological_Process_2023,Negative Regulation Of Multicellular Organismal Process (GO:0051241),0.021219536083480567,0.1098774102822728,0,0,3.279352226720648,12.634796504837384,GDF15;SOX9;GATA3;ADIPOR1;ING1
GO_Biological_Process_2023,intra-Golgi Vesicle-Mediated Transport (GO:0006891),0.0216668522422039,0.11184415627829239,0,0,9.372387096774194,35.914722423384134,GABARAPL2;COPG1
GO_Biological_Process_2023,Cellular Response To Oxygen-Containing Compound (GO:1901701),0.02173882630465508,0.11186719002115986,0,0,2.607324147933285,9.982545643526166,IGFBP5;SYT1;PDCD4;CPNE3;SOX9;ESR1;CLU
GO_Biological_Process_2023,Positive Regulation Of Phosphorylation (GO:0042327),0.022299320333354092,0.11439620369154095,0,0,3.2355522912113504,12.3054494949797,DDR1;CLDN3;CCND1;ERBB2;SOX9
GO_Biological_Process_2023,Membrane Protein Proteolysis (GO:0033619),0.022918019934389574,0.11648821788737276,0,0,9.07925,34.28172069913864,APH1A;DAG1
GO_Biological_Process_2023,Nucleosome Assembly (GO:0006334),0.022918019934389574,0.11648821788737276,0,0,9.07925,34.28172069913864,KAT6B;SOX9
GO_Biological_Process_2023,Positive Regulation Of Neuron Death (GO:1901216),0.022918019934389574,0.11648821788737276,0,0,9.07925,34.28172069913864,TFAP2A;CLU
GO_Biological_Process_2023,Protein-Containing Complex Assembly (GO:0065003),0.02307561565408849,0.1169305661737756,0,0,2.8262881342639794,10.65222011268511,PSMD11;GPX4;REPS2;SOX9;PRLR;CLU
GO_Biological_Process_2023,Sensory Perception Of Mechanical Stimulus (GO:0050954),0.023737741964364983,0.11991901961875846,0,0,5.080274586718969,19.003727312073956,TFAP2A;COL2A1;SERPINB6
GO_Biological_Process_2023,Regulation Of Macromolecule Metabolic Process (GO:0060255),0.024080658841942753,0.12128161611276335,0,0,3.79084625052367,14.126005893328726,ATXN7L3B;AFF3;ASCL1;TOB1
GO_Biological_Process_2023,Regulation Of G2/M Transition Of Mitotic Cell Cycle (GO:0010389),0.02419828882150006,0.12150474114310789,0,0,8.803878787878787,32.76340035769226,CCND1;RAB11A
GO_Biological_Process_2023,Steroid Metabolic Process (GO:0008202),0.025142491809193118,0.1251084352187177,0,0,4.964539978094195,18.285373607558956,MSMO1;DHCR24;PRLR
GO_Biological_Process_2023,Positive Regulation Of MAP Kinase Activity (GO:0043406),0.025142491809193118,0.1251084352187177,0,0,4.964539978094195,18.285373607558956,PTPN1;ERBB2;CD24
GO_Biological_Process_2023,Regulation Of RNA Metabolic Process (GO:0051252),0.025142491809193118,0.1251084352187177,0,0,4.964539978094195,18.285373607558956,PTBP1;TMEM98;RBM20
GO_Biological_Process_2023,Establishment Of Protein Localization To Plasma Membrane (GO:0061951),0.025507202262996215,0.12578998258864502,0,0,8.544705882352941,31.348769304533242,ATP6AP1;RAB7A
GO_Biological_Process_2023,Negative Regulation Of Sequestering Of Calcium Ion (GO:0051283),0.025507202262996215,0.12578998258864502,0,0,8.544705882352941,31.348769304533242,ITPR2;CLU
GO_Biological_Process_2023,Positive Regulation Of RNA Splicing (GO:0033120),0.025507202262996215,0.12578998258864502,0,0,8.544705882352941,31.348769304533242,CIRBP;RBM20
GO_Biological_Process_2023,Sensory Perception Of Sound (GO:0007605),0.025861326529100226,0.12715791708818716,0,0,4.908623257073237,17.94105045252552,TFAP2A;COL2A1;SERPINB6
GO_Biological_Process_2023,Nitrogen Compound Transport (GO:0071705),0.02608587713858509,0.12788253970010502,0,0,3.694467129440588,13.471361657923996,SLC7A8;PPT1;SLC7A2;RAB7A
GO_Biological_Process_2023,Regulation Of Macroautophagy (GO:0016241),0.026591123828226457,0.12818737507675743,0,0,4.853949129852745,17.606136572485347,ATP6V1G1;ATP6V0E1;QSOX1
GO_Biological_Process_2023,Cellular Response To Hormone Stimulus (GO:0032870),0.026591123828226457,0.12818737507675743,0,0,4.853949129852745,17.606136572485347,WBP2;SOX9;ESR1
GO_Biological_Process_2023,Regulation Of Intracellular Transport (GO:0032386),0.026844308480165856,0.12818737507675743,0,0,8.300342857142857,30.028162432654184,PTPN1;LAMP1
GO_Biological_Process_2023,Aortic Valve Morphogenesis (GO:0003180),0.026844308480165856,0.12818737507675743,0,0,8.300342857142857,30.028162432654184,GATA3;SOX9
GO_Biological_Process_2023,Regulation Of Vascular Associated Smooth Muscle Cell Proliferation (GO:1904705),0.026844308480165856,0.12818737507675743,0,0,8.300342857142857,30.028162432654184,IGFBP5;PDCD4
GO_Biological_Process_2023,Ventricular Septum Development (GO:0003281),0.026844308480165856,0.12818737507675743,0,0,8.300342857142857,30.028162432654184,GATA3;SOX4
GO_Biological_Process_2023,Negative Regulation Of Smooth Muscle Cell Proliferation (GO:0048662),0.026844308480165856,0.12818737507675743,0,0,8.300342857142857,30.028162432654184,IGFBP5;PDCD4
GO_Biological_Process_2023,Positive Regulation Of Exocytosis (GO:0045921),0.026844308480165856,0.12818737507675743,0,0,8.300342857142857,30.028162432654184,SDC1;RAB7A
GO_Biological_Process_2023,Positive Regulation Of Signaling (GO:0023056),0.026844308480165856,0.12818737507675743,0,0,8.300342857142857,30.028162432654184,SYT1;GATA3
GO_Biological_Process_2023,"Regulation Of mRNA Splicing, Via Spliceosome (GO:0048024)",0.027331873758534096,0.12939689947968855,0,0,4.800476631801933,17.28028399258867,PTBP1;CIRBP;RBM20
GO_Biological_Process_2023,Positive Regulation Of Epithelial Cell Migration (GO:0010634),0.027331873758534096,0.12939689947968855,0,0,4.800476631801933,17.28028399258867,SOX9;GATA3;RAB11A
GO_Biological_Process_2023,Positive Regulation Of Supramolecular Fiber Organization (GO:1902905),0.027331873758534096,0.12939689947968855,0,0,4.800476631801933,17.28028399258867,NCKAP1;CTTN;CLU
GO_Biological_Process_2023,Regulation Of Protein Dephosphorylation (GO:0035304),0.028209160505433248,0.13129937909410924,0,0,8.069555555555555,28.793049875269258,PTBP1;ARPP19
GO_Biological_Process_2023,Connective Tissue Development (GO:0061448),0.028209160505433248,0.13129937909410924,0,0,8.069555555555555,28.793049875269258,COL2A1;SOX9
GO_Biological_Process_2023,Signal Release From Synapse (GO:0099643),0.028209160505433248,0.13129937909410924,0,0,8.069555555555555,28.793049875269258,SNAP25;SYT1
GO_Biological_Process_2023,Visual System Development (GO:0150063),0.028209160505433248,0.13129937909410924,0,0,8.069555555555555,28.793049875269258,SIPA1L3;PBX1
GO_Biological_Process_2023,Import Into Cell (GO:0098657),0.028209160505433248,0.13129937909410924,0,0,8.069555555555555,28.793049875269258,SNAP25;SLC7A8
GO_Biological_Process_2023,Neuron Projection Extension (GO:1990138),0.028209160505433248,0.13129937909410924,0,0,8.069555555555555,28.793049875269258,CYFIP1;AUTS2
GO_Biological_Process_2023,Anterograde Axonal Transport (GO:0008089),0.029601316162759194,0.13364682590696447,0,0,7.8512432432432435,27.63587729862093,RAB21;ARL8A
GO_Biological_Process_2023,Axonal Transport (GO:0098930),0.029601316162759194,0.13364682590696447,0,0,7.8512432432432435,27.63587729862093,RAB21;ARL8A
GO_Biological_Process_2023,Carboxylic Acid Transmembrane Transport (GO:1905039),0.029601316162759194,0.13364682590696447,0,0,7.8512432432432435,27.63587729862093,SLC7A8;ABCC5
GO_Biological_Process_2023,Release Of Sequestered Calcium Ion Into Cytosol (GO:0051209),0.029601316162759194,0.13364682590696447,0,0,7.8512432432432435,27.63587729862093,ITPR2;CLU
GO_Biological_Process_2023,Retina Homeostasis (GO:0001895),0.029601316162759194,0.13364682590696447,0,0,7.8512432432432435,27.63587729862093,ALB;IGHA1
GO_Biological_Process_2023,Protein Localization To Lysosome (GO:0061462),0.029601316162759194,0.13364682590696447,0,0,7.8512432432432435,27.63587729862093,CACNG4;RAB7A
GO_Biological_Process_2023,protein-DNA Complex Assembly (GO:0065004),0.029601316162759194,0.13364682590696447,0,0,7.8512432432432435,27.63587729862093,KAT6B;SOX9
GO_Biological_Process_2023,Negative Regulation Of Macromolecule Biosynthetic Process (GO:0010558),0.029619716490592175,0.13364682590696447,0,0,4.6468854139964115,16.35385373472703,IGFBP5;CAPRIN1;TOB1
GO_Biological_Process_2023,Regulation Of Cytokine-Mediated Signaling Pathway (GO:0001959),0.03102033799964533,0.13364682590696447,0,0,7.644421052631579,26.549932211771818,PTPN1;CD24
GO_Biological_Process_2023,L-alpha-amino Acid Transmembrane Transport (GO:1902475),0.03102033799964533,0.13364682590696447,0,0,7.644421052631579,26.549932211771818,SLC7A8;SLC7A2
GO_Biological_Process_2023,Notch Signaling Pathway (GO:0007219),0.03102033799964533,0.13364682590696447,0,0,7.644421052631579,26.549932211771818,APH1A;ASCL1
GO_Biological_Process_2023,Aortic Valve Development (GO:0003176),0.03102033799964533,0.13364682590696447,0,0,7.644421052631579,26.549932211771818,GATA3;SOX9
GO_Biological_Process_2023,Carbohydrate Catabolic Process (GO:0016052),0.03102033799964533,0.13364682590696447,0,0,7.644421052631579,26.549932211771818,ALDOC;HK2
GO_Biological_Process_2023,Positive Regulation Of Actin Filament Polymerization (GO:0030838),0.03102033799964533,0.13364682590696447,0,0,7.644421052631579,26.549932211771818,NCKAP1;CTTN
GO_Biological_Process_2023,Positive Regulation Of Insulin Secretion (GO:0032024),0.03102033799964533,0.13364682590696447,0,0,7.644421052631579,26.549932211771818,ANO1;SOX4
GO_Biological_Process_2023,Positive Regulation Of Wound Healing (GO:0090303),0.03102033799964533,0.13364682590696447,0,0,7.644421052631579,26.549932211771818,CLDN4;CLDN3
GO_Biological_Process_2023,Response To UV (GO:0009411),0.03119945660150264,0.13364682590696447,0,0,4.549824297188755,15.775854210311818,DDB1;CCND1;CIRBP
GO_Biological_Process_2023,SCF-dependent Proteasomal Ubiquitin-Dependent Protein Catabolic Process (GO:0031146),0.03246579324535619,0.13364682590696447,0,0,7.448205128205128,25.52923148736356,FBXL7;SKP1
GO_Biological_Process_2023,Regulation Of Primary Metabolic Process (GO:0080090),0.03246579324535619,0.13364682590696447,0,0,7.448205128205128,25.52923148736356,ADIPOR1;CERS2
GO_Biological_Process_2023,Synaptic Vesicle Exocytosis (GO:0016079),0.03246579324535619,0.13364682590696447,0,0,7.448205128205128,25.52923148736356,SNAP25;SYT1
GO_Biological_Process_2023,Positive Regulation Of Cell Growth (GO:0030307),0.03282263967548969,0.13364682590696447,0,0,4.456724858618146,15.227010015411127,SYT1;ERBB2;BCL2
GO_Biological_Process_2023,Amino Acid Transmembrane Transport (GO:0003333),0.03393725377253801,0.13364682590696447,0,0,7.2618,24.56842629545943,SLC7A8;SFXN1
GO_Biological_Process_2023,Cardiac Ventricle Morphogenesis (GO:0003208),0.03393725377253801,0.13364682590696447,0,0,7.2618,24.56842629545943,GATA3;SOX4
GO_Biological_Process_2023,Skeletal System Morphogenesis (GO:0048705),0.03393725377253801,0.13364682590696447,0,0,7.2618,24.56842629545943,TFAP2A;SIX1
GO_Biological_Process_2023,ERBB2-EGFR Signaling Pathway (GO:0038134),0.03395613380014004,0.13364682590696447,0,0,36.20019920318725,122.45389870552789,ERBB2
GO_Biological_Process_2023,His-Purkinje System Development (GO:0003164),0.03395613380014004,0.13364682590696447,0,0,36.20019920318725,122.45389870552789,IRX3
GO_Biological_Process_2023,Regulation Of Extracellular Exosome Assembly (GO:1903551),0.03395613380014004,0.13364682590696447,0,0,36.20019920318725,122.45389870552789,SDC1
GO_Biological_Process_2023,L-ornithine Transmembrane Transport (GO:1903352),0.03395613380014004,0.13364682590696447,0,0,36.20019920318725,122.45389870552789,SLC7A2
GO_Biological_Process_2023,T-helper 1 Cell Differentiation (GO:0045063),0.03395613380014004,0.13364682590696447,0,0,36.20019920318725,122.45389870552789,TMEM98
GO_Biological_Process_2023,T-helper 2 Cell Differentiation (GO:0045064),0.03395613380014004,0.13364682590696447,0,0,36.20019920318725,122.45389870552789,GATA3
GO_Biological_Process_2023,Activation Of Transmembrane Receptor Protein Tyrosine Kinase Activity (GO:0007171),0.03395613380014004,0.13364682590696447,0,0,36.20019920318725,122.45389870552789,PRLR
GO_Biological_Process_2023,Regulation Of Mitotic Spindle Checkpoint (GO:1903504),0.03395613380014004,0.13364682590696447,0,0,36.20019920318725,122.45389870552789,LCMT1
GO_Biological_Process_2023,Cellular Response To Iron Ion (GO:0071281),0.03395613380014004,0.13364682590696447,0,0,36.20019920318725,122.45389870552789,TFAP2A
GO_Biological_Process_2023,Regulation Of Tooth Mineralization (GO:0070170),0.03395613380014004,0.13364682590696447,0,0,36.20019920318725,122.45389870552789,TFAP2A
GO_Biological_Process_2023,Cellular Response To Magnesium Ion (GO:0071286),0.03395613380014004,0.13364682590696447,0,0,36.20019920318725,122.45389870552789,FBP1
GO_Biological_Process_2023,Renal Filtration Cell Differentiation (GO:0061318),0.03395613380014004,0.13364682590696447,0,0,36.20019920318725,122.45389870552789,CD24
GO_Biological_Process_2023,Chondrocyte Development (GO:0002063),0.03395613380014004,0.13364682590696447,0,0,36.20019920318725,122.45389870552789,SOX9
GO_Biological_Process_2023,Response To Heparin (GO:0071503),0.03395613380014004,0.13364682590696447,0,0,36.20019920318725,122.45389870552789,SOX9
GO_Biological_Process_2023,Ear Development (GO:0043583),0.03395613380014004,0.13364682590696447,0,0,36.20019920318725,122.45389870552789,GATA3
GO_Biological_Process_2023,Establishment Of Protein Localization To Chromatin (GO:0071169),0.03395613380014004,0.13364682590696447,0,0,36.20019920318725,122.45389870552789,WBP2
GO_Biological_Process_2023,Glomerular Epithelial Cell Differentiation (GO:0072311),0.03395613380014004,0.13364682590696447,0,0,36.20019920318725,122.45389870552789,CD24
GO_Biological_Process_2023,Transmembrane Receptor Protein Tyrosine Phosphatase Signaling Pathway (GO:0007185),0.03395613380014004,0.13364682590696447,0,0,36.20019920318725,122.45389870552789,PTPRF
GO_Biological_Process_2023,Trigeminal Nerve Development (GO:0021559),0.03395613380014004,0.13364682590696447,0,0,36.20019920318725,122.45389870552789,TFAP2A
GO_Biological_Process_2023,Ventricular Compact Myocardium Morphogenesis (GO:0003223),0.03395613380014004,0.13364682590696447,0,0,36.20019920318725,122.45389870552789,DSP
GO_Biological_Process_2023,Heme Transport (GO:0015886),0.03395613380014004,0.13364682590696447,0,0,36.20019920318725,122.45389870552789,ABCC5
GO_Biological_Process_2023,Histone Arginine Methylation (GO:0034969),0.03395613380014004,0.13364682590696447,0,0,36.20019920318725,122.45389870552789,COPRS
GO_Biological_Process_2023,Kidney Morphogenesis (GO:0060993),0.03395613380014004,0.13364682590696447,0,0,36.20019920318725,122.45389870552789,SOX4
GO_Biological_Process_2023,Medium-Chain Fatty Acid Biosynthetic Process (GO:0051792),0.03395613380014004,0.13364682590696447,0,0,36.20019920318725,122.45389870552789,ABHD2
GO_Biological_Process_2023,Negative Regulation Of PERK-mediated Unfolded Protein Response (GO:1903898),0.03395613380014004,0.13364682590696447,0,0,36.20019920318725,122.45389870552789,PTPN1
GO_Biological_Process_2023,Negative Regulation Of Cellular Response To Hypoxia (GO:1900038),0.03395613380014004,0.13364682590696447,0,0,36.20019920318725,122.45389870552789,TMBIM6
GO_Biological_Process_2023,Negative Regulation Of Insulin-Like Growth Factor Receptor Signaling Pathway (GO:0043569),0.03395613380014004,0.13364682590696447,0,0,36.20019920318725,122.45389870552789,IGFBP5
GO_Biological_Process_2023,Negative Regulation Of Nervous System Process (GO:0031645),0.03395613380014004,0.13364682590696447,0,0,36.20019920318725,122.45389870552789,TMEM98
GO_Biological_Process_2023,Negative Regulation Of Protein Targeting To Membrane (GO:0090315),0.03395613380014004,0.13364682590696447,0,0,36.20019920318725,122.45389870552789,GDI1
GO_Biological_Process_2023,Norepinephrine Biosynthetic Process (GO:0042421),0.03395613380014004,0.13364682590696447,0,0,36.20019920318725,122.45389870552789,GATA3
GO_Biological_Process_2023,Notochord Development (GO:0030903),0.03395613380014004,0.13364682590696447,0,0,36.20019920318725,122.45389870552789,COL2A1
GO_Biological_Process_2023,Ornithine Transport (GO:0015822),0.03395613380014004,0.13364682590696447,0,0,36.20019920318725,122.45389870552789,SLC7A2
GO_Biological_Process_2023,Phagosome Acidification (GO:0090383),0.03395613380014004,0.13364682590696447,0,0,36.20019920318725,122.45389870552789,RAB7A
GO_Biological_Process_2023,Plasma Membrane Raft Organization (GO:0044857),0.03395613380014004,0.13364682590696447,0,0,36.20019920318725,122.45389870552789,COLEC12
GO_Biological_Process_2023,Positive Regulation Of T-helper 1 Cell Cytokine Production (GO:2000556),0.03395613380014004,0.13364682590696447,0,0,36.20019920318725,122.45389870552789,IL1R1
GO_Biological_Process_2023,Positive Regulation Of Autophagy Of Mitochondrion In Response To Mitochondrial Depolarization (GO:1904925),0.03395613380014004,0.13364682590696447,0,0,36.20019920318725,122.45389870552789,HK2
GO_Biological_Process_2023,Positive Regulation Of Gap Junction Assembly (GO:1903598),0.03395613380014004,0.13364682590696447,0,0,36.20019920318725,122.45389870552789,IRX3
GO_Biological_Process_2023,Positive Regulation Of Gonad Development (GO:1905941),0.03395613380014004,0.13364682590696447,0,0,36.20019920318725,122.45389870552789,SOX9
GO_Biological_Process_2023,Positive Regulation Of Male Gonad Development (GO:2000020),0.03395613380014004,0.13364682590696447,0,0,36.20019920318725,122.45389870552789,SOX9
GO_Biological_Process_2023,Protein Import (GO:0017038),0.03395613380014004,0.13364682590696447,0,0,36.20019920318725,122.45389870552789,CLU
GO_Biological_Process_2023,Regulation Of T-helper 1 Cell Cytokine Production (GO:2000554),0.03395613380014004,0.13364682590696447,0,0,36.20019920318725,122.45389870552789,IL1R1
GO_Biological_Process_2023,Protein Localization (GO:0008104),0.034155524764925026,0.1341130439229402,0,0,2.5678933105120523,8.67134154739446,ARF3;RAB21;ANO1;TM9SF1;RAB5B;CTTN
GO_Biological_Process_2023,Regulation Of Nucleic Acid-Templated Transcription (GO:1903506),0.034616982294410445,0.13560363986250143,0,0,2.353407601572739,7.915476778266686,CRABP2;KAT6B;BHLHE40;SIX1;ESR1;SOX4;MLF2
GO_Biological_Process_2023,Regulation Of Endothelial Cell Apoptotic Process (GO:2000351),0.03543429607743014,0.1368639361312395,0,0,7.084487804878049,23.662721399012845,PDCD4;GATA3
GO_Biological_Process_2023,Regulation Of Filopodium Assembly (GO:0051489),0.03543429607743014,0.1368639361312395,0,0,7.084487804878049,23.662721399012845,MIEN1;CLU
GO_Biological_Process_2023,Regulation Of Transport (GO:0051049),0.03543429607743014,0.1368639361312395,0,0,7.084487804878049,23.662721399012845,CLDN3;RAB11A
GO_Biological_Process_2023,Intracellular Glucose Homeostasis (GO:0001678),0.03543429607743014,0.1368639361312395,0,0,7.084487804878049,23.662721399012845,HK2;SOX4
GO_Biological_Process_2023,Neurotransmitter Secretion (GO:0007269),0.03543429607743014,0.1368639361312395,0,0,7.084487804878049,23.662721399012845,SNAP25;SYT1
GO_Biological_Process_2023,Regulation Of JUN Kinase Activity (GO:0043506),0.03543429607743014,0.1368639361312395,0,0,7.084487804878049,23.662721399012845,PTPN1;PDCD4
GO_Biological_Process_2023,Protein Modification By Small Protein Conjugation (GO:0032446),0.03621546576241695,0.13955587620540671,0,0,2.530540521543544,8.397014217458239,DDB1;WWP1;UBA1;FBXO32;FBXL7;SKP1
GO_Biological_Process_2023,Regulation Of Nervous System Development (GO:0051960),0.036956501175011106,0.1401832052146191,0,0,6.915619047619048,22.80780637594664,BHLHE40;ASCL1
GO_Biological_Process_2023,Response To Unfolded Protein (GO:0006986),0.036956501175011106,0.1401832052146191,0,0,6.915619047619048,22.80780637594664,PTPN1;TMBIM6
GO_Biological_Process_2023,Negative Regulation Of Immune System Process (GO:0002683),0.036956501175011106,0.1401832052146191,0,0,6.915619047619048,22.80780637594664,FCRLB;SOX9
GO_Biological_Process_2023,Regulation Of Apoptotic Signaling Pathway (GO:2001233),0.036956501175011106,0.1401832052146191,0,0,6.915619047619048,22.80780637594664,BCL2;TMBIM6
GO_Biological_Process_2023,Regulation Of Cellular Response To Stress (GO:0080135),0.03706950748714798,0.1401832052146191,0,0,4.2397941279681834,13.969954383001292,TMEM98;AMFR;SOX4
GO_Biological_Process_2023,Negative Regulation Of Translation (GO:0017148),0.03706950748714798,0.1401832052146191,0,0,4.2397941279681834,13.969954383001292,IGFBP5;CAPRIN1;TOB1
GO_Biological_Process_2023,Positive Regulation Of Macromolecule Metabolic Process (GO:0010604),0.0379197159493962,0.1401832052146191,0,0,2.5014245014245016,8.185371604374353,TFAP2A;PTPN1;CLDN3;SOX9;VSTM2A;CLU
GO_Biological_Process_2023,Development Of Primary Male Sexual Characteristics (GO:0046546),0.038503454636552706,0.1401832052146191,0,0,6.754604651162791,21.999796731038643,GATA3;SOX9
GO_Biological_Process_2023,Male Gonad Development (GO:0008584),0.038503454636552706,0.1401832052146191,0,0,6.754604651162791,21.999796731038643,GATA3;SOX9
GO_Biological_Process_2023,Negative Regulation Of Cellular Metabolic Process (GO:0031324),0.038503454636552706,0.1401832052146191,0,0,6.754604651162791,21.999796731038643,TFAP2A;FBP1
GO_Biological_Process_2023,Extracellular Structure Organization (GO:0043062),0.03884328220545475,0.1401832052146191,0,0,4.158806655192198,13.508719508000143,MMP11;SPINT1;APLP1
GO_Biological_Process_2023,Positive Regulation Of Translation (GO:0045727),0.03884328220545475,0.1401832052146191,0,0,4.158806655192198,13.508719508000143,ERBB2;CIRBP;SOX4
GO_Biological_Process_2023,Cellular Response To Salt (GO:1902075),0.03974613230975495,0.1401832052146191,0,0,4.119458967947261,13.286255141455326,SYT1;CPNE3;CLU
GO_Biological_Process_2023,External Encapsulating Structure Organization (GO:0045229),0.03974613230975495,0.1401832052146191,0,0,4.119458967947261,13.286255141455326,MMP11;SPINT1;APLP1
GO_Biological_Process_2023,T Cell Differentiation (GO:0030217),0.04007474646405917,0.1401832052146191,0,0,6.600909090909091,21.235183340034325,GATA3;SOX4
GO_Biological_Process_2023,Amino Acid Transport (GO:0006865),0.04007474646405917,0.1401832052146191,0,0,6.600909090909091,21.235183340034325,SLC7A8;SLC7A2
GO_Biological_Process_2023,Regulation Of Signal Transduction By P53 Class Mediator (GO:1901796),0.04007474646405917,0.1401832052146191,0,0,6.600909090909091,21.235183340034325,HEXIM1;SOX4
GO_Biological_Process_2023,Response To Organonitrogen Compound (GO:0010243),0.04007474646405917,0.1401832052146191,0,0,6.600909090909091,21.235183340034325,ADORA2A;CLU
GO_Biological_Process_2023,Regulation Of Entry Of Bacterium Into Host Cell (GO:2000535),0.040608291190716454,0.1401832052146191,0,0,28.959362549800797,92.77951391161682,EXOC2
GO_Biological_Process_2023,IRE1-mediated Unfolded Protein Response (GO:0036498),0.040608291190716454,0.1401832052146191,0,0,28.959362549800797,92.77951391161682,PTPN1
GO_Biological_Process_2023,Regulation Of Male Gonad Development (GO:2000018),0.040608291190716454,0.1401832052146191,0,0,28.959362549800797,92.77951391161682,SOX9
GO_Biological_Process_2023,Regulation Of Mammary Gland Epithelial Cell Proliferation (GO:0033599),0.040608291190716454,0.1401832052146191,0,0,28.959362549800797,92.77951391161682,GATA3
GO_Biological_Process_2023,Regulation Of Metallopeptidase Activity (GO:1905048),0.040608291190716454,0.1401832052146191,0,0,28.959362549800797,92.77951391161682,CLDN4
GO_Biological_Process_2023,Regulation Of Vascular Associated Smooth Muscle Cell Apoptotic Process (GO:1905459),0.040608291190716454,0.1401832052146191,0,0,28.959362549800797,92.77951391161682,PDCD4
GO_Biological_Process_2023,Regulation Of Vascular Associated Smooth Muscle Cell Differentiation (GO:1905063),0.040608291190716454,0.1401832052146191,0,0,28.959362549800797,92.77951391161682,PDCD4
GO_Biological_Process_2023,Response To Increased Oxygen Levels (GO:0036296),0.040608291190716454,0.1401832052146191,0,0,28.959362549800797,92.77951391161682,ATP6V1G1
GO_Biological_Process_2023,Retinal Rod Cell Differentiation (GO:0060221),0.040608291190716454,0.1401832052146191,0,0,28.959362549800797,92.77951391161682,SOX9
GO_Biological_Process_2023,Smooth Muscle Cell Migration (GO:0014909),0.040608291190716454,0.1401832052146191,0,0,28.959362549800797,92.77951391161682,DDR1
GO_Biological_Process_2023,Synaptic Vesicle Docking (GO:0016081),0.040608291190716454,0.1401832052146191,0,0,28.959362549800797,92.77951391161682,SNAP25
GO_Biological_Process_2023,Glycerol Transmembrane Transport (GO:0015793),0.040608291190716454,0.1401832052146191,0,0,28.959362549800797,92.77951391161682,AQP3
GO_Biological_Process_2023,Glycosylceramide Biosynthetic Process (GO:0046476),0.040608291190716454,0.1401832052146191,0,0,28.959362549800797,92.77951391161682,UGCG
GO_Biological_Process_2023,Very Long-Chain Fatty Acid Catabolic Process (GO:0042760),0.040608291190716454,0.1401832052146191,0,0,28.959362549800797,92.77951391161682,SLC27A2
GO_Biological_Process_2023,Histone H2A-K119 Monoubiquitination (GO:0036353),0.040608291190716454,0.1401832052146191,0,0,28.959362549800797,92.77951391161682,PCGF2
GO_Biological_Process_2023,Lipoxygenase Pathway (GO:0019372),0.040608291190716454,0.1401832052146191,0,0,28.959362549800797,92.77951391161682,GPX4
GO_Biological_Process_2023,Lymphoid Progenitor Cell Differentiation (GO:0002320),0.040608291190716454,0.1401832052146191,0,0,28.959362549800797,92.77951391161682,SOX4
GO_Biological_Process_2023,Negative Regulation Of Oligodendrocyte Differentiation (GO:0048715),0.040608291190716454,0.1401832052146191,0,0,28.959362549800797,92.77951391161682,TMEM98
GO_Biological_Process_2023,"Neurotransmitter Receptor Transport, Endosome To Postsynaptic Membrane (GO:0098887)",0.040608291190716454,0.1401832052146191,0,0,28.959362549800797,92.77951391161682,RAB11A
GO_Biological_Process_2023,"Neurotransmitter Receptor Transport, Postsynaptic Endosome To Lysosome (GO:0098943)",0.040608291190716454,0.1401832052146191,0,0,28.959362549800797,92.77951391161682,CACNG4
GO_Biological_Process_2023,Noradrenergic Neuron Differentiation (GO:0003357),0.040608291190716454,0.1401832052146191,0,0,28.959362549800797,92.77951391161682,SOX4
GO_Biological_Process_2023,Norepinephrine Metabolic Process (GO:0042415),0.040608291190716454,0.1401832052146191,0,0,28.959362549800797,92.77951391161682,GATA3
GO_Biological_Process_2023,Nucleotide Transport (GO:0006862),0.040608291190716454,0.1401832052146191,0,0,28.959362549800797,92.77951391161682,ABCC5
GO_Biological_Process_2023,Positive Regulation Of IRE1-mediated Unfolded Protein Response (GO:1903896),0.040608291190716454,0.1401832052146191,0,0,28.959362549800797,92.77951391161682,PTPN1
GO_Biological_Process_2023,Positive Regulation Of Hormone Metabolic Process (GO:0032352),0.040608291190716454,0.1401832052146191,0,0,28.959362549800797,92.77951391161682,GATA3
GO_Biological_Process_2023,Positive Regulation Of Interleukin-5 Production (GO:0032754),0.040608291190716454,0.1401832052146191,0,0,28.959362549800797,92.77951391161682,GATA3
GO_Biological_Process_2023,Positive Regulation Of Intracellular Estrogen Receptor Signaling Pathway (GO:0033148),0.040608291190716454,0.1401832052146191,0,0,28.959362549800797,92.77951391161682,WBP2
GO_Biological_Process_2023,Positive Regulation Of Kidney Development (GO:0090184),0.040608291190716454,0.1401832052146191,0,0,28.959362549800797,92.77951391161682,SOX9
GO_Biological_Process_2023,Positive Regulation Of Pinocytosis (GO:0048549),0.040608291190716454,0.1401832052146191,0,0,28.959362549800797,92.77951391161682,PPT1
GO_Biological_Process_2023,Positive Regulation Of Receptor Catabolic Process (GO:2000646),0.040608291190716454,0.1401832052146191,0,0,28.959362549800797,92.77951391161682,PTPN1
GO_Biological_Process_2023,Positive Regulation Of Steroid Metabolic Process (GO:0045940),0.040608291190716454,0.1401832052146191,0,0,28.959362549800797,92.77951391161682,CGA
GO_Biological_Process_2023,"Regulation Of CD4-positive, Alpha-Beta T Cell Activation (GO:2000514)",0.040608291190716454,0.1401832052146191,0,0,28.959362549800797,92.77951391161682,CD55
GO_Biological_Process_2023,Axonogenesis (GO:0007409),0.041520781947828295,0.1423652415881181,0,0,3.1701437587657786,10.086006404331876,CYFIP1;AUTS2;APLP1;DAG1
GO_Biological_Process_2023,Small GTPase Mediated Signal Transduction (GO:0007264),0.04158360001201329,0.1423652415881181,0,0,4.042949576082107,12.85677945420445,ARHGAP32;GRB2;HACD3
GO_Biological_Process_2023,Bicellular Tight Junction Assembly (GO:0070830),0.04166997113472377,0.1423652415881181,0,0,6.4540444444444445,20.510788835789334,CLDN4;CLDN3
GO_Biological_Process_2023,Regulation Of Wound Healing (GO:0061041),0.04166997113472377,0.1423652415881181,0,0,6.4540444444444445,20.510788835789334,CLDN4;CLDN3
GO_Biological_Process_2023,Myelination (GO:0042552),0.04166997113472377,0.1423652415881181,0,0,6.4540444444444445,20.510788835789334,DEGS1;ZNF24
GO_Biological_Process_2023,Calcium Ion Transport (GO:0006816),0.04251815104133236,0.1448795626498182,0,0,4.005747761688958,12.649447264621571,ATP2A3;CLU;TMCO1
GO_Biological_Process_2023,Intracellular Monoatomic Cation Homeostasis (GO:0030003),0.042882245607868665,0.1448795626498182,0,0,3.1358827610128337,9.875827407160852,ATP6V1G1;ATP6AP1;SLC39A6;ATP2A3
GO_Biological_Process_2023,Negative Regulation Of Cysteine-Type Endopeptidase Activity Involved In Apoptotic Process (GO:0043154),0.04328872749160991,0.1448795626498182,0,0,6.313565217391305,19.823729905830373,IFI6;DHCR24
GO_Biological_Process_2023,Regulation Of MAP Kinase Activity (GO:0043405),0.043463200637642085,0.1448795626498182,0,0,3.969222343921139,12.44684881968392,PTPN1;ERBB2;CD24
GO_Biological_Process_2023,Regulation Of Programmed Cell Death (GO:0043067),0.04357233563381117,0.1448795626498182,0,0,3.119027082973952,9.772949968660944,ALB;SOX9;LCMT1;CLU
GO_Biological_Process_2023,Modification-Dependent Protein Catabolic Process (GO:0019941),0.04357233563381117,0.1448795626498182,0,0,3.119027082973952,9.772949968660944,DDB1;PSMD11;UBA1;FBXL7
GO_Biological_Process_2023,Regulation Of Cell Communication (GO:0010646),0.044930618727505006,0.1448795626498182,0,0,6.179063829787234,19.171384556550205,UGCG;PTPN1
GO_Biological_Process_2023,Transmembrane Receptor Protein Tyrosine Kinase Signaling Pathway (GO:0007169),0.046259360111279575,0.1448795626498182,0,0,2.636109852526345,8.10206110543108,DDR1;GDF15;ERBB2;GRB2;PRLR
GO_Biological_Process_2023,Golgi Vesicle Transport (GO:0048193),0.0463950386226368,0.1448795626498182,0,0,3.0533693632832293,9.375562234089264,ARF3;GABARAPL2;RABIF;COPG1
GO_Biological_Process_2023,Regulation Of Epithelial Cell Migration (GO:0010632),0.04659525236795917,0.1448795626498182,0,0,6.050166666666667,18.551363615288064,SOX9;RAB11A
GO_Biological_Process_2023,Arachidonic Acid Metabolic Process (GO:0019369),0.04659525236795917,0.1448795626498182,0,0,6.050166666666667,18.551363615288064,GPX4;EPHX1
GO_Biological_Process_2023,Regulation Of Proteasomal Protein Catabolic Process (GO:0061136),0.04659525236795917,0.1448795626498182,0,0,6.050166666666667,18.551363615288064,GABARAPL2;PSME3
GO_Biological_Process_2023,Icosanoid Metabolic Process (GO:0006690),0.04659525236795917,0.1448795626498182,0,0,6.050166666666667,18.551363615288064,GPX4;EPHX1
GO_Biological_Process_2023,Intracellular Iron Ion Homeostasis (GO:0006879),0.04659525236795917,0.1448795626498182,0,0,6.050166666666667,18.551363615288064,ATP6V1G1;ATP6AP1
GO_Biological_Process_2023,Negative Regulation Of MAP Kinase Activity (GO:0043407),0.04659525236795917,0.1448795626498182,0,0,6.050166666666667,18.551363615288064,PTPN1;PDCD4
GO_Biological_Process_2023,Plasma Membrane Bounded Cell Projection Morphogenesis (GO:0120039),0.04659525236795917,0.1448795626498182,0,0,6.050166666666667,18.551363615288064,NCKAP1;CTTN
GO_Biological_Process_2023,Positive Regulation Of Fat Cell Differentiation (GO:0045600),0.04659525236795917,0.1448795626498182,0,0,6.050166666666667,18.551363615288064,SIX1;VSTM2A
GO_Biological_Process_2023,Pyruvate Metabolic Process (GO:0006090),0.04659525236795917,0.1448795626498182,0,0,6.050166666666667,18.551363615288064,ALDOC;HK2
GO_Biological_Process_2023,Receptor Internalization (GO:0031623),0.04659525236795917,0.1448795626498182,0,0,6.050166666666667,18.551363615288064,CD9;GRB2
GO_Biological_Process_2023,ER Overload Response (GO:0006983),0.04721482427936139,0.1448795626498182,0,0,24.132138114209827,73.67656060867418,TMCO1
GO_Biological_Process_2023,Regulation Of Extent Of Cell Growth (GO:0061387),0.04721482427936139,0.1448795626498182,0,0,24.132138114209827,73.67656060867418,CTTN
GO_Biological_Process_2023,Notch Receptor Processing (GO:0007220),0.04721482427936139,0.1448795626498182,0,0,24.132138114209827,73.67656060867418,APH1A
GO_Biological_Process_2023,Regulation Of Mesenchymal Stem Cell Differentiation (GO:2000739),0.04721482427936139,0.1448795626498182,0,0,24.132138114209827,73.67656060867418,SOX9
GO_Biological_Process_2023,Aromatic Amino Acid Transport (GO:0015801),0.04721482427936139,0.1448795626498182,0,0,24.132138114209827,73.67656060867418,SLC7A8
GO_Biological_Process_2023,Cellular Response To Interferon-Alpha (GO:0035457),0.04721482427936139,0.1448795626498182,0,0,24.132138114209827,73.67656060867418,GATA3
GO_Biological_Process_2023,Cellular Response To Leptin Stimulus (GO:0044320),0.04721482427936139,0.1448795626498182,0,0,24.132138114209827,73.67656060867418,UGCG
GO_Biological_Process_2023,Cyclic Nucleotide Transport (GO:0070729),0.04721482427936139,0.1448795626498182,0,0,24.132138114209827,73.67656060867418,ABCC5
GO_Biological_Process_2023,Establishment Of Golgi Localization (GO:0051683),0.04721482427936139,0.1448795626498182,0,0,24.132138114209827,73.67656060867418,COPG1
GO_Biological_Process_2023,Fatty Acid Alpha-Oxidation (GO:0001561),0.04721482427936139,0.1448795626498182,0,0,24.132138114209827,73.67656060867418,SLC27A2
GO_Biological_Process_2023,Thyroid Gland Development (GO:0030878),0.04721482427936139,0.1448795626498182,0,0,24.132138114209827,73.67656060867418,SIX1
GO_Biological_Process_2023,Thyroid Hormone Transport (GO:0070327),0.04721482427936139,0.1448795626498182,0,0,24.132138114209827,73.67656060867418,SLC7A8
GO_Biological_Process_2023,Tryptophan Catabolic Process (GO:0006569),0.04721482427936139,0.1448795626498182,0,0,24.132138114209827,73.67656060867418,AFMID
GO_Biological_Process_2023,Growth Hormone Receptor Signaling Pathway Via JAK-STAT (GO:0060397),0.04721482427936139,0.1448795626498182,0,0,24.132138114209827,73.67656060867418,PTPN1
GO_Biological_Process_2023,Kidney Mesenchyme Development (GO:0072074),0.04721482427936139,0.1448795626498182,0,0,24.132138114209827,73.67656060867418,SIX1
GO_Biological_Process_2023,Macromolecule Depalmitoylation (GO:0098734),0.04721482427936139,0.1448795626498182,0,0,24.132138114209827,73.67656060867418,PPT1
GO_Biological_Process_2023,Mitral Valve Development (GO:0003174),0.04721482427936139,0.1448795626498182,0,0,24.132138114209827,73.67656060867418,SOX4
GO_Biological_Process_2023,Myoblast Migration (GO:0051451),0.04721482427936139,0.1448795626498182,0,0,24.132138114209827,73.67656060867418,SIX1
GO_Biological_Process_2023,Natural Killer Cell Differentiation (GO:0001779),0.04721482427936139,0.1448795626498182,0,0,24.132138114209827,73.67656060867418,PBX1
GO_Biological_Process_2023,Negative Regulation Of Fatty Acid Oxidation (GO:0046322),0.04721482427936139,0.1448795626498182,0,0,24.132138114209827,73.67656060867418,SOX9
GO_Biological_Process_2023,Negative Regulation Of Muscle Cell Differentiation (GO:0051148),0.04721482427936139,0.1448795626498182,0,0,24.132138114209827,73.67656060867418,PTBP1
GO_Biological_Process_2023,Negative Regulation Of Vascular Associated Smooth Muscle Cell Differentiation (GO:1905064),0.04721482427936139,0.1448795626498182,0,0,24.132138114209827,73.67656060867418,PDCD4
GO_Biological_Process_2023,Neuroepithelial Cell Differentiation (GO:0060563),0.04721482427936139,0.1448795626498182,0,0,24.132138114209827,73.67656060867418,SOX4
GO_Biological_Process_2023,Neurotransmitter Receptor Diffusion Trapping (GO:0099628),0.04721482427936139,0.1448795626498182,0,0,24.132138114209827,73.67656060867418,CACNG4
GO_Biological_Process_2023,"Neurotransmitter Receptor Transport, Endosome To Plasma Membrane (GO:0099639)",0.04721482427936139,0.1448795626498182,0,0,24.132138114209827,73.67656060867418,RAB11A
GO_Biological_Process_2023,Peptidyl-Tyrosine Dephosphorylation Involved In Inactivation Of Protein Kinase Activity (GO:1990264),0.04721482427936139,0.1448795626498182,0,0,24.132138114209827,73.67656060867418,PTPN1
GO_Biological_Process_2023,Positive Regulation Of Dendritic Spine Morphogenesis (GO:0061003),0.04721482427936139,0.1448795626498182,0,0,24.132138114209827,73.67656060867418,CAPRIN1
GO_Biological_Process_2023,Positive Regulation Of Gluconeogenesis (GO:0045722),0.04721482427936139,0.1448795626498182,0,0,24.132138114209827,73.67656060867418,DDB1
GO_Biological_Process_2023,Positive Regulation Of Intracellular Steroid Hormone Receptor Signaling Pathway (GO:0033145),0.04721482427936139,0.1448795626498182,0,0,24.132138114209827,73.67656060867418,WBP2
GO_Biological_Process_2023,Positive Regulation Of Steroid Biosynthetic Process (GO:0010893),0.04721482427936139,0.1448795626498182,0,0,24.132138114209827,73.67656060867418,CGA
GO_Biological_Process_2023,Positive Regulation Of Tooth Mineralization (GO:0070172),0.04721482427936139,0.1448795626498182,0,0,24.132138114209827,73.67656060867418,TFAP2A
GO_Biological_Process_2023,Positive Regulation Of Vascular Associated Smooth Muscle Cell Migration (GO:1904754),0.04721482427936139,0.1448795626498182,0,0,24.132138114209827,73.67656060867418,IGFBP5
GO_Biological_Process_2023,Postsynaptic Neurotransmitter Receptor Diffusion Trapping (GO:0098970),0.04721482427936139,0.1448795626498182,0,0,24.132138114209827,73.67656060867418,CACNG4
GO_Biological_Process_2023,Protein Deglycosylation (GO:0006517),0.04721482427936139,0.1448795626498182,0,0,24.132138114209827,73.67656060867418,MAN2A1
GO_Biological_Process_2023,Protein Depalmitoylation (GO:0002084),0.04721482427936139,0.1448795626498182,0,0,24.132138114209827,73.67656060867418,PPT1
GO_Biological_Process_2023,Regulation Of Carbohydrate Biosynthetic Process (GO:0043255),0.04721482427936139,0.1448795626498182,0,0,24.132138114209827,73.67656060867418,FBP1
GO_Biological_Process_2023,Protein Stabilization (GO:0050821),0.048577440534869565,0.14878524762713283,0,0,3.0059028932490857,9.091641994666478,RAB21;LAMP1;CLU;SOX4
GO_Biological_Process_2023,Regulation Of Protein Catabolic Process (GO:0042176),0.04935188190640296,0.15026459599478953,0,0,3.763294557540507,11.322923065448748,DDB1;PSME3;RAB7A
GO_Biological_Process_2023,Cartilage Development (GO:0051216),0.04999119815820914,0.15026459599478953,0,0,5.80784,17.399756211414388,COL2A1;SOX9
GO_Biological_Process_2023,Fatty Acid Oxidation (GO:0019395),0.04999119815820914,0.15026459599478953,0,0,5.80784,17.399756211414388,ADIPOR1;SLC27A2
GO_Biological_Process_2023,Tight Junction Assembly (GO:0120192),0.04999119815820914,0.15026459599478953,0,0,5.80784,17.399756211414388,CLDN4;CLDN3
GO_Biological_Process_2023,Neurotransmitter Transport (GO:0006836),0.04999119815820914,0.15026459599478953,0,0,5.80784,17.399756211414388,SNAP25;SYT1
GO_Biological_Process_2023,Positive Regulation Of NIK/NF-kappaB Signaling (GO:1901224),0.04999119815820914,0.15026459599478953,0,0,5.80784,17.399756211414388,TCIM;PDCD4
GO_Biological_Process_2023,Proton Motive Force-Driven Mitochondrial ATP Synthesis (GO:0042776),0.04999119815820914,0.15026459599478953,0,0,5.80784,17.399756211414388,NDUFA7;SDHC
GO_Biological_Process_2023,Regulation Of Lipid Metabolic Process (GO:0019216),0.05172174653209692,0.15026459599478953,0,0,5.693803921568628,16.864346631033968,ADIPOR1;CERS2
GO_Biological_Process_2023,Carboxylic Acid Transport (GO:0046942),0.05172174653209692,0.15026459599478953,0,0,5.693803921568628,16.864346631033968,SLC7A8;SLC7A2
GO_Biological_Process_2023,Protein Homotetramerization (GO:0051289),0.05172174653209692,0.15026459599478953,0,0,5.693803921568628,16.864346631033968,CLU;ALDH9A1
GO_Biological_Process_2023,Purine Ribonucleotide Biosynthetic Process (GO:0009152),0.05172174653209692,0.15026459599478953,0,0,5.693803921568628,16.864346631033968,DCAKD;COASY
GO_Biological_Process_2023,Positive Regulation Of Macromolecule Biosynthetic Process (GO:0010557),0.052434813828582304,0.15026459599478953,0,0,3.6681178495494584,10.814288269721333,ERBB2;CIRBP;SOX4
GO_Biological_Process_2023,Regulation Of Exocytosis (GO:0017157),0.05347350963007349,0.15026459599478953,0,0,5.584153846153846,16.35357925766533,RAB21;SYT1
GO_Biological_Process_2023,Apical Junction Assembly (GO:0043297),0.05347350963007349,0.15026459599478953,0,0,5.584153846153846,16.35357925766533,CLDN4;CLDN3
GO_Biological_Process_2023,Regulation Of Myoblast Differentiation (GO:0045661),0.05347350963007349,0.15026459599478953,0,0,5.584153846153846,16.35357925766533,SOX9;SOX4
GO_Biological_Process_2023,Nucleosome Organization (GO:0034728),0.05347350963007349,0.15026459599478953,0,0,5.584153846153846,16.35357925766533,KAT6B;SOX9
GO_Biological_Process_2023,Enzyme-Linked Receptor Protein Signaling Pathway (GO:0007167),0.053482706390416024,0.15026459599478953,0,0,3.637449799196787,10.651896797258042,DDR1;ERBB2;PTPRF
GO_Biological_Process_2023,Negative Regulation Of Cell Growth (GO:0030308),0.053482706390416024,0.15026459599478953,0,0,3.637449799196787,10.651896797258042,PPT1;ING1;FBP1
GO_Biological_Process_2023,"DNA Damage Response, Signal Transduction By P53 Class Mediator Resulting In Transcription Of P21 Class Mediator (GO:0006978)",0.05377604431195546,0.15026459599478953,0,0,20.684120660216276,60.45817855467211,MUC1
GO_Biological_Process_2023,Regulation Of Gap Junction Assembly (GO:1903596),0.05377604431195546,0.15026459599478953,0,0,20.684120660216276,60.45817855467211,IRX3
GO_Biological_Process_2023,RISC Complex Assembly (GO:0070922),0.05377604431195546,0.15026459599478953,0,0,20.684120660216276,60.45817855467211,HEXIM1
GO_Biological_Process_2023,Amyloid-Beta Formation (GO:0034205),0.05377604431195546,0.15026459599478953,0,0,20.684120660216276,60.45817855467211,APH1A
GO_Biological_Process_2023,Angiotensin Maturation (GO:0002003),0.05377604431195546,0.15026459599478953,0,0,20.684120660216276,60.45817855467211,ATP6AP2
GO_Biological_Process_2023,Regulation Of Mitotic Sister Chromatid Segregation (GO:0033047),0.05377604431195546,0.15026459599478953,0,0,20.684120660216276,60.45817855467211,LCMT1
GO_Biological_Process_2023,Astral Microtubule Organization (GO:0030953),0.05377604431195546,0.15026459599478953,0,0,20.684120660216276,60.45817855467211,RAB11A
GO_Biological_Process_2023,Regulation Of Nephron Tubule Epithelial Cell Differentiation (GO:0072182),0.05377604431195546,0.15026459599478953,0,0,20.684120660216276,60.45817855467211,GATA3
GO_Biological_Process_2023,Regulation Of Pinocytosis (GO:0048548),0.05377604431195546,0.15026459599478953,0,0,20.684120660216276,60.45817855467211,PPT1
GO_Biological_Process_2023,Collagen-Activated Signaling Pathway (GO:0038065),0.05377604431195546,0.15026459599478953,0,0,20.684120660216276,60.45817855467211,DDR1
GO_Biological_Process_2023,Response To Magnesium Ion (GO:0032026),0.05377604431195546,0.15026459599478953,0,0,20.684120660216276,60.45817855467211,FBP1
GO_Biological_Process_2023,Response To Misfolded Protein (GO:0051788),0.05377604431195546,0.15026459599478953,0,0,20.684120660216276,60.45817855467211,CLU
GO_Biological_Process_2023,Response To Vitamin (GO:0033273),0.05377604431195546,0.15026459599478953,0,0,20.684120660216276,60.45817855467211,AQP3
GO_Biological_Process_2023,Response To Vitamin D (GO:0033280),0.05377604431195546,0.15026459599478953,0,0,20.684120660216276,60.45817855467211,AQP3
GO_Biological_Process_2023,Embryonic Forelimb Morphogenesis (GO:0035115),0.05377604431195546,0.15026459599478953,0,0,20.684120660216276,60.45817855467211,TFAP2A
GO_Biological_Process_2023,Kynurenine Metabolic Process (GO:0070189),0.05377604431195546,0.15026459599478953,0,0,20.684120660216276,60.45817855467211,AFMID
GO_Biological_Process_2023,Leptin-Mediated Signaling Pathway (GO:0033210),0.05377604431195546,0.15026459599478953,0,0,20.684120660216276,60.45817855467211,UGCG
GO_Biological_Process_2023,Membrane Lipid Catabolic Process (GO:0046466),0.05377604431195546,0.15026459599478953,0,0,20.684120660216276,60.45817855467211,PPT1
GO_Biological_Process_2023,Monocyte Activation (GO:0042117),0.05377604431195546,0.15026459599478953,0,0,20.684120660216276,60.45817855467211,MT1G
GO_Biological_Process_2023,Multi-Pass Transmembrane Protein Insertion Into ER Membrane (GO:0160063),0.05377604431195546,0.15026459599478953,0,0,20.684120660216276,60.45817855467211,TMCO1
GO_Biological_Process_2023,Negative Regulation Of Delayed Rectifier Potassium Channel Activity (GO:1902260),0.05377604431195546,0.15026459599478953,0,0,20.684120660216276,60.45817855467211,KCNE4
GO_Biological_Process_2023,Negative Regulation Of Glial Cell Differentiation (GO:0045686),0.05377604431195546,0.15026459599478953,0,0,20.684120660216276,60.45817855467211,TMEM98
GO_Biological_Process_2023,Negative Regulation Of Platelet Aggregation (GO:0090331),0.05377604431195546,0.15026459599478953,0,0,20.684120660216276,60.45817855467211,CD9
GO_Biological_Process_2023,Negative Regulation Of Smooth Muscle Cell Differentiation (GO:0051151),0.05377604431195546,0.15026459599478953,0,0,20.684120660216276,60.45817855467211,PDCD4
GO_Biological_Process_2023,Nicotinamide Nucleotide Biosynthetic Process (GO:0019359),0.05377604431195546,0.15026459599478953,0,0,20.684120660216276,60.45817855467211,QPRT
GO_Biological_Process_2023,Positive Regulation Of Calcium Ion-Dependent Exocytosis (GO:0045956),0.05377604431195546,0.15026459599478953,0,0,20.684120660216276,60.45817855467211,SYT1
GO_Biological_Process_2023,Positive Regulation Of Early Endosome To Late Endosome Transport (GO:2000643),0.05377604431195546,0.15026459599478953,0,0,20.684120660216276,60.45817855467211,RAB21
GO_Biological_Process_2023,Positive Regulation Of Extracellular Matrix Assembly (GO:1901203),0.05377604431195546,0.15026459599478953,0,0,20.684120660216276,60.45817855467211,DAG1
GO_Biological_Process_2023,Positive Regulation Of Respiratory Burst (GO:0060267),0.05377604431195546,0.15026459599478953,0,0,20.684120660216276,60.45817855467211,IGHA1
GO_Biological_Process_2023,Positive Regulation Of Smooth Muscle Cell Apoptotic Process (GO:0034393),0.05377604431195546,0.15026459599478953,0,0,20.684120660216276,60.45817855467211,PDCD4
GO_Biological_Process_2023,Positive Regulation Of Ubiquitin Protein Ligase Activity (GO:1904668),0.05377604431195546,0.15026459599478953,0,0,20.684120660216276,60.45817855467211,SKP1
GO_Biological_Process_2023,Proteasome Assembly (GO:0043248),0.05377604431195546,0.15026459599478953,0,0,20.684120660216276,60.45817855467211,PSMD11
GO_Biological_Process_2023,Regulation Of Angiotensin Levels In Blood (GO:0002002),0.05377604431195546,0.15026459599478953,0,0,20.684120660216276,60.45817855467211,ATP6AP2
GO_Biological_Process_2023,Regulation Of Cell Killing (GO:0031341),0.05377604431195546,0.15026459599478953,0,0,20.684120660216276,60.45817855467211,CD59
GO_Biological_Process_2023,"Regulation Of Synaptic Transmission, Glutamatergic (GO:0051966)",0.0552461159218622,0.1535953256418216,0,0,5.478641509433962,15.865911550703334,SYT1;CACNG4
GO_Biological_Process_2023,Selective Autophagy (GO:0061912),0.0552461159218622,0.1535953256418216,0,0,5.478641509433962,15.865911550703334,LGALS8;RAB7A
GO_Biological_Process_2023,Eye Development (GO:0001654),0.0552461159218622,0.1535953256418216,0,0,5.478641509433962,15.865911550703334,SIPA1L3;PBX1
GO_Biological_Process_2023,Response To Cytokine (GO:0034097),0.05560859352284733,0.15434411971081746,0,0,3.5776219632628874,10.337243616025962,IL1R1;BCL2;AFF3
GO_Biological_Process_2023,Protein Modification Process (GO:0036211),0.05651730036801121,0.15585690448392017,0,0,1.8972435078756917,5.451176147777925,DSP;UGCG;PTPN1;TMEM59;CSTA;MAN2A1;ERBB2;LCMT1;SUMF1
GO_Biological_Process_2023,Regulation Of Reactive Oxygen Species Metabolic Process (GO:2000377),0.05703919793588545,0.15585690448392017,0,0,5.377037037037037,15.399923141506928,TFAP2A;GRB2
GO_Biological_Process_2023,Endosome To Lysosome Transport (GO:0008333),0.05703919793588545,0.15585690448392017,0,0,5.377037037037037,15.399923141506928,CACNG4;RAB7A
GO_Biological_Process_2023,Positive Regulation Of Cellular Metabolic Process (GO:0031325),0.05703919793588545,0.15585690448392017,0,0,5.377037037037037,15.399923141506928,GRB2;GATA3
GO_Biological_Process_2023,post-Golgi Vesicle-Mediated Transport (GO:0006892),0.05703919793588545,0.15585690448392017,0,0,5.377037037037037,15.399923141506928,RABIF;EXOC2
GO_Biological_Process_2023,Regulation Of Neuron Death (GO:1901214),0.058852392258334454,0.15585690448392017,0,0,5.279127272727273,14.954304168455181,DHCR24;CLU
GO_Biological_Process_2023,Negative Regulation Of Peptidase Activity (GO:0010466),0.058852392258334454,0.15585690448392017,0,0,5.279127272727273,14.954304168455181,CSTA;SERPINB6
GO_Biological_Process_2023,Negative Regulation Of Protein-Containing Complex Assembly (GO:0031333),0.058852392258334454,0.15585690448392017,0,0,5.279127272727273,14.954304168455181,CLU;LCMT1
GO_Biological_Process_2023,Proton Motive Force-Driven ATP Synthesis (GO:0015986),0.058852392258334454,0.15585690448392017,0,0,5.279127272727273,14.954304168455181,NDUFA7;SDHC
GO_Biological_Process_2023,Regulation Of Complement-Dependent Cytotoxicity (GO:1903659),0.06029226057585567,0.15585690448392017,0,0,18.098107569721115,50.82946774387434,CD59
GO_Biological_Process_2023,"DNA Damage Response, Signal Transduction Resulting In Transcription (GO:0042772)",0.06029226057585567,0.15585690448392017,0,0,18.098107569721115,50.82946774387434,MUC1
GO_Biological_Process_2023,Golgi Lumen Acidification (GO:0061795),0.06029226057585567,0.15585690448392017,0,0,18.098107569721115,50.82946774387434,ATP6AP2
GO_Biological_Process_2023,T-helper 1 Type Immune Response (GO:0042088),0.06029226057585567,0.15585690448392017,0,0,18.098107569721115,50.82946774387434,TMEM98
GO_Biological_Process_2023,[2Fe-2S] Cluster Assembly (GO:0044571),0.06029226057585567,0.15585690448392017,0,0,18.098107569721115,50.82946774387434,NFS1
GO_Biological_Process_2023,Regulation Of Microtubule-Based Movement (GO:0060632),0.06029226057585567,0.15585690448392017,0,0,18.098107569721115,50.82946774387434,LAMP1
GO_Biological_Process_2023,Carbohydrate Phosphorylation (GO:0046835),0.06029226057585567,0.15585690448392017,0,0,18.098107569721115,50.82946774387434,HK2
GO_Biological_Process_2023,Regulation Of Tau-Protein Kinase Activity (GO:1902947),0.06029226057585567,0.15585690448392017,0,0,18.098107569721115,50.82946774387434,CLU
GO_Biological_Process_2023,Regulation Of Transmembrane Transporter Activity (GO:0022898),0.06029226057585567,0.15585690448392017,0,0,18.098107569721115,50.82946774387434,BCL2
GO_Biological_Process_2023,Cellular Response To Oxygen Levels (GO:0071453),0.06029226057585567,0.15585690448392017,0,0,18.098107569721115,50.82946774387434,ATP6V1G1
GO_Biological_Process_2023,Cellular Response To Purine-Containing Compound (GO:0071415),0.06029226057585567,0.15585690448392017,0,0,18.098107569721115,50.82946774387434,CLU
GO_Biological_Process_2023,Response To Interleukin-4 (GO:0070670),0.06029226057585567,0.15585690448392017,0,0,18.098107569721115,50.82946774387434,GATA3
GO_Biological_Process_2023,Synaptic Vesicle Fusion To Presynaptic Active Zone Membrane (GO:0031629),0.06029226057585567,0.15585690448392017,0,0,18.098107569721115,50.82946774387434,SNAP25
GO_Biological_Process_2023,Forelimb Morphogenesis (GO:0035136),0.06029226057585567,0.15585690448392017,0,0,18.098107569721115,50.82946774387434,TFAP2A
GO_Biological_Process_2023,Fructose 6-Phosphate Metabolic Process (GO:0006002),0.06029226057585567,0.15585690448392017,0,0,18.098107569721115,50.82946774387434,HK2
GO_Biological_Process_2023,Hormone Transport (GO:0009914),0.06029226057585567,0.15585690448392017,0,0,18.098107569721115,50.82946774387434,SLC7A8
GO_Biological_Process_2023,Iron Ion Transmembrane Transport (GO:0034755),0.06029226057585567,0.15585690448392017,0,0,18.098107569721115,50.82946774387434,ABCC5
GO_Biological_Process_2023,Leucine Transport (GO:0015820),0.06029226057585567,0.15585690448392017,0,0,18.098107569721115,50.82946774387434,SLC7A8
GO_Biological_Process_2023,Lipid Import Into Cell (GO:0140354),0.06029226057585567,0.15585690448392017,0,0,18.098107569721115,50.82946774387434,SLC27A2
GO_Biological_Process_2023,Long-Chain Fatty Acid Import Into Cell (GO:0044539),0.06029226057585567,0.15585690448392017,0,0,18.098107569721115,50.82946774387434,SLC27A2
GO_Biological_Process_2023,Mesenchymal To Epithelial Transition (GO:0060231),0.06029226057585567,0.15585690448392017,0,0,18.098107569721115,50.82946774387434,GATA3
GO_Biological_Process_2023,Microtubule Anchoring (GO:0034453),0.06029226057585567,0.15585690448392017,0,0,18.098107569721115,50.82946774387434,DAG1
GO_Biological_Process_2023,Mitral Valve Morphogenesis (GO:0003183),0.06029226057585567,0.15585690448392017,0,0,18.098107569721115,50.82946774387434,SOX4
GO_Biological_Process_2023,Myelin Assembly (GO:0032288),0.06029226057585567,0.15585690448392017,0,0,18.098107569721115,50.82946774387434,CD9
GO_Biological_Process_2023,Negative Regulation Of Cell Adhesion Mediated By Integrin (GO:0033629),0.06029226057585567,0.15585690448392017,0,0,18.098107569721115,50.82946774387434,MUC1
GO_Biological_Process_2023,Neurotransmitter Receptor Transport To Postsynaptic Membrane (GO:0098969),0.06029226057585567,0.15585690448392017,0,0,18.098107569721115,50.82946774387434,RAB11A
GO_Biological_Process_2023,Peptidyl-Amino Acid Modification (GO:0018193),0.06029226057585567,0.15585690448392017,0,0,18.098107569721115,50.82946774387434,FKBP10
GO_Biological_Process_2023,Pinocytosis (GO:0006907),0.06029226057585567,0.15585690448392017,0,0,18.098107569721115,50.82946774387434,PPT1
GO_Biological_Process_2023,Positive Regulation Of Mesenchymal Cell Proliferation (GO:0002053),0.06029226057585567,0.15585690448392017,0,0,18.098107569721115,50.82946774387434,SOX9
GO_Biological_Process_2023,Positive Regulation Of Protein Kinase A Signaling (GO:0010739),0.06029226057585567,0.15585690448392017,0,0,18.098107569721115,50.82946774387434,TCIM
GO_Biological_Process_2023,Progesterone Receptor Signaling Pathway (GO:0050847),0.06029226057585567,0.15585690448392017,0,0,18.098107569721115,50.82946774387434,WBP2
GO_Biological_Process_2023,Protein O-linked Glycosylation Via Threonine (GO:0018243),0.06029226057585567,0.15585690448392017,0,0,18.098107569721115,50.82946774387434,GALNT1
GO_Biological_Process_2023,Protein Insertion Into ER Membrane By Stop-Transfer Membrane-Anchor Sequence (GO:0045050),0.06029226057585567,0.15585690448392017,0,0,18.098107569721115,50.82946774387434,EMC4
GO_Biological_Process_2023,"Regulation Of CD4-positive, Alpha-Beta T Cell Proliferation (GO:2000561)",0.06029226057585567,0.15585690448392017,0,0,18.098107569721115,50.82946774387434,CD55
GO_Biological_Process_2023,Regulation Of PERK-mediated Unfolded Protein Response (GO:1903897),0.06029226057585567,0.15585690448392017,0,0,18.098107569721115,50.82946774387434,PTPN1
GO_Biological_Process_2023,Positive Regulation Of MAPK Cascade (GO:0043410),0.060680902776139405,0.15590016662380937,0,0,2.4324561403508773,6.816049195448711,DDR1;GDF15;ERBB2;ACKR3;CD24
GO_Biological_Process_2023,Autophagosome Organization (GO:1905037),0.060685339452237204,0.15590016662380937,0,0,5.184714285714286,14.52784491713781,GABARAPL2;RAB7A
GO_Biological_Process_2023,Heart Morphogenesis (GO:0003007),0.060685339452237204,0.15590016662380937,0,0,5.184714285714286,14.52784491713781,RBM20;SOX9
GO_Biological_Process_2023,Regulation Of Cell Death (GO:0010941),0.060685339452237204,0.15590016662380937,0,0,5.184714285714286,14.52784491713781,DHCR24;CLU
GO_Biological_Process_2023,Non-Membrane-Bounded Organelle Assembly (GO:0140694),0.061096696226194666,0.15671397158948075,0,0,3.436296366568637,9.605470594107837,SQLE;CAPRIN1;CIRBP
GO_Biological_Process_2023,Synapse Organization (GO:0050808),0.062223647324469444,0.15893396085352268,0,0,3.4093561746987953,9.467850861883585,CYFIP1;FARP1;PTPRF
GO_Biological_Process_2023,Plasma Membrane Bounded Cell Projection Organization (GO:0120036),0.062223647324469444,0.15893396085352268,0,0,3.4093561746987953,9.467850861883585,CYFIP1;CTTN;RAB11A
GO_Biological_Process_2023,Aerobic Respiration (GO:0009060),0.06253768405340784,0.15893396085352268,0,0,5.093614035087719,14.119426586253665,NDUFA7;SDHC
GO_Biological_Process_2023,Anterior/Posterior Pattern Specification (GO:0009952),0.06253768405340784,0.15893396085352268,0,0,5.093614035087719,14.119426586253665,ATP6AP2;BHLHE40
GO_Biological_Process_2023,Endocytic Recycling (GO:0032456),0.06253768405340784,0.15893396085352268,0,0,5.093614035087719,14.119426586253665,ATP6AP1;RAB7A
GO_Biological_Process_2023,Sterol Metabolic Process (GO:0016125),0.06253768405340784,0.15893396085352268,0,0,5.093614035087719,14.119426586253665,SQLE;MSMO1
GO_Biological_Process_2023,Protein Localization To Plasma Membrane (GO:0072659),0.06336025698313556,0.16077786496333174,0,0,3.3828336602222846,9.332962284945332,JUP;BSG;RAB11A
GO_Biological_Process_2023,Positive Regulation Of Cell Junction Assembly (GO:1901890),0.06440907451321291,0.16141864395869626,0,0,5.005655172413793,13.728013050611667,CLDN3;IRX3
GO_Biological_Process_2023,Positive Regulation Of Organelle Assembly (GO:1902117),0.06440907451321291,0.16141864395869626,0,0,5.005655172413793,13.728013050611667,CAPRIN1;SDC1
GO_Biological_Process_2023,Protein Polyubiquitination (GO:0000209),0.06627735110867893,0.16141864395869626,0,0,2.6981033452807646,7.322401696835039,AMFR;BCL2;FBXL7;SKP1
GO_Biological_Process_2023,Fatty Acid Catabolic Process (GO:0009062),0.06629916316346372,0.16141864395869626,0,0,4.920677966101695,13.352643492788056,ABHD2;SLC27A2
GO_Biological_Process_2023,Negative Regulation Of Autophagy (GO:0010507),0.06629916316346372,0.16141864395869626,0,0,4.920677966101695,13.352643492788056,BCL2;QSOX1
GO_Biological_Process_2023,Oxidative Phosphorylation (GO:0006119),0.06629916316346372,0.16141864395869626,0,0,4.920677966101695,13.352643492788056,NDUFA7;SDHC
GO_Biological_Process_2023,Regulation Of mRNA Polyadenylation (GO:1900363),0.06676378031891372,0.16141864395869626,0,0,16.086764054891546,43.5403480191893,VIRMA
GO_Biological_Process_2023,Regulation Of Mitotic Sister Chromatid Separation (GO:0010965),0.06676378031891372,0.16141864395869626,0,0,16.086764054891546,43.5403480191893,LCMT1
GO_Biological_Process_2023,Atrial Septum Morphogenesis (GO:0060413),0.06676378031891372,0.16141864395869626,0,0,16.086764054891546,43.5403480191893,SOX4
GO_Biological_Process_2023,Basement Membrane Organization (GO:0071711),0.06676378031891372,0.16141864395869626,0,0,16.086764054891546,43.5403480191893,MLF2
GO_Biological_Process_2023,Branched-Chain Amino Acid Transport (GO:0015803),0.06676378031891372,0.16141864395869626,0,0,16.086764054891546,43.5403480191893,SLC7A8
GO_Biological_Process_2023,Catecholamine Biosynthetic Process (GO:0042423),0.06676378031891372,0.16141864395869626,0,0,16.086764054891546,43.5403480191893,GATA3
GO_Biological_Process_2023,Regulation Of Respiratory Burst (GO:0060263),0.06676378031891372,0.16141864395869626,0,0,16.086764054891546,43.5403480191893,IGHA1
GO_Biological_Process_2023,Cellular Response To Nitrogen Levels (GO:0043562),0.06676378031891372,0.16141864395869626,0,0,16.086764054891546,43.5403480191893,GABARAPL2
GO_Biological_Process_2023,Cellular Response To Nitrogen Starvation (GO:0006995),0.06676378031891372,0.16141864395869626,0,0,16.086764054891546,43.5403480191893,GABARAPL2
GO_Biological_Process_2023,Columnar/Cuboidal Epithelial Cell Differentiation (GO:0002065),0.06676378031891372,0.16141864395869626,0,0,16.086764054891546,43.5403480191893,SOX4
GO_Biological_Process_2023,Steroid Hormone Mediated Signaling Pathway (GO:0043401),0.06676378031891372,0.16141864395869626,0,0,16.086764054891546,43.5403480191893,ESR1
GO_Biological_Process_2023,Glycine Transport (GO:0015816),0.06676378031891372,0.16141864395869626,0,0,16.086764054891546,43.5403480191893,SLC7A8
GO_Biological_Process_2023,Urogenital System Development (GO:0001655),0.06676378031891372,0.16141864395869626,0,0,16.086764054891546,43.5403480191893,SOX9
GO_Biological_Process_2023,Lipoprotein Catabolic Process (GO:0042159),0.06676378031891372,0.16141864395869626,0,0,16.086764054891546,43.5403480191893,PPT1
GO_Biological_Process_2023,Mesonephros Development (GO:0001823),0.06676378031891372,0.16141864395869626,0,0,16.086764054891546,43.5403480191893,GATA3
GO_Biological_Process_2023,Metanephric Mesenchyme Development (GO:0072075),0.06676378031891372,0.16141864395869626,0,0,16.086764054891546,43.5403480191893,SIX1
GO_Biological_Process_2023,Monocyte Differentiation (GO:0030224),0.06676378031891372,0.16141864395869626,0,0,16.086764054891546,43.5403480191893,MT1G
GO_Biological_Process_2023,Negative Regulation Of Exocytosis (GO:0045920),0.06676378031891372,0.16141864395869626,0,0,16.086764054891546,43.5403480191893,RAB7A
GO_Biological_Process_2023,Negative Regulation Of Glycolytic Process (GO:0045820),0.06676378031891372,0.16141864395869626,0,0,16.086764054891546,43.5403480191893,FBP1
GO_Biological_Process_2023,Negative Regulation Of Homotypic Cell-Cell Adhesion (GO:0034111),0.06676378031891372,0.16141864395869626,0,0,16.086764054891546,43.5403480191893,CD9
GO_Biological_Process_2023,Negative Regulation Of Vascular Endothelial Growth Factor Receptor Signaling Pathway (GO:0030948),0.06676378031891372,0.16141864395869626,0,0,16.086764054891546,43.5403480191893,PTPN1
GO_Biological_Process_2023,Negative Regulation Of Voltage-Gated Potassium Channel Activity (GO:1903817),0.06676378031891372,0.16141864395869626,0,0,16.086764054891546,43.5403480191893,KCNE4
GO_Biological_Process_2023,Oxygen Transport (GO:0015671),0.06676378031891372,0.16141864395869626,0,0,16.086764054891546,43.5403480191893,MB
GO_Biological_Process_2023,Positive Regulation Of Chondrocyte Differentiation (GO:0032332),0.06676378031891372,0.16141864395869626,0,0,16.086764054891546,43.5403480191893,SOX9
GO_Biological_Process_2023,Positive Regulation Of Lipid Localization (GO:1905954),0.06676378031891372,0.16141864395869626,0,0,16.086764054891546,43.5403480191893,VSTM2A
GO_Biological_Process_2023,Protein Oxidation (GO:0018158),0.06676378031891372,0.16141864395869626,0,0,16.086764054891546,43.5403480191893,SUMF1
GO_Biological_Process_2023,Regulation Of Protein Kinase B Signaling (GO:0051896),0.06682751343130093,0.16141864395869626,0,0,3.3056772544724353,8.943973947321581,GDF15;DAG1;GATA3
GO_Biological_Process_2023,Negative Regulation Of Cellular Biosynthetic Process (GO:0031327),0.06800223025034417,0.16379710652127336,0,0,3.280731950357822,8.81931210683417,IGFBP5;CAPRIN1;TOB1
GO_Biological_Process_2023,Autophagosome Assembly (GO:0000045),0.06820760621585915,0.16379710652127336,0,0,4.838533333333333,12.992425798388492,GABARAPL2;RAB7A
GO_Biological_Process_2023,Cellular Response To Virus (GO:0098586),0.06820760621585915,0.16379710652127336,0,0,4.838533333333333,12.992425798388492,IFI6;LGALS8
GO_Biological_Process_2023,Phosphatidylinositol-Mediated Signaling (GO:0048015),0.06820760621585915,0.16379710652127336,0,0,4.838533333333333,12.992425798388492,ERBB2;GATA3
GO_Biological_Process_2023,Regulation Of Secretion By Cell (GO:1903530),0.07013406366030801,0.16704867185542357,0,0,4.759081967213115,12.646530634171022,RAB21;SYT1
GO_Biological_Process_2023,Negative Regulation Of Endopeptidase Activity (GO:0010951),0.07013406366030801,0.16704867185542357,0,0,4.759081967213115,12.646530634171022,CST1;SERPINB6
GO_Biological_Process_2023,Positive Regulation Of Mitotic Cell Cycle Phase Transition (GO:1901992),0.07013406366030801,0.16704867185542357,0,0,4.759081967213115,12.646530634171022,CCND1;RAB11A
GO_Biological_Process_2023,Protein Polymerization (GO:0051258),0.07013406366030801,0.16704867185542357,0,0,4.759081967213115,12.646530634171022,WASHC5;GPX4
GO_Biological_Process_2023,Protein Localization To Cell Periphery (GO:1990778),0.07037978437943862,0.16704867185542357,0,0,3.231950022311468,8.577108015913527,JUP;BSG;RAB11A
GO_Biological_Process_2023,Intracellular Calcium Ion Homeostasis (GO:0006874),0.07158251082035308,0.16704867185542357,0,0,3.2080970942593905,8.459445655107936,BCL2;ATP2A3;TMCO1
GO_Biological_Process_2023,Negative Regulation Of Intracellular Signal Transduction (GO:1902532),0.07161409671555352,0.16704867185542357,0,0,2.624745713455391,6.920045857938081,DAG1;BCL2;ADIPOR1;ESR1
GO_Biological_Process_2023,Response To Metal Ion (GO:0010038),0.0720781993059106,0.16704867185542357,0,0,4.6821935483870964,12.3141861123223,BCL2;AQP3
GO_Biological_Process_2023,Positive Regulation Of T Cell Differentiation (GO:0045582),0.0720781993059106,0.16704867185542357,0,0,4.6821935483870964,12.3141861123223,GATA3;SOX4
GO_Biological_Process_2023,C-terminal Protein Amino Acid Modification (GO:0018410),0.07319090873086151,0.16704867185542357,0,0,14.47768924302789,37.85458333851383,LCMT1
GO_Biological_Process_2023,Regulation Of Endosome Size (GO:0051036),0.07319090873086151,0.16704867185542357,0,0,14.47768924302789,37.85458333851383,RAB11A
GO_Biological_Process_2023,Golgi To Lysosome Transport (GO:0090160),0.07319090873086151,0.16704867185542357,0,0,14.47768924302789,37.85458333851383,LAMP1
GO_Biological_Process_2023,"RNA Splicing, Via Endonucleolytic Cleavage And Ligation (GO:0000394)",0.07319090873086151,0.16704867185542357,0,0,14.47768924302789,37.85458333851383,HEXIM1
GO_Biological_Process_2023,UV-damage Excision Repair (GO:0070914),0.07319090873086151,0.16704867185542357,0,0,14.47768924302789,37.85458333851383,DDB1
GO_Biological_Process_2023,Regulation Of Mesenchymal Cell Proliferation (GO:0010464),0.07319090873086151,0.16704867185542357,0,0,14.47768924302789,37.85458333851383,SOX9
GO_Biological_Process_2023,Regulation Of Phospholipase C Activity (GO:1900274),0.07319090873086151,0.16704867185542357,0,0,14.47768924302789,37.85458333851383,ESR1
GO_Biological_Process_2023,Central Nervous System Myelination (GO:0022010),0.07319090873086151,0.16704867185542357,0,0,14.47768924302789,37.85458333851383,CLU
GO_Biological_Process_2023,Cochlea Morphogenesis (GO:0090103),0.07319090873086151,0.16704867185542357,0,0,14.47768924302789,37.85458333851383,SOX9
GO_Biological_Process_2023,Skeletal Muscle Fiber Development (GO:0048741),0.07319090873086151,0.16704867185542357,0,0,14.47768924302789,37.85458333851383,SIX1
GO_Biological_Process_2023,Endosomal Lumen Acidification (GO:0048388),0.07319090873086151,0.16704867185542357,0,0,14.47768924302789,37.85458333851383,ATP6AP2
GO_Biological_Process_2023,Establishment Of Protein Localization To Chromosome (GO:0070199),0.07319090873086151,0.16704867185542357,0,0,14.47768924302789,37.85458333851383,WBP2
GO_Biological_Process_2023,"tRNA Splicing, Via Endonucleolytic Cleavage And Ligation (GO:0006388)",0.07319090873086151,0.16704867185542357,0,0,14.47768924302789,37.85458333851383,HEXIM1
GO_Biological_Process_2023,Intestinal Absorption (GO:0050892),0.07319090873086151,0.16704867185542357,0,0,14.47768924302789,37.85458333851383,UGCG
GO_Biological_Process_2023,Intestinal Lipid Absorption (GO:0098856),0.07319090873086151,0.16704867185542357,0,0,14.47768924302789,37.85458333851383,UGCG
GO_Biological_Process_2023,Lipid Droplet Formation (GO:0140042),0.07319090873086151,0.16704867185542357,0,0,14.47768924302789,37.85458333851383,SQLE
GO_Biological_Process_2023,Negative Regulation Of Amyloid Fibril Formation (GO:1905907),0.07319090873086151,0.16704867185542357,0,0,14.47768924302789,37.85458333851383,CLU
GO_Biological_Process_2023,"Negative Regulation Of Nuclear-Transcribed mRNA Catabolic Process, Deadenylation-Dependent Decay (GO:1900152)",0.07319090873086151,0.16704867185542357,0,0,14.47768924302789,37.85458333851383,TOB1
GO_Biological_Process_2023,Neurotransmitter Uptake (GO:0001504),0.07319090873086151,0.16704867185542357,0,0,14.47768924302789,37.85458333851383,SNAP25
GO_Biological_Process_2023,Phagosome-Lysosome Fusion (GO:0090385),0.07319090873086151,0.16704867185542357,0,0,14.47768924302789,37.85458333851383,RAB7A
GO_Biological_Process_2023,Podocyte Differentiation (GO:0072112),0.07319090873086151,0.16704867185542357,0,0,14.47768924302789,37.85458333851383,CD24
GO_Biological_Process_2023,Positive Regulation Of Cytoplasmic Transport (GO:1903651),0.07319090873086151,0.16704867185542357,0,0,14.47768924302789,37.85458333851383,RAB21
GO_Biological_Process_2023,Positive Regulation Of Endoplasmic Reticulum Unfolded Protein Response (GO:1900103),0.07319090873086151,0.16704867185542357,0,0,14.47768924302789,37.85458333851383,PTPN1
GO_Biological_Process_2023,Positive Regulation Of Muscle Contraction (GO:0045933),0.07319090873086151,0.16704867185542357,0,0,14.47768924302789,37.85458333851383,CTTN
GO_Biological_Process_2023,Positive Regulation Of Protein Maturation (GO:1903319),0.07319090873086151,0.16704867185542357,0,0,14.47768924302789,37.85458333851383,SOX4
GO_Biological_Process_2023,Post-Transcriptional Gene Silencing (GO:0016441),0.07319090873086151,0.16704867185542357,0,0,14.47768924302789,37.85458333851383,HEXIM1
GO_Biological_Process_2023,Regulation Of Cell Communication By Electrical Coupling Involved In Cardiac Conduction (GO:1901844),0.07319090873086151,0.16704867185542357,0,0,14.47768924302789,37.85458333851383,IRX3
GO_Biological_Process_2023,Regulation Of Neurogenesis (GO:0050767),0.074039680641928,0.1680599326351708,0,0,4.607746031746032,11.994672995513588,BHLHE40;ASCL1
GO_Biological_Process_2023,Canonical Wnt Signaling Pathway (GO:0060070),0.074039680641928,0.1680599326351708,0,0,4.607746031746032,11.994672995513588,JUP;GATA3
GO_Biological_Process_2023,Regulation Of Translational Initiation (GO:0006446),0.074039680641928,0.1680599326351708,0,0,4.607746031746032,11.994672995513588,EIF4A2;BZW1
GO_Biological_Process_2023,Monocarboxylic Acid Biosynthetic Process (GO:0072330),0.074039680641928,0.1680599326351708,0,0,4.607746031746032,11.994672995513588,ACLY;SLC27A2
GO_Biological_Process_2023,Regulation Of Endocytosis (GO:0030100),0.0760181789142303,0.17231480500804322,0,0,4.535625,11.68732035598354,PTPN1;RAB5B
GO_Biological_Process_2023,Regulation Of I-kappaB kinase/NF-kappaB Signaling (GO:0043122),0.07716383454215375,0.17394991229865095,0,0,2.5552490096208262,6.546099251199863,C18ORF32;CXXC5;ESR1;TMEM9B
GO_Biological_Process_2023,Dephosphorylation (GO:0016311),0.0777333699561666,0.17394991229865095,0,0,3.093907545073913,7.903295993076744,PTPN1;PLPP2;FBP1
GO_Biological_Process_2023,Negative Regulation Of Response To External Stimulus (GO:0032102),0.0777333699561666,0.17394991229865095,0,0,3.093907545073913,7.903295993076744,CLDN3;GATA3;CERS2
GO_Biological_Process_2023,Regulation Of Viral Genome Replication (GO:0045069),0.07801336905732155,0.17394991229865095,0,0,4.465723076923077,11.391501661126954,DDB1;HACD3
GO_Biological_Process_2023,Skeletal System Development (GO:0001501),0.07899058243140855,0.17394991229865095,0,0,3.07203461734261,7.798134521956513,COL2A1;TRPS1;SOX9
GO_Biological_Process_2023,Regulation Of Interleukin-5 Production (GO:0032674),0.07957394901772928,0.17394991229865095,0,0,13.161173487866716,33.311831813798904,GATA3
GO_Biological_Process_2023,acetyl-CoA Biosynthetic Process (GO:0006085),0.07957394901772928,0.17394991229865095,0,0,13.161173487866716,33.311831813798904,ACLY
GO_Biological_Process_2023,Cell Projection Assembly (GO:0030031),0.07957394901772928,0.17394991229865095,0,0,13.161173487866716,33.311831813798904,NCKAP1
GO_Biological_Process_2023,Cellular Component Maintenance (GO:0043954),0.07957394901772928,0.17394991229865095,0,0,13.161173487866716,33.311831813798904,CLDN3
GO_Biological_Process_2023,Cellular Response To Exogenous dsRNA (GO:0071360),0.07957394901772928,0.17394991229865095,0,0,13.161173487866716,33.311831813798904,COLEC12
GO_Biological_Process_2023,Regulation Of Transcription From RNA Polymerase II Promoter In Response To Stress (GO:0043618),0.07957394901772928,0.17394991229865095,0,0,13.161173487866716,33.311831813798904,MUC1
GO_Biological_Process_2023,Regulation Of Vascular Associated Smooth Muscle Cell Migration (GO:1904752),0.07957394901772928,0.17394991229865095,0,0,13.161173487866716,33.311831813798904,IGFBP5
GO_Biological_Process_2023,Detection Of Calcium Ion (GO:0005513),0.07957394901772928,0.17394991229865095,0,0,13.161173487866716,33.311831813798904,SYT1
GO_Biological_Process_2023,Secretion (GO:0046903),0.07957394901772928,0.17394991229865095,0,0,13.161173487866716,33.311831813798904,TPD52
GO_Biological_Process_2023,Spinal Cord Development (GO:0021510),0.07957394901772928,0.17394991229865095,0,0,13.161173487866716,33.311831813798904,SOX4
GO_Biological_Process_2023,Synaptic Membrane Adhesion (GO:0099560),0.07957394901772928,0.17394991229865095,0,0,13.161173487866716,33.311831813798904,PTPRF
GO_Biological_Process_2023,Fatty Acid Elongation (GO:0030497),0.07957394901772928,0.17394991229865095,0,0,13.161173487866716,33.311831813798904,HACD3
GO_Biological_Process_2023,Very Long-Chain Fatty Acid Biosynthetic Process (GO:0042761),0.07957394901772928,0.17394991229865095,0,0,13.161173487866716,33.311831813798904,HACD3
GO_Biological_Process_2023,Negative Regulation Of JUN Kinase Activity (GO:0043508),0.07957394901772928,0.17394991229865095,0,0,13.161173487866716,33.311831813798904,PDCD4
GO_Biological_Process_2023,Negative Regulation Of Epidermal Growth Factor-Activated Receptor Activity (GO:0007175),0.07957394901772928,0.17394991229865095,0,0,13.161173487866716,33.311831813798904,GPRC5A
GO_Biological_Process_2023,Negative Regulation Of Locomotion (GO:0040013),0.07957394901772928,0.17394991229865095,0,0,13.161173487866716,33.311831813798904,GATA3
GO_Biological_Process_2023,Positive Regulation Of T-helper 1 Type Immune Response (GO:0002827),0.07957394901772928,0.17394991229865095,0,0,13.161173487866716,33.311831813798904,IL1R1
GO_Biological_Process_2023,Positive Regulation Of Nuclear-Transcribed mRNA poly(A) Tail Shortening (GO:0060213),0.07957394901772928,0.17394991229865095,0,0,13.161173487866716,33.311831813798904,TOB1
GO_Biological_Process_2023,Potassium Ion Export Across Plasma Membrane (GO:0097623),0.07957394901772928,0.17394991229865095,0,0,13.161173487866716,33.311831813798904,KCNE4
GO_Biological_Process_2023,Pyrimidine Deoxyribonucleotide Catabolic Process (GO:0009223),0.07957394901772928,0.17394991229865095,0,0,13.161173487866716,33.311831813798904,DUT
GO_Biological_Process_2023,Regulation Of Actin Filament Organization (GO:0110053),0.07957394901772928,0.17394991229865095,0,0,13.161173487866716,33.311831813798904,WASHC5
GO_Biological_Process_2023,Regulation Of Cell Communication By Electrical Coupling (GO:0010649),0.07957394901772928,0.17394991229865095,0,0,13.161173487866716,33.311831813798904,IRX3
GO_Biological_Process_2023,Phospholipid Metabolic Process (GO:0006644),0.08002492958088583,0.1744754056783261,0,0,4.397939393939394,11.10663123187199,GPX4;PLPP2
GO_Biological_Process_2023,Regulation Of Actin Filament Polymerization (GO:0030833),0.08002492958088583,0.1744754056783261,0,0,4.397939393939394,11.10663123187199,NCKAP1;CTTN
GO_Biological_Process_2023,Positive Regulation Of Phosphatidylinositol 3-Kinase Signaling (GO:0014068),0.08205254263860398,0.17842659206321101,0,0,4.332179104477612,10.832161021208291,DDR1;SOX9
GO_Biological_Process_2023,Positive Regulation Of Protein Polymerization (GO:0032273),0.08205254263860398,0.17842659206321101,0,0,4.332179104477612,10.832161021208291,NCKAP1;CTTN
GO_Biological_Process_2023,Regulation Of ERK1 And ERK2 Cascade (GO:0070372),0.08390294013928966,0.1806575840449151,0,0,2.4786547700754977,6.142341057368967,DDR1;PTPN1;ERBB2;ACKR3
GO_Biological_Process_2023,Regulation Of Autophagy (GO:0010506),0.08390294013928966,0.1806575840449151,0,0,2.4786547700754977,6.142341057368967,TMEM59;ATP6V1G1;ATP6V0E1;BCL2
GO_Biological_Process_2023,Negative Regulation Of Epithelial Cell Proliferation (GO:0050680),0.08409589396991218,0.1806575840449151,0,0,4.26835294117647,10.567577696177205,SOX9;GATA3
GO_Biological_Process_2023,Axon Guidance (GO:0007411),0.08410759691042352,0.1806575840449151,0,0,2.98753919788744,7.396126463409201,CYFIP1;ALCAM;DAG1
GO_Biological_Process_2023,Regulation Of Gastrulation (GO:0010470),0.0859132023098329,0.1806575840449151,0,0,12.064077025232404,29.610285003527373,DAG1
GO_Biological_Process_2023,Amyloid Precursor Protein Catabolic Process (GO:0042987),0.0859132023098329,0.1806575840449151,0,0,12.064077025232404,29.610285003527373,APH1A
GO_Biological_Process_2023,Regulation Of Phosphate Metabolic Process (GO:0019220),0.0859132023098329,0.1806575840449151,0,0,12.064077025232404,29.610285003527373,CD24
GO_Biological_Process_2023,Regulation Of Response To Endoplasmic Reticulum Stress (GO:1905897),0.0859132023098329,0.1806575840449151,0,0,12.064077025232404,29.610285003527373,CLU
GO_Biological_Process_2023,Cellular Response To Interleukin-4 (GO:0071353),0.0859132023098329,0.1806575840449151,0,0,12.064077025232404,29.610285003527373,GATA3
GO_Biological_Process_2023,Response To UV-A (GO:0070141),0.0859132023098329,0.1806575840449151,0,0,12.064077025232404,29.610285003527373,CCND1
GO_Biological_Process_2023,Cotranslational Protein Targeting To Membrane (GO:0006613),0.0859132023098329,0.1806575840449151,0,0,12.064077025232404,29.610285003527373,SRP14
GO_Biological_Process_2023,Cranial Nerve Development (GO:0021545),0.0859132023098329,0.1806575840449151,0,0,12.064077025232404,29.610285003527373,TFAP2A
GO_Biological_Process_2023,Response To Progesterone (GO:0032570),0.0859132023098329,0.1806575840449151,0,0,12.064077025232404,29.610285003527373,WBP2
GO_Biological_Process_2023,Thymus Development (GO:0048538),0.0859132023098329,0.1806575840449151,0,0,12.064077025232404,29.610285003527373,SIX1
GO_Biological_Process_2023,Glomerular Filtration (GO:0003094),0.0859132023098329,0.1806575840449151,0,0,12.064077025232404,29.610285003527373,IGHA1
GO_Biological_Process_2023,Immune Response-Regulating Cell Surface Receptor Signaling Pathway (GO:0002768),0.0859132023098329,0.1806575840449151,0,0,12.064077025232404,29.610285003527373,CD24
GO_Biological_Process_2023,Lipid Oxidation (GO:0034440),0.0859132023098329,0.1806575840449151,0,0,12.064077025232404,29.610285003527373,ADIPOR1
GO_Biological_Process_2023,Membrane Protein Intracellular Domain Proteolysis (GO:0031293),0.0859132023098329,0.1806575840449151,0,0,12.064077025232404,29.610285003527373,APH1A
GO_Biological_Process_2023,Negative Regulation Of Cartilage Development (GO:0061037),0.0859132023098329,0.1806575840449151,0,0,12.064077025232404,29.610285003527373,SOX9
GO_Biological_Process_2023,Negative Regulation Of Endoplasmic Reticulum Unfolded Protein Response (GO:1900102),0.0859132023098329,0.1806575840449151,0,0,12.064077025232404,29.610285003527373,PTPN1
GO_Biological_Process_2023,Negative Regulation Of Fibroblast Growth Factor Receptor Signaling Pathway (GO:0040037),0.0859132023098329,0.1806575840449151,0,0,12.064077025232404,29.610285003527373,GATA3
GO_Biological_Process_2023,Peptidyl-Tyrosine Autophosphorylation (GO:0038083),0.0859132023098329,0.1806575840449151,0,0,12.064077025232404,29.610285003527373,DDR1
GO_Biological_Process_2023,Positive Regulation Of Insulin Secretion Involved In Cellular Response To Glucose Stimulus (GO:0035774),0.0859132023098329,0.1806575840449151,0,0,12.064077025232404,29.610285003527373,ANO1
GO_Biological_Process_2023,Positive Regulation Of Leukocyte Degranulation (GO:0043302),0.0859132023098329,0.1806575840449151,0,0,12.064077025232404,29.610285003527373,LAMP1
GO_Biological_Process_2023,Regulation Of ERBB Signaling Pathway (GO:1901184),0.0859132023098329,0.1806575840449151,0,0,12.064077025232404,29.610285003527373,IFI6
GO_Biological_Process_2023,Regulation Of IRE1-mediated Unfolded Protein Response (GO:1903894),0.0859132023098329,0.1806575840449151,0,0,12.064077025232404,29.610285003527373,PTPN1
GO_Biological_Process_2023,Cell-Cell Junction Assembly (GO:0007043),0.08615467281967668,0.180706699825575,0,0,4.206376811594203,10.312399985223257,JUP;CD9
GO_Biological_Process_2023,Lipid Biosynthetic Process (GO:0008610),0.08615467281967668,0.180706699825575,0,0,4.206376811594203,10.312399985223257,ACLY;PRLR
GO_Biological_Process_2023,Regulation Of Cell Cycle G1/S Phase Transition (GO:1902806),0.08822857192916793,0.1848226848124289,0,0,4.146171428571429,10.066176258938068,TCIM;PSME3
GO_Biological_Process_2023,Protein Tetramerization (GO:0051262),0.09031728752692256,0.18724296506415683,0,0,4.087661971830986,9.828482324199433,CLU;ALDH9A1
GO_Biological_Process_2023,Regulation Of Extracellular Matrix Disassembly (GO:0010715),0.09220896770811826,0.18724296506415683,0,0,11.135764633772602,26.54429865553543,DDR1
GO_Biological_Process_2023,Regulation Of Hemopoiesis (GO:1903706),0.09220896770811826,0.18724296506415683,0,0,11.135764633772602,26.54429865553543,KAT6B
GO_Biological_Process_2023,Aminoglycan Catabolic Process (GO:0006026),0.09220896770811826,0.18724296506415683,0,0,11.135764633772602,26.54429865553543,GNS
GO_Biological_Process_2023,Amyloid-Beta Metabolic Process (GO:0050435),0.09220896770811826,0.18724296506415683,0,0,11.135764633772602,26.54429865553543,APH1A
GO_Biological_Process_2023,Regulation Of Nuclear-Transcribed mRNA poly(A) Tail Shortening (GO:0060211),0.09220896770811826,0.18724296506415683,0,0,11.135764633772602,26.54429865553543,TOB1
GO_Biological_Process_2023,Bone Morphogenesis (GO:0060349),0.09220896770811826,0.18724296506415683,0,0,11.135764633772602,26.54429865553543,TFAP2A
GO_Biological_Process_2023,Calcium Ion-Regulated Exocytosis Of Neurotransmitter (GO:0048791),0.09220896770811826,0.18724296506415683,0,0,11.135764633772602,26.54429865553543,SYT1
GO_Biological_Process_2023,Cellular Response To Zinc Ion (GO:0071294),0.09220896770811826,0.18724296506415683,0,0,11.135764633772602,26.54429865553543,MT1G
GO_Biological_Process_2023,Renal Water Homeostasis (GO:0003091),0.09220896770811826,0.18724296506415683,0,0,11.135764633772602,26.54429865553543,AQP3
GO_Biological_Process_2023,Striated Muscle Cell Development (GO:0055002),0.09220896770811826,0.18724296506415683,0,0,11.135764633772602,26.54429865553543,SDC1
GO_Biological_Process_2023,Synaptic Vesicle Membrane Organization (GO:0048499),0.09220896770811826,0.18724296506415683,0,0,11.135764633772602,26.54429865553543,SNAP25
GO_Biological_Process_2023,Histone H2A Monoubiquitination (GO:0035518),0.09220896770811826,0.18724296506415683,0,0,11.135764633772602,26.54429865553543,PCGF2
GO_Biological_Process_2023,Lipoprotein Biosynthetic Process (GO:0042158),0.09220896770811826,0.18724296506415683,0,0,11.135764633772602,26.54429865553543,UGCG
GO_Biological_Process_2023,Medium-Chain Fatty Acid Metabolic Process (GO:0051791),0.09220896770811826,0.18724296506415683,0,0,11.135764633772602,26.54429865553543,ABHD2
GO_Biological_Process_2023,Membrane Repolarization During Action Potential (GO:0086011),0.09220896770811826,0.18724296506415683,0,0,11.135764633772602,26.54429865553543,KCNE4
GO_Biological_Process_2023,Monosaccharide Transmembrane Transport (GO:0015749),0.09220896770811826,0.18724296506415683,0,0,11.135764633772602,26.54429865553543,SLC50A1
GO_Biological_Process_2023,Myotube Cell Development (GO:0014904),0.09220896770811826,0.18724296506415683,0,0,11.135764633772602,26.54429865553543,SIX1
GO_Biological_Process_2023,Negative Regulation Of Chondrocyte Differentiation (GO:0032331),0.09220896770811826,0.18724296506415683,0,0,11.135764633772602,26.54429865553543,SOX9
GO_Biological_Process_2023,Negative Regulation Of Smooth Muscle Cell Migration (GO:0014912),0.09220896770811826,0.18724296506415683,0,0,11.135764633772602,26.54429865553543,IGFBP5
GO_Biological_Process_2023,Negative Regulation Of Transcription Elongation By RNA Polymerase II (GO:0034244),0.09220896770811826,0.18724296506415683,0,0,11.135764633772602,26.54429865553543,HEXIM1
GO_Biological_Process_2023,Phagolysosome Assembly (GO:0001845),0.09220896770811826,0.18724296506415683,0,0,11.135764633772602,26.54429865553543,RAB7A
GO_Biological_Process_2023,Positive Regulation Of Histone Acetylation (GO:0035066),0.09220896770811826,0.18724296506415683,0,0,11.135764633772602,26.54429865553543,MUC1
GO_Biological_Process_2023,"Positive Regulation Of Nuclear-Transcribed mRNA Catabolic Process, Deadenylation-Dependent Decay (GO:1900153)",0.09220896770811826,0.18724296506415683,0,0,11.135764633772602,26.54429865553543,TOB1
GO_Biological_Process_2023,Protein Localization To Mitochondrion (GO:0070585),0.09220896770811826,0.18724296506415683,0,0,11.135764633772602,26.54429865553543,HK2
GO_Biological_Process_2023,Gland Development (GO:0048732),0.09242051928835895,0.1874428402213106,0,0,4.030777777777778,9.598919411580283,SIX1;SOX9
GO_Biological_Process_2023,Proteolysis Involved In Protein Catabolic Process (GO:0051603),0.09453797023218856,0.19150295437009343,0,0,3.9754520547945207,9.377112337972067,DDB1;CTSF
GO_Biological_Process_2023,Regulation Of Immune Response (GO:0050776),0.09666934684624516,0.19194208893868053,0,0,3.9216216216216218,9.162707815010283,FCRLB;FCGR3B
GO_Biological_Process_2023,Wnt Signaling Pathway (GO:0016055),0.09666934684624516,0.19194208893868053,0,0,3.9216216216216218,9.162707815010283,JUP;CD24
GO_Biological_Process_2023,Cell Morphogenesis Involved In Neuron Differentiation (GO:0048667),0.09666934684624516,0.19194208893868053,0,0,3.9216216216216218,9.162707815010283,FARP1;APLP1
GO_Biological_Process_2023,Negative Regulation Of Cellular Component Organization (GO:0051129),0.09666934684624516,0.19194208893868053,0,0,3.9216216216216218,9.162707815010283,CLU;LCMT1
GO_Biological_Process_2023,Cellular Component Assembly (GO:0022607),0.09715247266186805,0.19194208893868053,0,0,2.3478798126951093,5.474019920144869,NCKAP1;REPS2;QSOX1;SOX9
GO_Biological_Process_2023,Regulation Of Intrinsic Apoptotic Signaling Pathway In Response To DNA Damage (GO:1902229),0.0984615423040908,0.19194208893868053,0,0,10.340068298235629,23.969201068217444,CLU
GO_Biological_Process_2023,Regulation Of Multicellular Organism Growth (GO:0040014),0.0984615423040908,0.19194208893868053,0,0,10.340068298235629,23.969201068217444,GDF15
GO_Biological_Process_2023,Regulation Of Response To Cytokine Stimulus (GO:0060759),0.0984615423040908,0.19194208893868053,0,0,10.340068298235629,23.969201068217444,CD24
GO_Biological_Process_2023,Cellular Response To dsRNA (GO:0071359),0.0984615423040908,0.19194208893868053,0,0,10.340068298235629,23.969201068217444,COLEC12
GO_Biological_Process_2023,Renal Filtration (GO:0097205),0.0984615423040908,0.19194208893868053,0,0,10.340068298235629,23.969201068217444,IGHA1
GO_Biological_Process_2023,Dendritic Cell Chemotaxis (GO:0002407),0.0984615423040908,0.19194208893868053,0,0,10.340068298235629,23.969201068217444,CLU
GO_Biological_Process_2023,Epiboly Involved In Wound Healing (GO:0090505),0.0984615423040908,0.19194208893868053,0,0,10.340068298235629,23.969201068217444,DDR1
GO_Biological_Process_2023,Sphingolipid Catabolic Process (GO:0030149),0.0984615423040908,0.19194208893868053,0,0,10.340068298235629,23.969201068217444,PPT1
GO_Biological_Process_2023,Gas Transport (GO:0015669),0.0984615423040908,0.19194208893868053,0,0,10.340068298235629,23.969201068217444,MB
GO_Biological_Process_2023,Glycosaminoglycan Catabolic Process (GO:0006027),0.0984615423040908,0.19194208893868053,0,0,10.340068298235629,23.969201068217444,GNS
GO_Biological_Process_2023,mRNA Methylation (GO:0080009),0.0984615423040908,0.19194208893868053,0,0,10.340068298235629,23.969201068217444,VIRMA
GO_Biological_Process_2023,Melanosome Transport (GO:0032402),0.0984615423040908,0.19194208893868053,0,0,10.340068298235629,23.969201068217444,RAB11A
GO_Biological_Process_2023,"Mitochondrial Electron Transport, Cytochrome C To Oxygen (GO:0006123)",0.0984615423040908,0.19194208893868053,0,0,10.340068298235629,23.969201068217444,COX6C
GO_Biological_Process_2023,Negative Regulation Of Immune Effector Process (GO:0002698),0.0984615423040908,0.19194208893868053,0,0,10.340068298235629,23.969201068217444,CD55
GO_Biological_Process_2023,Negative Regulation Of Platelet Activation (GO:0010544),0.0984615423040908,0.19194208893868053,0,0,10.340068298235629,23.969201068217444,CD9
GO_Biological_Process_2023,Negative Regulation Of Release Of Cytochrome C From Mitochondria (GO:0090201),0.0984615423040908,0.19194208893868053,0,0,10.340068298235629,23.969201068217444,CLU
GO_Biological_Process_2023,Phagosome Maturation (GO:0090382),0.0984615423040908,0.19194208893868053,0,0,10.340068298235629,23.969201068217444,RAB7A
GO_Biological_Process_2023,Pigment Granule Transport (GO:0051904),0.0984615423040908,0.19194208893868053,0,0,10.340068298235629,23.969201068217444,RAB11A
GO_Biological_Process_2023,Platelet-Derived Growth Factor Receptor Signaling Pathway (GO:0048008),0.0984615423040908,0.19194208893868053,0,0,10.340068298235629,23.969201068217444,PTPN1
GO_Biological_Process_2023,Positive Regulation Of Cyclin-Dependent Protein Serine/Threonine Kinase Activity (GO:0045737),0.0984615423040908,0.19194208893868053,0,0,10.340068298235629,23.969201068217444,CCND1
GO_Biological_Process_2023,Positive Regulation Of Endothelial Cell Apoptotic Process (GO:2000353),0.0984615423040908,0.19194208893868053,0,0,10.340068298235629,23.969201068217444,PDCD4
GO_Biological_Process_2023,Protein Localization To Cell-Cell Junction (GO:0150105),0.0984615423040908,0.19194208893868053,0,0,10.340068298235629,23.969201068217444,DSP
GO_Biological_Process_2023,Protein Localization To Endoplasmic Reticulum (GO:0070972),0.0984615423040908,0.19194208893868053,0,0,10.340068298235629,23.969201068217444,GABARAPL2
GO_Biological_Process_2023,Regulation Of Rac Protein Signal Transduction (GO:0035020),0.0984615423040908,0.19194208893868053,0,0,10.340068298235629,23.969201068217444,AUTS2
GO_Biological_Process_2023,Regulation Of Amyloid Fibril Formation (GO:1905906),0.0984615423040908,0.19194208893868053,0,0,10.340068298235629,23.969201068217444,CLU
GO_Biological_Process_2023,Regulation Of Amyloid-Beta Clearance (GO:1900221),0.0984615423040908,0.19194208893868053,0,0,10.340068298235629,23.969201068217444,CLU
GO_Biological_Process_2023,Regulation Of Carbohydrate Metabolic Process (GO:0006109),0.0984615423040908,0.19194208893868053,0,0,10.340068298235629,23.969201068217444,ADIPOR1
GO_Biological_Process_2023,Positive Regulation Of Growth (GO:0045927),0.09881435887879167,0.19217769091802558,0,0,3.8692266666666666,8.955372912714129,ERBB2;BCL2
GO_Biological_Process_2023,Positive Regulation Of Synaptic Transmission (GO:0050806),0.09881435887879167,0.19217769091802558,0,0,3.8692266666666666,8.955372912714129,SYT1;CACNG4
GO_Biological_Process_2023,Cytokine-Mediated Signaling Pathway (GO:0019221),0.09927325869844408,0.19284383313402328,0,0,2.3289677419354837,5.379633777290764,UGCG;IL1R1;ADIPOR1;PRLR
GO_Biological_Process_2023,Membrane Organization (GO:0061024),0.10027163641763225,0.19455515403280638,0,0,2.7597224340399573,6.34700948935631,RABIF;PPT1;EXOC2
GO_Biological_Process_2023,Regulation Of Cyclin-Dependent Protein Serine/Threonine Kinase Activity (GO:0000079),0.10097271941755755,0.19522963369299048,0,0,3.8182105263157893,8.754793638012133,HEXIM1;CCND1
GO_Biological_Process_2023,Negative Regulation Of Protein Serine/Threonine Kinase Activity (GO:0071901),0.10097271941755755,0.19522963369299048,0,0,3.8182105263157893,8.754793638012133,HEXIM1;PTPN1
GO_Biological_Process_2023,Positive Regulation Of Cytoskeleton Organization (GO:0051495),0.10097271941755755,0.19522963369299048,0,0,3.8182105263157893,8.754793638012133,NCKAP1;CTTN
GO_Biological_Process_2023,Regulation Of Neuron Differentiation (GO:0045664),0.10314414480198793,0.1970911516430082,0,0,3.7685194805194806,8.560673635604893,SIX1;ASCL1
GO_Biological_Process_2023,Regulation Of Delayed Rectifier Potassium Channel Activity (GO:1902259),0.10467122115017936,0.1970911516430082,0,0,9.650464807436919,21.780433849515195,KCNE4
GO_Biological_Process_2023,Regulation Of Fatty Acid Oxidation (GO:0046320),0.10467122115017936,0.1970911516430082,0,0,9.650464807436919,21.780433849515195,SOX9
GO_Biological_Process_2023,acetyl-CoA Metabolic Process (GO:0006084),0.10467122115017936,0.1970911516430082,0,0,9.650464807436919,21.780433849515195,ACLY
GO_Biological_Process_2023,Regulation Of Protein Kinase A Signaling (GO:0010738),0.10467122115017936,0.1970911516430082,0,0,9.650464807436919,21.780433849515195,TCIM
GO_Biological_Process_2023,Regulation Of Steroid Biosynthetic Process (GO:0050810),0.10467122115017936,0.1970911516430082,0,0,9.650464807436919,21.780433849515195,CGA
GO_Biological_Process_2023,Dicarboxylic Acid Catabolic Process (GO:0043649),0.10467122115017936,0.1970911516430082,0,0,9.650464807436919,21.780433849515195,QPRT
GO_Biological_Process_2023,Reverse Cholesterol Transport (GO:0043691),0.10467122115017936,0.1970911516430082,0,0,9.650464807436919,21.780433849515195,CLU
GO_Biological_Process_2023,Ruffle Organization (GO:0031529),0.10467122115017936,0.1970911516430082,0,0,9.650464807436919,21.780433849515195,CYFIP1
GO_Biological_Process_2023,Establishment Of Melanosome Localization (GO:0032401),0.10467122115017936,0.1970911516430082,0,0,9.650464807436919,21.780433849515195,RAB11A
GO_Biological_Process_2023,Establishment Of Protein Localization To Endoplasmic Reticulum (GO:0072599),0.10467122115017936,0.1970911516430082,0,0,9.650464807436919,21.780433849515195,SRP14
GO_Biological_Process_2023,Extrinsic Apoptotic Signaling Pathway In Absence Of Ligand (GO:0097192),0.10467122115017936,0.1970911516430082,0,0,9.650464807436919,21.780433849515195,BCL2
GO_Biological_Process_2023,Tail-Anchored Membrane Protein Insertion Into ER Membrane (GO:0071816),0.10467122115017936,0.1970911516430082,0,0,9.650464807436919,21.780433849515195,EMC4
GO_Biological_Process_2023,Ventricular Cardiac Muscle Cell Action Potential (GO:0086005),0.10467122115017936,0.1970911516430082,0,0,9.650464807436919,21.780433849515195,KCNE4
GO_Biological_Process_2023,Leukotriene Biosynthetic Process (GO:0019370),0.10467122115017936,0.1970911516430082,0,0,9.650464807436919,21.780433849515195,MGST3
GO_Biological_Process_2023,Mesonephric Tubule Development (GO:0072164),0.10467122115017936,0.1970911516430082,0,0,9.650464807436919,21.780433849515195,SIX1
GO_Biological_Process_2023,Negative Regulation Of Amyloid-Beta Formation (GO:1902430),0.10467122115017936,0.1970911516430082,0,0,9.650464807436919,21.780433849515195,CLU
GO_Biological_Process_2023,Negative Regulation Of Phosphatase Activity (GO:0010923),0.10467122115017936,0.1970911516430082,0,0,9.650464807436919,21.780433849515195,PPP1R1B
GO_Biological_Process_2023,Peptide Antigen Assembly With MHC Protein Complex (GO:0002501),0.10467122115017936,0.1970911516430082,0,0,9.650464807436919,21.780433849515195,PDIA3
GO_Biological_Process_2023,Pharyngeal System Development (GO:0060037),0.10467122115017936,0.1970911516430082,0,0,9.650464807436919,21.780433849515195,GATA3
GO_Biological_Process_2023,Positive Regulation Of Dendrite Extension (GO:1903861),0.10467122115017936,0.1970911516430082,0,0,9.650464807436919,21.780433849515195,SYT1
GO_Biological_Process_2023,Positive Regulation Of Dendrite Morphogenesis (GO:0050775),0.10467122115017936,0.1970911516430082,0,0,9.650464807436919,21.780433849515195,CAPRIN1
GO_Biological_Process_2023,Positive Regulation Of Smooth Muscle Cell Migration (GO:0014911),0.10467122115017936,0.1970911516430082,0,0,9.650464807436919,21.780433849515195,IGFBP5
GO_Biological_Process_2023,Cellular Response To Interleukin-1 (GO:0071347),0.10532835466904614,0.1978787796900334,0,0,3.720102564102564,8.37273298826534,IL1R1;SOX9
GO_Biological_Process_2023,Wound Healing (GO:0042060),0.10532835466904614,0.1978787796900334,0,0,3.720102564102564,8.37273298826534,DSP;ERBB2
GO_Biological_Process_2023,Calcium Ion Transmembrane Import Into Cytosol (GO:0097553),0.10752507179521206,0.20093988923015016,0,0,3.672911392405063,8.190707119655489,ITPR2;CLU
GO_Biological_Process_2023,Regulation Of Protein Phosphorylation (GO:0001932),0.10907965603288916,0.20093988923015016,0,0,2.247477892639183,4.97968479234903,CLDN3;CCND1;ERBB2;SOX9
GO_Biological_Process_2023,Phospholipase C-activating G Protein-Coupled Receptor Signaling Pathway (GO:0007200),0.10973402219859335,0.20093988923015016,0,0,3.6269,8.014345774044783,ANO1;ESR1
GO_Biological_Process_2023,"DNA Damage Response, Signal Transduction By P53 Class Mediator Resulting In Cell Cycle Arrest (GO:0006977)",0.11083829737861028,0.20093988923015016,0,0,9.047061752988048,19.900667215851307,MUC1
GO_Biological_Process_2023,Regulation Of Dendrite Extension (GO:1903859),0.11083829737861028,0.20093988923015016,0,0,9.047061752988048,19.900667215851307,SYT1
GO_Biological_Process_2023,Golgi To Vacuole Transport (GO:0006896),0.11083829737861028,0.20093988923015016,0,0,9.047061752988048,19.900667215851307,LAMP1
GO_Biological_Process_2023,NAD Biosynthetic Process (GO:0009435),0.11083829737861028,0.20093988923015016,0,0,9.047061752988048,19.900667215851307,QPRT
GO_Biological_Process_2023,Amyloid Precursor Protein Metabolic Process (GO:0042982),0.11083829737861028,0.20093988923015016,0,0,9.047061752988048,19.900667215851307,APH1A
GO_Biological_Process_2023,Androgen Receptor Signaling Pathway (GO:0030521),0.11083829737861028,0.20093988923015016,0,0,9.047061752988048,19.900667215851307,SCGB2A2
GO_Biological_Process_2023,Regulation Of Mitotic Cell Cycle Spindle Assembly Checkpoint (GO:0090266),0.11083829737861028,0.20093988923015016,0,0,9.047061752988048,19.900667215851307,LCMT1
GO_Biological_Process_2023,Regulation Of Ubiquitin Protein Ligase Activity (GO:1904666),0.11083829737861028,0.20093988923015016,0,0,9.047061752988048,19.900667215851307,SKP1
GO_Biological_Process_2023,Regulation Of Ventricular Cardiac Muscle Cell Membrane Repolarization (GO:0060307),0.11083829737861028,0.20093988923015016,0,0,9.047061752988048,19.900667215851307,KCNE4
GO_Biological_Process_2023,Regulation Of Viral Transcription (GO:0046782),0.11083829737861028,0.20093988923015016,0,0,9.047061752988048,19.900667215851307,HEXIM1
GO_Biological_Process_2023,Response To Interferon-Alpha (GO:0035455),0.11083829737861028,0.20093988923015016,0,0,9.047061752988048,19.900667215851307,GATA3
GO_Biological_Process_2023,Detection Of Mechanical Stimulus (GO:0050982),0.11083829737861028,0.20093988923015016,0,0,9.047061752988048,19.900667215851307,JUP
GO_Biological_Process_2023,Fluid Transport (GO:0042044),0.11083829737861028,0.20093988923015016,0,0,9.047061752988048,19.900667215851307,AQP3
GO_Biological_Process_2023,Growth Hormone Receptor Signaling Pathway (GO:0060396),0.11083829737861028,0.20093988923015016,0,0,9.047061752988048,19.900667215851307,PTPN1
GO_Biological_Process_2023,Water Transport (GO:0006833),0.11083829737861028,0.20093988923015016,0,0,9.047061752988048,19.900667215851307,AQP3
GO_Biological_Process_2023,Intracellular Estrogen Receptor Signaling Pathway (GO:0030520),0.11083829737861028,0.20093988923015016,0,0,9.047061752988048,19.900667215851307,ESR1
GO_Biological_Process_2023,Intracellular Zinc Ion Homeostasis (GO:0006882),0.11083829737861028,0.20093988923015016,0,0,9.047061752988048,19.900667215851307,SLC39A6
GO_Biological_Process_2023,Keratan Sulfate Metabolic Process (GO:0042339),0.11083829737861028,0.20093988923015016,0,0,9.047061752988048,19.900667215851307,GNS
GO_Biological_Process_2023,Membrane Repolarization (GO:0086009),0.11083829737861028,0.20093988923015016,0,0,9.047061752988048,19.900667215851307,KCNE4
GO_Biological_Process_2023,Mesenchyme Development (GO:0060485),0.11083829737861028,0.20093988923015016,0,0,9.047061752988048,19.900667215851307,SOX4
GO_Biological_Process_2023,Negative Regulation Of Vascular Associated Smooth Muscle Cell Proliferation (GO:1904706),0.11083829737861028,0.20093988923015016,0,0,9.047061752988048,19.900667215851307,PDCD4
GO_Biological_Process_2023,Nicotinamide Nucleotide Metabolic Process (GO:0046496),0.11083829737861028,0.20093988923015016,0,0,9.047061752988048,19.900667215851307,QPRT
GO_Biological_Process_2023,Positive Regulation Of Alpha-Beta T Cell Proliferation (GO:0046641),0.11083829737861028,0.20093988923015016,0,0,9.047061752988048,19.900667215851307,CD55
GO_Biological_Process_2023,Positive Regulation Of Amyloid-Beta Formation (GO:1902004),0.11083829737861028,0.20093988923015016,0,0,9.047061752988048,19.900667215851307,CLU
GO_Biological_Process_2023,Positive Regulation Of Cartilage Development (GO:0061036),0.11083829737861028,0.20093988923015016,0,0,9.047061752988048,19.900667215851307,SOX9
GO_Biological_Process_2023,Positive Regulation Of Interleukin-4 Production (GO:0032753),0.11083829737861028,0.20093988923015016,0,0,9.047061752988048,19.900667215851307,GATA3
GO_Biological_Process_2023,Positive Regulation Of Peptidyl-Lysine Acetylation (GO:2000758),0.11083829737861028,0.20093988923015016,0,0,9.047061752988048,19.900667215851307,SOX4
GO_Biological_Process_2023,Positive Regulation Of Stem Cell Differentiation (GO:2000738),0.11083829737861028,0.20093988923015016,0,0,9.047061752988048,19.900667215851307,SOX9
GO_Biological_Process_2023,Positive Regulation Of Transcription From RNA Polymerase II Promoter In Response To Stress (GO:0036003),0.11083829737861028,0.20093988923015016,0,0,9.047061752988048,19.900667215851307,MUC1
GO_Biological_Process_2023,Regulation Of Cysteine-Type Endopeptidase Activity Involved In Apoptotic Process (GO:0043281),0.11195493502884096,0.20252109971920249,0,0,3.5820246913580247,7.843412082368741,IFI6;DHCR24
GO_Biological_Process_2023,Regulation Of Kinase Activity (GO:0043549),0.11195493502884096,0.20252109971920249,0,0,3.5820246913580247,7.843412082368741,DDR1;ERBB2
GO_Biological_Process_2023,Response To Interleukin-1 (GO:0070555),0.11418754256124283,0.20492846962475858,0,0,3.5382439024390244,7.677681696225811,IL1R1;SOX9
GO_Biological_Process_2023,Cell-Cell Adhesion Via Plasma-Membrane Adhesion Molecules (GO:0098742),0.11608754279691803,0.20492846962475858,0,0,2.579311328152848,5.554316595185798,CLDN4;ALCAM;PTPRF
GO_Biological_Process_2023,Negative Regulation Of Cell Cycle (GO:0045786),0.1164315801626759,0.20492846962475858,0,0,3.4955180722891566,7.516941988299894,HEXIM1;GATA3
GO_Biological_Process_2023,Regulation Of Early Endosome To Late Endosome Transport (GO:2000641),0.1169630620285147,0.20492846962475858,0,0,8.51464729318022,18.271556961111518,RAB21
GO_Biological_Process_2023,Regulation Of Epidermal Cell Differentiation (GO:0045604),0.1169630620285147,0.20492846962475858,0,0,8.51464729318022,18.271556961111518,AQP3
GO_Biological_Process_2023,Regulation Of Mitochondrial Membrane Permeability (GO:0046902),0.1169630620285147,0.20492846962475858,0,0,8.51464729318022,18.271556961111518,BCL2
GO_Biological_Process_2023,Antigen Processing And Presentation Of Peptide Antigen Via MHC Class I (GO:0002474),0.1169630620285147,0.20492846962475858,0,0,8.51464729318022,18.271556961111518,PDIA3
GO_Biological_Process_2023,Regulation Of Oligodendrocyte Differentiation (GO:0048713),0.1169630620285147,0.20492846962475858,0,0,8.51464729318022,18.271556961111518,TMEM98
GO_Biological_Process_2023,Branching Involved In Ureteric Bud Morphogenesis (GO:0001658),0.1169630620285147,0.20492846962475858,0,0,8.51464729318022,18.271556961111518,SIX1
GO_Biological_Process_2023,Cell Junction Maintenance (GO:0034331),0.1169630620285147,0.20492846962475858,0,0,8.51464729318022,18.271556961111518,CLDN3
GO_Biological_Process_2023,Cellular Response To Copper Ion (GO:0071280),0.1169630620285147,0.20492846962475858,0,0,8.51464729318022,18.271556961111518,MT1G
GO_Biological_Process_2023,Renal Absorption (GO:0070293),0.1169630620285147,0.20492846962475858,0,0,8.51464729318022,18.271556961111518,CLDN4
GO_Biological_Process_2023,Dendritic Cell Migration (GO:0036336),0.1169630620285147,0.20492846962475858,0,0,8.51464729318022,18.271556961111518,CLU
GO_Biological_Process_2023,Sphingosine Metabolic Process (GO:0006670),0.1169630620285147,0.20492846962475858,0,0,8.51464729318022,18.271556961111518,PLPP2
GO_Biological_Process_2023,Establishment Of Vesicle Localization (GO:0051650),0.1169630620285147,0.20492846962475858,0,0,8.51464729318022,18.271556961111518,RAB11A
GO_Biological_Process_2023,Glycerolipid Catabolic Process (GO:0046503),0.1169630620285147,0.20492846962475858,0,0,8.51464729318022,18.271556961111518,ABHD2
GO_Biological_Process_2023,Ureteric Bud Development (GO:0001657),0.1169630620285147,0.20492846962475858,0,0,8.51464729318022,18.271556961111518,SIX1
GO_Biological_Process_2023,Vesicle-Mediated Transport In Synapse (GO:0099003),0.1169630620285147,0.20492846962475858,0,0,8.51464729318022,18.271556961111518,SNAP25
GO_Biological_Process_2023,Icosanoid Biosynthetic Process (GO:0046456),0.1169630620285147,0.20492846962475858,0,0,8.51464729318022,18.271556961111518,MGST3
GO_Biological_Process_2023,Maintenance Of Protein Location In Nucleus (GO:0051457),0.1169630620285147,0.20492846962475858,0,0,8.51464729318022,18.271556961111518,SKP1
GO_Biological_Process_2023,Melanosome Localization (GO:0032400),0.1169630620285147,0.20492846962475858,0,0,8.51464729318022,18.271556961111518,RAB11A
GO_Biological_Process_2023,Mesenchyme Morphogenesis (GO:0072132),0.1169630620285147,0.20492846962475858,0,0,8.51464729318022,18.271556961111518,SOX9
GO_Biological_Process_2023,Myoblast Fusion (GO:0007520),0.1169630620285147,0.20492846962475858,0,0,8.51464729318022,18.271556961111518,CD9
GO_Biological_Process_2023,"Negative Regulation Of DNA-templated Transcription, Elongation (GO:0032785)",0.1169630620285147,0.20492846962475858,0,0,8.51464729318022,18.271556961111518,HEXIM1
GO_Biological_Process_2023,Negative Regulation Of Amyloid Precursor Protein Catabolic Process (GO:1902992),0.1169630620285147,0.20492846962475858,0,0,8.51464729318022,18.271556961111518,CLU
GO_Biological_Process_2023,Positive Regulation Of Alpha-Beta T Cell Activation (GO:0046635),0.1169630620285147,0.20492846962475858,0,0,8.51464729318022,18.271556961111518,CD55
GO_Biological_Process_2023,Positive Regulation Of Cyclin-Dependent Protein Kinase Activity (GO:1904031),0.1169630620285147,0.20492846962475858,0,0,8.51464729318022,18.271556961111518,CCND1
GO_Biological_Process_2023,Positive Regulation Of Natural Killer Cell Activation (GO:0032816),0.1169630620285147,0.20492846962475858,0,0,8.51464729318022,18.271556961111518,LAMP1
GO_Biological_Process_2023,Regulation Of T Cell Cytokine Production (GO:0002724),0.1169630620285147,0.20492846962475858,0,0,8.51464729318022,18.271556961111518,CD55
GO_Biological_Process_2023,Positive Regulation Of Apoptotic Process (GO:0043065),0.11699597601992856,0.20492846962475858,0,0,2.1879092893524135,4.694412604043113,TFAP2A;BCL2;CLU;SOX4
GO_Biological_Process_2023,Regulation Of Insulin Secretion (GO:0050796),0.11868678627225944,0.20745148191258847,0,0,3.453809523809524,7.360991312102751,SNAP25;SOX4
GO_Biological_Process_2023,Regulation Of Mitotic Cell Cycle Phase Transition (GO:1901990),0.11868678627225944,0.20745148191258847,0,0,3.453809523809524,7.360991312102751,DDB1;PSME3
GO_Biological_Process_2023,Positive Regulation Of Protein Phosphorylation (GO:0001934),0.1202453326391363,0.20793438684566642,0,0,1.9577401941578512,4.14692675313231,CLDN3;CCND1;GDF15;ERBB2;SOX9
GO_Biological_Process_2023,Endosomal Transport (GO:0016197),0.12055487941860474,0.20793438684566642,0,0,2.534113196973942,5.361297089133956,WASHC5;REPS2;RAB7A
GO_Biological_Process_2023,Positive Regulation Of I-kappaB kinase/NF-kappaB Signaling (GO:0043123),0.12055487941860474,0.20793438684566642,0,0,2.534113196973942,5.361297089133956,C18ORF32;CXXC5;TMEM9B
GO_Biological_Process_2023,N-glycan Processing (GO:0006491),0.12304580424713953,0.20793438684566642,0,0,8.041389995573262,16.84830906622585,MAN2A1
GO_Biological_Process_2023,Regulation Of Insulin-Like Growth Factor Receptor Signaling Pathway (GO:0043567),0.12304580424713953,0.20793438684566642,0,0,8.041389995573262,16.84830906622585,IGFBP5
GO_Biological_Process_2023,Atrioventricular Valve Morphogenesis (GO:0003181),0.12304580424713953,0.20793438684566642,0,0,8.041389995573262,16.84830906622585,SOX4
GO_Biological_Process_2023,Bicarbonate Transport (GO:0015701),0.12304580424713953,0.20793438684566642,0,0,8.041389995573262,16.84830906622585,CYB5R1
GO_Biological_Process_2023,Calcium-Independent Cell-Cell Adhesion Via Plasma Membrane Cell-Adhesion Molecules (GO:0016338),0.12304580424713953,0.20793438684566642,0,0,8.041389995573262,16.84830906622585,CLDN4
GO_Biological_Process_2023,Cardiac Epithelial To Mesenchymal Transition (GO:0060317),0.12304580424713953,0.20793438684566642,0,0,8.041389995573262,16.84830906622585,PDCD4
GO_Biological_Process_2023,Cardiac Ventricle Development (GO:0003231),0.12304580424713953,0.20793438684566642,0,0,8.041389995573262,16.84830906622585,GATA3
GO_Biological_Process_2023,Regulation Of Smooth Muscle Cell Migration (GO:0014910),0.12304580424713953,0.20793438684566642,0,0,8.041389995573262,16.84830906622585,IGFBP5
GO_Biological_Process_2023,Cellular Response To Catecholamine Stimulus (GO:0071870),0.12304580424713953,0.20793438684566642,0,0,8.041389995573262,16.84830906622585,APLP1
GO_Biological_Process_2023,Cellular Response To Estradiol Stimulus (GO:0071392),0.12304580424713953,0.20793438684566642,0,0,8.041389995573262,16.84830906622585,ESR1
GO_Biological_Process_2023,Cortical Actin Cytoskeleton Organization (GO:0030866),0.12304580424713953,0.20793438684566642,0,0,8.041389995573262,16.84830906622585,NCKAP1
GO_Biological_Process_2023,Epithelial Structure Maintenance (GO:0010669),0.12304580424713953,0.20793438684566642,0,0,8.041389995573262,16.84830906622585,TFF3
GO_Biological_Process_2023,Establishment Of Epithelial Cell Polarity (GO:0090162),0.12304580424713953,0.20793438684566642,0,0,8.041389995573262,16.84830906622585,SIPA1L3
GO_Biological_Process_2023,Transport Along Microtubule (GO:0010970),0.12304580424713953,0.20793438684566642,0,0,8.041389995573262,16.84830906622585,COPG1
GO_Biological_Process_2023,Interleukin-1-Mediated Signaling Pathway (GO:0070498),0.12304580424713953,0.20793438684566642,0,0,8.041389995573262,16.84830906622585,IL1R1
GO_Biological_Process_2023,Multicellular Organismal-Level Water Homeostasis (GO:0050891),0.12304580424713953,0.20793438684566642,0,0,8.041389995573262,16.84830906622585,AQP3
GO_Biological_Process_2023,Negative Regulation Of Calcium Ion Transmembrane Transport (GO:1903170),0.12304580424713953,0.20793438684566642,0,0,8.041389995573262,16.84830906622585,TMBIM6
GO_Biological_Process_2023,Negative Regulation Of Cyclin-Dependent Protein Serine/Threonine Kinase Activity (GO:0045736),0.12304580424713953,0.20793438684566642,0,0,8.041389995573262,16.84830906622585,HEXIM1
GO_Biological_Process_2023,Negative Regulation Of Cytokine Production Involved In Inflammatory Response (GO:1900016),0.12304580424713953,0.20793438684566642,0,0,8.041389995573262,16.84830906622585,PDCD4
GO_Biological_Process_2023,Negative Regulation Of Fatty Acid Metabolic Process (GO:0045922),0.12304580424713953,0.20793438684566642,0,0,8.041389995573262,16.84830906622585,SOX9
GO_Biological_Process_2023,Negative Regulation Of Protein Dephosphorylation (GO:0035308),0.12304580424713953,0.20793438684566642,0,0,8.041389995573262,16.84830906622585,PPP1R1B
GO_Biological_Process_2023,Negative Regulation Of Small GTPase Mediated Signal Transduction (GO:0051058),0.12304580424713953,0.20793438684566642,0,0,8.041389995573262,16.84830906622585,FBP1
GO_Biological_Process_2023,Neuron Apoptotic Process (GO:0051402),0.12304580424713953,0.20793438684566642,0,0,8.041389995573262,16.84830906622585,BCL2
GO_Biological_Process_2023,Oligodendrocyte Differentiation (GO:0048709),0.12304580424713953,0.20793438684566642,0,0,8.041389995573262,16.84830906622585,SOX9
GO_Biological_Process_2023,Phosphatidylcholine Biosynthetic Process (GO:0006656),0.12304580424713953,0.20793438684566642,0,0,8.041389995573262,16.84830906622585,MUC1
GO_Biological_Process_2023,Positive Regulation Of Activated T Cell Proliferation (GO:0042104),0.12304580424713953,0.20793438684566642,0,0,8.041389995573262,16.84830906622585,CD24
GO_Biological_Process_2023,Positive Regulation Of calcineurin-NFAT Signaling Cascade (GO:0070886),0.12304580424713953,0.20793438684566642,0,0,8.041389995573262,16.84830906622585,PTBP1
GO_Biological_Process_2023,Positive Regulation Of Calcineurin-Mediated Signaling (GO:0106058),0.12304580424713953,0.20793438684566642,0,0,8.041389995573262,16.84830906622585,PTBP1
GO_Biological_Process_2023,Purine Ribonucleotide Transport (GO:0015868),0.12304580424713953,0.20793438684566642,0,0,8.041389995573262,16.84830906622585,ABCC5
GO_Biological_Process_2023,DNA Damage Response (GO:0006974),0.12317369004385284,0.20793438684566642,0,0,1.9419163292847503,4.066683122485933,DDB1;CCND1;BCL2;GRB2;UBA1
GO_Biological_Process_2023,Regulation Of Epithelial Cell Proliferation (GO:0050678),0.12322967283189162,0.20793438684566642,0,0,3.3733023255813954,7.062701315055884,ERBB2;SOX9
GO_Biological_Process_2023,Organic Anion Transport (GO:0015711),0.12551684518242232,0.21157824259132632,0,0,3.3344367816091953,6.920007685949931,CYB5R1;ABCC5
GO_Biological_Process_2023,Regulation Of Phosphatidylinositol 3-Kinase Signaling (GO:0014066),0.12781416980179555,0.211779055557665,0,0,3.2964545454545453,6.781393334985008,DDR1;SOX9
GO_Biological_Process_2023,Adenine Nucleotide Transport (GO:0051503),0.12908681117274692,0.211779055557665,0,0,7.617949255609142,15.596000085707832,ABCC5
GO_Biological_Process_2023,Calcium-Mediated Signaling Using Intracellular Calcium Source (GO:0035584),0.12908681117274692,0.211779055557665,0,0,7.617949255609142,15.596000085707832,CLU
GO_Biological_Process_2023,Cell Projection Organization (GO:0030030),0.12908681117274692,0.211779055557665,0,0,7.617949255609142,15.596000085707832,NCKAP1
GO_Biological_Process_2023,Regulation Of Smooth Muscle Contraction (GO:0006940),0.12908681117274692,0.211779055557665,0,0,7.617949255609142,15.596000085707832,CTTN
GO_Biological_Process_2023,Striated Muscle Cell Differentiation (GO:0051146),0.12908681117274692,0.211779055557665,0,0,7.617949255609142,15.596000085707832,SDC1
GO_Biological_Process_2023,Sulfur Compound Catabolic Process (GO:0044273),0.12908681117274692,0.211779055557665,0,0,7.617949255609142,15.596000085707832,GNS
GO_Biological_Process_2023,Xenobiotic Transport (GO:0042908),0.12908681117274692,0.211779055557665,0,0,7.617949255609142,15.596000085707832,ABCC5
GO_Biological_Process_2023,Intracellular Monoatomic Ion Homeostasis (GO:0006873),0.12908681117274692,0.211779055557665,0,0,7.617949255609142,15.596000085707832,SLC39A6
GO_Biological_Process_2023,Leukotriene Metabolic Process (GO:0006691),0.12908681117274692,0.211779055557665,0,0,7.617949255609142,15.596000085707832,MGST3
GO_Biological_Process_2023,Lipid Catabolic Process (GO:0016042),0.12908681117274692,0.211779055557665,0,0,7.617949255609142,15.596000085707832,PPT1
GO_Biological_Process_2023,Microglial Cell Activation (GO:0001774),0.12908681117274692,0.211779055557665,0,0,7.617949255609142,15.596000085707832,CLU
GO_Biological_Process_2023,Myoblast Differentiation (GO:0045445),0.12908681117274692,0.211779055557665,0,0,7.617949255609142,15.596000085707832,SDC1
GO_Biological_Process_2023,Negative Regulation Of Cyclin-Dependent Protein Kinase Activity (GO:1904030),0.12908681117274692,0.211779055557665,0,0,7.617949255609142,15.596000085707832,HEXIM1
GO_Biological_Process_2023,Negative Regulation Of Phosphoprotein Phosphatase Activity (GO:0032515),0.12908681117274692,0.211779055557665,0,0,7.617949255609142,15.596000085707832,PPP1R1B
GO_Biological_Process_2023,Negative Regulation Of Protein Localization To Cell Periphery (GO:1904376),0.12908681117274692,0.211779055557665,0,0,7.617949255609142,15.596000085707832,TMEM59
GO_Biological_Process_2023,Negative Regulation Of Protein Localization To Plasma Membrane (GO:1903077),0.12908681117274692,0.211779055557665,0,0,7.617949255609142,15.596000085707832,TMEM59
GO_Biological_Process_2023,Negative Regulation Of Reactive Oxygen Species Metabolic Process (GO:2000378),0.12908681117274692,0.211779055557665,0,0,7.617949255609142,15.596000085707832,TFAP2A
GO_Biological_Process_2023,Negative Regulation Of Stem Cell Population Maintenance (GO:1902455),0.12908681117274692,0.211779055557665,0,0,7.617949255609142,15.596000085707832,ING1
GO_Biological_Process_2023,Positive Regulation Of Dendritic Spine Development (GO:0060999),0.12908681117274692,0.211779055557665,0,0,7.617949255609142,15.596000085707832,CAPRIN1
GO_Biological_Process_2023,Positive Regulation Of Epithelial Cell Differentiation (GO:0030858),0.12908681117274692,0.211779055557665,0,0,7.617949255609142,15.596000085707832,SOX9
GO_Biological_Process_2023,Positive Regulation Of Lipid Storage (GO:0010884),0.12908681117274692,0.211779055557665,0,0,7.617949255609142,15.596000085707832,VSTM2A
GO_Biological_Process_2023,Positive Regulation Of Phospholipase Activity (GO:0010518),0.12908681117274692,0.211779055557665,0,0,7.617949255609142,15.596000085707832,ESR1
GO_Biological_Process_2023,Positive Regulation Of Transcription Regulatory Region DNA Binding (GO:2000679),0.12908681117274692,0.211779055557665,0,0,7.617949255609142,15.596000085707832,GATA3
GO_Biological_Process_2023,Positive Regulation Of Vascular Associated Smooth Muscle Cell Proliferation (GO:1904707),0.12908681117274692,0.211779055557665,0,0,7.617949255609142,15.596000085707832,IGFBP5
GO_Biological_Process_2023,Protein Deacylation (GO:0035601),0.12908681117274692,0.211779055557665,0,0,7.617949255609142,15.596000085707832,PPT1
GO_Biological_Process_2023,Regulation Of Actin Nucleation (GO:0051125),0.12908681117274692,0.211779055557665,0,0,7.617949255609142,15.596000085707832,WASHC5
GO_Biological_Process_2023,B Cell Activation (GO:0042113),0.1301213999943066,0.2130545057219032,0,0,3.2593258426966294,6.646702182758575,TPD52;BCL2
GO_Biological_Process_2023,Positive Regulation Of Neuron Projection Development (GO:0010976),0.1301213999943066,0.2130545057219032,0,0,3.2593258426966294,6.646702182758575,DDR1;CAPRIN1
GO_Biological_Process_2023,Positive Regulation Of Protein Catabolic Process (GO:0045732),0.1324382919725461,0.21642036469280956,0,0,3.2230222222222222,6.515785691546458,DDB1;RAB7A
GO_Biological_Process_2023,Positive Regulation Of Protein Kinase B Signaling (GO:0051897),0.1324382919725461,0.21642036469280956,0,0,3.2230222222222222,6.515785691546458,GDF15;GATA3
GO_Biological_Process_2023,Regulation Of Lipid Storage (GO:0010883),0.13508636800477394,0.21731855513001014,0,0,7.236852589641434,14.487027805933577,VSTM2A
GO_Biological_Process_2023,Regulation Of Lipopolysaccharide-Mediated Signaling Pathway (GO:0031664),0.13508636800477394,0.21731855513001014,0,0,7.236852589641434,14.487027805933577,CD55
GO_Biological_Process_2023,Chaperone-Mediated Protein Complex Assembly (GO:0051131),0.13508636800477394,0.21731855513001014,0,0,7.236852589641434,14.487027805933577,CLU
GO_Biological_Process_2023,Response To Cadmium Ion (GO:0046686),0.13508636800477394,0.21731855513001014,0,0,7.236852589641434,14.487027805933577,MT1G
GO_Biological_Process_2023,Endocardial Cushion Morphogenesis (GO:0003203),0.13508636800477394,0.21731855513001014,0,0,7.236852589641434,14.487027805933577,SOX9
GO_Biological_Process_2023,Focal Adhesion Assembly (GO:0048041),0.13508636800477394,0.21731855513001014,0,0,7.236852589641434,14.487027805933577,CTTN
GO_Biological_Process_2023,Macrophage Differentiation (GO:0030225),0.13508636800477394,0.21731855513001014,0,0,7.236852589641434,14.487027805933577,GATA3
GO_Biological_Process_2023,Modulation By Symbiont Of Entry Into Host (GO:0052372),0.13508636800477394,0.21731855513001014,0,0,7.236852589641434,14.487027805933577,EXOC2
GO_Biological_Process_2023,Negative Regulation Of Biomineral Tissue Development (GO:0070168),0.13508636800477394,0.21731855513001014,0,0,7.236852589641434,14.487027805933577,SOX9
GO_Biological_Process_2023,Positive Regulation Of Amyloid Precursor Protein Catabolic Process (GO:1902993),0.13508636800477394,0.21731855513001014,0,0,7.236852589641434,14.487027805933577,CLU
GO_Biological_Process_2023,Positive Regulation Of Natural Killer Cell Mediated Cytotoxicity (GO:0045954),0.13508636800477394,0.21731855513001014,0,0,7.236852589641434,14.487027805933577,LAMP1
GO_Biological_Process_2023,Positive Regulation Of Signal Transduction By P53 Class Mediator (GO:1901798),0.13508636800477394,0.21731855513001014,0,0,7.236852589641434,14.487027805933577,HEXIM1
GO_Biological_Process_2023,Purine Nucleotide Biosynthetic Process (GO:0006164),0.13508636800477394,0.21731855513001014,0,0,7.236852589641434,14.487027805933577,QPRT
GO_Biological_Process_2023,Regulation Of Anoikis (GO:2000209),0.13508636800477394,0.21731855513001014,0,0,7.236852589641434,14.487027805933577,BCL2
GO_Biological_Process_2023,Regulation Of Cardiac Conduction (GO:1903779),0.13508636800477394,0.21731855513001014,0,0,7.236852589641434,14.487027805933577,ATP2A3
GO_Biological_Process_2023,Regulation Of Cardiac Muscle Cell Membrane Repolarization (GO:0099623),0.13508636800477394,0.21731855513001014,0,0,7.236852589641434,14.487027805933577,KCNE4
GO_Biological_Process_2023,Antimicrobial Humoral Response (GO:0019730),0.1371001003071912,0.22034419612901632,0,0,3.1527826086956523,6.264717642257434,CST9;IGHA1
GO_Biological_Process_2023,Cellular Response To Transforming Growth Factor Beta Stimulus (GO:0071560),0.13944454331306586,0.22258206098138347,0,0,3.118795698924731,6.144302903239403,GDF15;SOX9
GO_Biological_Process_2023,Regulation Of Dopamine Secretion (GO:0014059),0.1410447580147572,0.22258206098138347,0,0,6.892050844242079,13.499308406548229,SYT1
GO_Biological_Process_2023,NAD Metabolic Process (GO:0019674),0.1410447580147572,0.22258206098138347,0,0,6.892050844242079,13.499308406548229,QPRT
GO_Biological_Process_2023,Regulation Of Interleukin-4 Production (GO:0032673),0.1410447580147572,0.22258206098138347,0,0,6.892050844242079,13.499308406548229,GATA3
GO_Biological_Process_2023,Regulation Of Proteolysis Involved In Protein Catabolic Process (GO:1903050),0.1410447580147572,0.22258206098138347,0,0,6.892050844242079,13.499308406548229,PSME3
GO_Biological_Process_2023,Cellular Response To Cadmium Ion (GO:0071276),0.1410447580147572,0.22258206098138347,0,0,6.892050844242079,13.499308406548229,MT1G
GO_Biological_Process_2023,Cellular Response To Low-Density Lipoprotein Particle Stimulus (GO:0071404),0.1410447580147572,0.22258206098138347,0,0,6.892050844242079,13.499308406548229,CD9
GO_Biological_Process_2023,Regulation Of Vascular Endothelial Growth Factor Receptor Signaling Pathway (GO:0030947),0.1410447580147572,0.22258206098138347,0,0,6.892050844242079,13.499308406548229,PTPN1
GO_Biological_Process_2023,Response To Copper Ion (GO:0046688),0.1410447580147572,0.22258206098138347,0,0,6.892050844242079,13.499308406548229,MT1G
GO_Biological_Process_2023,Dendritic Cell Differentiation (GO:0097028),0.1410447580147572,0.22258206098138347,0,0,6.892050844242079,13.499308406548229,CLU
GO_Biological_Process_2023,Early Endosome To Late Endosome Transport (GO:0045022),0.1410447580147572,0.22258206098138347,0,0,6.892050844242079,13.499308406548229,RAB7A
GO_Biological_Process_2023,Entrainment Of Circadian Clock By Photoperiod (GO:0043153),0.1410447580147572,0.22258206098138347,0,0,6.892050844242079,13.499308406548229,BHLHE40
GO_Biological_Process_2023,Hexose Transmembrane Transport (GO:0008645),0.1410447580147572,0.22258206098138347,0,0,6.892050844242079,13.499308406548229,SLC50A1
GO_Biological_Process_2023,Negative Regulation Of G Protein-Coupled Receptor Signaling Pathway (GO:0045744),0.1410447580147572,0.22258206098138347,0,0,6.892050844242079,13.499308406548229,APLP1
GO_Biological_Process_2023,Negative Regulation Of Axonogenesis (GO:0050771),0.1410447580147572,0.22258206098138347,0,0,6.892050844242079,13.499308406548229,GDI1
GO_Biological_Process_2023,Negative Regulation Of Cell Communication (GO:0010648),0.1410447580147572,0.22258206098138347,0,0,6.892050844242079,13.499308406548229,PTPN1
GO_Biological_Process_2023,Negative Regulation Of Macroautophagy (GO:0016242),0.1410447580147572,0.22258206098138347,0,0,6.892050844242079,13.499308406548229,QSOX1
GO_Biological_Process_2023,Organelle Fission (GO:0048285),0.1410447580147572,0.22258206098138347,0,0,6.892050844242079,13.499308406548229,WASHC5
GO_Biological_Process_2023,"Positive Regulation Of Synaptic Transmission, Glutamatergic (GO:0051968)",0.1410447580147572,0.22258206098138347,0,0,6.892050844242079,13.499308406548229,CACNG4
GO_Biological_Process_2023,Regulation Of Cell Cycle (GO:0051726),0.14341599188616894,0.22610875219351276,0,0,2.019545250896057,3.92196866654779,JUND;DHCR24;GATA3;SOX9
GO_Biological_Process_2023,Mitochondrial Translation (GO:0032543),0.14415934430993896,0.22631642099335783,0,0,3.0529684210526318,5.913099246977179,NDUFA7;MRPS30
GO_Biological_Process_2023,Monocarboxylic Acid Metabolic Process (GO:0032787),0.14415934430993896,0.22631642099335783,0,0,3.0529684210526318,5.913099246977179,MSMO1;ACADSB
GO_Biological_Process_2023,Neuron Projection Development (GO:0031175),0.14539282706054704,0.22631642099335783,0,0,2.3174186106126635,4.468715495753997,NCKAP1;CTTN;RAB11A
GO_Biological_Process_2023,ERK1 And ERK2 Cascade (GO:0070371),0.14696226251590405,0.22631642099335783,0,0,6.5785947120608474,12.61497798196518,SOX9
GO_Biological_Process_2023,Regulation Of Extracellular Matrix Organization (GO:1903053),0.14696226251590405,0.22631642099335783,0,0,6.5785947120608474,12.61497798196518,DDR1
GO_Biological_Process_2023,Acylglycerol Catabolic Process (GO:0046464),0.14696226251590405,0.22631642099335783,0,0,6.5785947120608474,12.61497798196518,ABHD2
GO_Biological_Process_2023,"Regulation Of Nuclear-Transcribed mRNA Catabolic Process, Deadenylation-Dependent Decay (GO:1900151)",0.14696226251590405,0.22631642099335783,0,0,6.5785947120608474,12.61497798196518,TOB1
GO_Biological_Process_2023,Cell-Cell Signaling By Wnt (GO:0198738),0.14696226251590405,0.22631642099335783,0,0,6.5785947120608474,12.61497798196518,CD24
GO_Biological_Process_2023,Endocardial Cushion Development (GO:0003197),0.14696226251590405,0.22631642099335783,0,0,6.5785947120608474,12.61497798196518,SOX9
GO_Biological_Process_2023,Endocrine System Development (GO:0035270),0.14696226251590405,0.22631642099335783,0,0,6.5785947120608474,12.61497798196518,SIX1
GO_Biological_Process_2023,Vesicle-Mediated Transport Between Endosomal Compartments (GO:0098927),0.14696226251590405,0.22631642099335783,0,0,6.5785947120608474,12.61497798196518,RAB7A
GO_Biological_Process_2023,Long-Chain Fatty Acid Biosynthetic Process (GO:0042759),0.14696226251590405,0.22631642099335783,0,0,6.5785947120608474,12.61497798196518,GPX4
GO_Biological_Process_2023,Long-Chain Fatty Acid Transport (GO:0015909),0.14696226251590405,0.22631642099335783,0,0,6.5785947120608474,12.61497798196518,SLC27A2
GO_Biological_Process_2023,Negative Regulation Of Neuron Differentiation (GO:0045665),0.14696226251590405,0.22631642099335783,0,0,6.5785947120608474,12.61497798196518,SOX9
GO_Biological_Process_2023,Negative Regulation Of Protein Tyrosine Kinase Activity (GO:0061099),0.14696226251590405,0.22631642099335783,0,0,6.5785947120608474,12.61497798196518,GPRC5A
GO_Biological_Process_2023,Negative Regulation Of Proteolysis Involved In Protein Catabolic Process (GO:1903051),0.14696226251590405,0.22631642099335783,0,0,6.5785947120608474,12.61497798196518,GABARAPL2
GO_Biological_Process_2023,Photoperiodism (GO:0009648),0.14696226251590405,0.22631642099335783,0,0,6.5785947120608474,12.61497798196518,BHLHE40
GO_Biological_Process_2023,Positive Regulation Of Epithelial Cell Apoptotic Process (GO:1904037),0.14696226251590405,0.22631642099335783,0,0,6.5785947120608474,12.61497798196518,PDCD4
GO_Biological_Process_2023,"Positive Regulation Of mRNA Splicing, Via Spliceosome (GO:0048026)",0.14696226251590405,0.22631642099335783,0,0,6.5785947120608474,12.61497798196518,CIRBP
GO_Biological_Process_2023,Positive Regulation Of Neuron Apoptotic Process (GO:0043525),0.14696226251590405,0.22631642099335783,0,0,6.5785947120608474,12.61497798196518,TFAP2A
GO_Biological_Process_2023,Positive Regulation Of Protein Targeting To Membrane (GO:0090314),0.14696226251590405,0.22631642099335783,0,0,6.5785947120608474,12.61497798196518,ERBB2
GO_Biological_Process_2023,Protein Alkylation (GO:0008213),0.14696226251590405,0.22631642099335783,0,0,6.5785947120608474,12.61497798196518,LCMT1
GO_Biological_Process_2023,Protein Localization To Cell Junction (GO:1902414),0.14696226251590405,0.22631642099335783,0,0,6.5785947120608474,12.61497798196518,DSP
GO_Biological_Process_2023,Protein Targeting To ER (GO:0045047),0.14696226251590405,0.22631642099335783,0,0,6.5785947120608474,12.61497798196518,SRP14
GO_Biological_Process_2023,Regulation Of Cell Junction Assembly (GO:1901888),0.14696226251590405,0.22631642099335783,0,0,6.5785947120608474,12.61497798196518,CLDN3
GO_Biological_Process_2023,Regulation Of Intracellular Signal Transduction (GO:1902531),0.14845461893330986,0.22840232457984627,0,0,1.9916593018117543,3.7990422463885127,ARHGAP32;ATP6AP2;GRB2;CD24
GO_Biological_Process_2023,Activation Of GTPase Activity (GO:0090630),0.15129292775817033,0.23170584605477337,0,0,2.959265306122449,5.588683214389931,TBC1D9;SIPA1L3
GO_Biological_Process_2023,Negative Regulation Of MAPK Cascade (GO:0043409),0.15129292775817033,0.23170584605477337,0,0,2.959265306122449,5.588683214389931,PTPN1;DAG1
GO_Biological_Process_2023,Regulation Of Cysteine-Type Endopeptidase Activity (GO:2000116),0.1528391609763834,0.23170584605477337,0,0,6.292395634851896,11.819441814765423,CST1
GO_Biological_Process_2023,Regulation Of Keratinocyte Differentiation (GO:0045616),0.1528391609763834,0.23170584605477337,0,0,6.292395634851896,11.819441814765423,AQP3
GO_Biological_Process_2023,Antigen Processing And Presentation Of Exogenous Peptide Antigen Via MHC Class II (GO:0019886),0.1528391609763834,0.23170584605477337,0,0,6.292395634851896,11.819441814765423,CTSF
GO_Biological_Process_2023,Antigen Processing And Presentation Of Peptide Antigen Via MHC Class II (GO:0002495),0.1528391609763834,0.23170584605477337,0,0,6.292395634851896,11.819441814765423,CTSF
GO_Biological_Process_2023,Regulation Of Muscle Cell Differentiation (GO:0051147),0.1528391609763834,0.23170584605477337,0,0,6.292395634851896,11.819441814765423,PTBP1
GO_Biological_Process_2023,Response To Zinc Ion (GO:0010043),0.1528391609763834,0.23170584605477337,0,0,6.292395634851896,11.819441814765423,MT1G
GO_Biological_Process_2023,Ribonucleoside Bisphosphate Metabolic Process (GO:0033875),0.1528391609763834,0.23170584605477337,0,0,6.292395634851896,11.819441814765423,ACLY
GO_Biological_Process_2023,Stress Granule Assembly (GO:0034063),0.1528391609763834,0.23170584605477337,0,0,6.292395634851896,11.819441814765423,CIRBP
GO_Biological_Process_2023,Gliogenesis (GO:0042063),0.1528391609763834,0.23170584605477337,0,0,6.292395634851896,11.819441814765423,CD9
GO_Biological_Process_2023,mRNA Polyadenylation (GO:0006378),0.1528391609763834,0.23170584605477337,0,0,6.292395634851896,11.819441814765423,HEXIM1
GO_Biological_Process_2023,Negative Regulation Of Ossification (GO:0030279),0.1528391609763834,0.23170584605477337,0,0,6.292395634851896,11.819441814765423,SOX9
GO_Biological_Process_2023,Positive Regulation Of Natural Killer Cell Mediated Immunity (GO:0002717),0.1528391609763834,0.23170584605477337,0,0,6.292395634851896,11.819441814765423,LAMP1
GO_Biological_Process_2023,Purine Nucleoside Bisphosphate Metabolic Process (GO:0034032),0.1528391609763834,0.23170584605477337,0,0,6.292395634851896,11.819441814765423,ACLY
GO_Biological_Process_2023,Regulation Of AMPA Receptor Activity (GO:2000311),0.1528391609763834,0.23170584605477337,0,0,6.292395634851896,11.819441814765423,CACNG4
GO_Biological_Process_2023,Inorganic Cation Import Across Plasma Membrane (GO:0098659),0.1536862681168305,0.23277709896671678,0,0,2.9292929292929295,5.486102753716045,SLC39A6;CLU
GO_Biological_Process_2023,Lysosomal Transport (GO:0007041),0.15608698521032716,0.235981874537876,0,0,2.89992,5.386142718581284,LAMP1;RAB7A
GO_Biological_Process_2023,Mitochondrial Gene Expression (GO:0140053),0.15608698521032716,0.235981874537876,0,0,2.89992,5.386142718581284,NDUFA7;MRPS30
GO_Biological_Process_2023,RNA Polyadenylation (GO:0043631),0.15867573088354756,0.236443962296797,0,0,6.0300464807436915,11.10066786948484,HEXIM1
GO_Biological_Process_2023,Regulation Of Intracellular Estrogen Receptor Signaling Pathway (GO:0033146),0.15867573088354756,0.236443962296797,0,0,6.0300464807436915,11.10066786948484,WBP2
GO_Biological_Process_2023,Regulation Of Myelination (GO:0031641),0.15867573088354756,0.236443962296797,0,0,6.0300464807436915,11.10066786948484,TMEM98
GO_Biological_Process_2023,Bile Acid Biosynthetic Process (GO:0006699),0.15867573088354756,0.236443962296797,0,0,6.0300464807436915,11.10066786948484,SLC27A2
GO_Biological_Process_2023,Regulation Of Platelet Aggregation (GO:0090330),0.15867573088354756,0.236443962296797,0,0,6.0300464807436915,11.10066786948484,CD9
GO_Biological_Process_2023,Cellular Response To Hexose Stimulus (GO:0071331),0.15867573088354756,0.236443962296797,0,0,6.0300464807436915,11.10066786948484,SOX4
GO_Biological_Process_2023,Chaperone Cofactor-Dependent Protein Refolding (GO:0051085),0.15867573088354756,0.236443962296797,0,0,6.0300464807436915,11.10066786948484,SDF2
GO_Biological_Process_2023,Ventricular Cardiac Muscle Tissue Development (GO:0003229),0.15867573088354756,0.236443962296797,0,0,6.0300464807436915,11.10066786948484,IRX3
GO_Biological_Process_2023,"Wound Healing, Spreading Of Cells (GO:0044319)",0.15867573088354756,0.236443962296797,0,0,6.0300464807436915,11.10066786948484,DDR1
GO_Biological_Process_2023,Lamellipodium Assembly (GO:0030032),0.15867573088354756,0.236443962296797,0,0,6.0300464807436915,11.10066786948484,CYFIP1
GO_Biological_Process_2023,Metanephros Development (GO:0001656),0.15867573088354756,0.236443962296797,0,0,6.0300464807436915,11.10066786948484,SIX1
GO_Biological_Process_2023,Negative Regulation Of Intracellular Protein Transport (GO:0090317),0.15867573088354756,0.236443962296797,0,0,6.0300464807436915,11.10066786948484,GDI1
GO_Biological_Process_2023,Negative Regulation Of Signaling Receptor Activity (GO:2000272),0.15867573088354756,0.236443962296797,0,0,6.0300464807436915,11.10066786948484,GPRC5A
GO_Biological_Process_2023,Positive Regulation Of Glucose Import (GO:0046326),0.15867573088354756,0.236443962296797,0,0,6.0300464807436915,11.10066786948484,ARPP19
GO_Biological_Process_2023,Regulation Of Actin Cytoskeleton Reorganization (GO:2000249),0.15867573088354756,0.236443962296797,0,0,6.0300464807436915,11.10066786948484,CLU
GO_Biological_Process_2023,Regulation Of Biomineral Tissue Development (GO:0070167),0.15867573088354756,0.236443962296797,0,0,6.0300464807436915,11.10066786948484,SOX9
GO_Biological_Process_2023,Lipid Transport (GO:0006869),0.1609096971801885,0.2391276845090335,0,0,2.842901960784314,5.193731588810193,UGCG;CRABP2
GO_Biological_Process_2023,Positive Regulation Of Kinase Activity (GO:0033674),0.1609096971801885,0.2391276845090335,0,0,2.842901960784314,5.193731588810193,DDR1;ERBB2
GO_Biological_Process_2023,Positive Regulation Of Vasculature Development (GO:1904018),0.1609096971801885,0.2391276845090335,0,0,2.842901960784314,5.193731588810193,JUP;HK2
GO_Biological_Process_2023,Regulation Of Epidermal Growth Factor-Activated Receptor Activity (GO:0007176),0.1644722478990161,0.24289707198633662,0,0,5.7886852589641435,10.44865462747009,GPRC5A
GO_Biological_Process_2023,cAMP-mediated Signaling (GO:0019933),0.1644722478990161,0.24289707198633662,0,0,5.7886852589641435,10.44865462747009,SOX9
GO_Biological_Process_2023,Calcium-Ion Regulated Exocytosis (GO:0017156),0.1644722478990161,0.24289707198633662,0,0,5.7886852589641435,10.44865462747009,SYT1
GO_Biological_Process_2023,Regulation Of Transcription Regulatory Region DNA Binding (GO:2000677),0.1644722478990161,0.24289707198633662,0,0,5.7886852589641435,10.44865462747009,GATA3
GO_Biological_Process_2023,Cellular Response To Xenobiotic Stimulus (GO:0071466),0.1644722478990161,0.24289707198633662,0,0,5.7886852589641435,10.44865462747009,FBP1
GO_Biological_Process_2023,Negative Regulation Of Endothelial Cell Apoptotic Process (GO:2000352),0.1644722478990161,0.24289707198633662,0,0,5.7886852589641435,10.44865462747009,GATA3
GO_Biological_Process_2023,Negative Regulation Of Insulin Receptor Signaling Pathway (GO:0046627),0.1644722478990161,0.24289707198633662,0,0,5.7886852589641435,10.44865462747009,PTPN1
GO_Biological_Process_2023,Regulation Of Angiogenesis (GO:0045765),0.16502277040213978,0.24349308152835764,0,0,2.1776506024096385,3.9234117071073324,JUP;ERBB2;HK2
GO_Biological_Process_2023,Organelle Assembly (GO:0070925),0.16528707843008905,0.24366609337958858,0,0,1.906081438392385,3.4310827741029053,GABARAPL2;CAPRIN1;RAB11A;RAB7A
GO_Biological_Process_2023,Response To Tumor Necrosis Factor (GO:0034612),0.16575938406016796,0.2441451550112874,0,0,2.788076923076923,5.010782131271197,GATA3;AFF3
GO_Biological_Process_2023,Regulation Of Insulin Secretion Involved In Cellular Response To Glucose Stimulus (GO:0061178),0.17022898577994725,0.24564831606349335,0,0,5.565890285013791,9.855025300610265,ANO1
GO_Biological_Process_2023,Regulation Of Peptidase Activity (GO:0052547),0.17022898577994725,0.24564831606349335,0,0,5.565890285013791,9.855025300610265,CSTA
GO_Biological_Process_2023,Cardiac Muscle Cell Differentiation (GO:0055007),0.17022898577994725,0.24564831606349335,0,0,5.565890285013791,9.855025300610265,IRX3
GO_Biological_Process_2023,Cell Surface Receptor Signaling Pathway Involved In Cell-Cell Signaling (GO:1905114),0.17022898577994725,0.24564831606349335,0,0,5.565890285013791,9.855025300610265,CD24
GO_Biological_Process_2023,Cortical Cytoskeleton Organization (GO:0030865),0.17022898577994725,0.24564831606349335,0,0,5.565890285013791,9.855025300610265,NCKAP1
GO_Biological_Process_2023,Establishment Of Protein Localization To Vacuole (GO:0072666),0.17022898577994725,0.24564831606349335,0,0,5.565890285013791,9.855025300610265,CACNG4
GO_Biological_Process_2023,Ventricular Septum Morphogenesis (GO:0060412),0.17022898577994725,0.24564831606349335,0,0,5.565890285013791,9.855025300610265,SOX4
GO_Biological_Process_2023,Iron-Sulfur Cluster Assembly (GO:0016226),0.17022898577994725,0.24564831606349335,0,0,5.565890285013791,9.855025300610265,NFS1
GO_Biological_Process_2023,mRNA Modification (GO:0016556),0.17022898577994725,0.24564831606349335,0,0,5.565890285013791,9.855025300610265,VIRMA
GO_Biological_Process_2023,Metallo-Sulfur Cluster Assembly (GO:0031163),0.17022898577994725,0.24564831606349335,0,0,5.565890285013791,9.855025300610265,NFS1
GO_Biological_Process_2023,Monoubiquitinated Histone H2A Deubiquitination (GO:0035522),0.17022898577994725,0.24564831606349335,0,0,5.565890285013791,9.855025300610265,TMEM98
GO_Biological_Process_2023,Monoubiquitinated Histone Deubiquitination (GO:0035521),0.17022898577994725,0.24564831606349335,0,0,5.565890285013791,9.855025300610265,TMEM98
GO_Biological_Process_2023,Myeloid Cell Development (GO:0061515),0.17022898577994725,0.24564831606349335,0,0,5.565890285013791,9.855025300610265,ATP6AP1
GO_Biological_Process_2023,Negative Regulation Of NIK/NF-kappaB Signaling (GO:1901223),0.17022898577994725,0.24564831606349335,0,0,5.565890285013791,9.855025300610265,ADIPOR1
GO_Biological_Process_2023,Negative Regulation Of Notch Signaling Pathway (GO:0045746),0.17022898577994725,0.24564831606349335,0,0,5.565890285013791,9.855025300610265,TCIM
GO_Biological_Process_2023,Negative Regulation Of Cellular Response To Insulin Stimulus (GO:1900077),0.17022898577994725,0.24564831606349335,0,0,5.565890285013791,9.855025300610265,PTPN1
GO_Biological_Process_2023,Negative Regulation Of Neurogenesis (GO:0050768),0.17022898577994725,0.24564831606349335,0,0,5.565890285013791,9.855025300610265,GDI1
GO_Biological_Process_2023,Positive Regulation Of Filopodium Assembly (GO:0051491),0.17022898577994725,0.24564831606349335,0,0,5.565890285013791,9.855025300610265,MIEN1
GO_Biological_Process_2023,Positive Regulation Of Immune System Process (GO:0002684),0.17022898577994725,0.24564831606349335,0,0,5.565890285013791,9.855025300610265,AQP3
GO_Biological_Process_2023,Positive Regulation Of Nitric Oxide Biosynthetic Process (GO:0045429),0.17022898577994725,0.24564831606349335,0,0,5.565890285013791,9.855025300610265,CLU
GO_Biological_Process_2023,Positive Regulation Of Ubiquitin-Protein Transferase Activity (GO:0051443),0.17022898577994725,0.24564831606349335,0,0,5.565890285013791,9.855025300610265,SKP1
GO_Biological_Process_2023,"Regulation Of DNA Damage Response, Signal Transduction By P53 Class Mediator (GO:0043516)",0.17022898577994725,0.24564831606349335,0,0,5.565890285013791,9.855025300610265,SOX4
GO_Biological_Process_2023,Regulation Of Catecholamine Secretion (GO:0050433),0.17022898577994725,0.24564831606349335,0,0,5.565890285013791,9.855025300610265,SYT1
GO_Biological_Process_2023,Cell-Matrix Adhesion (GO:0007160),0.1706344066319136,0.24564831606349335,0,0,2.735320754716981,4.836681645315335,DDR1;CTTN
GO_Biological_Process_2023,Glycerophospholipid Biosynthetic Process (GO:0046474),0.1706344066319136,0.24564831606349335,0,0,2.735320754716981,4.836681645315335,MUC1;CDIPT
GO_Biological_Process_2023,Negative Regulation Of Developmental Process (GO:0051093),0.1706344066319136,0.24564831606349335,0,0,2.735320754716981,4.836681645315335,SOX9;ING1
GO_Biological_Process_2023,Positive Regulation Of Cellular Component Organization (GO:0051130),0.17553316529028784,0.24982251976040537,0,0,2.6845185185185185,4.6708669984434295,CLDN3;CLU
GO_Biological_Process_2023,RNA-mediated Gene Silencing (GO:0031047),0.1759462163913054,0.24982251976040537,0,0,5.359598642467168,9.312714898031324,HEXIM1
GO_Biological_Process_2023,Regulation Of Protein Transport (GO:0051223),0.1759462163913054,0.24982251976040537,0,0,5.359598642467168,9.312714898031324,PTPN1
GO_Biological_Process_2023,Cell-Substrate Junction Assembly (GO:0007044),0.1759462163913054,0.24982251976040537,0,0,5.359598642467168,9.312714898031324,CTTN
GO_Biological_Process_2023,Cellular Response To Osmotic Stress (GO:0071470),0.1759462163913054,0.24982251976040537,0,0,5.359598642467168,9.312714898031324,SERPINB6
GO_Biological_Process_2023,Establishment Of Endothelial Barrier (GO:0061028),0.1759462163913054,0.24982251976040537,0,0,5.359598642467168,9.312714898031324,CLDN3
GO_Biological_Process_2023,Glycosaminoglycan Metabolic Process (GO:0030203),0.1759462163913054,0.24982251976040537,0,0,5.359598642467168,9.312714898031324,GNS
GO_Biological_Process_2023,Lipid Droplet Organization (GO:0034389),0.1759462163913054,0.24982251976040537,0,0,5.359598642467168,9.312714898031324,SQLE
GO_Biological_Process_2023,Membrane Fusion (GO:0061025),0.1759462163913054,0.24982251976040537,0,0,5.359598642467168,9.312714898031324,RABIF
GO_Biological_Process_2023,Negative Regulation Of Signaling (GO:0023057),0.1759462163913054,0.24982251976040537,0,0,5.359598642467168,9.312714898031324,PTPN1
GO_Biological_Process_2023,Negative Regulation Of Wound Healing (GO:0061045),0.1759462163913054,0.24982251976040537,0,0,5.359598642467168,9.312714898031324,CLDN3
GO_Biological_Process_2023,Positive Regulation Of Dephosphorylation (GO:0035306),0.1759462163913054,0.24982251976040537,0,0,5.359598642467168,9.312714898031324,PTBP1
GO_Biological_Process_2023,Positive Regulation Of mRNA Processing (GO:0050685),0.1759462163913054,0.24982251976040537,0,0,5.359598642467168,9.312714898031324,CIRBP
GO_Biological_Process_2023,Positive Regulation Of Nitric Oxide Metabolic Process (GO:1904407),0.1759462163913054,0.24982251976040537,0,0,5.359598642467168,9.312714898031324,CLU
GO_Biological_Process_2023,Positive Regulation Of Protein Import Into Nucleus (GO:0042307),0.1759462163913054,0.24982251976040537,0,0,5.359598642467168,9.312714898031324,JUP
GO_Biological_Process_2023,Regulation Of Calcium Ion-Dependent Exocytosis (GO:0017158),0.1759462163913054,0.24982251976040537,0,0,5.359598642467168,9.312714898031324,SYT1
GO_Biological_Process_2023,T Cell Activation (GO:0042110),0.1779909564174064,0.25250943046544727,0,0,2.6598165137614678,4.590903246038402,GATA3;SOX4
GO_Biological_Process_2023,Regulation Of Dendritic Spine Morphogenesis (GO:0061001),0.18162420981235458,0.2548275323108142,0,0,5.168042117245305,8.815726388332028,CAPRIN1
GO_Biological_Process_2023,TOR Signaling (GO:0031929),0.18162420981235458,0.2548275323108142,0,0,5.168042117245305,8.815726388332028,GATA3
GO_Biological_Process_2023,Antigen Processing And Presentation Of Exogenous Peptide Antigen (GO:0002478),0.18162420981235458,0.2548275323108142,0,0,5.168042117245305,8.815726388332028,CTSF
GO_Biological_Process_2023,Cardiac Muscle Cell Action Potential Involved In Contraction (GO:0086002),0.18162420981235458,0.2548275323108142,0,0,5.168042117245305,8.815726388332028,KCNE4
GO_Biological_Process_2023,Regulation Of Vasculature Development (GO:1901342),0.18162420981235458,0.2548275323108142,0,0,5.168042117245305,8.815726388332028,ERBB2
GO_Biological_Process_2023,Chondrocyte Differentiation (GO:0002062),0.18162420981235458,0.2548275323108142,0,0,5.168042117245305,8.815726388332028,SOX9
GO_Biological_Process_2023,Response To Amino Acid (GO:0043200),0.18162420981235458,0.2548275323108142,0,0,5.168042117245305,8.815726388332028,TMBIM6
GO_Biological_Process_2023,Cytoplasmic Translational Initiation (GO:0002183),0.18162420981235458,0.2548275323108142,0,0,5.168042117245305,8.815726388332028,EIF4A2
GO_Biological_Process_2023,Maintenance Of Blood-Brain Barrier (GO:0035633),0.18162420981235458,0.2548275323108142,0,0,5.168042117245305,8.815726388332028,CLDN3
GO_Biological_Process_2023,Modified Amino Acid Transport (GO:0072337),0.18162420981235458,0.2548275323108142,0,0,5.168042117245305,8.815726388332028,SLC7A2
GO_Biological_Process_2023,Multivesicular Body Assembly (GO:0036258),0.18162420981235458,0.2548275323108142,0,0,5.168042117245305,8.815726388332028,RAB11A
GO_Biological_Process_2023,Organic Cyclic Compound Biosynthetic Process (GO:1901362),0.18162420981235458,0.2548275323108142,0,0,5.168042117245305,8.815726388332028,PRLR
GO_Biological_Process_2023,Positive Regulation Of B Cell Proliferation (GO:0030890),0.18162420981235458,0.2548275323108142,0,0,5.168042117245305,8.815726388332028,BCL2
GO_Biological_Process_2023,Negative Regulation Of Canonical Wnt Signaling Pathway (GO:0090090),0.18292240458036066,0.25643183112492185,0,0,2.6117477477477475,4.436558229969026,AMFR;SOX9
GO_Biological_Process_2023,Protein Maturation (GO:0051604),0.1853956856076584,0.25944412971065567,0,0,2.588357142857143,4.362062256642828,APH1A;CPD
GO_Biological_Process_2023,Protein Processing (GO:0016485),0.1853956856076584,0.25944412971065567,0,0,2.588357142857143,4.362062256642828,APH1A;CPD
GO_Biological_Process_2023,'De Novo' Post-Translational Protein Folding (GO:0051084),0.18726323423895241,0.25944412971065567,0,0,4.989696386866328,8.358938886510758,SDF2
GO_Biological_Process_2023,Cellular Response To cAMP (GO:0071320),0.18726323423895241,0.25944412971065567,0,0,4.989696386866328,8.358938886510758,IGFBP5
GO_Biological_Process_2023,Response To Estradiol (GO:0032355),0.18726323423895241,0.25944412971065567,0,0,4.989696386866328,8.358938886510758,ESR1
GO_Biological_Process_2023,Extrinsic Apoptotic Signaling Pathway Via Death Domain Receptors (GO:0008625),0.18726323423895241,0.25944412971065567,0,0,4.989696386866328,8.358938886510758,BCL2
GO_Biological_Process_2023,Mitochondrial Membrane Organization (GO:0007006),0.18726323423895241,0.25944412971065567,0,0,4.989696386866328,8.358938886510758,BCL2
GO_Biological_Process_2023,Multivesicular Body Organization (GO:0036257),0.18726323423895241,0.25944412971065567,0,0,4.989696386866328,8.358938886510758,RAB11A
GO_Biological_Process_2023,Negative Regulation Of Carbohydrate Metabolic Process (GO:0045912),0.18726323423895241,0.25944412971065567,0,0,4.989696386866328,8.358938886510758,FBP1
GO_Biological_Process_2023,Negative Regulation Of Epithelial To Mesenchymal Transition (GO:0010719),0.18726323423895241,0.25944412971065567,0,0,4.989696386866328,8.358938886510758,GATA3
GO_Biological_Process_2023,Phospholipid Dephosphorylation (GO:0046839),0.18726323423895241,0.25944412971065567,0,0,4.989696386866328,8.358938886510758,PLPP2
GO_Biological_Process_2023,Positive Regulation Of JUN Kinase Activity (GO:0043507),0.18726323423895241,0.25944412971065567,0,0,4.989696386866328,8.358938886510758,PTPN1
GO_Biological_Process_2023,Positive Regulation Of Proteolysis Involved In Protein Catabolic Process (GO:1903052),0.18726323423895241,0.25944412971065567,0,0,4.989696386866328,8.358938886510758,CLU
GO_Biological_Process_2023,Presynaptic Endocytosis (GO:0140238),0.18726323423895241,0.25944412971065567,0,0,4.989696386866328,8.358938886510758,SYT1
GO_Biological_Process_2023,Regulation Of Protein Binding (GO:0043393),0.19035643905047128,0.26328933180854,0,0,2.5428070175438595,4.218153142637887,AMFR;TMBIM6
GO_Biological_Process_2023,Regulation Of Protein-Containing Complex Assembly (GO:0043254),0.19035643905047128,0.26328933180854,0,0,2.5428070175438595,4.218153142637887,CLU;LCMT1
GO_Biological_Process_2023,Regulation Of Dendrite Morphogenesis (GO:0048814),0.19286355604512034,0.2652073961549912,0,0,4.82324037184595,7.937955417543957,CAPRIN1
GO_Biological_Process_2023,Actin Filament Polymerization (GO:0030041),0.19286355604512034,0.2652073961549912,0,0,4.82324037184595,7.937955417543957,WASHC5
GO_Biological_Process_2023,Bile Acid Metabolic Process (GO:0008206),0.19286355604512034,0.2652073961549912,0,0,4.82324037184595,7.937955417543957,SLC27A2
GO_Biological_Process_2023,Regulation Of Response To Biotic Stimulus (GO:0002831),0.19286355604512034,0.2652073961549912,0,0,4.82324037184595,7.937955417543957,CD55
GO_Biological_Process_2023,Regulation Of Transcription By RNA Polymerase I (GO:0006356),0.19286355604512034,0.2652073961549912,0,0,4.82324037184595,7.937955417543957,ERBB2
GO_Biological_Process_2023,Negative Regulation Of Developmental Growth (GO:0048640),0.19286355604512034,0.2652073961549912,0,0,4.82324037184595,7.937955417543957,GDF15
GO_Biological_Process_2023,Positive Regulation Of Glucose Transmembrane Transport (GO:0010828),0.19286355604512034,0.2652073961549912,0,0,4.82324037184595,7.937955417543957,ARPP19
GO_Biological_Process_2023,Positive Regulation Of Angiogenesis (GO:0045766),0.19533491060498895,0.26816068506418117,0,0,2.4988275862068967,4.08068466006779,JUP;HK2
GO_Biological_Process_2023,Positive Regulation Of Cell Projection Organization (GO:0031346),0.19533491060498895,0.26816068506418117,0,0,2.4988275862068967,4.08068466006779,DDR1;CAPRIN1
GO_Biological_Process_2023,NIK/NF-kappaB Signaling (GO:0038061),0.198425439858277,0.2701651223049835,0,0,4.667523454568822,7.548981099489277,AMFR
GO_Biological_Process_2023,Regulation Of Natural Killer Cell Mediated Cytotoxicity (GO:0042269),0.198425439858277,0.2701651223049835,0,0,4.667523454568822,7.548981099489277,LAMP1
GO_Biological_Process_2023,Regulation Of Transmembrane Transport (GO:0034762),0.198425439858277,0.2701651223049835,0,0,4.667523454568822,7.548981099489277,BCL2
GO_Biological_Process_2023,Regulation Of Type I Interferon-Mediated Signaling Pathway (GO:0060338),0.198425439858277,0.2701651223049835,0,0,4.667523454568822,7.548981099489277,PTPN1
GO_Biological_Process_2023,Muscle Cell Development (GO:0055001),0.198425439858277,0.2701651223049835,0,0,4.667523454568822,7.548981099489277,SDC1
GO_Biological_Process_2023,Negative Regulation Of Osteoblast Differentiation (GO:0045668),0.198425439858277,0.2701651223049835,0,0,4.667523454568822,7.548981099489277,SOX9
GO_Biological_Process_2023,Positive Regulation Of DNA Binding (GO:0043388),0.198425439858277,0.2701651223049835,0,0,4.667523454568822,7.548981099489277,GATA3
GO_Biological_Process_2023,Positive Regulation Of Nitrogen Compound Metabolic Process (GO:0051173),0.198425439858277,0.2701651223049835,0,0,4.667523454568822,7.548981099489277,GATA3
GO_Biological_Process_2023,Positive Regulation Of Protein Dephosphorylation (GO:0035307),0.198425439858277,0.2701651223049835,0,0,4.667523454568822,7.548981099489277,PTBP1
GO_Biological_Process_2023,Positive Regulation Of Transcription By RNA Polymerase I (GO:0045943),0.198425439858277,0.2701651223049835,0,0,4.667523454568822,7.548981099489277,ERBB2
GO_Biological_Process_2023,Cellular Response To Lipid (GO:0071396),0.20282336363144554,0.2729755565193212,0,0,1.9606534245088463,3.128065311295083,PDCD4;SOX9;ESR1
GO_Biological_Process_2023,Protein Localization To Nucleus (GO:0034504),0.20283275799776526,0.2729755565193212,0,0,2.4356302521008404,3.885739939835078,SIX1;SKP1
GO_Biological_Process_2023,Cellular Response To Vascular Endothelial Growth Factor Stimulus (GO:0035924),0.20394914844352421,0.2729755565193212,0,0,4.521538844621514,7.1887249255808,MT1G
GO_Biological_Process_2023,Response To Exogenous dsRNA (GO:0043330),0.20394914844352421,0.2729755565193212,0,0,4.521538844621514,7.1887249255808,COLEC12
GO_Biological_Process_2023,Embryonic Skeletal System Development (GO:0048706),0.20394914844352421,0.2729755565193212,0,0,4.521538844621514,7.1887249255808,SIX1
GO_Biological_Process_2023,Skeletal Muscle Organ Development (GO:0060538),0.20394914844352421,0.2729755565193212,0,0,4.521538844621514,7.1887249255808,SIX1
GO_Biological_Process_2023,Epithelial Tube Morphogenesis (GO:0060562),0.20394914844352421,0.2729755565193212,0,0,4.521538844621514,7.1887249255808,GATA3
GO_Biological_Process_2023,Transcription Initiation-Coupled Chromatin Remodeling (GO:0045815),0.20394914844352421,0.2729755565193212,0,0,4.521538844621514,7.1887249255808,WBP2
GO_Biological_Process_2023,Ventricular Cardiac Muscle Tissue Morphogenesis (GO:0055010),0.20394914844352421,0.2729755565193212,0,0,4.521538844621514,7.1887249255808,DSP
GO_Biological_Process_2023,Monoubiquitinated Protein Deubiquitination (GO:0035520),0.20394914844352421,0.2729755565193212,0,0,4.521538844621514,7.1887249255808,TMEM98
GO_Biological_Process_2023,Negative Regulation Of Blood Vessel Endothelial Cell Migration (GO:0043537),0.20394914844352421,0.2729755565193212,0,0,4.521538844621514,7.1887249255808,JUP
GO_Biological_Process_2023,Negative Regulation Of Epithelial Cell Migration (GO:0010633),0.20394914844352421,0.2729755565193212,0,0,4.521538844621514,7.1887249255808,ADIPOR1
GO_Biological_Process_2023,Negative Regulation Of Small Molecule Metabolic Process (GO:0062014),0.20394914844352421,0.2729755565193212,0,0,4.521538844621514,7.1887249255808,FBP1
GO_Biological_Process_2023,Positive Regulation Of RNA Metabolic Process (GO:0051254),0.20394914844352421,0.2729755565193212,0,0,4.521538844621514,7.1887249255808,RBM20
GO_Biological_Process_2023,Positive Regulation Of Cytokine Production Involved In Immune Response (GO:0002720),0.20394914844352421,0.2729755565193212,0,0,4.521538844621514,7.1887249255808,CD55
GO_Biological_Process_2023,Protein Methylation (GO:0006479),0.20394914844352421,0.2729755565193212,0,0,4.521538844621514,7.1887249255808,LCMT1
GO_Biological_Process_2023,Protein Targeting To Vacuole (GO:0006623),0.20394914844352421,0.2729755565193212,0,0,4.521538844621514,7.1887249255808,RAB7A
GO_Biological_Process_2023,Regulation Of DNA Recombination (GO:0000018),0.20394914844352421,0.2729755565193212,0,0,4.521538844621514,7.1887249255808,PPP4C
GO_Biological_Process_2023,Regulation Of Activated T Cell Proliferation (GO:0046006),0.20394914844352421,0.2729755565193212,0,0,4.521538844621514,7.1887249255808,CD24
GO_Biological_Process_2023,Regulation Of Amyloid-Beta Formation (GO:1902003),0.20394914844352421,0.2729755565193212,0,0,4.521538844621514,7.1887249255808,CLU
GO_Biological_Process_2023,Regulation Of Cell Adhesion Mediated By Integrin (GO:0033628),0.20394914844352421,0.2729755565193212,0,0,4.521538844621514,7.1887249255808,MUC1
GO_Biological_Process_2023,Cellular Response To Starvation (GO:0009267),0.20533939104402235,0.2739511843477818,0,0,2.4152666666666667,3.8235871706820057,GABARAPL2;ALB
GO_Biological_Process_2023,Cytosolic Transport (GO:0016482),0.20533939104402235,0.2739511843477818,0,0,2.4152666666666667,3.8235871706820057,LAMP1;RAB7A
GO_Biological_Process_2023,Positive Regulation Of Epithelial Cell Proliferation (GO:0050679),0.20533939104402235,0.2739511843477818,0,0,2.4152666666666667,3.8235871706820057,ERBB2;SOX9
GO_Biological_Process_2023,Protein Dephosphorylation (GO:0006470),0.20533939104402235,0.2739511843477818,0,0,2.4152666666666667,3.8235871706820057,PTPN1;PTPRF
GO_Biological_Process_2023,Protein-Containing Complex Organization (GO:0043933),0.2078494195470327,0.27652087655328267,0,0,2.3952396694214877,3.7627811738456622,REPS2;SOX9
GO_Biological_Process_2023,Action Potential (GO:0001508),0.20943494271235352,0.27652087655328267,0,0,4.384401786792225,6.854320001067834,KCNE4
GO_Biological_Process_2023,Regulation Of Metal Ion Transport (GO:0010959),0.20943494271235352,0.27652087655328267,0,0,4.384401786792225,6.854320001067834,BCL2
GO_Biological_Process_2023,Cellular Response To Glucose Stimulus (GO:0071333),0.20943494271235352,0.27652087655328267,0,0,4.384401786792225,6.854320001067834,SOX4
GO_Biological_Process_2023,Cellular Response To Hydrogen Peroxide (GO:0070301),0.20943494271235352,0.27652087655328267,0,0,4.384401786792225,6.854320001067834,CLU
GO_Biological_Process_2023,Embryonic Limb Morphogenesis (GO:0030326),0.20943494271235352,0.27652087655328267,0,0,4.384401786792225,6.854320001067834,TFAP2A
GO_Biological_Process_2023,Glial Cell Differentiation (GO:0010001),0.20943494271235352,0.27652087655328267,0,0,4.384401786792225,6.854320001067834,SOX9
GO_Biological_Process_2023,Histone Deubiquitination (GO:0016578),0.20943494271235352,0.27652087655328267,0,0,4.384401786792225,6.854320001067834,TMEM98
GO_Biological_Process_2023,"Mitochondrial Electron Transport, NADH To Ubiquinone (GO:0006120)",0.20943494271235352,0.27652087655328267,0,0,4.384401786792225,6.854320001067834,NDUFA7
GO_Biological_Process_2023,Negative Regulation Of JNK Cascade (GO:0046329),0.20943494271235352,0.27652087655328267,0,0,4.384401786792225,6.854320001067834,PDCD4
GO_Biological_Process_2023,Negative Regulation Of Ras Protein Signal Transduction (GO:0046580),0.20943494271235352,0.27652087655328267,0,0,4.384401786792225,6.854320001067834,FBP1
GO_Biological_Process_2023,Purine Nucleotide Metabolic Process (GO:0006163),0.20943494271235352,0.27652087655328267,0,0,4.384401786792225,6.854320001067834,QPRT
GO_Biological_Process_2023,Regulation Of calcineurin-NFAT Signaling Cascade (GO:0070884),0.20943494271235352,0.27652087655328267,0,0,4.384401786792225,6.854320001067834,PTBP1
GO_Biological_Process_2023,Regulation Of Response To External Stimulus (GO:0032101),0.21036267869070868,0.27730386522713146,0,0,2.3755409836065575,3.7032835680431924,IL1R1;CD55
GO_Biological_Process_2023,Neuron Projection Guidance (GO:0097485),0.21036267869070868,0.27730386522713146,0,0,2.3755409836065575,3.7032835680431924,CYFIP1;DAG1
GO_Biological_Process_2023,Positive Regulation Of GTPase Activity (GO:0043547),0.21168416658015135,0.2788240572522343,0,0,1.91720184703572,2.9767624193145767,ERBB2;TBC1D9;SIPA1L3
GO_Biological_Process_2023,Regulation Of Mitotic Cell Cycle (GO:0007346),0.2128790058448189,0.27970248759750727,0,0,2.3561626016260164,3.6450573452647004,DDB1;SOX9
GO_Biological_Process_2023,Positive Regulation Of Developmental Process (GO:0051094),0.2134665343772124,0.27970248759750727,0,0,1.9087402240541111,2.947620203173816,DAG1;SOX9;ING1
GO_Biological_Process_2023,Regulation Of mRNA Processing (GO:0050684),0.21488308190200767,0.27970248759750727,0,0,4.2553316147176,6.543258333582694,RBM20
GO_Biological_Process_2023,Calcium Ion Import Across Plasma Membrane (GO:0098703),0.21488308190200767,0.27970248759750727,0,0,4.2553316147176,6.543258333582694,CLU
GO_Biological_Process_2023,Regulation Of Regulated Secretory Pathway (GO:1903305),0.21488308190200767,0.27970248759750727,0,0,4.2553316147176,6.543258333582694,SYT1
GO_Biological_Process_2023,Cellular Response To Heat (GO:0034605),0.21488308190200767,0.27970248759750727,0,0,4.2553316147176,6.543258333582694,TCIM
GO_Biological_Process_2023,Dendrite Morphogenesis (GO:0048813),0.21488308190200767,0.27970248759750727,0,0,4.2553316147176,6.543258333582694,FARP1
GO_Biological_Process_2023,Histone H3 Acetylation (GO:0043966),0.21488308190200767,0.27970248759750727,0,0,4.2553316147176,6.543258333582694,TMEM98
GO_Biological_Process_2023,Histone Deacetylation (GO:0016575),0.21488308190200767,0.27970248759750727,0,0,4.2553316147176,6.543258333582694,TBL1XR1
GO_Biological_Process_2023,Macrophage Activation (GO:0042116),0.21488308190200767,0.27970248759750727,0,0,4.2553316147176,6.543258333582694,CLU
GO_Biological_Process_2023,Muscle Tissue Development (GO:0060537),0.21488308190200767,0.27970248759750727,0,0,4.2553316147176,6.543258333582694,SIX1
GO_Biological_Process_2023,Neutral Amino Acid Transport (GO:0015804),0.21488308190200767,0.27970248759750727,0,0,4.2553316147176,6.543258333582694,SLC7A8
GO_Biological_Process_2023,One-Carbon Compound Transport (GO:0019755),0.21488308190200767,0.27970248759750727,0,0,4.2553316147176,6.543258333582694,CYB5R1
GO_Biological_Process_2023,Positive Regulation Of Phospholipase C Activity (GO:0010863),0.21488308190200767,0.27970248759750727,0,0,4.2553316147176,6.543258333582694,ESR1
GO_Biological_Process_2023,Regulation Of Axon Extension (GO:0030516),0.21488308190200767,0.27970248759750727,0,0,4.2553316147176,6.543258333582694,CTTN
GO_Biological_Process_2023,Positive Regulation Of Intracellular Protein Transport (GO:0090316),0.215398240469323,0.2801529705319216,0,0,2.337096774193548,3.588066812271028,JUP;ERBB2
GO_Biological_Process_2023,Regulation Of DNA Repair (GO:0006282),0.21792022395805302,0.2832108322341128,0,0,2.318336,3.5322775356442375,PPP4C;TMEM98
GO_Biological_Process_2023,"DNA Damage Response, Signal Transduction By P53 Class Mediator (GO:0030330)",0.22029382350864257,0.28451041742308714,0,0,4.13363688104724,6.253337195697853,MUC1
GO_Biological_Process_2023,Regulation Of Glucose Import (GO:0046324),0.22029382350864257,0.28451041742308714,0,0,4.13363688104724,6.253337195697853,ARPP19
GO_Biological_Process_2023,RNA Stabilization (GO:0043489),0.22029382350864257,0.28451041742308714,0,0,4.13363688104724,6.253337195697853,CIRBP
GO_Biological_Process_2023,Regulation Of Intracellular Protein Transport (GO:0033157),0.22029382350864257,0.28451041742308714,0,0,4.13363688104724,6.253337195697853,PTPN1
GO_Biological_Process_2023,Regulation Of Phosphoprotein Phosphatase Activity (GO:0043666),0.22029382350864257,0.28451041742308714,0,0,4.13363688104724,6.253337195697853,PPP1R1B
GO_Biological_Process_2023,Substrate Adhesion-Dependent Cell Spreading (GO:0034446),0.22029382350864257,0.28451041742308714,0,0,4.13363688104724,6.253337195697853,MLF2
GO_Biological_Process_2023,Mitochondrion Disassembly (GO:0061726),0.22029382350864257,0.28451041742308714,0,0,4.13363688104724,6.253337195697853,GABARAPL2
GO_Biological_Process_2023,Negative Regulation Of Protein Kinase B Signaling (GO:0051898),0.22029382350864257,0.28451041742308714,0,0,4.13363688104724,6.253337195697853,DAG1
GO_Biological_Process_2023,Regulation Of Inflammatory Response (GO:0050727),0.22062796299300186,0.28472004258520567,0,0,1.8756231823847112,2.834586966570199,IL1R1;PDCD4;GATA3
GO_Biological_Process_2023,Circulatory System Development (GO:0072359),0.22297181370588928,0.28685116095548024,0,0,2.281700787401575,3.424170986613103,SOX9;SOX4
GO_Biological_Process_2023,Transmembrane Receptor Protein Serine/Threonine Kinase Signaling Pathway (GO:0007178),0.22297181370588928,0.28685116095548024,0,0,2.281700787401575,3.424170986613103,GDF15;PDCD4
GO_Biological_Process_2023,Protein Homooligomerization (GO:0051260),0.22297181370588928,0.28685116095548024,0,0,2.281700787401575,3.424170986613103,CLU;ALDH9A1
GO_Biological_Process_2023,Regulation Of Cell Cycle Process (GO:0010564),0.22297181370588928,0.28685116095548024,0,0,2.281700787401575,3.424170986613103,SOX9;RAB11A
GO_Biological_Process_2023,RNA 3'-End Processing (GO:0031123),0.22566742319198127,0.28808237305786827,0,0,4.018702965914121,5.982614742724819,HEXIM1
GO_Biological_Process_2023,Regulation Of Ossification (GO:0030278),0.22566742319198127,0.28808237305786827,0,0,4.018702965914121,5.982614742724819,SOX9
GO_Biological_Process_2023,Response To cAMP (GO:0051591),0.22566742319198127,0.28808237305786827,0,0,4.018702965914121,5.982614742724819,IGFBP5
GO_Biological_Process_2023,Synaptic Vesicle Cycle (GO:0099504),0.22566742319198127,0.28808237305786827,0,0,4.018702965914121,5.982614742724819,SNAP25
GO_Biological_Process_2023,Fatty Acid Transport (GO:0015908),0.22566742319198127,0.28808237305786827,0,0,4.018702965914121,5.982614742724819,CRABP2
GO_Biological_Process_2023,Negative Regulation Of Endothelial Cell Migration (GO:0010596),0.22566742319198127,0.28808237305786827,0,0,4.018702965914121,5.982614742724819,JUP
GO_Biological_Process_2023,Negative Regulation Of Proteasomal Protein Catabolic Process (GO:1901799),0.22566742319198127,0.28808237305786827,0,0,4.018702965914121,5.982614742724819,GABARAPL2
GO_Biological_Process_2023,Negative Regulation Of Transferase Activity (GO:0051348),0.22566742319198127,0.28808237305786827,0,0,4.018702965914121,5.982614742724819,EIF4A2
GO_Biological_Process_2023,Positive Regulation Of Protein Tyrosine Kinase Activity (GO:0061098),0.22566742319198127,0.28808237305786827,0,0,4.018702965914121,5.982614742724819,PTPN1
GO_Biological_Process_2023,Positive Regulation Of Receptor Signaling Pathway Via JAK-STAT (GO:0046427),0.22566742319198127,0.28808237305786827,0,0,4.018702965914121,5.982614742724819,PRLR
GO_Biological_Process_2023,Regulation Of Protein Import Into Nucleus (GO:0042306),0.23100413484312254,0.2919709011709032,0,0,3.9099816948422528,5.729373082361362,JUP
GO_Biological_Process_2023,Regulation Of Protein Tyrosine Kinase Activity (GO:0061097),0.23100413484312254,0.2919709011709032,0,0,3.9099816948422528,5.729373082361362,PTPN1
GO_Biological_Process_2023,Cyclic-Nucleotide-Mediated Signaling (GO:0019935),0.23100413484312254,0.2919709011709032,0,0,3.9099816948422528,5.729373082361362,SOX9
GO_Biological_Process_2023,Detection Of Chemical Stimulus Involved In Sensory Perception Of Bitter Taste (GO:0001580),0.23100413484312254,0.2919709011709032,0,0,3.9099816948422528,5.729373082361362,CST1
GO_Biological_Process_2023,Response To Transforming Growth Factor Beta (GO:0071559),0.23100413484312254,0.2919709011709032,0,0,3.9099816948422528,5.729373082361362,SOX9
GO_Biological_Process_2023,Membrane Assembly (GO:0071709),0.23100413484312254,0.2919709011709032,0,0,3.9099816948422528,5.729373082361362,UGCG
GO_Biological_Process_2023,Membrane Fission (GO:0090148),0.23100413484312254,0.2919709011709032,0,0,3.9099816948422528,5.729373082361362,EXOC2
GO_Biological_Process_2023,Negative Regulation Of Epithelial Cell Apoptotic Process (GO:1904036),0.23100413484312254,0.2919709011709032,0,0,3.9099816948422528,5.729373082361362,GATA3
GO_Biological_Process_2023,Negative Regulation Of Mitochondrion Organization (GO:0010823),0.23100413484312254,0.2919709011709032,0,0,3.9099816948422528,5.729373082361362,CLU
GO_Biological_Process_2023,Organelle Transport Along Microtubule (GO:0072384),0.23100413484312254,0.2919709011709032,0,0,3.9099816948422528,5.729373082361362,COPG1
GO_Biological_Process_2023,Positive Regulation Of ATP-dependent Activity (GO:0032781),0.23100413484312254,0.2919709011709032,0,0,3.9099816948422528,5.729373082361362,GABARAPL2
GO_Biological_Process_2023,Positive Regulation Of Bone Mineralization (GO:0030501),0.23100413484312254,0.2919709011709032,0,0,3.9099816948422528,5.729373082361362,TFAP2A
GO_Biological_Process_2023,Positive Regulation Of Myoblast Differentiation (GO:0045663),0.23100413484312254,0.2919709011709032,0,0,3.9099816948422528,5.729373082361362,SOX4
GO_Biological_Process_2023,Positive Regulation Of Cell Population Proliferation (GO:0008284),0.23195144627344,0.2929447762767455,0,0,1.5419857826830672,2.2531915869797228,ERBB2;BCL2;SOX9;CGA;SOX4
GO_Biological_Process_2023,Positive Regulation Of DNA-binding Transcription Factor Activity (GO:0051091),0.23509153456875206,0.29551402053963016,0,0,1.8127008032128513,2.624392570463114,JUP;CLU;ESR1
GO_Biological_Process_2023,Acylglycerol Metabolic Process (GO:0006639),0.2363042107513639,0.29551402053963016,0,0,3.806982595932061,5.492087385851734,ABHD2
GO_Biological_Process_2023,Regulation Of Mitochondrial Membrane Potential (GO:0051881),0.2363042107513639,0.29551402053963016,0,0,3.806982595932061,5.492087385851734,BCL2
GO_Biological_Process_2023,Regulation Of Nitric Oxide Biosynthetic Process (GO:0045428),0.2363042107513639,0.29551402053963016,0,0,3.806982595932061,5.492087385851734,CLU
GO_Biological_Process_2023,Sensory Perception Of Bitter Taste (GO:0050913),0.2363042107513639,0.29551402053963016,0,0,3.806982595932061,5.492087385851734,CST1
GO_Biological_Process_2023,Endothelial Cell Migration (GO:0043542),0.2363042107513639,0.29551402053963016,0,0,3.806982595932061,5.492087385851734,LGALS8
GO_Biological_Process_2023,Synaptic Vesicle Endocytosis (GO:0048488),0.2363042107513639,0.29551402053963016,0,0,3.806982595932061,5.492087385851734,SYT1
GO_Biological_Process_2023,Lymphocyte Migration (GO:0072676),0.2363042107513639,0.29551402053963016,0,0,3.806982595932061,5.492087385851734,GATA3
GO_Biological_Process_2023,Negative Regulation Of Transport (GO:0051051),0.2363042107513639,0.29551402053963016,0,0,3.806982595932061,5.492087385851734,RAB7A
GO_Biological_Process_2023,Odontogenesis (GO:0042476),0.2363042107513639,0.29551402053963016,0,0,3.806982595932061,5.492087385851734,AQP3
GO_Biological_Process_2023,Positive Regulation Of Lipid Biosynthetic Process (GO:0046889),0.2363042107513639,0.29551402053963016,0,0,3.806982595932061,5.492087385851734,CGA
GO_Biological_Process_2023,Positive Regulation Of Lymphocyte Differentiation (GO:0045621),0.2363042107513639,0.29551402053963016,0,0,3.806982595932061,5.492087385851734,GATA3
GO_Biological_Process_2023,Protein Deacetylation (GO:0006476),0.2363042107513639,0.29551402053963016,0,0,3.806982595932061,5.492087385851734,TBL1XR1
GO_Biological_Process_2023,Positive Regulation Of Programmed Cell Death (GO:0043068),0.23873394032344356,0.298327405064816,0,0,1.7976202329981081,2.5749212300774964,BCL2;CLU;SOX4
GO_Biological_Process_2023,Regulation Of Glycolytic Process (GO:0006110),0.24156790138704823,0.29938520014834624,0,0,3.7092655020941874,5.2693999325473095,FBP1
GO_Biological_Process_2023,Regulation Of Release Of Cytochrome C From Mitochondria (GO:0090199),0.24156790138704823,0.29938520014834624,0,0,3.7092655020941874,5.2693999325473095,CLU
GO_Biological_Process_2023,Regulation Of Small Molecule Metabolic Process (GO:0062012),0.24156790138704823,0.29938520014834624,0,0,3.7092655020941874,5.2693999325473095,ADIPOR1
GO_Biological_Process_2023,Cellular Response To Retinoic Acid (GO:0071300),0.24156790138704823,0.29938520014834624,0,0,3.7092655020941874,5.2693999325473095,SOX9
GO_Biological_Process_2023,Skeletal Muscle Tissue Development (GO:0007519),0.24156790138704823,0.29938520014834624,0,0,3.7092655020941874,5.2693999325473095,SIX1
GO_Biological_Process_2023,Stem Cell Differentiation (GO:0048863),0.24156790138704823,0.29938520014834624,0,0,3.7092655020941874,5.2693999325473095,PSMD11
GO_Biological_Process_2023,mRNA 3'-End Processing (GO:0031124),0.24156790138704823,0.29938520014834624,0,0,3.7092655020941874,5.2693999325473095,HEXIM1
GO_Biological_Process_2023,Negative Regulation Of mRNA Catabolic Process (GO:1902373),0.24156790138704823,0.29938520014834624,0,0,3.7092655020941874,5.2693999325473095,CIRBP
GO_Biological_Process_2023,Positive Regulation Of Catalytic Activity (GO:0043085),0.24156790138704823,0.29938520014834624,0,0,3.7092655020941874,5.2693999325473095,APH1A
GO_Biological_Process_2023,Positive Regulation Of Stem Cell Population Maintenance (GO:1902459),0.24156790138704823,0.29938520014834624,0,0,3.7092655020941874,5.2693999325473095,ING1
GO_Biological_Process_2023,Protein Localization To Chromosome (GO:0034502),0.24156790138704823,0.29938520014834624,0,0,3.7092655020941874,5.2693999325473095,ESR1
GO_Biological_Process_2023,O-glycan Processing (GO:0016266),0.24679545554040636,0.3044974458901365,0,0,3.616434262948207,5.060098187477489,GALNT1
GO_Biological_Process_2023,Regulation Of Microtubule-Based Process (GO:0032886),0.24679545554040636,0.3044974458901365,0,0,3.616434262948207,5.060098187477489,ERBB2
GO_Biological_Process_2023,Negative Regulation Of Proteolysis (GO:0045861),0.24679545554040636,0.3044974458901365,0,0,3.616434262948207,5.060098187477489,CSTA
GO_Biological_Process_2023,Positive Regulation Of T Cell Mediated Immunity (GO:0002711),0.24679545554040636,0.3044974458901365,0,0,3.616434262948207,5.060098187477489,CD55
GO_Biological_Process_2023,Positive Regulation Of Ossification (GO:0045778),0.24679545554040636,0.3044974458901365,0,0,3.616434262948207,5.060098187477489,TFAP2A
GO_Biological_Process_2023,Regulation Of Amide Metabolic Process (GO:0034248),0.24679545554040636,0.3044974458901365,0,0,3.616434262948207,5.060098187477489,CYFIP1
GO_Biological_Process_2023,Negative Regulation Of Wnt Signaling Pathway (GO:0030178),0.248343442530104,0.3061793781788559,0,0,2.1145693430656936,2.9454738072621156,AMFR;SOX9
GO_Biological_Process_2023,Regulation Of Neurotransmitter Receptor Activity (GO:0099601),0.2519871202928937,0.30792231439920714,0,0,3.528131376931299,4.863096210996496,CACNG4
GO_Biological_Process_2023,Branching Morphogenesis Of An Epithelial Tube (GO:0048754),0.2519871202928937,0.30792231439920714,0,0,3.528131376931299,4.863096210996496,SIX1
GO_Biological_Process_2023,Regulation Of Ubiquitin-Dependent Protein Catabolic Process (GO:2000058),0.2519871202928937,0.30792231439920714,0,0,3.528131376931299,4.863096210996496,CLU
GO_Biological_Process_2023,Collagen Fibril Organization (GO:0030199),0.2519871202928937,0.30792231439920714,0,0,3.528131376931299,4.863096210996496,COL2A1
GO_Biological_Process_2023,Detection Of Chemical Stimulus Involved In Sensory Perception Of Taste (GO:0050912),0.2519871202928937,0.30792231439920714,0,0,3.528131376931299,4.863096210996496,CST1
GO_Biological_Process_2023,Energy Derivation By Oxidation Of Organic Compounds (GO:0015980),0.2519871202928937,0.30792231439920714,0,0,3.528131376931299,4.863096210996496,COX6C
GO_Biological_Process_2023,Lipid Modification (GO:0030258),0.2519871202928937,0.30792231439920714,0,0,3.528131376931299,4.863096210996496,PLPP2
GO_Biological_Process_2023,Monoatomic Cation Transport (GO:0006812),0.2519871202928937,0.30792231439920714,0,0,3.528131376931299,4.863096210996496,ANO1
GO_Biological_Process_2023,Negative Regulation Of I-kappaB kinase/NF-kappaB Signaling (GO:0043124),0.2519871202928937,0.30792231439920714,0,0,3.528131376931299,4.863096210996496,ESR1
GO_Biological_Process_2023,Positive Regulation Of Cell-Matrix Adhesion (GO:0001954),0.2519871202928937,0.30792231439920714,0,0,3.528131376931299,4.863096210996496,JUP
GO_Biological_Process_2023,Positive Regulation Of Neuron Differentiation (GO:0045666),0.2519871202928937,0.30792231439920714,0,0,3.528131376931299,4.863096210996496,ASCL1
GO_Biological_Process_2023,Regulation Of Axonogenesis (GO:0050770),0.2519871202928937,0.30792231439920714,0,0,3.528131376931299,4.863096210996496,GDI1
GO_Biological_Process_2023,Embryonic Organ Morphogenesis (GO:0048562),0.2571431411730652,0.31329866538512424,0,0,3.4440333902485296,4.677418823358237,SIX1
GO_Biological_Process_2023,Synaptic Vesicle Recycling (GO:0036465),0.2571431411730652,0.31329866538512424,0,0,3.4440333902485296,4.677418823358237,SYT1
GO_Biological_Process_2023,Positive Regulation Of Biomineral Tissue Development (GO:0070169),0.2571431411730652,0.31329866538512424,0,0,3.4440333902485296,4.677418823358237,TFAP2A
GO_Biological_Process_2023,Positive Regulation Of miRNA Transcription (GO:1902895),0.2571431411730652,0.31329866538512424,0,0,3.4440333902485296,4.677418823358237,GATA3
GO_Biological_Process_2023,Positive Regulation Of Transferase Activity (GO:0051347),0.2585240778329,0.31474974060919564,0,0,2.054354609929078,2.779061982340503,DDR1;ERBB2
GO_Biological_Process_2023,Defense Response To Symbiont (GO:0140546),0.2610704260010512,0.31674275021800236,0,0,2.039830985915493,2.7394217763239617,BCL2;IFI6
GO_Biological_Process_2023,Positive Regulation Of Protein Kinase Activity (GO:0045860),0.2610704260010512,0.31674275021800236,0,0,2.039830985915493,2.7394217763239617,PTPN1;CLU
GO_Biological_Process_2023,Regulation Of Insulin Receptor Signaling Pathway (GO:0046626),0.2622637617978873,0.31674275021800236,0,0,3.363846937830075,4.502188071344656,PTPN1
GO_Biological_Process_2023,Antibacterial Humoral Response (GO:0019731),0.2622637617978873,0.31674275021800236,0,0,3.363846937830075,4.502188071344656,IGHA1
GO_Biological_Process_2023,Bone Development (GO:0060348),0.2622637617978873,0.31674275021800236,0,0,3.363846937830075,4.502188071344656,TFAP2A
GO_Biological_Process_2023,Establishment Of Protein Localization To Mitochondrion (GO:0072655),0.2622637617978873,0.31674275021800236,0,0,3.363846937830075,4.502188071344656,HK2
GO_Biological_Process_2023,Extracellular Matrix Disassembly (GO:0022617),0.2622637617978873,0.31674275021800236,0,0,3.363846937830075,4.502188071344656,MMP11
GO_Biological_Process_2023,Mitotic Spindle Assembly (GO:0090307),0.2622637617978873,0.31674275021800236,0,0,3.363846937830075,4.502188071344656,RAB11A
GO_Biological_Process_2023,Natural Killer Cell Activation (GO:0030101),0.2622637617978873,0.31674275021800236,0,0,3.363846937830075,4.502188071344656,PBX1
GO_Biological_Process_2023,Positive Regulation Of Nucleocytoplasmic Transport (GO:0046824),0.2622637617978873,0.31674275021800236,0,0,3.363846937830075,4.502188071344656,JUP
GO_Biological_Process_2023,Regulation Of B Cell Proliferation (GO:0030888),0.2622637617978873,0.31674275021800236,0,0,3.363846937830075,4.502188071344656,BCL2
GO_Biological_Process_2023,Protein Glycosylation (GO:0006486),0.26361699741392663,0.3181452037253288,0,0,2.0255104895104896,2.7005280573152164,TMEM59;GALNT1
GO_Biological_Process_2023,Positive Regulation Of Cellular Catabolic Process (GO:0031331),0.2661636687464447,0.3209848610719497,0,0,2.011388888888889,2.662362559644809,PTPN1;TMEM59
GO_Biological_Process_2023,Regulation Of Cytokine Production Involved In Inflammatory Response (GO:1900015),0.2673492243275165,0.32147871169136055,0,0,3.2873053241579138,4.336611602201012,PDCD4
GO_Biological_Process_2023,Response To Hydrogen Peroxide (GO:0042542),0.2673492243275165,0.32147871169136055,0,0,3.2873053241579138,4.336611602201012,CLU
GO_Biological_Process_2023,Establishment Of Protein Localization To Extracellular Region (GO:0035592),0.2673492243275165,0.32147871169136055,0,0,3.2873053241579138,4.336611602201012,COPG1
GO_Biological_Process_2023,Positive Regulation Of mRNA Catabolic Process (GO:0061014),0.2673492243275165,0.32147871169136055,0,0,3.2873053241579138,4.336611602201012,TOB1
GO_Biological_Process_2023,Regulation Of Epidermal Growth Factor Receptor Signaling Pathway (GO:0042058),0.2723997691379295,0.32495782394639977,0,0,3.214165559982293,4.17997265902941,IFI6
GO_Biological_Process_2023,Golgi To Plasma Membrane Transport (GO:0006893),0.2723997691379295,0.32495782394639977,0,0,3.214165559982293,4.17997265902941,EXOC2
GO_Biological_Process_2023,Regulation Of mRNA Catabolic Process (GO:0061013),0.2723997691379295,0.32495782394639977,0,0,3.214165559982293,4.17997265902941,CAPRIN1
GO_Biological_Process_2023,Autophagy Of Mitochondrion (GO:0000422),0.2723997691379295,0.32495782394639977,0,0,3.214165559982293,4.17997265902941,GABARAPL2
GO_Biological_Process_2023,Cellular Component Disassembly (GO:0022411),0.2723997691379295,0.32495782394639977,0,0,3.214165559982293,4.17997265902941,MMP11
GO_Biological_Process_2023,Cognition (GO:0050890),0.2723997691379295,0.32495782394639977,0,0,3.214165559982293,4.17997265902941,CYFIP1
GO_Biological_Process_2023,Response To Glucose (GO:0009749),0.2723997691379295,0.32495782394639977,0,0,3.214165559982293,4.17997265902941,SOX4
GO_Biological_Process_2023,Secondary Alcohol Metabolic Process (GO:1902652),0.2723997691379295,0.32495782394639977,0,0,3.214165559982293,4.17997265902941,SQLE
GO_Biological_Process_2023,Negative Regulation Of ERK1 And ERK2 Cascade (GO:0070373),0.2723997691379295,0.32495782394639977,0,0,3.214165559982293,4.17997265902941,PTPN1
GO_Biological_Process_2023,Positive Regulation Of Peptide Hormone Secretion (GO:0090277),0.2723997691379295,0.32495782394639977,0,0,3.214165559982293,4.17997265902941,SOX4
GO_Biological_Process_2023,Positive Regulation Of Smooth Muscle Cell Proliferation (GO:0048661),0.2723997691379295,0.32495782394639977,0,0,3.214165559982293,4.17997265902941,IGFBP5
GO_Biological_Process_2023,Negative Regulation Of DNA-binding Transcription Factor Activity (GO:0043433),0.2738030746074661,0.3263969026076053,0,0,1.9701768707482994,2.552060998334689,BHLHE40;ESR1
GO_Biological_Process_2023,Cellular Defense Response (GO:0006968),0.2774156351115582,0.3295180698063455,0,0,3.144205785553438,4.031621426031252,ADORA2A
GO_Biological_Process_2023,Epithelial To Mesenchymal Transition (GO:0001837),0.2774156351115582,0.3295180698063455,0,0,3.144205785553438,4.031621426031252,SOX9
GO_Biological_Process_2023,Insulin Receptor Signaling Pathway (GO:0008286),0.2774156351115582,0.3295180698063455,0,0,3.144205785553438,4.031621426031252,GRB2
GO_Biological_Process_2023,Negative Regulation Of Hydrolase Activity (GO:0051346),0.2774156351115582,0.3295180698063455,0,0,3.144205785553438,4.031621426031252,CSTA
GO_Biological_Process_2023,Regulation Of T Cell Differentiation (GO:0045580),0.2774156351115582,0.3295180698063455,0,0,3.144205785553438,4.031621426031252,GATA3
GO_Biological_Process_2023,Regulation Of Cellular Component Organization (GO:0051128),0.2814391004201008,0.3332848485431351,0,0,1.9306133333333333,2.44770725312504,PTPN1;RAB5B
GO_Biological_Process_2023,Regulation Of Intrinsic Apoptotic Signaling Pathway (GO:2001242),0.28239705935700765,0.3332848485431351,0,0,3.0772230228024076,3.8909675299512996,BCL2
GO_Biological_Process_2023,Cellular Response To Mechanical Stimulus (GO:0071260),0.28239705935700765,0.3332848485431351,0,0,3.0772230228024076,3.8909675299512996,SOX9
GO_Biological_Process_2023,Cellular Response To Radiation (GO:0071478),0.28239705935700765,0.3332848485431351,0,0,3.0772230228024076,3.8909675299512996,GRB2
GO_Biological_Process_2023,Cytoplasmic Microtubule Organization (GO:0031122),0.28239705935700765,0.3332848485431351,0,0,3.0772230228024076,3.8909675299512996,RAB11A
GO_Biological_Process_2023,"Retrograde Vesicle-Mediated Transport, Golgi To Endoplasmic Reticulum (GO:0006890)",0.28239705935700765,0.3332848485431351,0,0,3.0772230228024076,3.8909675299512996,ARF3
GO_Biological_Process_2023,tRNA Processing (GO:0008033),0.28239705935700765,0.3332848485431351,0,0,3.0772230228024076,3.8909675299512996,HEXIM1
GO_Biological_Process_2023,Positive Regulation Of Reactive Oxygen Species Metabolic Process (GO:2000379),0.28239705935700765,0.3332848485431351,0,0,3.0772230228024076,3.8909675299512996,GRB2
GO_Biological_Process_2023,Post-Translational Protein Modification (GO:0043687),0.28239705935700765,0.3332848485431351,0,0,3.0772230228024076,3.8909675299512996,SUMF1
GO_Biological_Process_2023,Regulation Of Mitotic Metaphase/Anaphase Transition (GO:0030071),0.2873442774365527,0.33696352987428724,0,0,3.013031208499336,3.7574735115908946,LCMT1
GO_Biological_Process_2023,Blood Circulation (GO:0008015),0.2873442774365527,0.33696352987428724,0,0,3.013031208499336,3.7574735115908946,ADORA2A
GO_Biological_Process_2023,Fatty Acid Beta-Oxidation (GO:0006635),0.2873442774365527,0.33696352987428724,0,0,3.013031208499336,3.7574735115908946,SLC27A2
GO_Biological_Process_2023,Heterophilic Cell-Cell Adhesion Via Plasma Membrane Cell Adhesion Molecules (GO:0007157),0.2873442774365527,0.33696352987428724,0,0,3.013031208499336,3.7574735115908946,ALCAM
GO_Biological_Process_2023,Intrinsic Apoptotic Signaling Pathway In Response To DNA Damage (GO:0008630),0.2873442774365527,0.33696352987428724,0,0,3.013031208499336,3.7574735115908946,BCL2
GO_Biological_Process_2023,Positive Regulation Of Cell Death (GO:0010942),0.2873442774365527,0.33696352987428724,0,0,3.013031208499336,3.7574735115908946,CLU
GO_Biological_Process_2023,Positive Regulation Of Developmental Growth (GO:0048639),0.2873442774365527,0.33696352987428724,0,0,3.013031208499336,3.7574735115908946,SYT1
GO_Biological_Process_2023,Positive Regulation Of miRNA Metabolic Process (GO:2000630),0.2873442774365527,0.33696352987428724,0,0,3.013031208499336,3.7574735115908946,GATA3
GO_Biological_Process_2023,Positive Regulation Of Pathway-Restricted SMAD Protein Phosphorylation (GO:0010862),0.2873442774365527,0.33696352987428724,0,0,3.013031208499336,3.7574735115908946,GDF15
GO_Biological_Process_2023,SMAD Protein Signal Transduction (GO:0060395),0.2922575233579172,0.3415167251086522,0,0,2.951459468249451,3.6306491324170724,GDF15
GO_Biological_Process_2023,Dicarboxylic Acid Metabolic Process (GO:0043648),0.2922575233579172,0.3415167251086522,0,0,2.951459468249451,3.6306491324170724,ACLY
GO_Biological_Process_2023,Sensory Perception (GO:0007600),0.2922575233579172,0.3415167251086522,0,0,2.951459468249451,3.6306491324170724,ADORA2A
GO_Biological_Process_2023,Mitotic Metaphase Plate Congression (GO:0007080),0.2922575233579172,0.3415167251086522,0,0,2.951459468249451,3.6306491324170724,RAB11A
GO_Biological_Process_2023,Positive Regulation Of Leukocyte Mediated Cytotoxicity (GO:0001912),0.2922575233579172,0.3415167251086522,0,0,2.951459468249451,3.6306491324170724,LAMP1
GO_Biological_Process_2023,Regulation Of Peptide Hormone Secretion (GO:0090276),0.2971370294665784,0.34551302303587395,0,0,2.892350597609562,3.510046393875552,SNAP25
GO_Biological_Process_2023,Cholesterol Transport (GO:0030301),0.2971370294665784,0.34551302303587395,0,0,2.892350597609562,3.510046393875552,CLU
GO_Biological_Process_2023,Metaphase Plate Congression (GO:0051310),0.2971370294665784,0.34551302303587395,0,0,2.892350597609562,3.510046393875552,RAB11A
GO_Biological_Process_2023,Negative Regulation Of Protein Catabolic Process (GO:0042177),0.2971370294665784,0.34551302303587395,0,0,2.892350597609562,3.510046393875552,GABARAPL2
GO_Biological_Process_2023,Peptide Metabolic Process (GO:0006518),0.2971370294665784,0.34551302303587395,0,0,2.892350597609562,3.510046393875552,CPD
GO_Biological_Process_2023,Positive Regulation Of Ras Protein Signal Transduction (GO:0046579),0.2971370294665784,0.34551302303587395,0,0,2.892350597609562,3.510046393875552,AUTS2
GO_Biological_Process_2023,Regulated Exocytosis (GO:0045055),0.2971370294665784,0.34551302303587395,0,0,2.892350597609562,3.510046393875552,SNAP25
GO_Biological_Process_2023,Regulation Of Cyclin-Dependent Protein Kinase Activity (GO:1904029),0.3019830264321256,0.34918763070344183,0,0,2.835559721896727,3.3952551664028108,CCND1
GO_Biological_Process_2023,Regulation Of Proteolysis (GO:0030162),0.3019830264321256,0.34918763070344183,0,0,2.835559721896727,3.3952551664028108,CSTA
GO_Biological_Process_2023,Cell Cycle G1/S Phase Transition (GO:0044843),0.3019830264321256,0.34918763070344183,0,0,2.835559721896727,3.3952551664028108,CCND1
GO_Biological_Process_2023,Cellular Response To Ionizing Radiation (GO:0071479),0.3019830264321256,0.34918763070344183,0,0,2.835559721896727,3.3952551664028108,GRB2
GO_Biological_Process_2023,mRNA Stabilization (GO:0048255),0.3019830264321256,0.34918763070344183,0,0,2.835559721896727,3.3952551664028108,CIRBP
GO_Biological_Process_2023,Mitochondrial Transport (GO:0006839),0.3019830264321256,0.34918763070344183,0,0,2.835559721896727,3.3952551664028108,BCL2
GO_Biological_Process_2023,Negative Regulation Of Protein Ubiquitination (GO:0031397),0.3019830264321256,0.34918763070344183,0,0,2.835559721896727,3.3952551664028108,SOX4
GO_Biological_Process_2023,Positive Regulation Of B Cell Activation (GO:0050871),0.3019830264321256,0.34918763070344183,0,0,2.835559721896727,3.3952551664028108,BCL2
GO_Biological_Process_2023,Positive Regulation Of Cell Differentiation (GO:0045597),0.30364083967686206,0.3508597429181035,0,0,1.5689617676482102,1.8700607881778903,SOX9;ASCL1;SOX4
GO_Biological_Process_2023,Actin Polymerization Or Depolymerization (GO:0008154),0.3067957436258518,0.35208920106535513,0,0,2.7809531106343854,3.2858993407059773,WASHC5
GO_Biological_Process_2023,Regulation Of Macromolecule Biosynthetic Process (GO:0010556),0.3067957436258518,0.35208920106535513,0,0,2.7809531106343854,3.2858993407059773,CYFIP1
GO_Biological_Process_2023,Cellular Response To Alcohol (GO:0097306),0.3067957436258518,0.35208920106535513,0,0,2.7809531106343854,3.2858993407059773,JUP
GO_Biological_Process_2023,Regulation Of Smooth Muscle Cell Proliferation (GO:0048660),0.3067957436258518,0.35208920106535513,0,0,2.7809531106343854,3.2858993407059773,IGFBP5
GO_Biological_Process_2023,Glycoprotein Metabolic Process (GO:0009100),0.3067957436258518,0.35208920106535513,0,0,2.7809531106343854,3.2858993407059773,MAN2A1
GO_Biological_Process_2023,Negative Regulation Of Protein Modification By Small Protein Conjugation Or Removal (GO:1903321),0.3067957436258518,0.35208920106535513,0,0,2.7809531106343854,3.2858993407059773,SOX4
GO_Biological_Process_2023,"Regulation Of Alternative mRNA Splicing, Via Spliceosome (GO:0000381)",0.3067957436258518,0.35208920106535513,0,0,2.7809531106343854,3.2858993407059773,PTBP1
GO_Biological_Process_2023,Regulation Of Blood Vessel Endothelial Cell Migration (GO:0043535),0.3067957436258518,0.35208920106535513,0,0,2.7809531106343854,3.2858993407059773,JUP
GO_Biological_Process_2023,Brain Development (GO:0007420),0.306829696040056,0.35208920106535513,0,0,1.80945,2.137797178300489,PPT1;PBX1
GO_Biological_Process_2023,Protein Autophosphorylation (GO:0046777),0.306829696040056,0.35208920106535513,0,0,1.80945,2.137797178300489,DDR1;ERBB2
GO_Biological_Process_2023,Mesenchymal Cell Differentiation (GO:0048762),0.3115754085864251,0.3565472734997972,0,0,2.7284071262121325,3.181633441755062,SOX9
GO_Biological_Process_2023,Negative Regulation Of Neuron Projection Development (GO:0010977),0.3115754085864251,0.3565472734997972,0,0,2.7284071262121325,3.181633441755062,GDI1
GO_Biological_Process_2023,Peptidyl-Tyrosine Modification (GO:0018212),0.3115754085864251,0.3565472734997972,0,0,2.7284071262121325,3.181633441755062,ERBB2
GO_Biological_Process_2023,Phosphatidylcholine Metabolic Process (GO:0046470),0.3115754085864251,0.3565472734997972,0,0,2.7284071262121325,3.181633441755062,MUC1
GO_Biological_Process_2023,Response To Peptide Hormone (GO:0043434),0.31632224745107523,0.3614799751906425,0,0,2.6778072893610743,3.082139626726784,IGFBP5
GO_Biological_Process_2023,Neuron Migration (GO:0001764),0.31632224745107523,0.3614799751906425,0,0,2.6778072893610743,3.082139626726784,AUTS2
GO_Biological_Process_2023,Heart Development (GO:0007507),0.31946559885572023,0.36482046678423735,0,0,1.7543757575757575,2.0019281466917884,SOX9;SOX4
GO_Biological_Process_2023,RNA Polymerase II Preinitiation Complex Assembly (GO:0051123),0.32103648473306917,0.3648542216753742,0,0,2.629047446577327,2.987125030439894,ESR1
GO_Biological_Process_2023,Regulation Of Mitotic Nuclear Division (GO:0007088),0.32103648473306917,0.3648542216753742,0,0,2.629047446577327,2.987125030439894,LCMT1
GO_Biological_Process_2023,Regulation Of Stem Cell Population Maintenance (GO:2000036),0.32103648473306917,0.3648542216753742,0,0,2.629047446577327,2.987125030439894,ING1
GO_Biological_Process_2023,Signal Transduction In Response To DNA Damage (GO:0042770),0.32103648473306917,0.3648542216753742,0,0,2.629047446577327,2.987125030439894,GRB2
GO_Biological_Process_2023,Mitotic DNA Damage Checkpoint Signaling (GO:0044773),0.32103648473306917,0.3648542216753742,0,0,2.629047446577327,2.987125030439894,CCND1
GO_Biological_Process_2023,Nucleotide-Excision Repair (GO:0006289),0.32103648473306917,0.3648542216753742,0,0,2.629047446577327,2.987125030439894,DDB1
GO_Biological_Process_2023,Regulation Of Calcium Ion Transport (GO:0051924),0.32103648473306917,0.3648542216753742,0,0,2.629047446577327,2.987125030439894,BCL2
GO_Biological_Process_2023,Muscle Organ Development (GO:0007517),0.32571834345161366,0.3694149863787295,0,0,2.5820290267501425,2.8963194048066243,COPRS
GO_Biological_Process_2023,Positive Regulation Of Type II Interferon Production (GO:0032729),0.32571834345161366,0.3694149863787295,0,0,2.5820290267501425,2.8963194048066243,IL1R1
GO_Biological_Process_2023,Post-Transcriptional Regulation Of Gene Expression (GO:0010608),0.32571834345161366,0.3694149863787295,0,0,2.5820290267501425,2.8963194048066243,CYFIP1
GO_Biological_Process_2023,Metal Ion Transport (GO:0030001),0.32702126817757504,0.3706390159851175,0,0,1.722904761904762,1.925742459957467,ATP2A3;CLU
GO_Biological_Process_2023,Positive Regulation Of Protein Binding (GO:0032092),0.33036804517294915,0.3739206631499841,0,0,2.5366603760397006,2.809473018584302,AMFR
GO_Biological_Process_2023,Regulation Of Bone Mineralization (GO:0030500),0.33036804517294915,0.3739206631499841,0,0,2.5366603760397006,2.809473018584302,TFAP2A
GO_Biological_Process_2023,Chordate Embryonic Development (GO:0043009),0.334985809855535,0.3781140919145923,0,0,2.492856161560654,2.726354785619391,GATA3
GO_Biological_Process_2023,Transcription Preinitiation Complex Assembly (GO:0070897),0.334985809855535,0.3781140919145923,0,0,2.492856161560654,2.726354785619391,ESR1
GO_Biological_Process_2023,Histone Acetylation (GO:0016573),0.334985809855535,0.3781140919145923,0,0,2.492856161560654,2.726354785619391,TMEM98
GO_Biological_Process_2023,Mitotic Cytokinesis (GO:0000281),0.334985809855535,0.3781140919145923,0,0,2.492856161560654,2.726354785619391,EXOC2
GO_Biological_Process_2023,Positive Regulation Of ERK1 And ERK2 Cascade (GO:0070374),0.3395633421402967,0.382249025401938,0,0,1.672878612716763,1.806867448133754,DDR1;ACKR3
GO_Biological_Process_2023,BMP Signaling Pathway (GO:0030509),0.33957185599979045,0.382249025401938,0,0,2.4505368357080153,2.64675058975863,PDCD4
GO_Biological_Process_2023,Regulation Of Extrinsic Apoptotic Signaling Pathway (GO:2001236),0.33957185599979045,0.382249025401938,0,0,2.4505368357080153,2.64675058975863,PSME3
GO_Biological_Process_2023,Response To Light Stimulus (GO:0009416),0.33957185599979045,0.382249025401938,0,0,2.4505368357080153,2.64675058975863,CIRBP
GO_Biological_Process_2023,Cellular Response To Cytokine Stimulus (GO:0071345),0.3430502268926792,0.3859023937278815,0,0,1.4575483140616157,1.559399470483109,GATA3;SOX9;PRLR
GO_Biological_Process_2023,Regulation Of Embryonic Development (GO:0045995),0.3441264005941543,0.386064621384234,0,0,2.409628154050465,2.5704617864132095,DAG1
GO_Biological_Process_2023,Regulation Of Pathway-Restricted SMAD Protein Phosphorylation (GO:0060393),0.3441264005941543,0.386064621384234,0,0,2.409628154050465,2.5704617864132095,GDF15
GO_Biological_Process_2023,Negative Regulation Of Viral Process (GO:0048525),0.3441264005941543,0.386064621384234,0,0,2.409628154050465,2.5704617864132095,HEXIM1
GO_Biological_Process_2023,Protein Lipidation (GO:0006497),0.3441264005941543,0.386064621384234,0,0,2.409628154050465,2.5704617864132095,UGCG
GO_Biological_Process_2023,RNA Methylation (GO:0001510),0.3486496591810571,0.39061019963692467,0,0,2.3700607406439813,2.497303857434817,VIRMA
GO_Biological_Process_2023,Cell Junction Organization (GO:0034330),0.3486496591810571,0.39061019963692467,0,0,2.3700607406439813,2.497303857434817,CLDN3
GO_Biological_Process_2023,G1/S Transition Of Mitotic Cell Cycle (GO:0000082),0.35314184574808316,0.3948421311771753,0,0,2.331769695411901,2.4271052033757012,CCND1
GO_Biological_Process_2023,Negative Regulation Of Cell Death (GO:0060548),0.35314184574808316,0.3948421311771753,0,0,2.331769695411901,2.4271052033757012,ALB
GO_Biological_Process_2023,Phosphatidylinositol Metabolic Process (GO:0046488),0.35314184574808316,0.3948421311771753,0,0,2.331769695411901,2.4271052033757012,CDIPT
GO_Biological_Process_2023,Positive Regulation Of T Cell Proliferation (GO:0042102),0.3576031730815124,0.3992914136092089,0,0,2.2946942389173466,2.359706053115934,CD24
GO_Biological_Process_2023,Positive Regulation Of Cell Cycle (GO:0045787),0.3576031730815124,0.3992914136092089,0,0,2.2946942389173466,2.359706053115934,CCND1
GO_Biological_Process_2023,Defense Response To Virus (GO:0051607),0.3594763910396404,0.4011127137728513,0,0,1.5985856353591161,1.6355237949664394,BCL2;IFI6
GO_Biological_Process_2023,Cellular Response To Light Stimulus (GO:0071482),0.3620338521124579,0.40342306183614174,0,0,2.258777390438247,2.29495748695635,DDB1
GO_Biological_Process_2023,Regulation Of Cell-Matrix Adhesion (GO:0001952),0.3620338521124579,0.40342306183614174,0,0,2.258777390438247,2.29495748695635,JUP
GO_Biological_Process_2023,Supramolecular Fiber Organization (GO:0097435),0.36551608748269737,0.4069579701598874,0,0,1.400660707345511,1.4096879456594986,DSP;MARCKSL1;COL2A1
GO_Biological_Process_2023,Activation Of Cysteine-Type Endopeptidase Activity Involved In Apoptotic Process (GO:0006919),0.36643409262435245,0.4069579701598874,0,0,2.2239656757585045,2.2327205456101145,ATP2A3
GO_Biological_Process_2023,Intermediate Filament Organization (GO:0045109),0.36643409262435245,0.4069579701598874,0,0,2.2239656757585045,2.2327205456101145,DSP
GO_Biological_Process_2023,Negative Regulation Of Immune Response (GO:0050777),0.36643409262435245,0.4069579701598874,0,0,2.2239656757585045,2.2327205456101145,FCRLB
GO_Biological_Process_2023,Peptidyl-Threonine Modification (GO:0018210),0.36643409262435245,0.4069579701598874,0,0,2.2239656757585045,2.2327205456101145,GALNT1
GO_Biological_Process_2023,Negative Regulation Of Macromolecule Metabolic Process (GO:0010605),0.366888222401659,0.4071894069119551,0,0,1.5723913043478261,1.5766336922400903,CLDN3;ESR1
GO_Biological_Process_2023,Extrinsic Apoptotic Signaling Pathway (GO:0097191),0.37080410301630745,0.410710159557501,0,0,2.1902088615236024,2.1728654299235854,BCL2
GO_Biological_Process_2023,Negative Regulation Of Cellular Catabolic Process (GO:0031330),0.37080410301630745,0.410710159557501,0,0,2.1902088615236024,2.1728654299235854,BCL2
GO_Biological_Process_2023,Protein Secretion (GO:0009306),0.37080410301630745,0.410710159557501,0,0,2.1902088615236024,2.1728654299235854,COPG1
GO_Biological_Process_2023,Positive Regulation Of Cellular Process (GO:0048522),0.3739105832708873,0.41358200738521333,0,0,1.252784276368323,1.2324122405098228,ERBB2;BCL2;SOX9;CGA;SOX4
GO_Biological_Process_2023,B Cell Differentiation (GO:0030183),0.37514408998188026,0.41358200738521333,0,0,2.157459713385265,2.115270776089796,TPD52
GO_Biological_Process_2023,Regulation Of Monoatomic Ion Transmembrane Transporter Activity (GO:0032412),0.37514408998188026,0.41358200738521333,0,0,2.157459713385265,2.115270776089796,CACNG4
GO_Biological_Process_2023,Cell-Cell Junction Organization (GO:0045216),0.37514408998188026,0.41358200738521333,0,0,2.157459713385265,2.115270776089796,DSP
GO_Biological_Process_2023,Response To Molecule Of Bacterial Origin (GO:0002237),0.37514408998188026,0.41358200738521333,0,0,2.157459713385265,2.115270776089796,CD24
GO_Biological_Process_2023,Establishment Of Protein Localization To Membrane (GO:0090150),0.37514408998188026,0.41358200738521333,0,0,2.157459713385265,2.115270776089796,RAB11A
GO_Biological_Process_2023,Phagocytosis (GO:0006909),0.37514408998188026,0.41358200738521333,0,0,2.157459713385265,2.115270776089796,ADORA2A
GO_Biological_Process_2023,Regulation Of Heart Contraction (GO:0008016),0.3794542590615278,0.41777787858136317,0,0,2.12567377548629,2.0598229928903007,ATP2A3
GO_Biological_Process_2023,Protein K48-linked Ubiquitination (GO:0070936),0.3794542590615278,0.41777787858136317,0,0,2.12567377548629,2.0598229928903007,SKP1
GO_Biological_Process_2023,Negative Regulation Of Supramolecular Fiber Organization (GO:1902904),0.3837348143346888,0.4216502568651057,0,0,2.094809169120619,2.00641566426562,CLU
GO_Biological_Process_2023,Regulation Of Notch Signaling Pathway (GO:0008593),0.3837348143346888,0.4216502568651057,0,0,2.094809169120619,2.00641566426562,TCIM
GO_Biological_Process_2023,Regulation Of Cellular Biosynthetic Process (GO:0031326),0.3837348143346888,0.4216502568651057,0,0,2.094809169120619,2.00641566426562,CYFIP1
GO_Biological_Process_2023,Proteolysis (GO:0006508),0.3841431666954286,0.4218192360598576,0,0,1.3565135542168674,1.2978307316615905,APH1A;CPD;CTSF
GO_Biological_Process_2023,Regulation Of Double-Strand Break Repair Via Homologous Recombination (GO:0010569),0.3879859584782493,0.4235129994719757,0,0,2.06482640865111,1.9549490035418835,PPP4C
GO_Biological_Process_2023,Response To Ionizing Radiation (GO:0010212),0.3879859584782493,0.4235129994719757,0,0,2.06482640865111,1.9549490035418835,GRB2
GO_Biological_Process_2023,Synapse Assembly (GO:0007416),0.3879859584782493,0.4235129994719757,0,0,2.06482640865111,1.9549490035418835,FARP1
GO_Biological_Process_2023,Transforming Growth Factor Beta Receptor Signaling Pathway (GO:0007179),0.3879859584782493,0.4235129994719757,0,0,2.06482640865111,1.9549490035418835,GDF15
GO_Biological_Process_2023,Granulocyte Chemotaxis (GO:0071621),0.3879859584782493,0.4235129994719757,0,0,2.06482640865111,1.9549490035418835,BSG
GO_Biological_Process_2023,Negative Regulation Of Catabolic Process (GO:0009895),0.3879859584782493,0.4235129994719757,0,0,2.06482640865111,1.9549490035418835,FBP1
GO_Biological_Process_2023,Negative Regulation Of Cellular Response To Growth Factor Stimulus (GO:0090288),0.3879859584782493,0.4235129994719757,0,0,2.06482640865111,1.9549490035418835,PTPN1
GO_Biological_Process_2023,Positive Regulation Of Cell-Substrate Adhesion (GO:0010811),0.3879859584782493,0.4235129994719757,0,0,2.06482640865111,1.9549490035418835,JUP
GO_Biological_Process_2023,Protein Targeting To Membrane (GO:0006612),0.3879859584782493,0.4235129994719757,0,0,2.06482640865111,1.9549490035418835,SRP14
GO_Biological_Process_2023,Defense Response To Bacterium (GO:0042742),0.39134462673968734,0.42643600931208125,0,0,1.4909278350515465,1.3987388602012378,COLEC12;IGHA1
GO_Biological_Process_2023,Cellular Response To Hypoxia (GO:0071456),0.3922078926925841,0.42643600931208125,0,0,2.0356882329835586,1.9053293567583813,AQP3
GO_Biological_Process_2023,Cholesterol Homeostasis (GO:0042632),0.3922078926925841,0.42643600931208125,0,0,2.0356882329835586,1.9053293567583813,CD24
GO_Biological_Process_2023,Monocarboxylic Acid Transport (GO:0015718),0.3922078926925841,0.42643600931208125,0,0,2.0356882329835586,1.9053293567583813,CRABP2
GO_Biological_Process_2023,Negative Regulation Of Cell Adhesion (GO:0007162),0.3922078926925841,0.42643600931208125,0,0,2.0356882329835586,1.9053293567583813,MUC1
GO_Biological_Process_2023,Positive Regulation Of Protein Localization To Nucleus (GO:1900182),0.3922078926925841,0.42643600931208125,0,0,2.0356882329835586,1.9053293567583813,JUP
GO_Biological_Process_2023,DNA Replication (GO:0006260),0.3964008168809842,0.4290242675191318,0,0,2.0073594510845507,1.8574687481309713,DUT
GO_Biological_Process_2023,Regulation Of mRNA Stability (GO:0043488),0.3964008168809842,0.4290242675191318,0,0,2.0073594510845507,1.8574687481309713,CIRBP
GO_Biological_Process_2023,Regulation Of Plasma Membrane Bounded Cell Projection Assembly (GO:0120032),0.3964008168809842,0.4290242675191318,0,0,2.0073594510845507,1.8574687481309713,CLU
GO_Biological_Process_2023,Cellular Response To Decreased Oxygen Levels (GO:0036294),0.3964008168809842,0.4290242675191318,0,0,2.0073594510845507,1.8574687481309713,AQP3
GO_Biological_Process_2023,Cellular Response To Reactive Oxygen Species (GO:0034614),0.3964008168809842,0.4290242675191318,0,0,2.0073594510845507,1.8574687481309713,CLU
GO_Biological_Process_2023,Sterol Homeostasis (GO:0055092),0.3964008168809842,0.4290242675191318,0,0,2.0073594510845507,1.8574687481309713,CD24
GO_Biological_Process_2023,Positive Regulation Of Lymphocyte Proliferation (GO:0050671),0.3964008168809842,0.4290242675191318,0,0,2.0073594510845507,1.8574687481309713,BCL2
GO_Biological_Process_2023,Anterograde Trans-Synaptic Signaling (GO:0098916),0.3986002596998302,0.43112312684244036,0,0,1.4681015228426395,1.3503542308078982,SNAP25;SYT1
GO_Biological_Process_2023,Positive Regulation Of Neurogenesis (GO:0050769),0.4005649296613503,0.4326832388845225,0,0,1.9798068001964744,1.8112844656216154,CAPRIN1
GO_Biological_Process_2023,Positive Regulation Of Response To Stimulus (GO:0048584),0.4005649296613503,0.4326832388845225,0,0,1.9798068001964744,1.8112844656216154,GATA3
GO_Biological_Process_2023,Organonitrogen Compound Catabolic Process (GO:1901565),0.40470042815882956,0.43686554362161595,0,0,1.9529988155486164,1.7666986828560682,PPT1
GO_Biological_Process_2023,Transcription Initiation At RNA Polymerase II Promoter (GO:0006367),0.40880750827084467,0.44015207355736824,0,0,1.9269057104913678,1.7236381105321354,ESR1
GO_Biological_Process_2023,Positive Regulation Of Protein Secretion (GO:0050714),0.40880750827084467,0.44015207355736824,0,0,1.9269057104913678,1.7236381105321354,SOX4
GO_Biological_Process_2023,Positive Regulation Of Tumor Necrosis Factor Production (GO:0032760),0.40880750827084467,0.44015207355736824,0,0,1.9269057104913678,1.7236381105321354,CLU
GO_Biological_Process_2023,Regulation Of Ras Protein Signal Transduction (GO:0046578),0.40880750827084467,0.44015207355736824,0,0,1.9269057104913678,1.7236381105321354,FBP1
GO_Biological_Process_2023,Regulation Of Innate Immune Response (GO:0045088),0.41288636447170113,0.44224480021306317,0,0,1.9014992660935206,1.682033678937684,PTPN1
GO_Biological_Process_2023,Cellular Response To UV (GO:0034644),0.41288636447170113,0.44224480021306317,0,0,1.9014992660935206,1.682033678937684,DDB1
GO_Biological_Process_2023,Regulation Of Transcription Elongation By RNA Polymerase II (GO:0034243),0.41288636447170113,0.44224480021306317,0,0,1.9014992660935206,1.682033678937684,HEXIM1
GO_Biological_Process_2023,Cellular Response To Nutrient Levels (GO:0031669),0.41288636447170113,0.44224480021306317,0,0,1.9014992660935206,1.682033678937684,ALB
GO_Biological_Process_2023,Epigenetic Regulation Of Gene Expression (GO:0040029),0.41288636447170113,0.44224480021306317,0,0,1.9014992660935206,1.682033678937684,WBP2
GO_Biological_Process_2023,Spindle Assembly (GO:0051225),0.41288636447170113,0.44224480021306317,0,0,1.9014992660935206,1.682033678937684,RAB11A
GO_Biological_Process_2023,Monoatomic Cation Homeostasis (GO:0055080),0.41288636447170113,0.44224480021306317,0,0,1.9014992660935206,1.682033678937684,SLC39A6
GO_Biological_Process_2023,Negative Regulation Of Transforming Growth Factor Beta Receptor Signaling Pathway (GO:0030512),0.41288636447170113,0.44224480021306317,0,0,1.9014992660935206,1.682033678937684,ING1
GO_Biological_Process_2023,Vesicle Fusion (GO:0006906),0.4169371899734941,0.44600705215369896,0,0,1.8767527293423707,1.6418202448179269,RAB7A
GO_Biological_Process_2023,Vesicle-Mediated Transport To The Plasma Membrane (GO:0098876),0.4169371899734941,0.44600705215369896,0,0,1.8767527293423707,1.6418202448179269,EXOC2
GO_Biological_Process_2023,Glycoprotein Biosynthetic Process (GO:0009101),0.4209601766323104,0.44972985988377706,0,0,1.8526407191745837,1.6029363231112002,TMEM59
GO_Biological_Process_2023,Positive Regulation Of Protein Localization To Membrane (GO:1905477),0.4209601766323104,0.44972985988377706,0,0,1.8526407191745837,1.6029363231112002,ERBB2
GO_Biological_Process_2023,Regulation Of Cytokinesis (GO:0032465),0.4249555150592008,0.45195846498915004,0,0,1.8291391396439558,1.5653238392090223,RAB11A
GO_Biological_Process_2023,Activation Of Protein Kinase Activity (GO:0032147),0.4249555150592008,0.45195846498915004,0,0,1.8291391396439558,1.5653238392090223,PRLR
GO_Biological_Process_2023,Regulation Of Protein Localization To Plasma Membrane (GO:1903076),0.4249555150592008,0.45195846498915004,0,0,1.8291391396439558,1.5653238392090223,TMEM59
GO_Biological_Process_2023,Cellular Response To Organic Substance (GO:0071310),0.4249555150592008,0.45195846498915004,0,0,1.8291391396439558,1.5653238392090223,IGFBP5
GO_Biological_Process_2023,Histone Modification (GO:0016570),0.4249555150592008,0.45195846498915004,0,0,1.8291391396439558,1.5653238392090223,TBL1XR1
GO_Biological_Process_2023,Macromolecule Modification (GO:0043412),0.4249555150592008,0.45195846498915004,0,0,1.8291391396439558,1.5653238392090223,LCMT1
GO_Biological_Process_2023,Positive Regulation Of Tumor Necrosis Factor Superfamily Cytokine Production (GO:1903557),0.4249555150592008,0.45195846498915004,0,0,1.8291391396439558,1.5653238392090223,CLU
GO_Biological_Process_2023,Cytoskeleton-Dependent Cytokinesis (GO:0061640),0.4289233944839264,0.4553017710825535,0,0,1.8062250996015936,1.5289279018289421,EXOC2
GO_Biological_Process_2023,Purine Ribonucleotide Metabolic Process (GO:0009150),0.4289233944839264,0.4553017710825535,0,0,1.8062250996015936,1.5289279018289421,ACLY
GO_Biological_Process_2023,Regulation Of Cell Division (GO:0051302),0.4289233944839264,0.4553017710825535,0,0,1.8062250996015936,1.5289279018289421,RAB11A
GO_Biological_Process_2023,Regulation Of Phosphorylation (GO:0042325),0.43286400279333764,0.4586033584581589,0,0,1.7838768383257095,1.4936965928421608,CD24
GO_Biological_Process_2023,Positive Regulation Of Proteasomal Ubiquitin-Dependent Protein Catabolic Process (GO:0032436),0.43286400279333764,0.4586033584581589,0,0,1.7838768383257095,1.4936965928421608,CLU
GO_Biological_Process_2023,Positive Regulation Of Ubiquitin-Dependent Protein Catabolic Process (GO:2000060),0.43286400279333764,0.4586033584581589,0,0,1.7838768383257095,1.4936965928421608,CLU
GO_Biological_Process_2023,Positive Regulation Of Endothelial Cell Migration (GO:0010595),0.4367775267740768,0.4624539053448212,0,0,1.7620736565931396,1.459580772472899,GATA3
GO_Biological_Process_2023,Regulation Of Osteoblast Differentiation (GO:0045667),0.44066415182299495,0.4656763390119277,0,0,1.7407958527336438,1.426533901475274,SOX9
GO_Biological_Process_2023,Negative Regulation Of Binding (GO:0051100),0.44066415182299495,0.4656763390119277,0,0,1.7407958527336438,1.426533901475274,TMBIM6
GO_Biological_Process_2023,Negative Regulation Of Protein Kinase Activity (GO:0006469),0.44066415182299495,0.4656763390119277,0,0,1.7407958527336438,1.426533901475274,PTPN1
GO_Biological_Process_2023,Calcium-Mediated Signaling (GO:0019722),0.44452406218608087,0.468858288378317,0,0,1.7200246632517548,1.394511874585313,CLU
GO_Biological_Process_2023,Macromolecule Catabolic Process (GO:0009057),0.44452406218608087,0.468858288378317,0,0,1.7200246632517548,1.394511874585313,PPT1
GO_Biological_Process_2023,Mitotic Spindle Organization (GO:0007052),0.44452406218608087,0.468858288378317,0,0,1.7200246632517548,1.394511874585313,RAB11A
GO_Biological_Process_2023,Translation (GO:0006412),0.4458793062120168,0.4699885562298422,0,0,1.3320552995391706,1.0759103597990483,NDUFA7;MRPS30
GO_Biological_Process_2023,Regulation Of Type II Interferon Production (GO:0032649),0.4483574406315006,0.4723002410212311,0,0,1.6997422076400281,1.3634728685477513,IL1R1
GO_Biological_Process_2023,Regulation Of Endothelial Cell Migration (GO:0010594),0.45216446883820127,0.4757057300729521,0,0,1.6799314370425276,1.3333771985981724,GATA3
GO_Biological_Process_2023,Positive Regulation Of Cell Adhesion (GO:0045785),0.45216446883820127,0.4757057300729521,0,0,1.6799314370425276,1.3333771985981724,ERBB2
GO_Biological_Process_2023,Regulation Of Double-Strand Break Repair (GO:2000779),0.45594532724752324,0.4790750838612213,0,0,1.6605760864587626,1.3041871874012878,PPP4C
GO_Biological_Process_2023,Cellular Response To Chemical Stress (GO:0062197),0.45594532724752324,0.4790750838612213,0,0,1.6605760864587626,1.3041871874012878,SERPINB6
GO_Biological_Process_2023,"Retrograde Transport, Endosome To Golgi (GO:0042147)",0.4597001949524868,0.4824086276353835,0,0,1.641660630206447,1.275867043250068,RAB7A
GO_Biological_Process_2023,Positive Regulation Of Proteasomal Protein Catabolic Process (GO:1901800),0.4597001949524868,0.4824086276353835,0,0,1.641660630206447,1.275867043250068,CLU
GO_Biological_Process_2023,Vesicle Organization (GO:0016050),0.46342925005008984,0.485706683955091,0,0,1.6231702403867676,1.2483827452850325,WASHC5
GO_Biological_Process_2023,Positive Regulation Of Binding (GO:0051099),0.46342925005008984,0.485706683955091,0,0,1.6231702403867676,1.2483827452850325,AMFR
GO_Biological_Process_2023,T Cell Receptor Signaling Pathway (GO:0050852),0.467132669208656,0.48866087934264074,0,0,1.6050907481186365,1.2217019395370778,GATA3
GO_Biological_Process_2023,Cytoplasmic Translation (GO:0002181),0.467132669208656,0.48866087934264074,0,0,1.6050907481186365,1.2217019395370778,EIF4A2
GO_Biological_Process_2023,Regulation Of Actin Cytoskeleton Organization (GO:0032956),0.467132669208656,0.48866087934264074,0,0,1.6050907481186365,1.2217019395370778,CLU
GO_Biological_Process_2023,Protein O-linked Glycosylation (GO:0006493),0.47081062797392903,0.49219760918157757,0,0,1.587408607328926,1.1957938396460193,GALNT1
GO_Biological_Process_2023,Regulation Of Protein Metabolic Process (GO:0051246),0.47809086044050464,0.49917867407052063,0,0,1.5531851090262605,1.1461799093989624,CYFIP1
GO_Biological_Process_2023,Positive Regulation Of Transmembrane Receptor Protein Serine/Threonine Kinase Signaling Pathway (GO:0090100),0.47809086044050464,0.49917867407052063,0,0,1.5531851090262605,1.1461799093989624,GDF15
GO_Biological_Process_2023,Inflammatory Response (GO:0006954),0.47995225082832255,0.5008065992585204,0,0,1.2454137931034484,0.9142192310973264,ADORA2A;GATA3
GO_Biological_Process_2023,Regulation Of Defense Response (GO:0031347),0.48169347942417656,0.5013606126921234,0,0,1.5366194795286938,1.1224195530661034,IL1R1
GO_Biological_Process_2023,Cell Junction Assembly (GO:0034329),0.48169347942417656,0.5013606126921234,0,0,1.5366194795286938,1.1224195530661034,FARP1
GO_Biological_Process_2023,Phosphatidylinositol Biosynthetic Process (GO:0006661),0.48169347942417656,0.5013606126921234,0,0,1.5366194795286938,1.1224195530661034,CDIPT
GO_Biological_Process_2023,Recombinational Repair (GO:0000725),0.48169347942417656,0.5013606126921234,0,0,1.5366194795286938,1.1224195530661034,PPP4C
GO_Biological_Process_2023,MAPK Cascade (GO:0000165),0.48882457647832517,0.5081444938673682,0,0,1.504523572377158,1.0768651439024042,SOX9
GO_Biological_Process_2023,Positive Regulation Of Protein-Containing Complex Assembly (GO:0031334),0.48882457647832517,0.5081444938673682,0,0,1.504523572377158,1.0768651439024042,CLU
GO_Biological_Process_2023,Cellular Response To Insulin Stimulus (GO:0032869),0.4923533927224132,0.5114918945084882,0,0,1.4889719472624965,1.055023792681674,GRB2
GO_Biological_Process_2023,Axon Development (GO:0061564),0.4958579443463297,0.5148099083846293,0,0,1.4737377022522156,1.033776590119372,APLP1
GO_Biological_Process_2023,Regulation Of Protein Secretion (GO:0050708),0.5027949171911261,0.5213586844716496,0,0,1.444183266932271,0.9929812933306738,SNAP25
GO_Biological_Process_2023,Visual Perception (GO:0007601),0.5027949171911261,0.5213586844716496,0,0,1.444183266932271,0.9929812933306738,COL2A1
GO_Biological_Process_2023,Calcium Ion Homeostasis (GO:0055074),0.5062276672865225,0.5239345688280873,0,0,1.4298449765295254,0.9733938138788351,ATP2A3
GO_Biological_Process_2023,Sensory Perception Of Light Stimulus (GO:0050953),0.5062276672865225,0.5239345688280873,0,0,1.4298449765295254,0.9733938138788351,COL2A1
GO_Biological_Process_2023,Positive Regulation Of Inflammatory Response (GO:0050729),0.5062276672865225,0.5239345688280873,0,0,1.4298449765295254,0.9733938138788351,PDCD4
GO_Biological_Process_2023,Macroautophagy (GO:0016236),0.5096368108469126,0.5268048631149932,0,0,1.4157878290758534,0.9543216153622018,GABARAPL2
GO_Biological_Process_2023,Positive Regulation Of T Cell Activation (GO:0050870),0.5096368108469126,0.5268048631149932,0,0,1.4157878290758534,0.9543216153622018,GATA3
GO_Biological_Process_2023,Positive Regulation Of Autophagy (GO:0010508),0.5197242125441516,0.5362285306261887,0,0,1.3752229178524,0.9000242219525612,TMEM59
GO_Biological_Process_2023,Regulation Of G1/S Transition Of Mitotic Cell Cycle (GO:2000045),0.5197242125441516,0.5362285306261887,0,0,1.3752229178524,0.9000242219525612,PSME3
GO_Biological_Process_2023,Regulation Of Wnt Signaling Pathway (GO:0030111),0.5197242125441516,0.5362285306261887,0,0,1.3752229178524,0.9000242219525612,ATP6AP2
GO_Biological_Process_2023,Regulation Of Proteasomal Ubiquitin-Dependent Protein Catabolic Process (GO:0032434),0.5263340486849158,0.5423728349943443,0,0,1.3494433481029156,0.8660986423962372,CLU
GO_Biological_Process_2023,Positive Regulation Of Cysteine-Type Endopeptidase Activity Involved In Apoptotic Process (GO:0043280),0.5263340486849158,0.5423728349943443,0,0,1.3494433481029156,0.8660986423962372,ATP2A3
GO_Biological_Process_2023,Adenylate Cyclase-Activating G Protein-Coupled Receptor Signaling Pathway (GO:0007189),0.5296049092402442,0.5450654252242761,0,0,1.3369116128080272,0.8497731132480677,ADORA2A
GO_Biological_Process_2023,Negative Regulation Of Inflammatory Response (GO:0050728),0.5296049092402442,0.5450654252242761,0,0,1.3369116128080272,0.8497731132480677,GATA3
GO_Biological_Process_2023,Regulation Of Protein Serine/Threonine Kinase Activity (GO:0071900),0.5328532720613979,0.5473886372013244,0,0,1.3246098176102927,0.8338540396453752,CCND1
GO_Biological_Process_2023,Regulation Of Transforming Growth Factor Beta Receptor Signaling Pathway (GO:0017015),0.5328532720613979,0.5473886372013244,0,0,1.3246098176102927,0.8338540396453752,ING1
GO_Biological_Process_2023,Negative Regulation Of Defense Response (GO:0031348),0.5328532720613979,0.5473886372013244,0,0,1.3246098176102927,0.8338540396453752,GATA3
GO_Biological_Process_2023,Regulation Of Protein Ubiquitination (GO:0031396),0.5360792914134708,0.5490008565340674,0,0,1.3125316914161536,0.8183283299562208,SOX4
GO_Biological_Process_2023,Cytoskeleton Organization (GO:0007010),0.5360792914134708,0.5490008565340674,0,0,1.3125316914161536,0.8183283299562208,SIPA1L3
GO_Biological_Process_2023,Double-Strand Break Repair Via Homologous Recombination (GO:0000724),0.5360792914134708,0.5490008565340674,0,0,1.3125316914161536,0.8183283299562208,PPP4C
GO_Biological_Process_2023,Mitotic Sister Chromatid Segregation (GO:0000070),0.5360792914134708,0.5490008565340674,0,0,1.3125316914161536,0.8183283299562208,RAB11A
GO_Biological_Process_2023,Negative Regulation Of Transmembrane Receptor Protein Serine/Threonine Kinase Signaling Pathway (GO:0090101),0.5360792914134708,0.5490008565340674,0,0,1.3125316914161536,0.8183283299562208,ING1
GO_Biological_Process_2023,Positive Regulation Of Signal Transduction (GO:0009967),0.542049940322483,0.5547725454690267,0,0,1.1061455938697318,0.6774003991832779,ATP6AP2;GATA3
GO_Biological_Process_2023,Endoplasmic Reticulum To Golgi Vesicle-Mediated Transport (GO:0006888),0.5456248132438154,0.5580866145339519,0,0,1.27757994570391,0.7739882029397089,COPG1
GO_Biological_Process_2023,Cellular Response To Molecule Of Bacterial Origin (GO:0071219),0.5487629785821232,0.5609501884704368,0,0,1.2663381561473404,0.759915171911903,PDCD4
GO_Biological_Process_2023,Regulation Of Small GTPase Mediated Signal Transduction (GO:0051056),0.5549746915254155,0.5666007787169521,0,0,1.244436048907817,0.7327647221954113,ARHGAP32
GO_Biological_Process_2023,Cellular Response To Tumor Necrosis Factor (GO:0071356),0.5549746915254155,0.5666007787169521,0,0,1.244436048907817,0.7327647221954113,GATA3
GO_Biological_Process_2023,Chemical Synaptic Transmission (GO:0007268),0.5622433748626398,0.5736682710267205,0,0,1.0650332103321034,0.6132679253058247,SNAP25;SYT1
GO_Biological_Process_2023,Positive Regulation Of Defense Response (GO:0031349),0.5671437531106325,0.5779564568907245,0,0,1.2028220451527225,0.6821714711497483,PDCD4
GO_Biological_Process_2023,Regulation Of Cell Motility (GO:2000145),0.5671437531106325,0.5779564568907245,0,0,1.2028220451527225,0.6821714711497483,GATA3
GO_Biological_Process_2023,Modulation Of Chemical Synaptic Transmission (GO:0050804),0.5701338698472616,0.5806464796170328,0,0,1.192848440946956,0.6702425563925531,SYT1
GO_Biological_Process_2023,Cellular Response To Lipopolysaccharide (GO:0071222),0.5731034126715314,0.5833122572461472,0,0,1.1830383384494807,0.6585845510729932,PDCD4
GO_Biological_Process_2023,Regulation Of DNA Metabolic Process (GO:0051052),0.5760525223636123,0.5859539776283029,0,0,1.173387749813753,0.6471895674269681,TMEM98
GO_Biological_Process_2023,Regulation Of Tumor Necrosis Factor Production (GO:0032680),0.5789813391033153,0.5885718275424499,0,0,1.1638928158334405,0.6360500020727055,CLU
GO_Biological_Process_2023,DNA Metabolic Process (GO:0006259),0.5875331902144423,0.5966493693491863,0,0,1.0159154929577465,0.5402867584768509,DDB1;DUT
GO_Biological_Process_2023,Protein Targeting (GO:0006605),0.5876474174881545,0.5966493693491863,0,0,1.1363051730087523,0.6040918067986609,SRP14
GO_Biological_Process_2023,Positive Regulation Of Peptidyl-Tyrosine Phosphorylation (GO:0050731),0.5904964437173219,0.599174897268587,0,0,1.1273966633466135,0.5939031663657677,PTPN1
GO_Biological_Process_2023,Potassium Ion Transmembrane Transport (GO:0071805),0.6098980936416784,0.6184829505289234,0,0,1.0687324774974178,0.5284490895704773,KCNE4
GO_Biological_Process_2023,Actin Filament Organization (GO:0007015),0.6283839942284329,0.6368393140284486,0,0,1.0158520846192693,0.47196878304226525,MARCKSL1
GO_Biological_Process_2023,Regulation Of Cell Adhesion (GO:0030155),0.6309526184253055,0.639051643478442,0,0,1.0087203633020365,0.4645404499463467,ERBB2
GO_Biological_Process_2023,Positive Regulation Of Cytokine Production (GO:0001819),0.634829754674154,0.642585768781352,0,0,0.9300387096774193,0.42260811920325453,IL1R1;GATA3
GO_Biological_Process_2023,protein-RNA Complex Assembly (GO:0022618),0.636036934570011,0.6434146523702736,0,0,0.9947520263772496,0.4501239431563186,HEXIM1
GO_Biological_Process_2023,Positive Regulation Of NF-kappaB Transcription Factor Activity (GO:0051092),0.6508750521035664,0.6576219276436643,0,0,0.9550671486240468,0.4101417321554792,CLU
GO_Biological_Process_2023,Positive Regulation Of Response To External Stimulus (GO:0032103),0.6508750521035664,0.6576219276436643,0,0,0.9550671486240468,0.4101417321554792,PDCD4
GO_Biological_Process_2023,Mitochondrion Organization (GO:0007005),0.6604308139364654,0.6668701149864248,0,0,0.9303174399177484,0.3859541989717611,HK2
GO_Biological_Process_2023,Response To Lipopolysaccharide (GO:0032496),0.6651105460108248,0.6711864645188408,0,0,0.9184155099347832,0.3745316978904952,PDCD4
GO_Biological_Process_2023,Regulation Of Cytokine Production (GO:0001817),0.6742781651540332,0.6796100484551295,0,0,0.895498750340254,0.3529272917797103,GATA3
GO_Biological_Process_2023,Adenylate Cyclase-Modulating G Protein-Coupled Receptor Signaling Pathway (GO:0007188),0.6742781651540332,0.6796100484551295,0,0,0.895498750340254,0.3529272917797103,ADORA2A
GO_Biological_Process_2023,Peptidyl-Serine Modification (GO:0018209),0.6831957875975299,0.6881795866559921,0,0,0.873693106362429,0.3328541847054044,GALNT1
GO_Biological_Process_2023,Double-Strand Break Repair (GO:0006302),0.6853869311101708,0.6899672811965694,0,0,0.8684058944943119,0.32805920341026334,PPP4C
GO_Biological_Process_2023,Positive Regulation Of Hydrolase Activity (GO:0051345),0.6982203938851865,0.7024597405390128,0,0,0.8379736866487538,0.3010173061800142,ERBB2
GO_Biological_Process_2023,Regulation Of Neuron Projection Development (GO:0010975),0.7003080217465952,0.7037055136653173,0,0,0.8331068788430095,0.29678183703032435,DDR1
GO_Biological_Process_2023,Negative Regulation Of Cytokine Production (GO:0001818),0.7003080217465952,0.7037055136653173,0,0,0.8331068788430095,0.29678183703032435,PDCD4
GO_Biological_Process_2023,Endomembrane System Organization (GO:0010256),0.7318192887094447,0.7349239766009392,0,0,0.7622420371424355,0.23798848090181085,WASHC5
GO_Biological_Process_2023,mRNA Processing (GO:0006397),0.764979390733362,0.7677594490885408,0,0,0.6922502298498314,0.18545825710420713,HEXIM1
GO_Biological_Process_2023,Regulation Of GTPase Activity (GO:0043087),0.7698280321325109,0.7721580201232269,0,0,0.6823511640641227,0.178494960896417,ERBB2
GO_Biological_Process_2023,Organelle Organization (GO:0006996),0.7732330281371432,0.7751041304435852,0,0,0.7082364532019705,0.1821405798181518,SIPA1L3;RAB7A
GO_Biological_Process_2023,Phosphorylation (GO:0016310),0.794497588747032,0.7959386363687013,0,0,0.6762164705882353,0.15556043973580264,ERBB2;HK2
GO_Biological_Process_2023,Plasma Membrane Bounded Cell Projection Assembly (GO:0120031),0.8407851183088988,0.8418011728325349,0,0,0.5445641675721357,0.09443785997188811,CYFIP1
GO_Biological_Process_2023,Protein Phosphorylation (GO:0006468),0.8599168234982575,0.8604360969423989,0,0,0.5770945674044266,0.08709488778127425,DDR1;ERBB2
GO_Biological_Process_2023,DNA Repair (GO:0006281),0.8614777155811865,0.8614777155811865,0,0,0.5059340104371247,0.07543784226973234,DDB1
